timestamp,mill_state,mill_running,motor_power_kw,mill_speed_rpm,lube_pressure_bar,lube_flow_l_min,lube_oil_temp_c,lube_pump_status
2026-06-24T00:00:00+00:00,Running,1,2368.3,10.66,4.8,64.04,45.56,Pump A Running
2026-06-24T00:15:00+00:00,Running,1,2373.4,10.57,4.96,61.19,45.47,Pump A Running
2026-06-24T00:30:00+00:00,Running,1,2509.8,10.57,4.86,62.43,46.2,Pump A Running
2026-06-24T00:45:00+00:00,Running,1,2408.4,10.57,4.87,61.5,46.12,Pump A Running
2026-06-24T01:00:00+00:00,Running,1,2291.7,10.61,4.71,62.18,45.95,Pump A Running
2026-06-24T01:15:00+00:00,Running,1,2555.3,10.52,4.96,61.58,45.71,Pump A Running
2026-06-24T01:30:00+00:00,Running,1,2546.9,10.63,4.91,61.61,45.26,Pump A Running
2026-06-24T01:45:00+00:00,Running,1,2446.7,10.56,4.95,62.66,46.21,Pump A Running
2026-06-24T02:00:00+00:00,Stopped,0,0.0,0.0,0.14,0.0,28.79,Pumps Stopped
2026-06-24T02:15:00+00:00,Stopped,0,0.0,0.0,0.08,0.0,29.15,Pumps Stopped
2026-06-24T02:30:00+00:00,Stopped,0,0.0,0.0,0.08,0.0,28.82,Pumps Stopped
2026-06-24T02:45:00+00:00,Stopped,0,0.0,0.0,0.15,0.0,29.32,Pumps Stopped
2026-06-24T03:00:00+00:00,Stopped,0,0.0,0.0,0.05,0.0,28.77,Pumps Stopped
2026-06-24T03:15:00+00:00,Stopped,0,0.0,0.0,0.16,0.0,28.73,Pumps Stopped
2026-06-24T03:30:00+00:00,Running,1,2465.5,10.63,4.98,60.5,45.93,Pump A Running
2026-06-24T03:45:00+00:00,Running,1,2583.9,10.67,4.86,64.04,46.5,Pump A Running
2026-06-24T04:00:00+00:00,Running,1,2573.3,10.71,4.85,59.93,45.88,Pump A Running
2026-06-24T04:15:00+00:00,Running,1,2599.3,10.68,4.74,61.83,45.91,Pump A Running
2026-06-24T04:30:00+00:00,Running,1,2652.6,10.58,4.82,62.33,46.2,Pump A Running
2026-06-24T04:45:00+00:00,Running,1,2546.1,10.65,4.87,62.62,46.5,Pump A Running
2026-06-24T05:00:00+00:00,Running,1,2340.1,10.68,4.81,60.52,44.88,Pump A Running
2026-06-24T05:15:00+00:00,Running,1,2550.3,10.59,4.96,62.03,45.42,Pump A Running
2026-06-24T05:30:00+00:00,Running,1,2592.4,10.58,4.88,62.7,45.98,Pump A Running
2026-06-24T05:45:00+00:00,Running,1,2506.9,10.66,5.02,62.72,46.19,Pump A Running
2026-06-24T06:00:00+00:00,Running,1,2550.8,10.6,4.85,61.95,45.09,Pump A Running
2026-06-24T06:15:00+00:00,Running,1,2602.2,10.62,4.9,62.0,45.81,Pump A Running
2026-06-24T06:30:00+00:00,Running,1,2627.2,10.63,4.77,64.42,45.9,Pump A Running
2026-06-24T06:45:00+00:00,Running,1,2457.6,10.6,4.91,61.85,45.5,Pump A Running
2026-06-24T07:00:00+00:00,Running,1,2648.0,10.53,4.72,62.55,46.31,Pump A Running
2026-06-24T07:15:00+00:00,Running,1,2509.3,10.52,5.0,61.92,45.88,Pump A Running
2026-06-24T07:30:00+00:00,Running,1,2514.1,10.66,4.68,63.08,46.0,Pump A Running
2026-06-24T07:45:00+00:00,Running,1,2726.6,10.58,4.95,61.79,46.17,Pump A Running
2026-06-24T08:00:00+00:00,Running,1,2609.2,10.59,4.88,63.33,45.97,Pump A Running
2026-06-24T08:15:00+00:00,Running,1,2468.5,10.59,4.81,63.33,46.3,Pump A Running
2026-06-24T08:30:00+00:00,Running,1,2489.4,10.5,4.8,61.92,45.46,Pump A Running
2026-06-24T08:45:00+00:00,Running,1,2496.1,10.66,4.89,61.02,46.01,Pump A Running
2026-06-24T09:00:00+00:00,Running,1,2717.2,10.6,4.73,61.36,46.37,Pump A Running
2026-06-24T09:15:00+00:00,Running,1,2771.4,10.56,4.72,61.33,46.1,Pump A Running
2026-06-24T09:30:00+00:00,Running,1,2617.3,10.55,4.88,61.4,45.79,Pump A Running
2026-06-24T09:45:00+00:00,Running,1,2709.8,10.71,4.88,62.13,46.1,Pump A Running
2026-06-24T10:00:00+00:00,Running,1,2624.6,10.64,4.85,60.99,45.89,Pump A Running
2026-06-24T10:15:00+00:00,Running,1,2725.5,10.57,4.86,61.28,45.97,Pump A Running
2026-06-24T10:30:00+00:00,Running,1,2668.5,10.56,4.85,63.79,45.53,Pump A Running
2026-06-24T10:45:00+00:00,Running,1,2542.6,10.56,4.89,62.7,46.3,Pump A Running
2026-06-24T11:00:00+00:00,Running,1,2685.5,10.54,4.9,61.25,46.55,Pump A Running
2026-06-24T11:15:00+00:00,Running,1,2729.5,10.51,4.87,62.44,46.03,Pump A Running
2026-06-24T11:30:00+00:00,Running,1,2662.7,10.54,4.88,60.98,45.73,Pump A Running
2026-06-24T11:45:00+00:00,Running,1,2738.9,10.68,4.81,61.82,46.54,Pump A Running
2026-06-24T12:00:00+00:00,Running,1,2847.4,10.56,4.82,60.93,46.14,Pump A Running
2026-06-24T12:15:00+00:00,Running,1,2739.4,10.61,4.93,62.03,46.53,Pump A Running
2026-06-24T12:30:00+00:00,Running,1,2612.1,10.61,4.95,61.54,46.42,Pump A Running
2026-06-24T12:45:00+00:00,Running,1,2720.4,10.41,4.9,61.32,45.69,Pump A Running
2026-06-24T13:00:00+00:00,Running,1,2772.3,10.62,4.92,61.37,46.07,Pump A Running
2026-06-24T13:15:00+00:00,Running,1,2559.8,10.66,4.84,62.64,45.9,Pump A Running
2026-06-24T13:30:00+00:00,Running,1,2573.2,10.61,4.87,61.67,46.0,Pump A Running
2026-06-24T13:45:00+00:00,Running,1,2823.4,10.65,4.76,62.08,46.22,Pump A Running
2026-06-24T14:00:00+00:00,Running,1,2793.0,10.53,5.0,62.97,45.51,Pump A Running
2026-06-24T14:15:00+00:00,Running,1,2832.4,10.6,4.71,64.05,45.99,Pump A Running
2026-06-24T14:30:00+00:00,Running,1,2626.9,10.65,4.93,62.39,45.63,Pump A Running
2026-06-24T14:45:00+00:00,Running,1,2648.0,10.56,4.61,62.78,46.9,Pump A Running
2026-06-24T15:00:00+00:00,Running,1,2689.7,10.55,4.87,63.62,46.1,Pump A Running
2026-06-24T15:15:00+00:00,Running,1,2765.3,10.43,4.76,62.64,45.82,Pump A Running
2026-06-24T15:30:00+00:00,Running,1,2598.7,10.61,4.92,60.49,45.68,Pump A Running
2026-06-24T15:45:00+00:00,Running,1,2817.2,10.61,5.03,60.74,45.73,Pump A Running
2026-06-24T16:00:00+00:00,Running,1,2785.8,10.63,4.85,60.23,46.02,Pump A Running
2026-06-24T16:15:00+00:00,Running,1,2656.3,10.57,4.99,61.53,45.73,Pump A Running
2026-06-24T16:30:00+00:00,Running,1,2931.5,10.59,4.83,62.39,45.8,Pump A Running
2026-06-24T16:45:00+00:00,Running,1,2569.4,10.56,4.92,63.46,46.01,Pump A Running
2026-06-24T17:00:00+00:00,Running,1,2770.3,10.42,5.0,64.02,45.39,Pump A Running
2026-06-24T17:15:00+00:00,Running,1,2878.6,10.57,4.92,63.63,45.84,Pump A Running
2026-06-24T17:30:00+00:00,Running,1,2520.2,10.68,4.79,60.77,45.72,Pump A Running
2026-06-24T17:45:00+00:00,Running,1,2705.2,10.63,5.18,57.95,45.2,Pump A Running
2026-06-24T18:00:00+00:00,Running,1,2614.4,10.69,5.03,60.93,46.29,Pump A Running
2026-06-24T18:15:00+00:00,Running,1,2508.6,10.7,4.93,58.72,46.6,Pump A Running
2026-06-24T18:30:00+00:00,Running,1,2648.1,10.49,4.86,62.94,46.41,Pump A Running
2026-06-24T18:45:00+00:00,Running,1,2768.5,10.53,4.73,60.68,45.56,Pump A Running
2026-06-24T19:00:00+00:00,Running,1,2738.0,10.63,4.75,63.81,45.48,Pump A Running
2026-06-24T19:15:00+00:00,Running,1,2777.3,10.68,4.72,63.09,46.17,Pump A Running
2026-06-24T19:30:00+00:00,Running,1,2645.1,10.62,4.93,62.78,45.56,Pump A Running
2026-06-24T19:45:00+00:00,Running,1,2834.1,10.62,4.78,63.11,46.17,Pump A Running
2026-06-24T20:00:00+00:00,Running,1,2786.5,10.58,4.86,64.83,45.75,Pump A Running
2026-06-24T20:15:00+00:00,Running,1,2786.6,10.69,4.8,59.95,46.27,Pump A Running
2026-06-24T20:30:00+00:00,Running,1,2685.9,10.6,4.83,61.72,46.24,Pump A Running
2026-06-24T20:45:00+00:00,Running,1,2705.5,10.51,4.79,61.86,46.32,Pump A Running
2026-06-24T21:00:00+00:00,Running,1,2643.0,10.6,4.82,62.49,46.16,Pump A Running
2026-06-24T21:15:00+00:00,Running,1,2682.6,10.64,4.84,60.4,45.46,Pump A Running
2026-06-24T21:30:00+00:00,Running,1,2815.6,10.58,4.77,62.87,46.16,Pump A Running
2026-06-24T21:45:00+00:00,Running,1,2822.7,10.61,4.9,63.0,46.69,Pump A Running
2026-06-24T22:00:00+00:00,Running,1,2842.8,10.61,4.78,63.18,45.69,Pump A Running
2026-06-24T22:15:00+00:00,Running,1,2681.4,10.51,4.8,61.58,46.45,Pump A Running
2026-06-24T22:30:00+00:00,Running,1,2782.4,10.56,4.92,63.25,45.79,Pump A Running
2026-06-24T22:45:00+00:00,Running,1,2868.3,10.52,4.94,63.25,46.63,Pump A Running
2026-06-24T23:00:00+00:00,Running,1,2733.2,10.53,4.79,61.09,46.4,Pump A Running
2026-06-24T23:15:00+00:00,Running,1,2786.3,10.5,4.78,62.33,46.73,Pump A Running
2026-06-24T23:30:00+00:00,Running,1,2775.6,10.66,4.88,61.49,45.83,Pump A Running
2026-06-24T23:45:00+00:00,Running,1,2780.9,10.54,4.76,62.08,46.52,Pump A Running
2026-06-25T00:00:00+00:00,Running,1,2818.0,10.74,4.96,61.82,45.85,Pump A Running
2026-06-25T00:15:00+00:00,Running,1,2733.1,10.59,4.92,62.06,46.0,Pump A Running
2026-06-25T00:30:00+00:00,Running,1,2636.2,10.59,4.84,63.09,45.64,Pump A Running
2026-06-25T00:45:00+00:00,Running,1,2857.5,10.6,4.84,62.11,46.35,Pump A Running
2026-06-25T01:00:00+00:00,Running,1,2634.2,10.54,4.88,61.08,46.68,Pump A Running
2026-06-25T01:15:00+00:00,Running,1,2798.9,10.7,4.91,60.96,46.71,Pump A Running
2026-06-25T01:30:00+00:00,Running,1,2630.2,10.56,4.66,64.37,45.65,Pump A Running
2026-06-25T01:45:00+00:00,Running,1,2816.9,10.63,4.77,62.31,46.43,Pump A Running
2026-06-25T02:00:00+00:00,Stopped,0,0.0,0.0,0.08,0.0,28.43,Pumps Stopped
2026-06-25T02:15:00+00:00,Stopped,0,0.0,0.0,0.07,0.0,29.06,Pumps Stopped
2026-06-25T02:30:00+00:00,Stopped,0,0.0,0.0,0.13,0.0,28.67,Pumps Stopped
2026-06-25T02:45:00+00:00,Stopped,0,0.0,0.0,0.09,0.0,28.79,Pumps Stopped
2026-06-25T03:00:00+00:00,Stopped,0,0.0,0.0,0.12,0.0,28.84,Pumps Stopped
2026-06-25T03:15:00+00:00,Stopped,0,0.0,0.0,0.11,0.0,29.31,Pumps Stopped
2026-06-25T03:30:00+00:00,Running,1,2829.9,10.54,4.96,63.56,46.6,Pump A Running
2026-06-25T03:45:00+00:00,Running,1,2564.2,10.55,4.89,60.59,45.88,Pump A Running
2026-06-25T04:00:00+00:00,Running,1,2847.0,10.54,4.74,62.24,46.35,Pump A Running
2026-06-25T04:15:00+00:00,Running,1,2596.6,10.61,4.81,63.11,46.03,Pump A Running
2026-06-25T04:30:00+00:00,Running,1,2749.1,10.64,4.89,62.97,45.98,Pump A Running
2026-06-25T04:45:00+00:00,Running,1,2587.4,10.71,4.85,58.72,46.23,Pump A Running
2026-06-25T05:00:00+00:00,Running,1,2692.5,10.46,4.89,62.94,45.91,Pump A Running
2026-06-25T05:15:00+00:00,Running,1,2657.9,10.72,4.77,63.09,46.4,Pump A Running
2026-06-25T05:30:00+00:00,Running,1,2595.9,10.65,4.87,62.54,45.91,Pump A Running
2026-06-25T05:45:00+00:00,Running,1,2610.8,10.56,4.83,61.56,46.14,Pump A Running
2026-06-25T06:00:00+00:00,Running,1,2653.0,10.53,4.86,63.36,46.76,Pump A Running
2026-06-25T06:15:00+00:00,Running,1,2464.1,10.6,4.77,61.44,45.17,Pump A Running
2026-06-25T06:30:00+00:00,Running,1,2757.3,10.75,4.98,62.56,45.66,Pump A Running
2026-06-25T06:45:00+00:00,Running,1,2739.9,10.54,4.95,62.13,45.81,Pump A Running
2026-06-25T07:00:00+00:00,Running,1,2768.9,10.52,4.76,65.19,46.0,Pump A Running
2026-06-25T07:15:00+00:00,Running,1,2579.4,10.62,4.93,63.49,46.22,Pump A Running
2026-06-25T07:30:00+00:00,Running,1,2847.5,10.58,4.65,60.64,45.59,Pump A Running
2026-06-25T07:45:00+00:00,Running,1,2654.5,10.47,4.83,60.61,45.7,Pump A Running
2026-06-25T08:00:00+00:00,Running,1,2691.8,10.56,4.83,61.1,45.73,Pump A Running
2026-06-25T08:15:00+00:00,Running,1,2656.1,10.56,4.88,62.82,46.77,Pump A Running
2026-06-25T08:30:00+00:00,Running,1,2687.7,10.67,5.03,62.78,45.82,Pump A Running
2026-06-25T08:45:00+00:00,Running,1,2832.3,10.58,4.91,61.14,45.62,Pump A Running
2026-06-25T09:00:00+00:00,Running,1,2633.5,10.79,4.73,62.95,46.34,Pump A Running
2026-06-25T09:15:00+00:00,Running,1,2580.5,10.71,4.8,63.1,46.01,Pump A Running
2026-06-25T09:30:00+00:00,Running,1,2492.7,10.48,4.67,60.99,45.97,Pump A Running
2026-06-25T09:45:00+00:00,Running,1,2650.8,10.61,4.94,62.6,45.43,Pump A Running
2026-06-25T10:00:00+00:00,Running,1,2715.0,10.62,4.91,61.56,45.46,Pump A Running
2026-06-25T10:15:00+00:00,Running,1,2673.6,10.73,4.83,61.27,46.7,Pump A Running
2026-06-25T10:30:00+00:00,Running,1,2554.4,10.57,4.93,61.23,46.18,Pump A Running
2026-06-25T10:45:00+00:00,Running,1,2448.3,10.85,4.87,64.9,45.92,Pump A Running
2026-06-25T11:00:00+00:00,Running,1,2588.8,10.38,4.75,62.35,46.07,Pump A Running
2026-06-25T11:15:00+00:00,Running,1,2621.9,10.6,4.9,62.89,46.75,Pump A Running
2026-06-25T11:30:00+00:00,Running,1,2681.7,10.53,4.86,62.39,46.12,Pump A Running
2026-06-25T11:45:00+00:00,Running,1,2631.4,10.52,4.78,60.99,45.82,Pump A Running
2026-06-25T12:00:00+00:00,Running,1,2623.7,10.6,4.85,60.83,45.54,Pump A Running
2026-06-25T12:15:00+00:00,Running,1,2491.0,10.6,4.88,61.55,45.44,Pump A Running
2026-06-25T12:30:00+00:00,Running,1,2608.7,10.69,4.94,63.01,45.35,Pump A Running
2026-06-25T12:45:00+00:00,Running,1,2732.1,10.6,4.82,62.09,46.31,Pump A Running
2026-06-25T13:00:00+00:00,Running,1,2687.1,10.54,4.69,62.34,46.14,Pump A Running
2026-06-25T13:15:00+00:00,Running,1,2608.1,10.53,4.87,64.5,45.73,Pump A Running
2026-06-25T13:30:00+00:00,Running,1,2506.7,10.58,4.98,62.85,46.27,Pump A Running
2026-06-25T13:45:00+00:00,Running,1,2513.0,10.63,4.78,61.28,46.17,Pump A Running
2026-06-25T14:00:00+00:00,Running,1,2455.5,10.68,4.98,60.85,46.61,Pump A Running
2026-06-25T14:15:00+00:00,Running,1,2566.5,10.65,4.86,60.93,46.32,Pump A Running
2026-06-25T14:30:00+00:00,Running,1,2578.4,10.69,4.8,62.81,46.08,Pump A Running
2026-06-25T14:45:00+00:00,Running,1,2310.7,10.62,4.87,63.39,46.11,Pump A Running
2026-06-25T15:00:00+00:00,Running,1,2416.8,10.49,4.94,62.76,45.96,Pump A Running
2026-06-25T15:15:00+00:00,Running,1,2464.2,10.57,4.67,63.26,45.51,Pump A Running
2026-06-25T15:30:00+00:00,Running,1,2373.0,10.55,4.94,61.52,46.2,Pump A Running
2026-06-25T15:45:00+00:00,Running,1,2336.2,10.66,4.88,59.84,45.38,Pump A Running
2026-06-25T16:00:00+00:00,Running,1,2519.4,10.55,4.72,61.98,46.08,Pump A Running
2026-06-25T16:15:00+00:00,Running,1,2406.3,10.6,4.98,61.22,46.33,Pump A Running
2026-06-25T16:30:00+00:00,Running,1,2390.8,10.61,4.98,61.83,44.85,Pump A Running
2026-06-25T16:45:00+00:00,Running,1,2388.5,10.61,4.77,62.72,45.67,Pump A Running
2026-06-25T17:00:00+00:00,Running,1,2392.0,10.49,4.83,64.31,46.61,Pump A Running
2026-06-25T17:15:00+00:00,Running,1,2483.7,10.57,4.98,61.41,46.63,Pump A Running
2026-06-25T17:30:00+00:00,Running,1,2386.7,10.63,4.8,61.85,45.74,Pump A Running
2026-06-25T17:45:00+00:00,Running,1,2596.0,10.54,4.81,60.97,45.83,Pump A Running
2026-06-25T18:00:00+00:00,Running,1,2522.7,10.63,4.96,60.77,45.94,Pump A Running
2026-06-25T18:15:00+00:00,Running,1,2304.0,10.59,4.91,60.61,45.55,Pump A Running
2026-06-25T18:30:00+00:00,Running,1,2433.7,10.57,4.87,62.93,46.21,Pump A Running
2026-06-25T18:45:00+00:00,Running,1,2242.7,10.44,4.77,62.01,46.44,Pump A Running
2026-06-25T19:00:00+00:00,Running,1,2482.6,10.59,4.89,61.72,46.47,Pump A Running
2026-06-25T19:15:00+00:00,Running,1,2377.2,10.59,4.77,62.76,46.5,Pump A Running
2026-06-25T19:30:00+00:00,Running,1,2409.0,10.48,4.88,61.53,46.12,Pump A Running
2026-06-25T19:45:00+00:00,Running,1,2358.8,10.61,4.81,63.25,45.77,Pump A Running
2026-06-25T20:00:00+00:00,Running,1,2436.2,10.65,4.73,64.44,46.14,Pump A Running
2026-06-25T20:15:00+00:00,Running,1,2389.6,10.59,4.74,61.1,45.71,Pump A Running
2026-06-25T20:30:00+00:00,Running,1,2338.1,10.65,4.73,62.07,45.35,Pump A Running
2026-06-25T20:45:00+00:00,Running,1,2303.4,10.59,4.8,60.98,45.32,Pump A Running
2026-06-25T21:00:00+00:00,Running,1,2339.6,10.53,5.0,63.45,45.91,Pump A Running
2026-06-25T21:15:00+00:00,Running,1,2427.8,10.6,4.96,62.63,45.29,Pump A Running
2026-06-25T21:30:00+00:00,Running,1,2223.1,10.54,4.8,61.76,46.04,Pump A Running
2026-06-25T21:45:00+00:00,Running,1,2624.0,10.59,5.0,61.55,46.06,Pump A Running
2026-06-25T22:00:00+00:00,Running,1,2260.4,10.55,4.73,63.61,45.62,Pump A Running
2026-06-25T22:15:00+00:00,Running,1,2362.8,10.57,4.76,61.75,46.04,Pump A Running
2026-06-25T22:30:00+00:00,Running,1,2306.2,10.71,4.93,63.2,45.9,Pump A Running
2026-06-25T22:45:00+00:00,Running,1,2280.1,10.6,5.0,62.02,46.35,Pump A Running
2026-06-25T23:00:00+00:00,Running,1,2355.9,10.57,4.95,63.58,45.64,Pump A Running
2026-06-25T23:15:00+00:00,Running,1,2247.5,10.51,4.7,61.54,45.96,Pump A Running
2026-06-25T23:30:00+00:00,Running,1,2374.4,10.68,4.85,64.09,45.85,Pump A Running
2026-06-25T23:45:00+00:00,Running,1,2357.3,10.65,4.98,61.54,45.29,Pump A Running
2026-06-26T00:00:00+00:00,Running,1,2295.1,10.57,4.8,63.19,46.14,Pump A Running
2026-06-26T00:15:00+00:00,Running,1,2381.7,10.63,4.76,62.46,46.52,Pump A Running
2026-06-26T00:30:00+00:00,Running,1,2334.5,10.6,4.78,60.68,45.76,Pump A Running
2026-06-26T00:45:00+00:00,Running,1,2244.4,10.57,4.97,62.37,46.64,Pump A Running
2026-06-26T01:00:00+00:00,Running,1,2302.7,10.59,4.85,61.56,46.18,Pump A Running
2026-06-26T01:15:00+00:00,Running,1,2391.0,10.78,4.87,60.9,45.84,Pump A Running
2026-06-26T01:30:00+00:00,Running,1,2302.2,10.62,4.92,62.56,46.47,Pump A Running
2026-06-26T01:45:00+00:00,Running,1,2313.5,10.6,4.93,63.5,45.91,Pump A Running
2026-06-26T02:00:00+00:00,Stopped,0,0.0,0.0,0.14,0.0,28.67,Pumps Stopped
2026-06-26T02:15:00+00:00,Stopped,0,0.0,0.0,0.16,0.0,28.58,Pumps Stopped
2026-06-26T02:30:00+00:00,Stopped,0,0.0,0.0,0.11,0.0,29.1,Pumps Stopped
2026-06-26T02:45:00+00:00,Stopped,0,0.0,0.0,0.15,0.0,29.36,Pumps Stopped
2026-06-26T03:00:00+00:00,Stopped,0,0.0,0.0,0.07,0.0,28.7,Pumps Stopped
2026-06-26T03:15:00+00:00,Stopped,0,0.0,0.0,0.12,0.0,28.41,Pumps Stopped
2026-06-26T03:30:00+00:00,Running,1,2162.8,10.57,4.81,62.31,45.62,Pump A Running
2026-06-26T03:45:00+00:00,Running,1,2258.2,10.42,5.03,61.57,45.72,Pump A Running
2026-06-26T04:00:00+00:00,Running,1,2183.3,10.57,4.75,61.79,46.23,Pump A Running
2026-06-26T04:15:00+00:00,Running,1,2365.9,10.69,4.97,63.22,45.66,Pump A Running
2026-06-26T04:30:00+00:00,Running,1,2318.7,10.63,5.0,61.29,45.74,Pump A Running
2026-06-26T04:45:00+00:00,Running,1,2150.0,10.58,4.79,62.03,46.38,Pump A Running
2026-06-26T05:00:00+00:00,Running,1,2280.7,10.68,4.85,61.27,45.79,Pump A Running
2026-06-26T05:15:00+00:00,Running,1,2013.4,10.61,4.84,60.83,45.67,Pump A Running
2026-06-26T05:30:00+00:00,Running,1,2317.0,10.56,4.84,60.35,46.13,Pump A Running
2026-06-26T05:45:00+00:00,Running,1,2157.4,10.72,4.89,63.39,46.18,Pump A Running
2026-06-26T06:00:00+00:00,Running,1,2205.6,10.63,4.77,60.33,46.12,Pump A Running
2026-06-26T06:15:00+00:00,Running,1,2162.3,10.49,4.88,60.81,45.88,Pump A Running
2026-06-26T06:30:00+00:00,Running,1,1945.1,10.57,4.79,59.58,45.77,Pump A Running
2026-06-26T06:45:00+00:00,Running,1,2288.7,10.56,4.77,60.97,45.41,Pump A Running
2026-06-26T07:00:00+00:00,Running,1,2268.9,10.55,4.85,63.82,46.17,Pump A Running
2026-06-26T07:15:00+00:00,Running,1,2153.9,10.57,4.75,63.69,46.0,Pump A Running
2026-06-26T07:30:00+00:00,Running,1,2247.1,10.57,4.79,60.93,45.35,Pump A Running
2026-06-26T07:45:00+00:00,Running,1,2208.1,10.6,4.84,61.69,46.13,Pump A Running
2026-06-26T08:00:00+00:00,Running,1,2194.1,10.58,4.72,61.14,45.78,Pump A Running
2026-06-26T08:15:00+00:00,Running,1,2184.0,10.57,4.69,63.93,46.23,Pump A Running
2026-06-26T08:30:00+00:00,Running,1,2231.4,10.5,4.87,62.73,45.64,Pump A Running
2026-06-26T08:45:00+00:00,Running,1,2178.5,10.62,4.76,61.72,45.77,Pump A Running
2026-06-26T09:00:00+00:00,Running,1,2279.0,10.47,4.74,62.57,46.42,Pump A Running
2026-06-26T09:15:00+00:00,Running,1,2213.7,10.6,4.73,60.33,45.88,Pump A Running
2026-06-26T09:30:00+00:00,Running,1,2008.5,10.59,4.95,62.48,46.3,Pump A Running
2026-06-26T09:45:00+00:00,Running,1,2048.9,10.71,4.75,62.44,46.27,Pump A Running
2026-06-26T10:00:00+00:00,Running,1,2240.0,10.54,4.56,63.06,45.86,Pump A Running
2026-06-26T10:15:00+00:00,Running,1,2143.0,10.64,4.75,61.79,46.65,Pump A Running
2026-06-26T10:30:00+00:00,Running,1,2265.4,10.64,4.95,63.53,46.06,Pump A Running
2026-06-26T10:45:00+00:00,Running,1,2192.9,10.57,4.88,61.2,46.37,Pump A Running
2026-06-26T11:00:00+00:00,Running,1,2096.5,10.53,4.88,64.22,46.64,Pump A Running
2026-06-26T11:15:00+00:00,Running,1,2131.9,10.65,4.89,62.86,46.13,Pump A Running
2026-06-26T11:30:00+00:00,Running,1,2154.0,10.56,4.92,63.04,45.53,Pump A Running
2026-06-26T11:45:00+00:00,Running,1,2102.0,10.63,4.76,62.95,45.86,Pump A Running
2026-06-26T12:00:00+00:00,Running,1,2085.5,10.58,4.69,61.18,45.9,Pump A Running
2026-06-26T12:15:00+00:00,Running,1,2254.3,10.74,4.83,61.11,45.68,Pump A Running
2026-06-26T12:30:00+00:00,Running,1,2123.8,10.67,4.89,61.87,46.25,Pump A Running
2026-06-26T12:45:00+00:00,Running,1,2308.5,10.61,4.89,60.33,46.05,Pump A Running
2026-06-26T13:00:00+00:00,Running,1,2312.2,10.62,4.95,61.91,46.31,Pump A Running
2026-06-26T13:15:00+00:00,Running,1,2169.3,10.56,4.79,61.26,46.16,Pump A Running
2026-06-26T13:30:00+00:00,Running,1,2128.7,10.68,4.85,62.46,45.49,Pump A Running
2026-06-26T13:45:00+00:00,Running,1,2167.6,10.66,4.67,60.2,45.64,Pump A Running
2026-06-26T14:00:00+00:00,Running,1,2171.4,10.5,4.82,59.48,46.75,Pump A Running
2026-06-26T14:15:00+00:00,Running,1,2133.3,10.66,4.89,62.05,45.35,Pump A Running
2026-06-26T14:30:00+00:00,Running,1,2085.7,10.63,4.96,62.12,46.65,Pump A Running
2026-06-26T14:45:00+00:00,Running,1,2050.7,10.57,4.85,63.49,46.17,Pump A Running
2026-06-26T15:00:00+00:00,Running,1,2120.9,10.58,4.72,61.98,46.69,Pump A Running
2026-06-26T15:15:00+00:00,Running,1,2136.1,10.49,4.93,62.93,46.73,Pump A Running
2026-06-26T15:30:00+00:00,Running,1,2130.7,10.68,4.83,61.59,46.4,Pump A Running
2026-06-26T15:45:00+00:00,Running,1,2233.3,10.66,4.72,61.94,46.48,Pump A Running
2026-06-26T16:00:00+00:00,Running,1,2345.0,10.75,4.91,61.84,45.9,Pump A Running
2026-06-26T16:15:00+00:00,Running,1,2330.5,10.68,4.83,60.28,46.24,Pump A Running
2026-06-26T16:30:00+00:00,Running,1,2278.4,10.59,4.77,63.75,45.75,Pump A Running
2026-06-26T16:45:00+00:00,Running,1,2237.5,10.66,4.98,62.1,45.88,Pump A Running
2026-06-26T17:00:00+00:00,Running,1,2212.0,10.43,4.7,60.51,47.13,Pump A Running
2026-06-26T17:15:00+00:00,Running,1,2370.8,10.59,4.99,60.44,45.8,Pump A Running
2026-06-26T17:30:00+00:00,Running,1,1983.9,10.74,5.14,61.94,45.77,Pump A Running
2026-06-26T17:45:00+00:00,Running,1,2146.7,10.57,4.83,62.25,46.57,Pump A Running
2026-06-26T18:00:00+00:00,Running,1,2225.1,10.64,4.68,61.43,46.73,Pump A Running
2026-06-26T18:15:00+00:00,Running,1,2214.0,10.65,4.85,61.04,46.41,Pump A Running
2026-06-26T18:30:00+00:00,Running,1,2104.3,10.53,4.93,59.75,45.89,Pump A Running
2026-06-26T18:45:00+00:00,Running,1,2092.3,10.69,4.85,61.63,45.22,Pump A Running
2026-06-26T19:00:00+00:00,Running,1,2040.6,10.6,4.88,60.16,45.85,Pump A Running
2026-06-26T19:15:00+00:00,Running,1,2187.6,10.6,5.0,62.35,46.16,Pump A Running
2026-06-26T19:30:00+00:00,Running,1,2230.8,10.61,4.87,61.22,45.74,Pump A Running
2026-06-26T19:45:00+00:00,Running,1,2444.3,10.53,4.94,61.9,46.01,Pump A Running
2026-06-26T20:00:00+00:00,Running,1,2104.3,10.69,4.83,63.18,45.94,Pump A Running
2026-06-26T20:15:00+00:00,Running,1,2258.1,10.57,5.08,63.61,45.75,Pump A Running
2026-06-26T20:30:00+00:00,Running,1,2214.3,10.62,4.74,62.76,45.53,Pump A Running
2026-06-26T20:45:00+00:00,Running,1,2197.0,10.53,4.87,60.71,45.45,Pump A Running
2026-06-26T21:00:00+00:00,Running,1,2077.0,10.7,4.82,62.43,45.82,Pump A Running
2026-06-26T21:15:00+00:00,Running,1,2262.3,10.68,4.98,61.49,46.07,Pump A Running
2026-06-26T21:30:00+00:00,Running,1,2268.7,10.58,4.96,59.88,45.59,Pump A Running
2026-06-26T21:45:00+00:00,Running,1,2190.3,10.65,4.84,62.89,46.27,Pump A Running
2026-06-26T22:00:00+00:00,Running,1,2373.8,10.62,4.85,62.22,46.57,Pump A Running
2026-06-26T22:15:00+00:00,Running,1,2116.6,10.65,4.81,61.36,45.53,Pump A Running
2026-06-26T22:30:00+00:00,Running,1,2198.6,10.67,4.78,61.48,45.6,Pump A Running
2026-06-26T22:45:00+00:00,Running,1,2329.3,10.64,4.86,61.89,45.82,Pump A Running
2026-06-26T23:00:00+00:00,Running,1,2100.7,10.32,4.81,61.95,46.71,Pump A Running
2026-06-26T23:15:00+00:00,Running,1,2245.1,10.59,4.78,62.05,46.06,Pump A Running
2026-06-26T23:30:00+00:00,Running,1,2235.4,10.68,4.8,60.12,45.57,Pump A Running
2026-06-26T23:45:00+00:00,Running,1,2283.9,10.61,4.86,61.84,46.83,Pump A Running
2026-06-27T00:00:00+00:00,Running,1,2288.5,10.62,4.82,63.18,45.82,Pump A Running
2026-06-27T00:15:00+00:00,Running,1,2348.9,10.63,4.84,62.29,45.68,Pump A Running
2026-06-27T00:30:00+00:00,Running,1,2206.4,10.67,4.79,62.07,45.7,Pump A Running
2026-06-27T00:45:00+00:00,Running,1,2434.9,10.72,4.65,59.97,46.0,Pump A Running
2026-06-27T01:00:00+00:00,Running,1,2293.6,10.64,4.86,61.62,45.98,Pump A Running
2026-06-27T01:15:00+00:00,Running,1,2249.7,10.59,4.81,62.05,46.06,Pump A Running
2026-06-27T01:30:00+00:00,Running,1,2187.0,10.64,4.72,62.88,45.99,Pump A Running
2026-06-27T01:45:00+00:00,Running,1,2294.2,10.59,4.83,62.8,46.13,Pump A Running
2026-06-27T02:00:00+00:00,Stopped,0,0.0,0.0,0.18,0.0,29.07,Pumps Stopped
2026-06-27T02:15:00+00:00,Stopped,0,0.0,0.0,0.11,0.0,29.18,Pumps Stopped
2026-06-27T02:30:00+00:00,Stopped,0,0.0,0.0,0.13,0.0,29.26,Pumps Stopped
2026-06-27T02:45:00+00:00,Stopped,0,0.0,0.0,0.09,0.0,28.58,Pumps Stopped
2026-06-27T03:00:00+00:00,Stopped,0,0.0,0.0,0.16,0.0,29.35,Pumps Stopped
2026-06-27T03:15:00+00:00,Stopped,0,0.0,0.0,0.11,0.0,28.84,Pumps Stopped
2026-06-27T03:30:00+00:00,Running,1,2343.9,10.61,4.86,60.25,45.1,Pump A Running
2026-06-27T03:45:00+00:00,Running,1,2293.9,10.69,4.7,62.24,46.08,Pump A Running
2026-06-27T04:00:00+00:00,Running,1,2358.5,10.65,4.89,65.71,46.8,Pump A Running
2026-06-27T04:15:00+00:00,Running,1,2381.5,10.51,4.95,63.71,46.25,Pump A Running
2026-06-27T04:30:00+00:00,Running,1,2380.9,10.61,4.87,62.21,45.83,Pump A Running
2026-06-27T04:45:00+00:00,Running,1,2381.2,10.58,4.76,61.65,45.84,Pump A Running
2026-06-27T05:00:00+00:00,Running,1,2444.4,10.61,4.92,61.2,46.18,Pump A Running
2026-06-27T05:15:00+00:00,Running,1,2323.1,10.52,4.87,63.11,46.6,Pump A Running
2026-06-27T05:30:00+00:00,Running,1,2377.7,10.55,4.76,62.63,46.32,Pump A Running
2026-06-27T05:45:00+00:00,Running,1,2360.0,10.64,4.83,61.79,46.21,Pump A Running
2026-06-27T06:00:00+00:00,Running,1,2467.9,10.52,4.96,59.07,45.09,Pump A Running
2026-06-27T06:15:00+00:00,Running,1,2407.4,10.69,4.88,62.87,45.57,Pump A Running
2026-06-27T06:30:00+00:00,Running,1,2286.1,10.69,4.87,62.17,45.79,Pump A Running
2026-06-27T06:45:00+00:00,Running,1,2597.2,10.65,4.97,61.45,45.76,Pump A Running
2026-06-27T07:00:00+00:00,Running,1,2368.2,10.55,4.84,61.61,46.01,Pump A Running
2026-06-27T07:15:00+00:00,Running,1,2461.5,10.65,4.69,60.48,46.49,Pump A Running
2026-06-27T07:30:00+00:00,Running,1,2387.9,10.63,4.95,63.24,45.45,Pump A Running
2026-06-27T07:45:00+00:00,Running,1,2483.6,10.68,4.78,61.4,46.96,Pump A Running
2026-06-27T08:00:00+00:00,Running,1,2491.5,10.62,4.84,62.71,45.36,Pump A Running
2026-06-27T08:15:00+00:00,Running,1,2288.4,10.6,4.96,62.56,45.81,Pump A Running
2026-06-27T08:30:00+00:00,Running,1,2502.2,10.62,4.88,60.37,44.96,Pump A Running
2026-06-27T08:45:00+00:00,Running,1,2378.5,10.62,4.78,61.57,45.8,Pump A Running
2026-06-27T09:00:00+00:00,Running,1,2473.8,10.57,4.89,62.54,46.26,Pump A Running
2026-06-27T09:15:00+00:00,Running,1,2434.2,10.59,4.96,63.18,46.1,Pump A Running
2026-06-27T09:30:00+00:00,Running,1,2573.6,10.53,4.87,61.29,45.33,Pump A Running
2026-06-27T09:45:00+00:00,Running,1,2464.2,10.6,4.96,63.61,45.99,Pump A Running
2026-06-27T10:00:00+00:00,Running,1,2524.1,10.54,4.96,62.89,44.92,Pump A Running
2026-06-27T10:15:00+00:00,Running,1,2402.9,10.55,4.76,61.78,46.41,Pump A Running
2026-06-27T10:30:00+00:00,Running,1,2433.2,10.45,4.87,63.5,45.6,Pump A Running
2026-06-27T10:45:00+00:00,Running,1,2569.2,10.63,4.78,63.7,46.82,Pump A Running
2026-06-27T11:00:00+00:00,Running,1,2500.6,10.49,4.9,63.2,46.06,Pump A Running
2026-06-27T11:15:00+00:00,Running,1,2603.6,10.59,4.77,60.15,46.29,Pump A Running
2026-06-27T11:30:00+00:00,Running,1,2566.0,10.6,4.98,61.35,45.55,Pump A Running
2026-06-27T11:45:00+00:00,Running,1,2504.7,10.58,4.82,61.4,45.5,Pump A Running
2026-06-27T12:00:00+00:00,Running,1,2616.2,10.72,5.06,62.66,45.73,Pump A Running
2026-06-27T12:15:00+00:00,Running,1,2541.5,10.73,4.8,63.02,45.61,Pump A Running
2026-06-27T12:30:00+00:00,Running,1,2518.0,10.68,4.85,61.11,45.89,Pump A Running
2026-06-27T12:45:00+00:00,Running,1,2679.0,10.68,5.02,61.19,45.53,Pump A Running
2026-06-27T13:00:00+00:00,Running,1,2521.6,10.61,4.98,61.48,45.89,Pump A Running
2026-06-27T13:15:00+00:00,Running,1,2581.9,10.52,4.91,63.07,45.97,Pump A Running
2026-06-27T13:30:00+00:00,Running,1,2338.4,10.64,4.95,62.59,45.83,Pump A Running
2026-06-27T13:45:00+00:00,Running,1,2545.9,10.54,5.08,61.97,45.84,Pump A Running
2026-06-27T14:00:00+00:00,Running,1,2465.2,10.54,4.93,63.11,45.71,Pump A Running
2026-06-27T14:15:00+00:00,Running,1,2576.7,10.68,4.74,63.75,46.08,Pump A Running
2026-06-27T14:30:00+00:00,Running,1,2458.8,10.66,5.0,60.12,46.57,Pump A Running
2026-06-27T14:45:00+00:00,Running,1,2681.5,10.53,4.87,62.72,46.58,Pump A Running
2026-06-27T15:00:00+00:00,Running,1,2622.3,10.51,4.81,63.12,46.48,Pump A Running
2026-06-27T15:15:00+00:00,Running,1,2567.4,10.51,4.8,60.95,45.58,Pump A Running
2026-06-27T15:30:00+00:00,Running,1,2694.2,10.62,4.99,61.64,46.34,Pump A Running
2026-06-27T15:45:00+00:00,Running,1,2595.9,10.59,4.76,61.93,45.71,Pump A Running
2026-06-27T16:00:00+00:00,Running,1,2744.5,10.69,4.58,62.59,46.06,Pump A Running
2026-06-27T16:15:00+00:00,Running,1,2526.7,10.52,4.92,61.11,45.68,Pump A Running
2026-06-27T16:30:00+00:00,Running,1,2640.5,10.68,4.91,63.33,45.61,Pump A Running
2026-06-27T16:45:00+00:00,Running,1,2731.3,10.61,4.88,60.21,46.56,Pump A Running
2026-06-27T17:00:00+00:00,Running,1,2634.4,10.61,4.94,62.24,46.06,Pump A Running
2026-06-27T17:15:00+00:00,Running,1,2484.3,10.53,4.71,62.86,46.14,Pump A Running
2026-06-27T17:30:00+00:00,Running,1,2502.3,10.59,4.79,61.71,45.94,Pump A Running
2026-06-27T17:45:00+00:00,Running,1,2412.1,10.53,4.8,60.25,45.09,Pump A Running
2026-06-27T18:00:00+00:00,Running,1,2700.2,10.59,4.87,61.62,45.88,Pump A Running
2026-06-27T18:15:00+00:00,Running,1,2633.1,10.72,4.84,60.92,46.36,Pump A Running
2026-06-27T18:30:00+00:00,Running,1,2644.8,10.67,4.81,62.41,45.51,Pump A Running
2026-06-27T18:45:00+00:00,Running,1,2624.1,10.63,5.0,62.41,46.68,Pump A Running
2026-06-27T19:00:00+00:00,Running,1,2745.2,10.65,4.84,61.77,46.96,Pump A Running
2026-06-27T19:15:00+00:00,Running,1,2593.4,10.57,4.9,60.23,46.65,Pump A Running
2026-06-27T19:30:00+00:00,Running,1,2813.3,10.67,4.78,63.75,45.65,Pump A Running
2026-06-27T19:45:00+00:00,Running,1,2720.6,10.58,4.86,63.62,46.08,Pump A Running
2026-06-27T20:00:00+00:00,Running,1,2665.1,10.62,4.71,62.93,46.69,Pump A Running
2026-06-27T20:15:00+00:00,Running,1,2702.5,10.71,5.08,59.38,46.15,Pump A Running
2026-06-27T20:30:00+00:00,Running,1,2903.2,10.56,4.89,61.53,46.19,Pump A Running
2026-06-27T20:45:00+00:00,Running,1,2691.6,10.58,4.77,61.79,46.11,Pump A Running
2026-06-27T21:00:00+00:00,Running,1,2678.5,10.69,4.82,61.65,45.67,Pump A Running
2026-06-27T21:15:00+00:00,Running,1,2774.7,10.5,4.85,62.63,45.59,Pump A Running
2026-06-27T21:30:00+00:00,Running,1,2675.0,10.73,4.81,62.21,46.29,Pump A Running
2026-06-27T21:45:00+00:00,Running,1,2778.8,10.47,4.75,63.06,45.84,Pump A Running
2026-06-27T22:00:00+00:00,Running,1,2586.1,10.64,4.73,62.01,45.24,Pump A Running
2026-06-27T22:15:00+00:00,Running,1,2739.7,10.47,4.84,63.78,45.78,Pump A Running
2026-06-27T22:30:00+00:00,Running,1,2771.5,10.67,4.91,62.75,46.13,Pump A Running
2026-06-27T22:45:00+00:00,Running,1,2531.4,10.59,4.81,60.68,45.81,Pump A Running
2026-06-27T23:00:00+00:00,Running,1,2628.8,10.58,4.86,60.33,45.56,Pump A Running
2026-06-27T23:15:00+00:00,Running,1,2875.9,10.64,4.76,62.41,46.52,Pump A Running
2026-06-27T23:30:00+00:00,Running,1,2633.1,10.7,4.83,63.08,45.16,Pump A Running
2026-06-27T23:45:00+00:00,Running,1,2845.9,10.59,4.88,61.19,45.5,Pump A Running
2026-06-28T00:00:00+00:00,Running,1,2569.8,10.68,4.89,62.75,46.08,Pump A Running
2026-06-28T00:15:00+00:00,Running,1,2678.0,10.62,4.79,61.06,46.44,Pump A Running
2026-06-28T00:30:00+00:00,Running,1,2642.2,10.74,4.87,62.82,46.98,Pump A Running
2026-06-28T00:45:00+00:00,Running,1,3004.4,10.66,4.9,60.93,46.1,Pump A Running
2026-06-28T01:00:00+00:00,Running,1,2755.3,10.67,4.91,61.84,46.08,Pump A Running
2026-06-28T01:15:00+00:00,Running,1,2788.6,10.61,4.92,60.78,45.88,Pump A Running
2026-06-28T01:30:00+00:00,Running,1,2643.4,10.6,4.78,60.49,45.94,Pump A Running
2026-06-28T01:45:00+00:00,Running,1,2764.9,10.63,4.8,59.68,45.54,Pump A Running
2026-06-28T02:00:00+00:00,Stopped,0,0.0,0.0,0.12,0.0,28.73,Pumps Stopped
2026-06-28T02:15:00+00:00,Stopped,0,0.0,0.0,0.1,0.0,29.28,Pumps Stopped
2026-06-28T02:30:00+00:00,Stopped,0,0.0,0.0,0.05,0.0,29.34,Pumps Stopped
2026-06-28T02:45:00+00:00,Stopped,0,0.0,0.0,0.16,0.0,28.88,Pumps Stopped
2026-06-28T03:00:00+00:00,Stopped,0,0.0,0.0,0.14,0.0,29.13,Pumps Stopped
2026-06-28T03:15:00+00:00,Stopped,0,0.0,0.0,0.17,0.0,29.12,Pumps Stopped
2026-06-28T03:30:00+00:00,Running,1,2745.9,10.6,4.62,61.64,46.6,Pump A Running
2026-06-28T03:45:00+00:00,Running,1,2817.8,10.69,4.92,61.25,45.6,Pump A Running
2026-06-28T04:00:00+00:00,Running,1,2714.2,10.63,4.86,63.86,46.13,Pump A Running
2026-06-28T04:15:00+00:00,Running,1,2788.6,10.58,4.71,62.15,46.14,Pump A Running
2026-06-28T04:30:00+00:00,Running,1,2589.3,10.59,4.88,60.01,46.2,Pump A Running
2026-06-28T04:45:00+00:00,Running,1,2660.7,10.55,4.78,62.02,46.09,Pump A Running
2026-06-28T05:00:00+00:00,Running,1,2632.5,10.57,4.98,61.16,46.03,Pump A Running
2026-06-28T05:15:00+00:00,Running,1,2670.4,10.65,4.86,59.53,46.85,Pump A Running
2026-06-28T05:30:00+00:00,Running,1,2874.1,10.54,4.82,61.85,46.77,Pump A Running
2026-06-28T05:45:00+00:00,Running,1,2622.5,10.65,4.84,62.11,45.92,Pump A Running
2026-06-28T06:00:00+00:00,Running,1,2728.0,10.69,5.02,62.25,46.23,Pump A Running
2026-06-28T06:15:00+00:00,Running,1,2818.5,10.67,4.76,63.31,46.53,Pump A Running
2026-06-28T06:30:00+00:00,Running,1,2730.3,10.56,4.87,64.22,45.73,Pump A Running
2026-06-28T06:45:00+00:00,Running,1,2759.4,10.61,4.88,61.69,45.46,Pump A Running
2026-06-28T07:00:00+00:00,Running,1,2836.6,10.83,4.73,61.14,45.94,Pump A Running
2026-06-28T07:15:00+00:00,Running,1,2762.6,10.63,4.86,61.74,46.01,Pump A Running
2026-06-28T07:30:00+00:00,Running,1,2635.0,10.71,4.85,60.46,45.98,Pump A Running
2026-06-28T07:45:00+00:00,Running,1,2760.3,10.68,4.8,61.63,47.1,Pump A Running
2026-06-28T08:00:00+00:00,Running,1,2693.0,10.59,4.83,59.81,45.44,Pump A Running
2026-06-28T08:15:00+00:00,Running,1,2517.9,10.66,4.83,61.26,46.01,Pump A Running
2026-06-28T08:30:00+00:00,Running,1,2786.1,10.67,4.7,61.19,46.59,Pump A Running
2026-06-28T08:45:00+00:00,Running,1,2584.5,10.61,4.76,61.23,46.57,Pump A Running
2026-06-28T09:00:00+00:00,Running,1,2562.9,10.67,4.79,62.5,46.94,Pump A Running
2026-06-28T09:15:00+00:00,Running,1,2759.8,10.63,4.78,61.97,46.31,Pump A Running
2026-06-28T09:30:00+00:00,Running,1,2705.6,10.51,4.87,61.37,46.08,Pump A Running
2026-06-28T09:45:00+00:00,Running,1,2608.1,10.51,4.77,61.44,46.52,Pump A Running
2026-06-28T10:00:00+00:00,Running,1,2807.7,10.63,4.84,62.58,45.9,Pump A Running
2026-06-28T10:15:00+00:00,Running,1,2718.7,10.59,4.84,59.64,46.41,Pump A Running
2026-06-28T10:30:00+00:00,Running,1,2637.2,10.72,4.75,63.25,45.93,Pump A Running
2026-06-28T10:45:00+00:00,Running,1,2846.5,10.55,4.81,59.2,46.29,Pump A Running
2026-06-28T11:00:00+00:00,Running,1,2660.5,10.61,4.83,62.02,46.29,Pump A Running
2026-06-28T11:15:00+00:00,Running,1,2720.1,10.57,4.94,61.35,45.96,Pump A Running
2026-06-28T11:30:00+00:00,Running,1,2892.1,10.61,4.83,60.63,45.56,Pump A Running
2026-06-28T11:45:00+00:00,Running,1,2758.5,10.66,4.89,60.79,45.45,Pump A Running
2026-06-28T12:00:00+00:00,Running,1,2692.5,10.64,4.82,61.85,46.35,Pump A Running
2026-06-28T12:15:00+00:00,Running,1,2792.2,10.59,4.76,63.03,46.95,Pump A Running
2026-06-28T12:30:00+00:00,Running,1,2646.0,10.47,4.81,63.42,45.71,Pump A Running
2026-06-28T12:45:00+00:00,Running,1,2832.4,10.55,4.95,63.13,46.07,Pump A Running
2026-06-28T13:00:00+00:00,Running,1,2645.6,10.59,4.89,63.3,45.76,Pump A Running
2026-06-28T13:15:00+00:00,Running,1,2675.9,10.63,4.77,62.48,46.03,Pump A Running
2026-06-28T13:30:00+00:00,Running,1,2630.2,10.52,4.71,61.32,46.38,Pump A Running
2026-06-28T13:45:00+00:00,Running,1,2727.0,10.56,4.75,60.35,46.04,Pump A Running
2026-06-28T14:00:00+00:00,Running,1,2591.2,10.63,4.84,61.89,45.76,Pump A Running
2026-06-28T14:15:00+00:00,Running,1,2584.7,10.89,5.09,63.14,46.06,Pump A Running
2026-06-28T14:30:00+00:00,Running,1,2721.7,10.54,4.82,61.14,46.32,Pump A Running
2026-06-28T14:45:00+00:00,Running,1,2731.2,10.61,4.86,61.67,46.05,Pump A Running
2026-06-28T15:00:00+00:00,Running,1,2751.1,10.55,4.81,63.09,46.59,Pump A Running
2026-06-28T15:15:00+00:00,Running,1,2632.7,10.49,4.75,64.41,45.52,Pump A Running
2026-06-28T15:30:00+00:00,Running,1,2547.7,10.51,4.75,62.17,46.22,Pump A Running
2026-06-28T15:45:00+00:00,Running,1,2705.4,10.56,4.76,62.24,45.9,Pump A Running
2026-06-28T16:00:00+00:00,Running,1,2456.2,10.51,4.79,61.47,46.14,Pump A Running
2026-06-28T16:15:00+00:00,Running,1,2617.6,10.66,4.89,62.52,46.2,Pump A Running
2026-06-28T16:30:00+00:00,Running,1,2727.7,10.55,4.7,61.41,45.89,Pump A Running
2026-06-28T16:45:00+00:00,Running,1,2670.5,10.66,4.73,63.56,46.74,Pump A Running
2026-06-28T17:00:00+00:00,Running,1,2692.5,10.73,4.8,61.41,45.93,Pump A Running
2026-06-28T17:15:00+00:00,Running,1,2745.1,10.55,4.65,63.73,45.19,Pump A Running
2026-06-28T17:30:00+00:00,Running,1,2771.5,10.77,4.96,61.16,46.29,Pump A Running
2026-06-28T17:45:00+00:00,Running,1,2432.4,10.59,4.85,62.44,45.83,Pump A Running
2026-06-28T18:00:00+00:00,Running,1,2455.0,10.55,4.73,61.3,46.08,Pump A Running
2026-06-28T18:15:00+00:00,Running,1,2637.5,10.63,4.78,62.2,45.71,Pump A Running
2026-06-28T18:30:00+00:00,Running,1,2655.4,10.67,4.86,59.9,47.02,Pump A Running
2026-06-28T18:45:00+00:00,Running,1,2695.2,10.57,4.68,63.1,45.39,Pump A Running
2026-06-28T19:00:00+00:00,Running,1,2660.6,10.63,4.9,60.6,46.66,Pump A Running
2026-06-28T19:15:00+00:00,Running,1,2398.2,10.54,4.86,60.99,45.18,Pump A Running
2026-06-28T19:30:00+00:00,Running,1,2609.6,10.66,4.88,62.81,45.7,Pump A Running
2026-06-28T19:45:00+00:00,Running,1,2563.0,10.63,4.89,64.43,46.41,Pump A Running
2026-06-28T20:00:00+00:00,Running,1,2615.3,10.63,4.98,63.8,45.23,Pump A Running
2026-06-28T20:15:00+00:00,Running,1,2727.2,10.5,4.94,62.4,45.73,Pump A Running
2026-06-28T20:30:00+00:00,Running,1,2653.1,10.51,4.85,62.61,46.69,Pump A Running
2026-06-28T20:45:00+00:00,Running,1,2493.1,10.54,4.75,62.84,45.35,Pump A Running
2026-06-28T21:00:00+00:00,Running,1,2689.6,10.57,4.88,62.93,45.47,Pump A Running
2026-06-28T21:15:00+00:00,Running,1,2538.0,10.61,4.68,62.69,45.46,Pump A Running
2026-06-28T21:30:00+00:00,Running,1,2567.8,10.73,4.82,61.31,45.74,Pump A Running
2026-06-28T21:45:00+00:00,Running,1,2380.9,10.59,4.85,61.71,46.05,Pump A Running
2026-06-28T22:00:00+00:00,Running,1,2533.9,10.56,4.82,62.38,46.29,Pump A Running
2026-06-28T22:15:00+00:00,Running,1,2683.9,10.66,4.86,61.59,45.54,Pump A Running
2026-06-28T22:30:00+00:00,Running,1,2562.2,10.6,4.84,63.78,46.04,Pump A Running
2026-06-28T22:45:00+00:00,Running,1,2412.6,10.59,4.82,61.36,45.06,Pump A Running
2026-06-28T23:00:00+00:00,Running,1,2544.1,10.6,4.82,61.96,46.44,Pump A Running
2026-06-28T23:15:00+00:00,Running,1,2500.6,10.64,4.74,62.1,45.56,Pump A Running
2026-06-28T23:30:00+00:00,Running,1,2546.9,10.63,4.84,59.5,45.17,Pump A Running
2026-06-28T23:45:00+00:00,Running,1,2519.8,10.61,4.9,61.7,45.84,Pump A Running
2026-06-29T00:00:00+00:00,Running,1,2595.1,10.55,4.83,60.88,45.44,Pump A Running
2026-06-29T00:15:00+00:00,Running,1,2585.4,10.53,4.77,62.12,45.88,Pump A Running
2026-06-29T00:30:00+00:00,Running,1,2612.8,10.57,4.86,62.32,46.03,Pump A Running
2026-06-29T00:45:00+00:00,Running,1,2487.7,10.43,4.89,60.79,45.35,Pump A Running
2026-06-29T01:00:00+00:00,Running,1,2695.5,10.53,4.84,60.49,46.33,Pump A Running
2026-06-29T01:15:00+00:00,Running,1,2570.5,10.6,4.79,62.15,45.94,Pump A Running
2026-06-29T01:30:00+00:00,Running,1,2561.1,10.64,4.9,64.47,46.14,Pump A Running
2026-06-29T01:45:00+00:00,Running,1,2444.9,10.48,4.93,64.32,45.59,Pump A Running
2026-06-29T02:00:00+00:00,Stopped,0,0.0,0.0,0.12,0.0,29.01,Pumps Stopped
2026-06-29T02:15:00+00:00,Stopped,0,0.0,0.0,0.1,0.0,28.6,Pumps Stopped
2026-06-29T02:30:00+00:00,Stopped,0,0.0,0.0,0.15,0.0,29.2,Pumps Stopped
2026-06-29T02:45:00+00:00,Stopped,0,0.0,0.0,0.08,0.0,29.01,Pumps Stopped
2026-06-29T03:00:00+00:00,Stopped,0,0.0,0.0,0.19,0.0,29.55,Pumps Stopped
2026-06-29T03:15:00+00:00,Stopped,0,0.0,0.0,0.1,0.0,29.21,Pumps Stopped
2026-06-29T03:30:00+00:00,Running,1,2443.0,10.68,5.01,63.43,46.17,Pump A Running
2026-06-29T03:45:00+00:00,Running,1,2402.0,10.68,4.74,62.23,45.85,Pump A Running
2026-06-29T04:00:00+00:00,Running,1,2399.7,10.64,5.04,62.06,45.68,Pump A Running
2026-06-29T04:15:00+00:00,Running,1,2404.3,10.56,4.8,62.63,45.66,Pump A Running
2026-06-29T04:30:00+00:00,Running,1,2639.5,10.61,4.74,61.83,46.42,Pump A Running
2026-06-29T04:45:00+00:00,Running,1,2337.1,10.56,4.73,61.79,45.95,Pump A Running
2026-06-29T05:00:00+00:00,Running,1,2370.3,10.58,4.9,62.42,45.82,Pump A Running
2026-06-29T05:15:00+00:00,Running,1,2435.7,10.6,4.87,64.25,45.36,Pump A Running
2026-06-29T05:30:00+00:00,Running,1,2513.9,10.55,4.84,61.04,46.28,Pump A Running
2026-06-29T05:45:00+00:00,Running,1,2405.1,10.56,4.93,62.63,45.31,Pump A Running
2026-06-29T06:00:00+00:00,Running,1,2432.8,10.51,4.63,62.15,45.4,Pump A Running
2026-06-29T06:15:00+00:00,Running,1,2406.0,10.52,4.82,61.56,46.15,Pump A Running
2026-06-29T06:30:00+00:00,Running,1,2425.4,10.4,4.88,60.95,45.55,Pump A Running
2026-06-29T06:45:00+00:00,Running,1,2526.3,10.61,4.89,62.12,45.33,Pump A Running
2026-06-29T07:00:00+00:00,Running,1,2184.5,10.55,4.97,61.25,45.38,Pump A Running
2026-06-29T07:15:00+00:00,Running,1,2492.0,10.65,4.61,60.87,46.5,Pump A Running
2026-06-29T07:30:00+00:00,Running,1,2184.1,10.49,4.78,61.07,45.56,Pump A Running
2026-06-29T07:45:00+00:00,Running,1,2283.6,10.69,5.11,62.83,46.22,Pump A Running
2026-06-29T08:00:00+00:00,Running,1,2361.1,10.62,4.86,63.2,45.69,Pump A Running
2026-06-29T08:15:00+00:00,Running,1,2321.1,10.47,4.85,61.47,46.01,Pump A Running
2026-06-29T08:30:00+00:00,Running,1,2430.2,10.56,4.95,63.52,46.5,Pump A Running
2026-06-29T08:45:00+00:00,Running,1,2310.4,10.39,4.79,62.3,45.73,Pump A Running
2026-06-29T09:00:00+00:00,Running,1,2185.5,10.66,4.68,60.35,46.1,Pump A Running
2026-06-29T09:15:00+00:00,Running,1,2351.9,10.55,4.73,62.7,46.71,Pump A Running
2026-06-29T09:30:00+00:00,Running,1,2332.6,10.61,4.85,62.05,45.98,Pump A Running
2026-06-29T09:45:00+00:00,Running,1,2319.3,10.57,4.88,61.24,45.73,Pump A Running
2026-06-29T10:00:00+00:00,Running,1,2285.9,10.5,4.88,63.66,45.68,Pump A Running
2026-06-29T10:15:00+00:00,Running,1,2182.1,10.54,4.99,62.19,46.06,Pump A Running
2026-06-29T10:30:00+00:00,Running,1,2524.2,10.68,4.81,63.08,46.03,Pump A Running
2026-06-29T10:45:00+00:00,Running,1,2289.6,10.6,4.73,61.9,46.71,Pump A Running
2026-06-29T11:00:00+00:00,Running,1,2426.9,10.72,4.87,62.56,46.71,Pump A Running
2026-06-29T11:15:00+00:00,Running,1,2303.3,10.45,4.74,61.51,45.68,Pump A Running
2026-06-29T11:30:00+00:00,Running,1,2103.7,10.59,4.88,62.82,45.23,Pump A Running
2026-06-29T11:45:00+00:00,Running,1,2203.2,10.64,4.93,61.28,46.27,Pump A Running
2026-06-29T12:00:00+00:00,Running,1,2312.5,10.59,4.87,61.3,45.71,Pump A Running
2026-06-29T12:15:00+00:00,Running,1,2318.7,10.59,4.82,62.22,46.16,Pump A Running
2026-06-29T12:30:00+00:00,Running,1,2187.2,10.58,4.77,60.59,46.15,Pump A Running
2026-06-29T12:45:00+00:00,Running,1,2185.8,10.57,4.89,62.9,45.67,Pump A Running
2026-06-29T13:00:00+00:00,Running,1,2400.4,10.73,4.88,61.31,45.86,Pump A Running
2026-06-29T13:15:00+00:00,Running,1,2093.6,10.59,4.86,62.69,45.88,Pump A Running
2026-06-29T13:30:00+00:00,Running,1,2363.1,10.48,4.92,62.17,46.54,Pump A Running
2026-06-29T13:45:00+00:00,Running,1,2110.2,10.59,4.82,60.63,45.91,Pump A Running
2026-06-29T14:00:00+00:00,Running,1,2390.4,10.66,4.98,61.94,45.6,Pump A Running
2026-06-29T14:15:00+00:00,Running,1,2379.4,10.49,4.79,60.89,46.07,Pump A Running
2026-06-29T14:30:00+00:00,Running,1,2168.7,10.72,5.03,62.27,46.65,Pump A Running
2026-06-29T14:45:00+00:00,Running,1,2258.0,10.68,4.9,62.98,46.23,Pump A Running
2026-06-29T15:00:00+00:00,Running,1,2223.0,10.59,4.78,63.51,46.5,Pump A Running
2026-06-29T15:15:00+00:00,Running,1,2256.9,10.51,4.69,60.57,46.35,Pump A Running
2026-06-29T15:30:00+00:00,Running,1,2294.9,10.6,4.98,60.17,46.07,Pump A Running
2026-06-29T15:45:00+00:00,Running,1,2162.7,10.48,4.74,62.61,45.54,Pump A Running
2026-06-29T16:00:00+00:00,Running,1,2081.4,10.58,4.78,63.01,46.06,Pump A Running
2026-06-29T16:15:00+00:00,Running,1,2256.3,10.64,4.86,61.53,46.02,Pump A Running
2026-06-29T16:30:00+00:00,Running,1,2122.5,10.7,4.96,61.41,46.18,Pump A Running
2026-06-29T16:45:00+00:00,Running,1,2301.0,10.46,5.02,61.98,45.94,Pump A Running
2026-06-29T17:00:00+00:00,Running,1,2314.0,10.64,4.83,63.7,45.51,Pump A Running
2026-06-29T17:15:00+00:00,Running,1,2150.4,10.55,4.64,60.18,45.75,Pump A Running
2026-06-29T17:30:00+00:00,Running,1,2166.2,10.53,4.87,63.22,45.81,Pump A Running
2026-06-29T17:45:00+00:00,Running,1,2317.2,10.62,4.84,63.0,45.97,Pump A Running
2026-06-29T18:00:00+00:00,Running,1,2212.4,10.58,4.85,63.6,46.49,Pump A Running
2026-06-29T18:15:00+00:00,Running,1,2265.6,10.6,4.78,61.13,46.29,Pump A Running
2026-06-29T18:30:00+00:00,Running,1,2137.6,10.68,4.7,62.66,45.38,Pump A Running
2026-06-29T18:45:00+00:00,Running,1,2316.4,10.59,4.8,62.66,46.53,Pump A Running
2026-06-29T19:00:00+00:00,Running,1,2066.5,10.64,4.87,63.08,45.5,Pump A Running
2026-06-29T19:15:00+00:00,Running,1,2152.7,10.64,4.89,63.62,46.61,Pump A Running
2026-06-29T19:30:00+00:00,Running,1,2153.4,10.69,4.76,63.24,45.86,Pump A Running
2026-06-29T19:45:00+00:00,Running,1,2208.0,10.58,4.81,63.98,45.6,Pump A Running
2026-06-29T20:00:00+00:00,Running,1,2066.9,10.56,4.69,60.52,46.58,Pump A Running
2026-06-29T20:15:00+00:00,Running,1,2140.2,10.57,4.81,61.19,45.12,Pump A Running
2026-06-29T20:30:00+00:00,Running,1,2456.0,10.51,4.8,63.55,46.79,Pump A Running
2026-06-29T20:45:00+00:00,Running,1,2072.7,10.65,4.88,63.05,45.48,Pump A Running
2026-06-29T21:00:00+00:00,Running,1,2346.1,10.49,4.94,62.11,45.45,Pump A Running
2026-06-29T21:15:00+00:00,Running,1,2129.4,10.62,4.85,63.25,46.4,Pump A Running
2026-06-29T21:30:00+00:00,Running,1,2087.6,10.53,4.94,63.01,45.38,Pump A Running
2026-06-29T21:45:00+00:00,Running,1,2101.1,10.63,4.94,61.92,45.44,Pump A Running
2026-06-29T22:00:00+00:00,Running,1,2073.6,10.62,4.78,61.51,46.16,Pump A Running
2026-06-29T22:15:00+00:00,Running,1,2112.5,10.69,4.83,61.32,46.26,Pump A Running
2026-06-29T22:30:00+00:00,Running,1,2044.1,10.62,4.74,62.06,45.91,Pump A Running
2026-06-29T22:45:00+00:00,Running,1,2155.3,10.62,4.81,60.12,45.72,Pump A Running
2026-06-29T23:00:00+00:00,Running,1,2223.8,10.63,4.85,61.12,45.48,Pump A Running
2026-06-29T23:15:00+00:00,Running,1,1993.5,10.47,4.75,63.64,45.73,Pump A Running
2026-06-29T23:30:00+00:00,Running,1,1880.0,10.53,4.68,62.41,45.94,Pump A Running
2026-06-29T23:45:00+00:00,Running,1,2209.0,10.58,4.76,63.16,45.87,Pump A Running
2026-06-30T00:00:00+00:00,Running,1,2191.1,10.67,4.92,63.38,46.21,Pump A Running
2026-06-30T00:15:00+00:00,Running,1,2259.9,10.48,4.77,61.05,46.55,Pump A Running
2026-06-30T00:30:00+00:00,Running,1,2259.2,10.66,4.87,62.15,46.52,Pump A Running
2026-06-30T00:45:00+00:00,Running,1,2027.1,10.58,4.88,62.38,46.4,Pump A Running
2026-06-30T01:00:00+00:00,Running,1,2232.2,10.56,4.9,62.1,46.3,Pump A Running
2026-06-30T01:15:00+00:00,Running,1,2252.0,10.58,4.9,63.54,46.23,Pump A Running
2026-06-30T01:30:00+00:00,Running,1,2013.5,10.58,4.84,61.29,45.86,Pump A Running
2026-06-30T01:45:00+00:00,Running,1,2255.8,10.67,4.65,62.99,46.13,Pump A Running
2026-06-30T02:00:00+00:00,Stopped,0,0.0,0.0,0.12,0.0,28.9,Pumps Stopped
2026-06-30T02:15:00+00:00,Stopped,0,0.0,0.0,0.09,0.0,28.81,Pumps Stopped
2026-06-30T02:30:00+00:00,Stopped,0,0.0,0.0,0.12,0.0,29.46,Pumps Stopped
2026-06-30T02:45:00+00:00,Stopped,0,0.0,0.0,0.06,0.0,29.19,Pumps Stopped
2026-06-30T03:00:00+00:00,Stopped,0,0.0,0.0,0.13,0.0,29.36,Pumps Stopped
2026-06-30T03:15:00+00:00,Stopped,0,0.0,0.0,0.13,0.0,29.16,Pumps Stopped
2026-06-30T03:30:00+00:00,Running,1,2137.8,10.58,4.86,60.62,46.15,Pump A Running
2026-06-30T03:45:00+00:00,Running,1,1965.6,10.64,4.79,61.22,45.53,Pump A Running
2026-06-30T04:00:00+00:00,Running,1,2275.7,10.53,4.79,61.17,46.31,Pump A Running
2026-06-30T04:15:00+00:00,Running,1,2154.4,10.57,4.82,63.98,44.94,Pump A Running
2026-06-30T04:30:00+00:00,Running,1,2061.2,10.64,4.71,61.52,46.92,Pump A Running
2026-06-30T04:45:00+00:00,Running,1,2269.1,10.62,4.9,62.65,46.97,Pump A Running
2026-06-30T05:00:00+00:00,Running,1,2324.0,10.57,4.78,61.79,45.87,Pump A Running
2026-06-30T05:15:00+00:00,Running,1,2248.4,10.58,4.86,61.52,45.66,Pump A Running
2026-06-30T05:30:00+00:00,Running,1,2077.6,10.64,5.07,63.03,47.11,Pump A Running
2026-06-30T05:45:00+00:00,Running,1,2246.0,10.51,4.88,61.79,46.66,Pump A Running
2026-06-30T06:00:00+00:00,Running,1,2175.2,10.52,4.7,62.47,45.87,Pump A Running
2026-06-30T06:15:00+00:00,Running,1,2315.9,10.51,4.85,61.69,45.35,Pump A Running
2026-06-30T06:30:00+00:00,Running,1,2191.1,10.64,5.03,61.94,46.19,Pump A Running
2026-06-30T06:45:00+00:00,Running,1,2346.9,10.57,4.85,62.78,45.2,Pump A Running
2026-06-30T07:00:00+00:00,Running,1,2164.4,10.5,4.93,62.16,46.5,Pump A Running
2026-06-30T07:15:00+00:00,Running,1,2232.6,10.6,4.82,62.95,45.34,Pump A Running
2026-06-30T07:30:00+00:00,Running,1,2207.8,10.67,4.85,61.4,45.31,Pump A Running
2026-06-30T07:45:00+00:00,Running,1,2291.9,10.59,4.81,63.05,46.01,Pump A Running
2026-06-30T08:00:00+00:00,Running,1,2288.0,10.52,4.8,61.17,46.42,Pump A Running
2026-06-30T08:15:00+00:00,Running,1,2281.7,10.41,4.89,62.56,45.68,Pump A Running
2026-06-30T08:30:00+00:00,Running,1,2424.2,10.45,4.72,62.55,45.93,Pump A Running
2026-06-30T08:45:00+00:00,Running,1,2276.0,10.64,4.9,60.87,46.17,Pump A Running
2026-06-30T09:00:00+00:00,Running,1,2253.5,10.63,4.79,61.28,46.09,Pump A Running
2026-06-30T09:15:00+00:00,Running,1,2277.4,10.58,4.84,60.52,46.02,Pump A Running
2026-06-30T09:30:00+00:00,Running,1,2319.4,10.52,4.88,60.37,45.95,Pump A Running
2026-06-30T09:45:00+00:00,Running,1,2282.3,10.61,4.77,62.81,45.63,Pump A Running
2026-06-30T10:00:00+00:00,Running,1,2209.9,10.71,5.06,63.44,46.04,Pump A Running
2026-06-30T10:15:00+00:00,Running,1,2326.1,10.62,4.82,61.61,46.33,Pump A Running
2026-06-30T10:30:00+00:00,Running,1,2189.9,10.67,4.73,61.48,45.81,Pump A Running
2026-06-30T10:45:00+00:00,Running,1,2435.6,10.64,4.86,62.6,46.17,Pump A Running
2026-06-30T11:00:00+00:00,Running,1,2329.6,10.6,5.04,62.84,45.32,Pump A Running
2026-06-30T11:15:00+00:00,Running,1,2249.7,10.5,4.75,60.37,45.81,Pump A Running
2026-06-30T11:30:00+00:00,Running,1,2283.9,10.61,4.73,61.98,45.41,Pump A Running
2026-06-30T11:45:00+00:00,Running,1,2161.8,10.62,4.85,63.5,45.69,Pump A Running
2026-06-30T12:00:00+00:00,Running,1,2287.7,10.47,4.89,61.73,45.83,Pump A Running
2026-06-30T12:15:00+00:00,Running,1,2305.0,10.57,4.93,62.82,46.1,Pump A Running
2026-06-30T12:30:00+00:00,Running,1,2417.7,10.52,5.0,62.47,46.24,Pump A Running
2026-06-30T12:45:00+00:00,Running,1,2401.5,10.61,4.81,61.93,46.48,Pump A Running
2026-06-30T13:00:00+00:00,Running,1,2453.3,10.6,4.68,61.88,46.13,Pump A Running
2026-06-30T13:15:00+00:00,Running,1,2190.7,10.57,4.87,62.84,45.67,Pump A Running
2026-06-30T13:30:00+00:00,Running,1,2546.3,10.61,4.7,61.46,45.44,Pump A Running
2026-06-30T13:45:00+00:00,Running,1,2173.0,10.56,4.92,61.54,45.89,Pump A Running
2026-06-30T14:00:00+00:00,Running,1,2482.5,10.47,5.0,61.21,46.26,Pump A Running
2026-06-30T14:15:00+00:00,Running,1,2486.0,10.54,4.93,63.33,45.96,Pump A Running
2026-06-30T14:30:00+00:00,Running,1,2474.7,10.7,4.83,62.65,45.09,Pump A Running
2026-06-30T14:45:00+00:00,Running,1,2255.4,10.6,4.95,62.12,46.56,Pump A Running
2026-06-30T15:00:00+00:00,Running,1,2158.8,10.53,4.81,59.68,46.02,Pump A Running
2026-06-30T15:15:00+00:00,Running,1,2282.5,10.59,4.81,63.24,45.71,Pump A Running
2026-06-30T15:30:00+00:00,Running,1,2355.9,10.54,4.69,59.92,45.51,Pump A Running
2026-06-30T15:45:00+00:00,Running,1,2472.8,10.61,4.84,65.38,46.56,Pump A Running
2026-06-30T16:00:00+00:00,Running,1,2307.6,10.62,4.67,62.59,45.45,Pump A Running
2026-06-30T16:15:00+00:00,Running,1,2197.2,10.66,4.93,63.98,46.27,Pump A Running
2026-06-30T16:30:00+00:00,Running,1,2396.7,10.64,4.82,60.1,45.91,Pump A Running
2026-06-30T16:45:00+00:00,Running,1,2294.5,10.74,4.86,61.79,45.67,Pump A Running
2026-06-30T17:00:00+00:00,Running,1,2459.8,10.5,4.81,61.83,46.25,Pump A Running
2026-06-30T17:15:00+00:00,Running,1,2531.3,10.65,4.83,61.66,45.89,Pump A Running
2026-06-30T17:30:00+00:00,Running,1,2301.0,10.64,4.95,60.77,44.87,Pump A Running
2026-06-30T17:45:00+00:00,Running,1,2355.9,10.53,4.94,61.38,46.53,Pump A Running
2026-06-30T18:00:00+00:00,Running,1,2366.6,10.52,4.76,62.35,46.82,Pump A Running
2026-06-30T18:15:00+00:00,Running,1,2451.3,10.48,4.77,61.4,45.85,Pump A Running
2026-06-30T18:30:00+00:00,Running,1,2566.8,10.52,4.98,64.64,46.4,Pump A Running
2026-06-30T18:45:00+00:00,Running,1,2274.2,10.58,4.86,60.8,45.42,Pump A Running
2026-06-30T19:00:00+00:00,Running,1,2424.8,10.6,4.92,62.5,45.53,Pump A Running
2026-06-30T19:15:00+00:00,Running,1,2300.9,10.56,4.83,61.92,46.63,Pump A Running
2026-06-30T19:30:00+00:00,Running,1,2297.5,10.69,4.81,60.54,45.86,Pump A Running
2026-06-30T19:45:00+00:00,Running,1,2369.5,10.6,4.75,62.66,45.65,Pump A Running
2026-06-30T20:00:00+00:00,Running,1,2590.1,10.69,4.93,60.16,45.27,Pump A Running
2026-06-30T20:15:00+00:00,Running,1,2478.6,10.63,5.1,61.1,45.18,Pump A Running
2026-06-30T20:30:00+00:00,Running,1,2485.7,10.51,4.94,62.3,46.68,Pump A Running
2026-06-30T20:45:00+00:00,Running,1,2498.0,10.58,4.9,60.71,46.87,Pump A Running
2026-06-30T21:00:00+00:00,Running,1,2636.2,10.66,4.8,60.78,46.33,Pump A Running
2026-06-30T21:15:00+00:00,Running,1,2489.6,10.6,4.83,63.59,45.44,Pump A Running
2026-06-30T21:30:00+00:00,Running,1,2544.9,10.64,5.02,61.05,46.2,Pump A Running
2026-06-30T21:45:00+00:00,Running,1,2430.5,10.6,4.82,62.38,45.95,Pump A Running
2026-06-30T22:00:00+00:00,Running,1,2452.8,10.69,4.84,62.07,46.12,Pump A Running
2026-06-30T22:15:00+00:00,Running,1,2504.8,10.71,4.87,62.02,46.79,Pump A Running
2026-06-30T22:30:00+00:00,Running,1,2538.1,10.49,4.82,62.75,46.02,Pump A Running
2026-06-30T22:45:00+00:00,Running,1,2530.7,10.62,4.91,63.39,46.23,Pump A Running
2026-06-30T23:00:00+00:00,Running,1,2480.1,10.44,4.77,62.78,46.42,Pump A Running
2026-06-30T23:15:00+00:00,Running,1,2506.0,10.59,4.8,61.13,45.78,Pump A Running
2026-06-30T23:30:00+00:00,Running,1,2584.7,10.6,4.93,62.77,45.39,Pump A Running
2026-06-30T23:45:00+00:00,Running,1,2449.7,10.55,4.82,60.62,45.81,Pump A Running
2026-07-01T00:00:00+00:00,Running,1,2636.6,10.61,4.82,61.74,46.29,Pump A Running
2026-07-01T00:15:00+00:00,Running,1,2475.2,10.49,4.91,58.72,46.49,Pump A Running
2026-07-01T00:30:00+00:00,Running,1,2438.5,10.56,4.74,61.53,45.95,Pump A Running
2026-07-01T00:45:00+00:00,Running,1,2632.5,10.62,4.93,61.72,46.43,Pump A Running
2026-07-01T01:00:00+00:00,Running,1,2643.5,10.39,4.77,63.01,46.1,Pump A Running
2026-07-01T01:15:00+00:00,Running,1,2598.2,10.69,4.86,61.38,46.19,Pump A Running
2026-07-01T01:30:00+00:00,Running,1,2646.7,10.56,4.86,61.39,46.11,Pump A Running
2026-07-01T01:45:00+00:00,Running,1,2498.6,10.52,4.91,63.31,46.14,Pump A Running
2026-07-01T02:00:00+00:00,Stopped,0,0.0,0.0,0.1,0.0,29.28,Pumps Stopped
2026-07-01T02:15:00+00:00,Stopped,0,0.0,0.0,0.15,0.0,28.86,Pumps Stopped
2026-07-01T02:30:00+00:00,Stopped,0,0.0,0.0,0.09,0.0,29.09,Pumps Stopped
2026-07-01T02:45:00+00:00,Stopped,0,0.0,0.0,0.13,0.0,29.33,Pumps Stopped
2026-07-01T03:00:00+00:00,Stopped,0,0.0,0.0,0.14,0.0,29.28,Pumps Stopped
2026-07-01T03:15:00+00:00,Stopped,0,0.0,0.0,0.08,0.0,28.89,Pumps Stopped
2026-07-01T03:30:00+00:00,Running,1,2812.1,10.55,4.71,63.55,46.19,Pump A Running
2026-07-01T03:45:00+00:00,Running,1,2585.0,10.61,4.93,60.99,45.54,Pump A Running
2026-07-01T04:00:00+00:00,Running,1,2669.3,10.63,4.92,59.35,45.73,Pump A Running
2026-07-01T04:15:00+00:00,Running,1,2500.4,10.59,4.95,61.03,46.75,Pump A Running
2026-07-01T04:30:00+00:00,Running,1,2588.6,10.58,4.77,60.4,45.9,Pump A Running
2026-07-01T04:45:00+00:00,Running,1,2679.5,10.68,4.76,61.01,46.11,Pump A Running
2026-07-01T05:00:00+00:00,Running,1,2718.8,10.51,4.96,62.96,45.18,Pump A Running
2026-07-01T05:15:00+00:00,Running,1,2682.4,10.66,4.94,62.46,46.77,Pump A Running
2026-07-01T05:30:00+00:00,Running,1,2658.4,10.71,4.81,60.43,46.06,Pump A Running
2026-07-01T05:45:00+00:00,Running,1,2684.9,10.63,4.93,62.14,45.28,Pump A Running
2026-07-01T06:00:00+00:00,Running,1,2628.3,10.5,4.84,63.58,45.75,Pump A Running
2026-07-01T06:15:00+00:00,Running,1,2706.0,10.6,4.78,61.05,46.46,Pump A Running
2026-07-01T06:30:00+00:00,Running,1,2603.7,10.64,4.93,63.41,45.91,Pump A Running
2026-07-01T06:45:00+00:00,Running,1,2827.9,10.59,4.76,60.14,45.99,Pump A Running
2026-07-01T07:00:00+00:00,Running,1,2771.6,10.57,4.91,59.88,46.28,Pump A Running
2026-07-01T07:15:00+00:00,Running,1,2694.5,10.7,4.78,60.57,45.56,Pump A Running
2026-07-01T07:30:00+00:00,Running,1,2706.3,10.52,4.92,60.7,45.67,Pump A Running
2026-07-01T07:45:00+00:00,Running,1,2700.5,10.46,4.67,61.55,46.17,Pump A Running
2026-07-01T08:00:00+00:00,Running,1,2647.0,10.61,4.67,64.18,45.66,Pump A Running
2026-07-01T08:15:00+00:00,Running,1,2767.3,10.62,4.85,60.93,45.69,Pump A Running
2026-07-01T08:30:00+00:00,Running,1,2667.5,10.68,4.82,61.32,45.6,Pump A Running
2026-07-01T08:45:00+00:00,Running,1,2684.4,10.61,4.89,61.84,45.52,Pump A Running
2026-07-01T09:00:00+00:00,Running,1,2914.5,10.55,4.89,63.41,46.21,Pump A Running
2026-07-01T09:15:00+00:00,Running,1,2786.8,10.53,4.8,61.96,46.26,Pump A Running
2026-07-01T09:30:00+00:00,Running,1,2440.6,10.58,4.92,62.03,46.41,Pump A Running
2026-07-01T09:45:00+00:00,Running,1,2729.1,10.52,4.83,61.14,45.97,Pump A Running
2026-07-01T10:00:00+00:00,Running,1,2849.3,10.71,4.8,61.31,46.46,Pump A Running
2026-07-01T10:15:00+00:00,Running,1,2672.5,10.5,4.8,63.73,46.61,Pump A Running
2026-07-01T10:30:00+00:00,Running,1,2864.2,10.53,4.93,61.32,45.78,Pump A Running
2026-07-01T10:45:00+00:00,Running,1,2758.7,10.62,4.87,63.88,45.59,Pump A Running
2026-07-01T11:00:00+00:00,Running,1,2692.0,10.59,4.83,60.91,46.59,Pump A Running
2026-07-01T11:15:00+00:00,Running,1,2934.9,10.52,4.97,61.57,46.13,Pump A Running
2026-07-01T11:30:00+00:00,Running,1,2756.6,10.6,5.01,61.29,45.66,Pump A Running
2026-07-01T11:45:00+00:00,Running,1,2623.0,10.68,4.93,63.09,45.94,Pump A Running
2026-07-01T12:00:00+00:00,Running,1,2592.2,10.5,4.85,62.43,45.84,Pump A Running
2026-07-01T12:15:00+00:00,Running,1,2651.3,10.64,4.79,60.53,45.09,Pump A Running
2026-07-01T12:30:00+00:00,Running,1,2838.9,10.56,4.83,61.35,46.42,Pump A Running
2026-07-01T12:45:00+00:00,Running,1,2610.4,10.64,4.76,62.05,46.44,Pump A Running
2026-07-01T13:00:00+00:00,Running,1,2574.5,10.55,4.79,62.81,45.75,Pump A Running
2026-07-01T13:15:00+00:00,Running,1,2663.5,10.53,4.83,61.83,44.91,Pump A Running
2026-07-01T13:30:00+00:00,Running,1,2867.8,10.5,4.82,62.89,46.16,Pump A Running
2026-07-01T13:45:00+00:00,Running,1,2851.1,10.52,4.82,62.1,45.77,Pump A Running
2026-07-01T14:00:00+00:00,Running,1,2641.8,10.71,4.72,62.9,45.31,Pump A Running
2026-07-01T14:15:00+00:00,Running,1,2828.8,10.58,4.76,61.28,45.78,Pump A Running
2026-07-01T14:30:00+00:00,Running,1,2646.0,10.56,4.91,63.03,44.92,Pump A Running
2026-07-01T14:45:00+00:00,Running,1,2703.1,10.64,4.8,61.8,47.5,Pump A Running
2026-07-01T15:00:00+00:00,Running,1,2634.4,10.57,4.88,60.74,45.9,Pump A Running
2026-07-01T15:15:00+00:00,Running,1,2594.2,10.49,5.01,63.0,45.75,Pump A Running
2026-07-01T15:30:00+00:00,Running,1,2720.3,10.49,4.83,62.54,46.92,Pump A Running
2026-07-01T15:45:00+00:00,Running,1,2687.4,10.51,4.75,63.36,45.99,Pump A Running
2026-07-01T16:00:00+00:00,Running,1,2657.9,10.55,5.09,62.4,46.25,Pump A Running
2026-07-01T16:15:00+00:00,Running,1,2787.2,10.62,4.93,60.04,46.07,Pump A Running
2026-07-01T16:30:00+00:00,Running,1,2656.6,10.61,4.93,61.57,45.86,Pump A Running
2026-07-01T16:45:00+00:00,Running,1,2871.4,10.6,4.71,60.01,46.24,Pump A Running
2026-07-01T17:00:00+00:00,Running,1,2741.9,10.5,4.72,60.54,45.94,Pump A Running
2026-07-01T17:15:00+00:00,Running,1,2895.5,10.53,5.0,62.2,46.37,Pump A Running
2026-07-01T17:30:00+00:00,Running,1,2755.4,10.49,4.88,60.86,47.01,Pump A Running
2026-07-01T17:45:00+00:00,Running,1,2715.2,10.57,4.84,62.64,46.13,Pump A Running
2026-07-01T18:00:00+00:00,Running,1,2504.7,10.53,4.93,63.26,46.57,Pump A Running
2026-07-01T18:15:00+00:00,Running,1,2639.9,10.59,4.88,62.96,45.96,Pump A Running
2026-07-01T18:30:00+00:00,Running,1,2774.0,10.61,4.78,61.27,46.43,Pump A Running
2026-07-01T18:45:00+00:00,Running,1,2646.1,10.64,4.89,64.1,45.98,Pump A Running
2026-07-01T19:00:00+00:00,Running,1,2690.1,10.7,4.78,61.4,46.08,Pump A Running
2026-07-01T19:15:00+00:00,Running,1,2781.7,10.6,4.77,62.86,46.11,Pump A Running
2026-07-01T19:30:00+00:00,Running,1,2563.6,10.58,4.96,64.24,45.57,Pump A Running
2026-07-01T19:45:00+00:00,Running,1,2773.9,10.46,4.88,62.13,46.56,Pump A Running
2026-07-01T20:00:00+00:00,Running,1,2744.2,10.53,5.02,61.55,45.59,Pump A Running
2026-07-01T20:15:00+00:00,Running,1,2752.2,10.56,4.88,62.17,46.41,Pump A Running
2026-07-01T20:30:00+00:00,Running,1,2821.5,10.66,4.73,63.54,46.26,Pump A Running
2026-07-01T20:45:00+00:00,Running,1,2620.3,10.65,4.91,63.15,46.66,Pump A Running
2026-07-01T21:00:00+00:00,Running,1,2606.8,10.66,4.77,60.59,46.32,Pump A Running
2026-07-01T21:15:00+00:00,Running,1,2869.3,10.59,5.01,62.02,45.74,Pump A Running
2026-07-01T21:30:00+00:00,Running,1,2641.8,10.6,4.8,62.47,44.8,Pump A Running
2026-07-01T21:45:00+00:00,Running,1,2678.9,10.51,4.62,62.88,46.28,Pump A Running
2026-07-01T22:00:00+00:00,Running,1,2643.5,10.53,4.78,61.11,45.72,Pump A Running
2026-07-01T22:15:00+00:00,Running,1,2665.5,10.63,4.84,63.63,45.78,Pump A Running
2026-07-01T22:30:00+00:00,Running,1,2793.5,10.61,4.92,61.8,46.85,Pump A Running
2026-07-01T22:45:00+00:00,Running,1,2585.7,10.6,4.94,61.67,45.85,Pump A Running
2026-07-01T23:00:00+00:00,Running,1,2652.5,10.56,4.83,61.8,45.38,Pump A Running
2026-07-01T23:15:00+00:00,Running,1,2719.3,10.68,4.99,62.34,46.3,Pump A Running
2026-07-01T23:30:00+00:00,Running,1,2576.7,10.61,4.98,62.65,45.32,Pump A Running
2026-07-01T23:45:00+00:00,Running,1,2705.2,10.57,4.7,61.3,46.07,Pump A Running
2026-07-02T00:00:00+00:00,Running,1,2779.8,10.59,4.92,60.38,46.81,Pump A Running
2026-07-02T00:15:00+00:00,Running,1,2651.9,10.68,4.78,61.37,45.56,Pump A Running
2026-07-02T00:30:00+00:00,Running,1,2660.7,10.7,4.94,60.41,46.17,Pump A Running
2026-07-02T00:45:00+00:00,Running,1,2712.3,10.58,4.99,59.77,46.53,Pump A Running
2026-07-02T01:00:00+00:00,Running,1,2680.5,10.69,4.84,63.79,46.54,Pump A Running
2026-07-02T01:15:00+00:00,Running,1,2649.0,10.6,4.94,61.66,46.36,Pump A Running
2026-07-02T01:30:00+00:00,Running,1,2699.8,10.55,4.91,62.22,46.32,Pump A Running
2026-07-02T01:45:00+00:00,Running,1,2610.6,10.62,4.89,62.85,45.64,Pump A Running
2026-07-02T02:00:00+00:00,Stopped,0,0.0,0.0,0.13,0.0,28.97,Pumps Stopped
2026-07-02T02:15:00+00:00,Stopped,0,0.0,0.0,0.09,0.0,29.06,Pumps Stopped
2026-07-02T02:30:00+00:00,Stopped,0,0.0,0.0,0.12,0.0,29.14,Pumps Stopped
2026-07-02T02:45:00+00:00,Stopped,0,0.0,0.0,0.14,0.0,28.88,Pumps Stopped
2026-07-02T03:00:00+00:00,Stopped,0,0.0,0.0,0.12,0.0,29.09,Pumps Stopped
2026-07-02T03:15:00+00:00,Stopped,0,0.0,0.0,0.08,0.0,29.06,Pumps Stopped
2026-07-02T03:30:00+00:00,Running,1,2548.7,10.6,4.98,62.79,46.06,Pump A Running
2026-07-02T03:45:00+00:00,Running,1,2683.0,10.66,4.77,61.49,46.25,Pump A Running
2026-07-02T04:00:00+00:00,Running,1,2578.6,10.57,4.87,61.18,46.14,Pump A Running
2026-07-02T04:15:00+00:00,Running,1,2593.4,10.52,4.98,62.51,46.58,Pump A Running
2026-07-02T04:30:00+00:00,Running,1,2687.5,10.53,4.86,62.15,45.84,Pump A Running
2026-07-02T04:45:00+00:00,Running,1,2814.9,10.71,4.89,60.93,45.64,Pump A Running
2026-07-02T05:00:00+00:00,Running,1,2616.6,10.58,4.9,62.55,46.19,Pump A Running
2026-07-02T05:15:00+00:00,Running,1,2503.3,10.59,4.83,60.77,46.25,Pump A Running
2026-07-02T05:30:00+00:00,Running,1,2569.9,10.67,4.61,60.53,45.87,Pump A Running
2026-07-02T05:45:00+00:00,Running,1,2550.4,10.63,4.73,61.91,46.74,Pump A Running
2026-07-02T06:00:00+00:00,Running,1,2564.2,10.6,4.99,63.62,45.79,Pump A Running
2026-07-02T06:15:00+00:00,Running,1,2549.8,10.66,4.83,60.67,45.27,Pump A Running
2026-07-02T06:30:00+00:00,Running,1,2625.9,10.55,4.89,62.8,45.96,Pump A Running
2026-07-02T06:45:00+00:00,Running,1,2573.6,10.58,4.9,61.64,46.21,Pump A Running
2026-07-02T07:00:00+00:00,Running,1,2540.7,10.66,4.96,62.67,45.61,Pump A Running
2026-07-02T07:15:00+00:00,Running,1,2519.3,10.72,5.01,59.61,46.18,Pump A Running
2026-07-02T07:30:00+00:00,Running,1,2619.3,10.63,4.81,63.2,46.09,Pump A Running
2026-07-02T07:45:00+00:00,Running,1,2610.3,10.54,4.82,61.48,46.11,Pump A Running
2026-07-02T08:00:00+00:00,Running,1,2486.5,10.52,4.66,61.19,45.39,Pump A Running
2026-07-02T08:15:00+00:00,Running,1,2720.4,10.65,4.82,62.79,45.3,Pump A Running
2026-07-02T08:30:00+00:00,Running,1,2612.7,10.72,4.8,62.54,45.8,Pump A Running
2026-07-02T08:45:00+00:00,Running,1,2677.7,10.65,4.78,62.19,45.69,Pump A Running
2026-07-02T09:00:00+00:00,Running,1,2565.1,10.55,4.91,62.51,46.31,Pump A Running
2026-07-02T09:15:00+00:00,Running,1,2620.8,10.61,4.7,62.19,45.88,Pump A Running
2026-07-02T09:30:00+00:00,Running,1,2554.7,10.57,5.0,61.57,46.23,Pump A Running
2026-07-02T09:45:00+00:00,Running,1,2436.8,10.61,4.81,63.54,46.48,Pump A Running
2026-07-02T10:00:00+00:00,Running,1,2582.7,10.66,4.89,62.16,45.97,Pump A Running
2026-07-02T10:15:00+00:00,Running,1,2418.2,10.64,4.92,64.32,46.38,Pump A Running
2026-07-02T10:30:00+00:00,Running,1,2610.2,10.65,4.85,61.3,46.24,Pump A Running
2026-07-02T10:45:00+00:00,Running,1,2577.6,10.67,4.87,60.73,46.32,Pump A Running
2026-07-02T11:00:00+00:00,Running,1,2366.3,10.58,4.82,62.68,45.89,Pump A Running
2026-07-02T11:15:00+00:00,Running,1,2550.3,10.64,4.84,63.7,46.77,Pump A Running
2026-07-02T11:30:00+00:00,Running,1,2410.1,10.6,4.9,63.99,46.71,Pump A Running
2026-07-02T11:45:00+00:00,Running,1,2633.2,10.38,5.03,59.55,45.88,Pump A Running
2026-07-02T12:00:00+00:00,Running,1,2588.1,10.52,4.92,61.71,45.57,Pump A Running
2026-07-02T12:15:00+00:00,Running,1,2397.6,10.59,4.89,62.37,45.92,Pump A Running
2026-07-02T12:30:00+00:00,Running,1,2413.8,10.54,4.88,61.81,45.87,Pump A Running
2026-07-02T12:45:00+00:00,Running,1,2306.4,10.56,4.83,63.42,46.33,Pump A Running
2026-07-02T13:00:00+00:00,Running,1,2490.4,10.58,4.8,61.59,46.54,Pump A Running
2026-07-02T13:15:00+00:00,Running,1,2385.9,10.66,4.92,59.09,46.28,Pump A Running
2026-07-02T13:30:00+00:00,Running,1,2422.1,10.7,4.89,60.5,45.74,Pump A Running
2026-07-02T13:45:00+00:00,Running,1,2505.9,10.58,4.87,60.92,46.48,Pump A Running
2026-07-02T14:00:00+00:00,Running,1,2494.3,10.64,4.64,61.02,45.49,Pump A Running
2026-07-02T14:15:00+00:00,Running,1,2362.6,10.57,4.86,63.07,46.69,Pump A Running
2026-07-02T14:30:00+00:00,Running,1,2325.8,10.54,4.82,61.22,46.12,Pump A Running
2026-07-02T14:45:00+00:00,Running,1,2336.7,10.55,4.8,61.65,45.96,Pump A Running
2026-07-02T15:00:00+00:00,Running,1,2299.3,10.56,4.92,62.75,46.28,Pump A Running
2026-07-02T15:15:00+00:00,Running,1,2351.2,10.58,4.89,60.71,45.7,Pump A Running
2026-07-02T15:30:00+00:00,Running,1,2465.9,10.63,4.86,61.07,46.18,Pump A Running
2026-07-02T15:45:00+00:00,Running,1,2318.4,10.75,4.83,60.67,46.9,Pump A Running
2026-07-02T16:00:00+00:00,Running,1,2408.2,10.59,4.97,62.11,45.75,Pump A Running
2026-07-02T16:15:00+00:00,Running,1,2356.3,10.51,4.88,63.26,45.5,Pump A Running
2026-07-02T16:30:00+00:00,Running,1,2499.4,10.71,4.83,62.37,45.95,Pump A Running
2026-07-02T16:45:00+00:00,Running,1,2294.3,10.5,4.69,62.52,46.51,Pump A Running
2026-07-02T17:00:00+00:00,Running,1,2374.6,10.56,4.69,62.4,45.45,Pump A Running
2026-07-02T17:15:00+00:00,Running,1,2301.4,10.5,4.81,61.52,46.35,Pump A Running
2026-07-02T17:30:00+00:00,Running,1,2384.6,10.44,4.75,63.4,45.74,Pump A Running
2026-07-02T17:45:00+00:00,Running,1,2335.6,10.65,4.94,62.79,46.25,Pump A Running
2026-07-02T18:00:00+00:00,Running,1,2429.7,10.74,4.9,61.06,45.91,Pump A Running
2026-07-02T18:15:00+00:00,Running,1,2473.9,10.62,4.82,62.49,45.82,Pump A Running
2026-07-02T18:30:00+00:00,Running,1,2385.6,10.54,4.75,63.42,46.19,Pump A Running
2026-07-02T18:45:00+00:00,Running,1,2370.9,10.62,4.84,62.01,46.33,Pump A Running
2026-07-02T19:00:00+00:00,Running,1,2430.8,10.76,4.85,62.68,45.99,Pump A Running
2026-07-02T19:15:00+00:00,Running,1,2286.5,10.58,4.88,62.56,46.02,Pump A Running
2026-07-02T19:30:00+00:00,Running,1,2285.7,10.57,4.84,58.2,46.05,Pump A Running
2026-07-02T19:45:00+00:00,Running,1,2320.4,10.59,4.89,61.67,46.39,Pump A Running
2026-07-02T20:00:00+00:00,Running,1,2179.4,10.57,4.73,61.52,46.13,Pump A Running
2026-07-02T20:15:00+00:00,Running,1,2123.6,10.56,4.97,57.83,45.1,Pump A Running
2026-07-02T20:30:00+00:00,Running,1,2266.4,10.49,4.85,61.97,46.85,Pump A Running
2026-07-02T20:45:00+00:00,Running,1,2220.8,10.54,4.81,62.97,46.26,Pump A Running
2026-07-02T21:00:00+00:00,Running,1,2359.7,10.66,4.77,60.92,46.06,Pump A Running
2026-07-02T21:15:00+00:00,Running,1,2339.3,10.55,4.84,63.4,46.1,Pump A Running
2026-07-02T21:30:00+00:00,Running,1,2308.0,10.6,4.84,62.07,46.5,Pump A Running
2026-07-02T21:45:00+00:00,Running,1,2251.3,10.71,4.65,62.98,46.2,Pump A Running
2026-07-02T22:00:00+00:00,Running,1,2236.1,10.67,4.76,59.47,46.24,Pump A Running
2026-07-02T22:15:00+00:00,Running,1,2363.9,10.56,4.87,61.5,46.47,Pump A Running
2026-07-02T22:30:00+00:00,Running,1,2162.8,10.66,4.9,63.22,45.96,Pump A Running
2026-07-02T22:45:00+00:00,Running,1,2272.7,10.59,5.0,61.89,45.13,Pump A Running
2026-07-02T23:00:00+00:00,Running,1,2276.7,10.53,4.84,61.65,45.79,Pump A Running
2026-07-02T23:15:00+00:00,Running,1,2183.3,10.66,4.86,61.77,46.0,Pump A Running
2026-07-02T23:30:00+00:00,Running,1,2280.8,10.59,4.8,63.07,46.6,Pump A Running
2026-07-02T23:45:00+00:00,Running,1,2356.3,10.64,4.76,61.13,46.16,Pump A Running
2026-07-03T00:00:00+00:00,Running,1,2186.5,10.56,4.89,62.91,46.04,Pump A Running
2026-07-03T00:15:00+00:00,Running,1,2278.4,10.65,4.81,63.48,45.4,Pump A Running
2026-07-03T00:30:00+00:00,Running,1,2209.5,10.61,4.84,62.04,46.21,Pump A Running
2026-07-03T00:45:00+00:00,Running,1,2228.1,10.51,5.1,61.65,46.19,Pump A Running
2026-07-03T01:00:00+00:00,Running,1,2250.8,10.61,4.99,63.63,45.77,Pump A Running
2026-07-03T01:15:00+00:00,Running,1,2268.3,10.62,4.87,61.36,45.08,Pump A Running
2026-07-03T01:30:00+00:00,Running,1,2187.9,10.72,4.89,61.47,46.26,Pump A Running
2026-07-03T01:45:00+00:00,Running,1,2341.4,10.63,4.88,61.54,45.81,Pump A Running
2026-07-03T02:00:00+00:00,Stopped,0,0.0,0.0,0.09,0.0,28.86,Pumps Stopped
2026-07-03T02:15:00+00:00,Stopped,0,0.0,0.0,0.17,0.0,29.2,Pumps Stopped
2026-07-03T02:30:00+00:00,Stopped,0,0.0,0.0,0.13,0.0,29.16,Pumps Stopped
2026-07-03T02:45:00+00:00,Stopped,0,0.0,0.0,0.05,0.0,29.33,Pumps Stopped
2026-07-03T03:00:00+00:00,Stopped,0,0.0,0.0,0.08,0.0,27.84,Pumps Stopped
2026-07-03T03:15:00+00:00,Stopped,0,0.0,0.0,0.09,0.0,28.71,Pumps Stopped
2026-07-03T03:30:00+00:00,Running,1,2129.0,10.52,4.77,61.07,45.91,Pump A Running
2026-07-03T03:45:00+00:00,Running,1,2087.1,10.59,5.01,62.11,46.22,Pump A Running
2026-07-03T04:00:00+00:00,Running,1,2177.4,10.67,4.82,61.63,45.94,Pump A Running
2026-07-03T04:15:00+00:00,Running,1,2251.8,10.54,4.93,62.76,45.58,Pump A Running
2026-07-03T04:30:00+00:00,Running,1,2192.9,10.53,4.74,62.57,45.86,Pump A Running
2026-07-03T04:45:00+00:00,Running,1,2108.5,10.67,4.97,62.74,45.96,Pump A Running
2026-07-03T05:00:00+00:00,Running,1,2037.9,10.45,5.0,62.61,47.14,Pump A Running
2026-07-03T05:15:00+00:00,Running,1,2256.8,10.57,4.95,60.29,45.93,Pump A Running
2026-07-03T05:30:00+00:00,Running,1,2045.3,10.58,4.85,63.41,46.16,Pump A Running
2026-07-03T05:45:00+00:00,Running,1,2075.9,10.69,4.95,59.6,46.29,Pump A Running
2026-07-03T06:00:00+00:00,Running,1,2318.9,10.51,4.99,59.49,45.68,Pump A Running
2026-07-03T06:15:00+00:00,Running,1,2247.2,10.52,4.68,62.71,45.17,Pump A Running
2026-07-03T06:30:00+00:00,Running,1,2256.2,10.66,4.86,62.38,46.05,Pump A Running
2026-07-03T06:45:00+00:00,Running,1,2187.2,10.6,4.74,63.18,45.18,Pump A Running
2026-07-03T07:00:00+00:00,Running,1,2314.2,10.64,4.98,61.85,45.53,Pump A Running
2026-07-03T07:15:00+00:00,Running,1,2116.8,10.42,4.73,62.95,46.11,Pump A Running
2026-07-03T07:30:00+00:00,Running,1,2148.9,10.69,4.79,61.96,46.27,Pump A Running
2026-07-03T07:45:00+00:00,Running,1,2061.0,10.56,4.93,60.93,45.47,Pump A Running
2026-07-03T08:00:00+00:00,Running,1,2000.2,10.56,5.02,62.26,45.31,Pump A Running
2026-07-03T08:15:00+00:00,Running,1,2086.6,10.6,4.94,62.29,46.01,Pump A Running
2026-07-03T08:30:00+00:00,Running,1,2132.4,10.54,4.88,62.7,45.26,Pump A Running
2026-07-03T08:45:00+00:00,Running,1,2265.0,10.65,4.86,62.55,46.63,Pump A Running
2026-07-03T09:00:00+00:00,Running,1,2108.7,10.59,4.91,62.58,45.96,Pump A Running
2026-07-03T09:15:00+00:00,Running,1,2332.4,10.61,4.9,62.2,46.73,Pump A Running
2026-07-03T09:30:00+00:00,Running,1,2216.1,10.61,4.59,61.21,45.99,Pump A Running
2026-07-03T09:45:00+00:00,Running,1,2059.9,10.73,4.9,61.32,46.25,Pump A Running
2026-07-03T10:00:00+00:00,Running,1,2177.6,10.59,4.83,62.18,45.81,Pump A Running
2026-07-03T10:15:00+00:00,Running,1,2304.2,10.67,4.97,63.07,46.34,Pump A Running
2026-07-03T10:30:00+00:00,Running,1,2231.9,10.54,4.77,62.89,46.82,Pump A Running
2026-07-03T10:45:00+00:00,Running,1,2020.6,10.64,4.91,62.58,45.92,Pump A Running
2026-07-03T11:00:00+00:00,Running,1,2060.6,10.62,4.65,62.6,46.33,Pump A Running
2026-07-03T11:15:00+00:00,Running,1,2069.5,10.64,4.86,64.27,45.66,Pump A Running
2026-07-03T11:30:00+00:00,Running,1,2149.8,10.55,4.86,61.27,46.84,Pump A Running
2026-07-03T11:45:00+00:00,Running,1,2315.4,10.62,4.74,61.12,46.8,Pump A Running
2026-07-03T12:00:00+00:00,Running,1,2112.6,10.56,4.89,62.99,45.53,Pump A Running
2026-07-03T12:15:00+00:00,Running,1,2154.2,10.61,4.67,61.57,45.42,Pump A Running
2026-07-03T12:30:00+00:00,Running,1,2201.7,10.58,4.74,60.66,45.42,Pump A Running
2026-07-03T12:45:00+00:00,Running,1,2231.7,10.59,4.69,60.84,46.68,Pump A Running
2026-07-03T13:00:00+00:00,Running,1,2087.6,10.56,4.68,63.06,46.0,Pump A Running
2026-07-03T13:15:00+00:00,Running,1,2173.5,10.62,4.76,61.12,46.46,Pump A Running
2026-07-03T13:30:00+00:00,Running,1,2144.6,10.49,4.78,61.9,45.71,Pump A Running
2026-07-03T13:45:00+00:00,Running,1,2042.0,10.58,5.0,60.48,45.7,Pump A Running
2026-07-03T14:00:00+00:00,Running,1,2126.9,10.72,4.83,63.3,46.05,Pump A Running
2026-07-03T14:15:00+00:00,Running,1,2314.3,10.59,4.85,61.9,46.37,Pump A Running
2026-07-03T14:30:00+00:00,Running,1,2315.8,10.49,4.74,62.61,46.24,Pump A Running
2026-07-03T14:45:00+00:00,Running,1,2325.9,10.58,4.93,62.49,46.63,Pump A Running
2026-07-03T15:00:00+00:00,Running,1,2102.6,10.69,4.84,62.33,45.87,Pump A Running
2026-07-03T15:15:00+00:00,Running,1,2254.0,10.77,4.75,60.9,45.64,Pump A Running
2026-07-03T15:30:00+00:00,Running,1,2239.1,10.64,4.92,60.93,46.2,Pump A Running
2026-07-03T15:45:00+00:00,Running,1,2262.3,10.72,4.83,62.87,45.84,Pump A Running
2026-07-03T16:00:00+00:00,Running,1,2156.2,10.7,5.01,60.36,44.99,Pump A Running
2026-07-03T16:15:00+00:00,Running,1,2278.4,10.71,4.84,61.46,46.2,Pump A Running
2026-07-03T16:30:00+00:00,Running,1,2063.4,10.56,4.85,62.19,46.7,Pump A Running
2026-07-03T16:45:00+00:00,Running,1,2165.1,10.67,4.88,61.09,45.42,Pump A Running
2026-07-03T17:00:00+00:00,Running,1,2235.2,10.62,4.84,60.61,46.5,Pump A Running
2026-07-03T17:15:00+00:00,Running,1,2124.5,10.56,4.94,61.07,45.55,Pump A Running
2026-07-03T17:30:00+00:00,Running,1,2279.5,10.6,4.66,63.29,46.61,Pump A Running
2026-07-03T17:45:00+00:00,Running,1,2271.0,10.5,4.79,61.5,45.71,Pump A Running
2026-07-03T18:00:00+00:00,Running,1,2290.1,10.49,4.8,62.0,46.68,Pump A Running
2026-07-03T18:15:00+00:00,Running,1,2290.3,10.58,4.91,60.77,46.06,Pump A Running
2026-07-03T18:30:00+00:00,Running,1,2231.7,10.58,4.95,61.87,46.06,Pump A Running
2026-07-03T18:45:00+00:00,Running,1,2338.0,10.59,4.73,61.88,45.39,Pump A Running
2026-07-03T19:00:00+00:00,Running,1,2372.2,10.48,4.89,63.33,45.98,Pump A Running
2026-07-03T19:15:00+00:00,Running,1,2219.7,10.65,4.84,62.62,45.87,Pump A Running
2026-07-03T19:30:00+00:00,Running,1,2169.5,10.62,4.94,61.92,45.59,Pump A Running
2026-07-03T19:45:00+00:00,Running,1,2341.6,10.72,4.95,61.47,46.78,Pump A Running
2026-07-03T20:00:00+00:00,Running,1,2242.9,10.59,4.79,60.48,44.92,Pump A Running
2026-07-03T20:15:00+00:00,Running,1,2236.1,10.63,4.85,63.09,45.91,Pump A Running
2026-07-03T20:30:00+00:00,Running,1,2435.4,10.64,4.79,60.24,45.69,Pump A Running
2026-07-03T20:45:00+00:00,Running,1,2352.3,10.57,4.74,61.75,46.71,Pump A Running
2026-07-03T21:00:00+00:00,Running,1,2416.6,10.59,4.93,63.1,46.32,Pump A Running
2026-07-03T21:15:00+00:00,Running,1,2217.5,10.67,5.14,61.21,46.32,Pump A Running
2026-07-03T21:30:00+00:00,Running,1,2185.1,10.57,4.83,61.23,45.33,Pump A Running
2026-07-03T21:45:00+00:00,Running,1,2160.3,10.57,4.85,61.95,46.69,Pump A Running
2026-07-03T22:00:00+00:00,Running,1,2394.5,10.52,4.8,62.22,46.07,Pump A Running
2026-07-03T22:15:00+00:00,Running,1,2321.3,10.61,4.9,60.18,45.79,Pump A Running
2026-07-03T22:30:00+00:00,Running,1,2269.7,10.52,4.82,61.37,46.44,Pump A Running
2026-07-03T22:45:00+00:00,Running,1,2293.0,10.49,4.93,63.74,45.96,Pump A Running
2026-07-03T23:00:00+00:00,Running,1,2314.8,10.59,5.02,62.38,46.14,Pump A Running
2026-07-03T23:15:00+00:00,Running,1,2207.0,10.6,4.87,61.39,46.04,Pump A Running
2026-07-03T23:30:00+00:00,Running,1,2419.0,10.47,4.87,61.96,45.53,Pump A Running
2026-07-03T23:45:00+00:00,Running,1,2377.0,10.61,4.7,63.18,46.02,Pump A Running
2026-07-04T00:00:00+00:00,Running,1,2432.3,10.58,4.76,62.26,46.34,Pump A Running
2026-07-04T00:15:00+00:00,Running,1,2276.6,10.65,4.81,61.32,45.04,Pump A Running
2026-07-04T00:30:00+00:00,Running,1,2390.7,10.61,4.82,61.62,45.86,Pump A Running
2026-07-04T00:45:00+00:00,Running,1,2379.6,10.55,4.78,60.94,45.98,Pump A Running
2026-07-04T01:00:00+00:00,Running,1,2280.0,10.62,5.04,62.13,46.25,Pump A Running
2026-07-04T01:15:00+00:00,Running,1,2420.0,10.6,5.03,62.61,46.66,Pump A Running
2026-07-04T01:30:00+00:00,Running,1,2286.6,10.73,4.85,62.65,46.14,Pump A Running
2026-07-04T01:45:00+00:00,Running,1,2410.4,10.58,4.7,63.59,45.39,Pump A Running
2026-07-04T02:00:00+00:00,Stopped,0,0.0,0.0,0.09,0.0,28.81,Pumps Stopped
2026-07-04T02:15:00+00:00,Stopped,0,0.0,0.0,0.14,0.0,28.97,Pumps Stopped
2026-07-04T02:30:00+00:00,Stopped,0,0.0,0.0,0.16,0.0,28.8,Pumps Stopped
2026-07-04T02:45:00+00:00,Stopped,0,0.0,0.0,0.16,0.0,28.85,Pumps Stopped
2026-07-04T03:00:00+00:00,Stopped,0,0.0,0.0,0.06,0.0,29.14,Pumps Stopped
2026-07-04T03:15:00+00:00,Stopped,0,0.0,0.0,0.08,0.0,28.57,Pumps Stopped
2026-07-04T03:30:00+00:00,Running,1,2409.1,10.58,4.98,61.01,46.36,Pump A Running
2026-07-04T03:45:00+00:00,Running,1,2442.7,10.66,4.86,61.45,45.45,Pump A Running
2026-07-04T04:00:00+00:00,Running,1,2501.5,10.54,4.82,61.84,45.99,Pump A Running
2026-07-04T04:15:00+00:00,Running,1,2339.4,10.5,5.09,61.57,45.55,Pump A Running
2026-07-04T04:30:00+00:00,Running,1,2333.4,10.69,4.76,62.26,46.29,Pump A Running
2026-07-04T04:45:00+00:00,Running,1,2461.0,10.48,4.72,62.77,46.25,Pump A Running
2026-07-04T05:00:00+00:00,Running,1,2437.0,10.55,4.69,61.96,45.57,Pump A Running
2026-07-04T05:15:00+00:00,Running,1,2411.3,10.62,4.94,61.08,45.49,Pump A Running
2026-07-04T05:30:00+00:00,Running,1,2520.4,10.64,4.88,60.72,45.95,Pump A Running
2026-07-04T05:45:00+00:00,Running,1,2531.5,10.53,4.97,60.93,45.67,Pump A Running
2026-07-04T06:00:00+00:00,Running,1,2440.6,10.68,4.74,60.59,46.16,Pump A Running
2026-07-04T06:15:00+00:00,Running,1,2586.5,10.57,4.94,62.6,45.65,Pump A Running
2026-07-04T06:30:00+00:00,Running,1,2612.8,10.64,4.84,60.56,45.59,Pump A Running
2026-07-04T06:45:00+00:00,Running,1,2377.2,10.56,4.81,61.63,46.68,Pump A Running
2026-07-04T07:00:00+00:00,Running,1,2473.4,10.55,4.75,62.65,46.24,Pump A Running
2026-07-04T07:15:00+00:00,Running,1,2472.4,10.54,4.78,62.69,46.21,Pump A Running
2026-07-04T07:30:00+00:00,Running,1,2529.7,10.6,4.93,61.88,46.51,Pump A Running
2026-07-04T07:45:00+00:00,Running,1,2547.3,10.53,4.87,63.27,46.14,Pump A Running
2026-07-04T08:00:00+00:00,Running,1,2476.9,10.6,4.82,62.43,46.47,Pump A Running
2026-07-04T08:15:00+00:00,Running,1,2445.9,10.61,4.88,62.16,45.91,Pump A Running
2026-07-04T08:30:00+00:00,Running,1,2602.2,10.61,4.75,61.96,45.89,Pump A Running
2026-07-04T08:45:00+00:00,Running,1,2511.2,10.54,4.87,59.42,45.88,Pump A Running
2026-07-04T09:00:00+00:00,Running,1,2655.2,10.58,4.87,61.29,46.25,Pump A Running
2026-07-04T09:15:00+00:00,Running,1,2423.5,10.64,4.86,62.47,46.05,Pump A Running
2026-07-04T09:30:00+00:00,Running,1,2546.3,10.59,4.78,61.65,45.52,Pump A Running
2026-07-04T09:45:00+00:00,Running,1,2406.8,10.51,4.83,63.24,45.45,Pump A Running
2026-07-04T10:00:00+00:00,Running,1,2541.5,10.52,4.86,62.69,45.92,Pump A Running
2026-07-04T10:15:00+00:00,Running,1,2533.0,10.64,5.09,60.54,46.22,Pump A Running
2026-07-04T10:30:00+00:00,Running,1,2579.0,10.54,4.87,61.94,45.4,Pump A Running
2026-07-04T10:45:00+00:00,Running,1,2579.7,10.59,4.69,60.18,46.44,Pump A Running
2026-07-04T11:00:00+00:00,Running,1,2613.1,10.64,4.79,64.87,46.76,Pump A Running
2026-07-04T11:15:00+00:00,Running,1,2619.4,10.63,4.82,62.04,46.59,Pump A Running
2026-07-04T11:30:00+00:00,Running,1,2515.2,10.61,4.91,61.64,46.2,Pump A Running
2026-07-04T11:45:00+00:00,Running,1,2508.8,10.54,4.79,59.79,46.36,Pump A Running
2026-07-04T12:00:00+00:00,Running,1,2661.2,10.66,5.02,63.13,45.3,Pump A Running
2026-07-04T12:15:00+00:00,Running,1,2516.0,10.66,4.95,62.7,45.93,Pump A Running
2026-07-04T12:30:00+00:00,Running,1,2664.1,10.54,4.72,62.58,46.29,Pump A Running
2026-07-04T12:45:00+00:00,Running,1,2716.0,10.55,4.77,60.5,45.45,Pump A Running
2026-07-04T13:00:00+00:00,Running,1,2657.8,10.57,4.93,61.44,45.04,Pump A Running
2026-07-04T13:15:00+00:00,Running,1,2620.7,10.57,4.93,62.98,46.21,Pump A Running
2026-07-04T13:30:00+00:00,Running,1,2646.8,10.59,4.87,61.12,45.9,Pump A Running
2026-07-04T13:45:00+00:00,Running,1,2695.5,10.56,4.87,60.76,46.75,Pump A Running
2026-07-04T14:00:00+00:00,Running,1,2712.7,10.55,4.69,62.95,46.5,Pump A Running
2026-07-04T14:15:00+00:00,Running,1,2645.2,10.61,4.8,62.19,45.92,Pump A Running
2026-07-04T14:30:00+00:00,Running,1,2598.0,10.51,4.79,61.52,45.12,Pump A Running
2026-07-04T14:45:00+00:00,Running,1,2633.0,10.6,4.79,61.14,46.44,Pump A Running
2026-07-04T15:00:00+00:00,Running,1,2584.5,10.64,4.9,61.42,45.99,Pump A Running
2026-07-04T15:15:00+00:00,Running,1,2520.9,10.46,4.9,62.81,45.65,Pump A Running
2026-07-04T15:30:00+00:00,Running,1,2685.3,10.55,5.05,61.29,46.19,Pump A Running
2026-07-04T15:45:00+00:00,Running,1,2605.4,10.67,4.87,60.7,45.45,Pump A Running
2026-07-04T16:00:00+00:00,Running,1,2614.3,10.72,4.83,62.16,46.68,Pump A Running
2026-07-04T16:15:00+00:00,Running,1,2641.6,10.76,4.78,60.58,46.1,Pump A Running
2026-07-04T16:30:00+00:00,Running,1,2532.9,10.64,4.75,61.55,45.31,Pump A Running
2026-07-04T16:45:00+00:00,Running,1,2645.1,10.73,4.84,64.19,45.87,Pump A Running
2026-07-04T17:00:00+00:00,Running,1,2661.1,10.56,4.83,62.06,45.22,Pump A Running
2026-07-04T17:15:00+00:00,Running,1,2610.8,10.5,5.06,63.79,46.34,Pump A Running
2026-07-04T17:30:00+00:00,Running,1,2768.8,10.56,4.99,62.56,46.36,Pump A Running
2026-07-04T17:45:00+00:00,Running,1,2630.0,10.48,4.76,62.93,46.43,Pump A Running
2026-07-04T18:00:00+00:00,Running,1,2654.5,10.67,4.81,60.2,46.68,Pump A Running
2026-07-04T18:15:00+00:00,Running,1,2732.2,10.65,4.88,62.32,45.38,Pump A Running
2026-07-04T18:30:00+00:00,Running,1,2564.9,10.54,4.83,62.96,46.47,Pump A Running
2026-07-04T18:45:00+00:00,Running,1,2772.0,10.67,4.86,62.58,45.82,Pump A Running
2026-07-04T19:00:00+00:00,Running,1,2710.0,10.51,4.88,62.11,46.11,Pump A Running
2026-07-04T19:15:00+00:00,Running,1,2599.9,10.58,4.89,61.22,45.55,Pump A Running
2026-07-04T19:30:00+00:00,Running,1,2716.5,10.63,4.89,62.12,45.92,Pump A Running
2026-07-04T19:45:00+00:00,Running,1,2688.2,10.67,4.74,60.9,46.17,Pump A Running
2026-07-04T20:00:00+00:00,Running,1,2757.6,10.73,5.0,61.61,46.48,Pump A Running
2026-07-04T20:15:00+00:00,Running,1,2665.9,10.57,4.96,61.24,46.23,Pump A Running
2026-07-04T20:30:00+00:00,Running,1,2691.9,10.69,4.7,62.56,45.97,Pump A Running
2026-07-04T20:45:00+00:00,Running,1,2704.6,10.6,4.8,60.68,45.91,Pump A Running
2026-07-04T21:00:00+00:00,Running,1,2750.3,10.59,4.83,62.49,46.47,Pump A Running
2026-07-04T21:15:00+00:00,Running,1,2772.1,10.63,4.73,61.3,46.3,Pump A Running
2026-07-04T21:30:00+00:00,Running,1,2726.7,10.64,4.75,61.87,46.9,Pump A Running
2026-07-04T21:45:00+00:00,Running,1,2691.7,10.62,4.81,61.38,46.16,Pump A Running
2026-07-04T22:00:00+00:00,Running,1,2707.6,10.72,4.99,62.88,46.78,Pump A Running
2026-07-04T22:15:00+00:00,Running,1,2756.2,10.58,4.85,63.24,45.09,Pump A Running
2026-07-04T22:30:00+00:00,Running,1,2598.1,10.54,4.91,61.75,45.78,Pump A Running
2026-07-04T22:45:00+00:00,Running,1,2570.4,10.53,4.83,61.22,45.44,Pump A Running
2026-07-04T23:00:00+00:00,Running,1,2740.4,10.63,4.83,58.5,46.48,Pump A Running
2026-07-04T23:15:00+00:00,Running,1,2806.6,10.56,4.75,63.0,45.24,Pump A Running
2026-07-04T23:30:00+00:00,Running,1,2718.7,10.53,4.98,61.96,45.89,Pump A Running
2026-07-04T23:45:00+00:00,Running,1,2841.9,10.55,4.79,61.94,46.19,Pump A Running
2026-07-05T00:00:00+00:00,Running,1,2575.5,10.54,4.84,61.52,45.63,Pump A Running
2026-07-05T00:15:00+00:00,Running,1,2717.6,10.55,4.89,63.6,46.17,Pump A Running
2026-07-05T00:30:00+00:00,Running,1,2811.9,10.66,4.95,61.83,45.68,Pump A Running
2026-07-05T00:45:00+00:00,Running,1,2647.1,10.55,4.82,63.22,45.44,Pump A Running
2026-07-05T01:00:00+00:00,Running,1,2698.2,10.62,4.94,61.7,46.1,Pump A Running
2026-07-05T01:15:00+00:00,Running,1,2686.9,10.53,4.82,62.35,46.55,Pump A Running
2026-07-05T01:30:00+00:00,Running,1,2549.3,10.7,4.72,61.94,45.51,Pump A Running
2026-07-05T01:45:00+00:00,Running,1,2723.5,10.7,4.77,61.66,45.15,Pump A Running
2026-07-05T02:00:00+00:00,Stopped,0,0.0,0.0,0.1,0.0,29.25,Pumps Stopped
2026-07-05T02:15:00+00:00,Stopped,0,0.0,0.0,0.19,0.0,28.85,Pumps Stopped
2026-07-05T02:30:00+00:00,Stopped,0,0.0,0.0,0.14,0.0,29.21,Pumps Stopped
2026-07-05T02:45:00+00:00,Stopped,0,0.0,0.0,0.07,0.0,28.94,Pumps Stopped
2026-07-05T03:00:00+00:00,Stopped,0,0.0,0.0,0.06,0.0,28.8,Pumps Stopped
2026-07-05T03:15:00+00:00,Stopped,0,0.0,0.0,0.09,0.0,28.7,Pumps Stopped
2026-07-05T03:30:00+00:00,Running,1,2669.8,10.66,4.92,63.23,44.99,Pump A Running
2026-07-05T03:45:00+00:00,Running,1,2728.0,10.53,4.85,62.82,45.55,Pump A Running
2026-07-05T04:00:00+00:00,Running,1,2592.9,10.52,4.91,61.85,46.2,Pump A Running
2026-07-05T04:15:00+00:00,Running,1,2593.4,10.65,4.89,61.91,45.65,Pump A Running
2026-07-05T04:30:00+00:00,Running,1,2781.5,10.72,4.85,58.96,45.48,Pump A Running
2026-07-05T04:45:00+00:00,Running,1,2688.7,10.65,4.89,59.64,45.95,Pump A Running
2026-07-05T05:00:00+00:00,Running,1,2761.1,10.59,4.95,61.53,46.1,Pump A Running
2026-07-05T05:15:00+00:00,Running,1,2883.5,10.68,4.96,62.16,46.15,Pump A Running
2026-07-05T05:30:00+00:00,Running,1,2706.2,10.65,4.94,62.18,45.8,Pump A Running
2026-07-05T05:45:00+00:00,Running,1,2571.0,10.66,4.97,60.61,46.47,Pump A Running
2026-07-05T06:00:00+00:00,Running,1,2663.1,10.58,4.88,62.79,45.67,Pump A Running
2026-07-05T06:15:00+00:00,Running,1,2639.2,10.63,4.76,62.81,45.56,Pump A Running
2026-07-05T06:30:00+00:00,Running,1,2799.5,10.48,4.8,62.07,46.53,Pump A Running
2026-07-05T06:45:00+00:00,Running,1,2785.0,10.61,4.97,61.83,45.97,Pump A Running
2026-07-05T07:00:00+00:00,Running,1,2702.6,10.55,4.86,60.43,45.9,Pump A Running
2026-07-05T07:15:00+00:00,Running,1,2713.5,10.51,4.87,61.73,46.34,Pump A Running
2026-07-05T07:30:00+00:00,Running,1,2759.5,10.55,4.73,61.53,46.29,Pump A Running
2026-07-05T07:45:00+00:00,Running,1,2620.3,10.62,4.91,62.02,45.94,Pump A Running
2026-07-05T08:00:00+00:00,Stopped,0,0.0,0.0,0.13,0.0,29.31,Pumps Stopped
2026-07-05T08:15:00+00:00,Stopped,0,0.0,0.0,0.14,0.0,28.68,Pumps Stopped
2026-07-05T08:30:00+00:00,Stopped,0,0.0,0.0,0.12,0.0,29.19,Pumps Stopped
2026-07-05T08:45:00+00:00,Stopped,0,0.0,0.0,0.12,0.0,28.68,Pumps Stopped
2026-07-05T09:00:00+00:00,Running,1,2661.3,10.68,4.87,63.47,46.26,Pump A Running
2026-07-05T09:15:00+00:00,Running,1,2658.6,10.59,4.75,60.85,46.01,Pump A Running
2026-07-05T09:30:00+00:00,Running,1,2715.3,10.61,4.92,61.4,45.64,Pump A Running
2026-07-05T09:45:00+00:00,Running,1,2599.7,10.48,4.9,62.65,45.69,Pump A Running
2026-07-05T10:00:00+00:00,Running,1,2461.3,10.51,5.02,62.09,46.17,Pump A Running
2026-07-05T10:15:00+00:00,Running,1,2667.4,10.72,4.88,63.93,46.96,Pump A Running
2026-07-05T10:30:00+00:00,Running,1,2723.8,10.65,4.75,62.77,45.77,Pump A Running
2026-07-05T10:45:00+00:00,Running,1,2618.9,10.65,4.95,61.69,46.58,Pump A Running
2026-07-05T11:00:00+00:00,Running,1,2644.3,10.68,4.87,62.1,46.26,Pump A Running
2026-07-05T11:15:00+00:00,Running,1,2580.6,10.54,4.8,62.29,46.04,Pump A Running
2026-07-05T11:30:00+00:00,Running,1,2557.7,10.54,4.88,62.28,46.4,Pump A Running
2026-07-05T11:45:00+00:00,Running,1,2726.1,10.41,4.85,61.87,46.59,Pump A Running
2026-07-05T12:00:00+00:00,Running,1,2507.7,10.5,4.73,62.85,45.52,Pump A Running
2026-07-05T12:15:00+00:00,Running,1,2571.8,10.66,4.7,63.16,46.08,Pump A Running
2026-07-05T12:30:00+00:00,Running,1,2511.8,10.68,4.87,62.56,45.81,Pump A Running
2026-07-05T12:45:00+00:00,Running,1,2650.5,10.53,4.72,61.84,45.28,Pump A Running
2026-07-05T13:00:00+00:00,Running,1,2515.6,10.49,4.87,63.35,45.99,Pump A Running
2026-07-05T13:15:00+00:00,Running,1,2551.2,10.61,4.91,62.0,46.12,Pump A Running
2026-07-05T13:30:00+00:00,Running,1,2659.2,10.57,4.86,62.67,45.93,Pump A Running
2026-07-05T13:45:00+00:00,Running,1,2680.5,10.75,4.68,61.85,46.02,Pump A Running
2026-07-05T14:00:00+00:00,Running,1,2470.8,10.52,4.82,63.02,46.59,Pump A Running
2026-07-05T14:15:00+00:00,Running,1,2633.6,10.64,4.87,60.57,44.8,Pump A Running
2026-07-05T14:30:00+00:00,Running,1,2502.0,10.63,4.9,61.1,46.11,Pump A Running
2026-07-05T14:45:00+00:00,Running,1,2755.1,10.74,4.9,60.81,45.93,Pump A Running
2026-07-05T15:00:00+00:00,Running,1,2696.5,10.64,4.86,59.47,46.28,Pump A Running
2026-07-05T15:15:00+00:00,Running,1,2584.9,10.66,5.03,60.42,45.41,Pump A Running
2026-07-05T15:30:00+00:00,Running,1,2619.3,10.55,5.01,62.26,45.72,Pump A Running
2026-07-05T15:45:00+00:00,Running,1,2630.0,10.6,4.82,63.15,47.04,Pump A Running
2026-07-05T16:00:00+00:00,Running,1,2636.4,10.45,4.75,60.39,46.08,Pump A Running
2026-07-05T16:15:00+00:00,Running,1,2544.2,10.66,4.91,64.05,45.71,Pump A Running
2026-07-05T16:30:00+00:00,Running,1,2600.0,10.57,4.68,62.11,46.07,Pump A Running
2026-07-05T16:45:00+00:00,Running,1,2565.2,10.67,4.9,61.46,46.52,Pump A Running
2026-07-05T17:00:00+00:00,Running,1,2423.7,10.44,4.73,63.07,45.54,Pump A Running
2026-07-05T17:15:00+00:00,Running,1,2744.0,10.63,4.96,62.6,45.82,Pump A Running
2026-07-05T17:30:00+00:00,Running,1,2515.3,10.52,4.82,63.36,45.22,Pump A Running
2026-07-05T17:45:00+00:00,Running,1,2632.3,10.58,4.87,63.61,45.3,Pump A Running
2026-07-05T18:00:00+00:00,Running,1,2555.2,10.57,4.71,62.27,46.89,Pump A Running
2026-07-05T18:15:00+00:00,Running,1,2374.6,10.66,4.77,61.62,46.95,Pump A Running
2026-07-05T18:30:00+00:00,Running,1,2329.3,10.57,5.04,62.14,45.87,Pump A Running
2026-07-05T18:45:00+00:00,Running,1,2601.6,10.49,4.83,59.99,46.02,Pump A Running
2026-07-05T19:00:00+00:00,Running,1,2301.7,10.63,4.88,62.42,46.1,Pump A Running
2026-07-05T19:15:00+00:00,Running,1,2554.9,10.55,5.01,60.73,45.81,Pump A Running
2026-07-05T19:30:00+00:00,Running,1,2549.2,10.67,4.95,63.87,45.55,Pump A Running
2026-07-05T19:45:00+00:00,Running,1,2446.8,10.63,4.93,61.65,45.87,Pump A Running
2026-07-05T20:00:00+00:00,Running,1,2462.6,10.46,4.74,62.21,45.9,Pump A Running
2026-07-05T20:15:00+00:00,Running,1,2447.7,10.67,4.95,63.94,45.87,Pump A Running
2026-07-05T20:30:00+00:00,Running,1,2527.7,10.64,4.79,61.48,46.63,Pump A Running
2026-07-05T20:45:00+00:00,Running,1,2425.4,10.5,5.0,63.77,45.58,Pump A Running
2026-07-05T21:00:00+00:00,Running,1,2518.3,10.69,4.85,61.59,46.66,Pump A Running
2026-07-05T21:15:00+00:00,Running,1,2587.0,10.65,4.94,62.42,46.99,Pump A Running
2026-07-05T21:30:00+00:00,Running,1,2520.6,10.57,4.85,60.81,46.9,Pump A Running
2026-07-05T21:45:00+00:00,Running,1,2438.9,10.66,4.93,59.23,45.96,Pump A Running
2026-07-05T22:00:00+00:00,Running,1,2446.5,10.61,4.83,62.48,45.69,Pump A Running
2026-07-05T22:15:00+00:00,Running,1,2537.3,10.55,4.9,63.22,45.2,Pump A Running
2026-07-05T22:30:00+00:00,Running,1,2389.0,10.62,4.88,63.7,46.43,Pump A Running
2026-07-05T22:45:00+00:00,Running,1,2392.9,10.49,4.85,61.43,46.49,Pump A Running
2026-07-05T23:00:00+00:00,Running,1,2399.4,10.58,4.91,61.95,45.71,Pump A Running
2026-07-05T23:15:00+00:00,Running,1,2245.6,10.6,4.8,62.57,46.26,Pump A Running
2026-07-05T23:30:00+00:00,Running,1,2297.9,10.59,4.85,61.64,45.72,Pump A Running
2026-07-05T23:45:00+00:00,Running,1,2383.2,10.7,4.94,63.52,45.62,Pump A Running
2026-07-06T00:00:00+00:00,Running,1,2522.9,10.53,4.98,62.3,46.17,Pump A Running
2026-07-06T00:15:00+00:00,Running,1,2500.6,10.59,4.82,59.99,46.72,Pump A Running
2026-07-06T00:30:00+00:00,Running,1,2317.1,10.46,4.78,62.03,45.37,Pump A Running
2026-07-06T00:45:00+00:00,Running,1,2355.5,10.71,4.81,64.0,45.92,Pump A Running
2026-07-06T01:00:00+00:00,Running,1,2498.6,10.54,4.91,60.49,45.72,Pump A Running
2026-07-06T01:15:00+00:00,Running,1,2418.7,10.58,4.94,60.44,45.41,Pump A Running
2026-07-06T01:30:00+00:00,Running,1,2289.5,10.6,4.91,62.87,46.85,Pump A Running
2026-07-06T01:45:00+00:00,Running,1,2510.8,10.54,4.96,61.47,46.43,Pump A Running
2026-07-06T02:00:00+00:00,Stopped,0,0.0,0.0,0.14,0.0,28.85,Pumps Stopped
2026-07-06T02:15:00+00:00,Stopped,0,0.0,0.0,0.07,0.0,29.22,Pumps Stopped
2026-07-06T02:30:00+00:00,Stopped,0,0.0,0.0,0.14,0.0,28.54,Pumps Stopped
2026-07-06T02:45:00+00:00,Stopped,0,0.0,0.0,0.12,0.0,28.91,Pumps Stopped
2026-07-06T03:00:00+00:00,Stopped,0,0.0,0.0,0.14,0.0,28.89,Pumps Stopped
2026-07-06T03:15:00+00:00,Stopped,0,0.0,0.0,0.11,0.0,28.91,Pumps Stopped
2026-07-06T03:30:00+00:00,Running,1,2310.2,10.57,4.85,62.73,45.86,Pump A Running
2026-07-06T03:45:00+00:00,Running,1,2500.6,10.74,4.88,61.24,45.32,Pump A Running
2026-07-06T04:00:00+00:00,Running,1,2031.4,10.53,4.87,61.87,46.35,Pump A Running
2026-07-06T04:15:00+00:00,Running,1,2272.8,10.64,4.93,63.68,46.16,Pump A Running
2026-07-06T04:30:00+00:00,Running,1,2349.2,10.53,4.97,61.78,45.87,Pump A Running
2026-07-06T04:45:00+00:00,Running,1,2259.8,10.58,4.83,62.15,45.41,Pump A Running
2026-07-06T05:00:00+00:00,Running,1,2239.6,10.65,4.87,61.4,45.48,Pump A Running
2026-07-06T05:15:00+00:00,Running,1,2383.3,10.56,4.86,62.81,46.1,Pump A Running
2026-07-06T05:30:00+00:00,Running,1,2264.4,10.78,4.96,61.7,46.11,Pump A Running
2026-07-06T05:45:00+00:00,Running,1,2299.0,10.57,4.76,60.8,45.59,Pump A Running
2026-07-06T06:00:00+00:00,Running,1,2271.2,10.57,4.78,62.97,46.16,Pump A Running
2026-07-06T06:15:00+00:00,Running,1,2347.1,10.56,4.76,63.25,46.07,Pump A Running
2026-07-06T06:30:00+00:00,Running,1,2115.0,10.58,4.82,61.49,45.63,Pump A Running
2026-07-06T06:45:00+00:00,Running,1,2192.7,10.58,4.75,61.18,45.92,Pump A Running
2026-07-06T07:00:00+00:00,Running,1,2317.1,10.66,4.82,60.37,46.06,Pump A Running
2026-07-06T07:15:00+00:00,Running,1,2069.9,10.61,5.03,63.38,46.41,Pump A Running
2026-07-06T07:30:00+00:00,Running,1,2265.4,10.73,4.77,61.14,46.17,Pump A Running
2026-07-06T07:45:00+00:00,Running,1,2357.3,10.54,4.92,62.39,46.16,Pump A Running
2026-07-06T08:00:00+00:00,Running,1,2264.7,10.53,4.83,61.6,45.64,Pump A Running
2026-07-06T08:15:00+00:00,Running,1,2407.7,10.57,4.75,63.38,46.36,Pump A Running
2026-07-06T08:30:00+00:00,Running,1,2074.8,10.64,4.96,62.46,45.83,Pump A Running
2026-07-06T08:45:00+00:00,Running,1,2314.6,10.61,4.85,60.57,46.94,Pump A Running
2026-07-06T09:00:00+00:00,Running,1,2320.9,10.46,4.89,61.13,45.3,Pump A Running
2026-07-06T09:15:00+00:00,Running,1,2469.3,10.61,4.84,62.44,46.05,Pump A Running
2026-07-06T09:30:00+00:00,Running,1,2130.6,10.68,4.85,65.24,45.76,Pump A Running
2026-07-06T09:45:00+00:00,Running,1,2384.0,10.56,4.79,61.79,45.9,Pump A Running
2026-07-06T10:00:00+00:00,Running,1,2240.4,10.67,4.85,61.42,46.06,Pump A Running
2026-07-06T10:15:00+00:00,Running,1,2198.3,10.48,5.0,62.03,45.66,Pump A Running
2026-07-06T10:30:00+00:00,Running,1,2129.1,10.54,4.9,61.5,46.44,Pump A Running
2026-07-06T10:45:00+00:00,Running,1,2237.7,10.64,4.74,62.27,45.66,Pump A Running
2026-07-06T11:00:00+00:00,Running,1,2264.3,10.61,4.81,61.31,47.03,Pump A Running
2026-07-06T11:15:00+00:00,Running,1,2087.9,10.63,4.77,62.79,46.46,Pump A Running
2026-07-06T11:30:00+00:00,Running,1,2343.0,10.63,4.75,61.51,45.39,Pump A Running
2026-07-06T11:45:00+00:00,Running,1,2237.9,10.45,4.69,63.43,45.42,Pump A Running
2026-07-06T12:00:00+00:00,Running,1,2174.5,10.65,4.87,63.45,46.29,Pump A Running
2026-07-06T12:15:00+00:00,Running,1,2067.0,10.7,4.86,63.74,46.76,Pump A Running
2026-07-06T12:30:00+00:00,Running,1,2243.9,10.59,4.93,61.66,46.34,Pump A Running
2026-07-06T12:45:00+00:00,Running,1,2063.2,10.5,4.98,61.21,46.27,Pump A Running
2026-07-06T13:00:00+00:00,Running,1,2108.6,10.62,4.88,61.36,46.34,Pump A Running
2026-07-06T13:15:00+00:00,Running,1,2296.0,10.64,4.87,63.89,46.0,Pump A Running
2026-07-06T13:30:00+00:00,Running,1,2319.7,10.66,4.84,61.32,45.34,Pump A Running
2026-07-06T13:45:00+00:00,Running,1,2311.5,10.54,4.9,62.28,46.29,Pump A Running
2026-07-06T14:00:00+00:00,Running,1,2242.4,10.59,4.88,62.28,46.03,Pump A Running
2026-07-06T14:15:00+00:00,Running,1,2153.4,10.53,4.95,61.75,46.07,Pump A Running
2026-07-06T14:30:00+00:00,Running,1,2106.2,10.66,4.85,61.49,46.8,Pump A Running
2026-07-06T14:45:00+00:00,Running,1,2123.2,10.64,4.97,62.78,46.24,Pump A Running
2026-07-06T15:00:00+00:00,Running,1,2275.8,10.65,4.74,61.08,45.02,Pump A Running
2026-07-06T15:15:00+00:00,Running,1,2216.7,10.64,4.93,62.66,46.0,Pump A Running
2026-07-06T15:30:00+00:00,Running,1,2166.2,10.54,4.91,60.42,45.35,Pump A Running
2026-07-06T15:45:00+00:00,Running,1,2159.5,10.48,4.9,60.57,46.25,Pump A Running
2026-07-06T16:00:00+00:00,Running,1,2199.4,10.7,4.82,62.95,46.07,Pump A Running
2026-07-06T16:15:00+00:00,Running,1,2066.4,10.57,4.83,60.96,46.46,Pump A Running
2026-07-06T16:30:00+00:00,Running,1,2013.3,10.6,4.91,62.87,45.81,Pump A Running
2026-07-06T16:45:00+00:00,Running,1,2156.5,10.58,4.78,60.8,45.84,Pump A Running
2026-07-06T17:00:00+00:00,Running,1,2148.0,10.6,4.59,63.59,46.59,Pump A Running
2026-07-06T17:15:00+00:00,Running,1,2084.2,10.64,4.71,61.34,45.89,Pump A Running
2026-07-06T17:30:00+00:00,Running,1,2100.3,10.67,4.79,62.35,45.96,Pump A Running
2026-07-06T17:45:00+00:00,Running,1,2080.1,10.73,4.8,59.72,45.64,Pump A Running
2026-07-06T18:00:00+00:00,Running,1,2202.1,10.67,4.99,60.8,45.67,Pump A Running
2026-07-06T18:15:00+00:00,Running,1,2147.5,10.7,5.0,63.3,44.95,Pump A Running
2026-07-06T18:30:00+00:00,Running,1,2208.7,10.55,4.9,62.48,45.74,Pump A Running
2026-07-06T18:45:00+00:00,Running,1,2228.1,10.63,4.77,62.11,46.3,Pump A Running
2026-07-06T19:00:00+00:00,Running,1,2211.1,10.58,4.73,61.33,46.17,Pump A Running
2026-07-06T19:15:00+00:00,Running,1,2120.5,10.53,4.82,61.11,46.55,Pump A Running
2026-07-06T19:30:00+00:00,Running,1,2278.8,10.6,4.83,60.26,47.06,Pump A Running
2026-07-06T19:45:00+00:00,Running,1,2213.0,10.75,4.9,62.41,46.36,Pump A Running
2026-07-06T20:00:00+00:00,Running,1,2066.6,10.57,4.74,62.18,46.07,Pump A Running
2026-07-06T20:15:00+00:00,Running,1,2196.3,10.51,4.91,61.73,46.79,Pump A Running
2026-07-06T20:30:00+00:00,Running,1,2023.5,10.47,4.85,63.76,46.4,Pump A Running
2026-07-06T20:45:00+00:00,Running,1,2316.2,10.6,4.84,62.93,45.67,Pump A Running
2026-07-06T21:00:00+00:00,Running,1,2184.2,10.66,4.83,62.38,45.47,Pump A Running
2026-07-06T21:15:00+00:00,Running,1,2225.4,10.56,4.85,62.46,45.98,Pump A Running
2026-07-06T21:30:00+00:00,Running,1,2257.3,10.58,4.89,62.79,45.57,Pump A Running
2026-07-06T21:45:00+00:00,Running,1,2096.4,10.55,4.83,61.67,46.34,Pump A Running
2026-07-06T22:00:00+00:00,Running,1,2110.5,10.67,4.95,62.4,46.68,Pump A Running
2026-07-06T22:15:00+00:00,Running,1,2336.1,10.61,4.88,61.31,45.23,Pump A Running
2026-07-06T22:30:00+00:00,Running,1,2232.0,10.68,4.69,60.08,45.91,Pump A Running
2026-07-06T22:45:00+00:00,Running,1,2067.4,10.58,4.99,61.97,46.22,Pump A Running
2026-07-06T23:00:00+00:00,Running,1,2241.9,10.56,4.82,62.85,45.92,Pump A Running
2026-07-06T23:15:00+00:00,Running,1,2303.0,10.69,4.68,63.01,45.47,Pump A Running
2026-07-06T23:30:00+00:00,Running,1,2181.3,10.55,4.8,61.28,45.47,Pump A Running
2026-07-06T23:45:00+00:00,Running,1,2202.0,10.63,5.01,62.52,46.62,Pump A Running
2026-07-07T00:00:00+00:00,Running,1,2233.0,10.46,4.93,63.38,45.85,Pump A Running
2026-07-07T00:15:00+00:00,Running,1,2163.8,10.62,4.76,59.56,45.59,Pump A Running
2026-07-07T00:30:00+00:00,Running,1,2204.6,10.52,4.73,61.3,45.24,Pump A Running
2026-07-07T00:45:00+00:00,Running,1,1980.0,10.59,4.92,62.35,46.09,Pump A Running
2026-07-07T01:00:00+00:00,Running,1,2281.3,10.51,4.73,62.42,45.78,Pump A Running
2026-07-07T01:15:00+00:00,Running,1,2125.5,10.61,4.74,61.39,46.67,Pump A Running
2026-07-07T01:30:00+00:00,Running,1,2239.2,10.69,4.89,60.75,45.95,Pump A Running
2026-07-07T01:45:00+00:00,Running,1,2177.0,10.71,4.91,58.99,45.93,Pump A Running
2026-07-07T02:00:00+00:00,Stopped,0,0.0,0.0,0.13,0.0,29.47,Pumps Stopped
2026-07-07T02:15:00+00:00,Stopped,0,0.0,0.0,0.16,0.0,29.28,Pumps Stopped
2026-07-07T02:30:00+00:00,Stopped,0,0.0,0.0,0.09,0.0,29.09,Pumps Stopped
2026-07-07T02:45:00+00:00,Stopped,0,0.0,0.0,0.06,0.0,28.36,Pumps Stopped
2026-07-07T03:00:00+00:00,Stopped,0,0.0,0.0,0.1,0.0,28.99,Pumps Stopped
2026-07-07T03:15:00+00:00,Stopped,0,0.0,0.0,0.14,0.0,28.99,Pumps Stopped
2026-07-07T03:30:00+00:00,Running,1,2299.7,10.62,4.74,60.96,46.41,Pump A Running
2026-07-07T03:45:00+00:00,Running,1,2377.5,10.65,4.92,61.7,45.94,Pump A Running
2026-07-07T04:00:00+00:00,Running,1,2112.5,10.6,4.83,61.93,46.22,Pump A Running
2026-07-07T04:15:00+00:00,Running,1,2301.2,10.55,4.75,59.87,46.31,Pump A Running
2026-07-07T04:30:00+00:00,Running,1,2192.0,10.64,4.74,63.23,45.97,Pump A Running
2026-07-07T04:45:00+00:00,Running,1,2153.6,10.67,4.87,63.33,45.15,Pump A Running
2026-07-07T05:00:00+00:00,Running,1,2177.7,10.56,4.93,58.99,46.69,Pump A Running
2026-07-07T05:15:00+00:00,Running,1,2209.6,10.51,4.88,62.07,46.61,Pump A Running
2026-07-07T05:30:00+00:00,Running,1,2312.0,10.73,4.82,59.79,45.22,Pump A Running
2026-07-07T05:45:00+00:00,Running,1,2241.8,10.65,4.82,62.51,46.01,Pump A Running
2026-07-07T06:00:00+00:00,Running,1,2255.1,10.63,4.8,63.86,45.8,Pump A Running
2026-07-07T06:15:00+00:00,Running,1,2244.4,10.56,4.95,62.58,44.8,Pump A Running
2026-07-07T06:30:00+00:00,Running,1,2259.7,10.64,4.81,60.94,45.85,Pump A Running
2026-07-07T06:45:00+00:00,Running,1,2415.7,10.46,4.85,62.04,46.17,Pump A Running
2026-07-07T07:00:00+00:00,Running,1,2205.2,10.74,4.81,61.23,45.72,Pump A Running
2026-07-07T07:15:00+00:00,Running,1,2297.6,10.56,4.82,61.62,45.81,Pump A Running
2026-07-07T07:30:00+00:00,Running,1,2244.3,10.67,4.67,59.96,46.58,Pump A Running
2026-07-07T07:45:00+00:00,Running,1,2176.8,10.58,4.7,61.58,46.14,Pump A Running
2026-07-07T08:00:00+00:00,Running,1,2355.5,10.55,4.85,62.55,45.96,Pump A Running
2026-07-07T08:15:00+00:00,Running,1,2299.9,10.46,4.85,61.35,46.16,Pump A Running
2026-07-07T08:30:00+00:00,Running,1,2217.8,10.66,4.59,64.74,46.21,Pump A Running
2026-07-07T08:45:00+00:00,Running,1,2377.9,10.67,4.96,62.19,46.49,Pump A Running
2026-07-07T09:00:00+00:00,Running,1,2163.5,10.55,4.71,64.22,46.49,Pump A Running
2026-07-07T09:15:00+00:00,Running,1,2236.4,10.58,4.81,62.95,46.0,Pump A Running
2026-07-07T09:30:00+00:00,Running,1,2441.3,10.66,4.69,61.25,46.0,Pump A Running
2026-07-07T09:45:00+00:00,Running,1,2507.7,10.77,4.84,61.33,44.8,Pump A Running
2026-07-07T10:00:00+00:00,Running,1,2321.2,10.71,4.8,62.34,46.65,Pump A Running
2026-07-07T10:15:00+00:00,Running,1,2407.7,10.62,4.7,61.53,46.49,Pump A Running
2026-07-07T10:30:00+00:00,Running,1,2315.4,10.5,4.79,60.98,45.49,Pump A Running
2026-07-07T10:45:00+00:00,Running,1,2384.5,10.54,4.88,60.89,45.57,Pump A Running
2026-07-07T11:00:00+00:00,Running,1,2379.1,10.52,4.7,63.04,45.69,Pump A Running
2026-07-07T11:15:00+00:00,Running,1,2562.9,10.67,4.76,61.26,46.14,Pump A Running
2026-07-07T11:30:00+00:00,Running,1,2362.7,10.66,4.9,60.59,46.04,Pump A Running
2026-07-07T11:45:00+00:00,Running,1,2353.0,10.66,4.94,62.75,46.38,Pump A Running
2026-07-07T12:00:00+00:00,Running,1,2514.7,10.61,4.71,64.8,45.85,Pump A Running
2026-07-07T12:15:00+00:00,Running,1,2350.8,10.61,4.88,61.86,46.85,Pump A Running
2026-07-07T12:30:00+00:00,Running,1,2488.8,10.64,4.85,63.59,45.35,Pump A Running
2026-07-07T12:45:00+00:00,Running,1,2368.2,10.54,4.85,62.36,45.74,Pump A Running
2026-07-07T13:00:00+00:00,Running,1,2494.2,10.59,4.82,63.8,46.18,Pump A Running
2026-07-07T13:15:00+00:00,Running,1,2393.4,10.5,4.92,62.44,46.04,Pump A Running
2026-07-07T13:30:00+00:00,Running,1,2541.7,10.61,4.77,60.05,45.49,Pump A Running
2026-07-07T13:45:00+00:00,Running,1,2418.3,10.55,4.81,61.7,46.95,Pump A Running
2026-07-07T14:00:00+00:00,Running,1,2418.8,10.54,4.87,62.59,46.49,Pump A Running
2026-07-07T14:15:00+00:00,Running,1,2424.4,10.65,4.88,61.3,45.62,Pump A Running
2026-07-07T14:30:00+00:00,Running,1,2402.1,10.61,4.72,63.55,46.04,Pump A Running
2026-07-07T14:45:00+00:00,Running,1,2498.8,10.51,4.83,61.82,45.84,Pump A Running
2026-07-07T15:00:00+00:00,Running,1,2454.7,10.63,4.99,63.07,45.43,Pump A Running
2026-07-07T15:15:00+00:00,Running,1,2503.9,10.77,4.81,62.89,45.83,Pump A Running
2026-07-07T15:30:00+00:00,Running,1,2512.6,10.62,4.96,63.24,46.35,Pump A Running
2026-07-07T15:45:00+00:00,Running,1,2437.4,10.69,4.56,60.92,46.22,Pump A Running
2026-07-07T16:00:00+00:00,Running,1,2395.0,10.6,4.86,62.65,46.12,Pump A Running
2026-07-07T16:15:00+00:00,Running,1,2494.4,10.57,4.87,61.98,46.86,Pump A Running
2026-07-07T16:30:00+00:00,Running,1,2609.9,10.5,4.87,61.22,44.74,Pump A Running
2026-07-07T16:45:00+00:00,Running,1,2427.1,10.64,4.88,62.6,46.24,Pump A Running
2026-07-07T17:00:00+00:00,Running,1,2523.9,10.57,4.73,60.59,45.68,Pump A Running
2026-07-07T17:15:00+00:00,Running,1,2360.7,10.56,4.92,62.5,46.48,Pump A Running
2026-07-07T17:30:00+00:00,Running,1,2479.5,10.58,4.92,62.39,46.51,Pump A Running
2026-07-07T17:45:00+00:00,Running,1,2476.8,10.59,4.95,62.9,46.3,Pump A Running
2026-07-07T18:00:00+00:00,Running,1,2585.3,10.57,4.82,61.96,46.01,Pump A Running
2026-07-07T18:15:00+00:00,Running,1,2433.1,10.59,4.76,63.29,45.89,Pump A Running
2026-07-07T18:30:00+00:00,Running,1,2484.8,10.63,4.86,61.27,46.0,Pump A Running
2026-07-07T18:45:00+00:00,Running,1,2483.2,10.65,4.94,60.67,46.27,Pump A Running
2026-07-07T19:00:00+00:00,Running,1,2531.9,10.58,4.8,62.0,46.18,Pump A Running
2026-07-07T19:15:00+00:00,Running,1,2583.9,10.67,4.93,61.87,45.68,Pump A Running
2026-07-07T19:30:00+00:00,Running,1,2607.0,10.53,4.93,62.43,45.67,Pump A Running
2026-07-07T19:45:00+00:00,Running,1,2661.9,10.65,4.88,60.53,45.96,Pump A Running
2026-07-07T20:00:00+00:00,Running,1,2464.2,10.52,4.73,62.45,46.84,Pump A Running
2026-07-07T20:15:00+00:00,Running,1,2606.8,10.64,4.88,62.5,46.83,Pump A Running
2026-07-07T20:30:00+00:00,Running,1,2729.1,10.47,4.76,62.03,46.02,Pump A Running
2026-07-07T20:45:00+00:00,Running,1,2226.0,10.55,4.82,61.45,46.29,Pump A Running
2026-07-07T21:00:00+00:00,Running,1,2547.0,10.49,4.78,62.78,46.87,Pump A Running
2026-07-07T21:15:00+00:00,Running,1,2627.0,10.61,4.81,62.81,46.4,Pump A Running
2026-07-07T21:30:00+00:00,Running,1,2612.0,10.69,4.88,62.34,45.73,Pump A Running
2026-07-07T21:45:00+00:00,Running,1,2656.2,10.54,4.99,60.95,46.07,Pump A Running
2026-07-07T22:00:00+00:00,Running,1,2681.4,10.57,4.88,63.92,45.73,Pump A Running
2026-07-07T22:15:00+00:00,Running,1,2709.5,10.6,4.73,62.35,45.49,Pump A Running
2026-07-07T22:30:00+00:00,Running,1,2682.0,10.71,4.79,63.55,46.33,Pump A Running
2026-07-07T22:45:00+00:00,Running,1,2798.2,10.59,4.69,62.65,46.44,Pump A Running
2026-07-07T23:00:00+00:00,Running,1,2735.8,10.59,4.84,63.91,45.86,Pump A Running
2026-07-07T23:15:00+00:00,Running,1,2609.4,10.6,4.72,63.19,45.43,Pump A Running
2026-07-07T23:30:00+00:00,Running,1,2691.1,10.48,4.99,60.74,45.97,Pump A Running
2026-07-07T23:45:00+00:00,Running,1,2664.8,10.55,4.8,62.18,45.89,Pump A Running
2026-07-08T00:00:00+00:00,Running,1,2590.1,10.55,4.76,63.0,45.92,Pump A Running
2026-07-08T00:15:00+00:00,Running,1,2670.5,10.66,4.86,60.89,45.87,Pump A Running
2026-07-08T00:30:00+00:00,Running,1,2655.5,10.59,4.8,62.73,46.11,Pump A Running
2026-07-08T00:45:00+00:00,Running,1,2774.4,10.65,4.86,62.18,46.56,Pump A Running
2026-07-08T01:00:00+00:00,Running,1,2513.5,10.44,5.01,60.92,46.31,Pump A Running
2026-07-08T01:15:00+00:00,Running,1,2579.3,10.63,4.73,63.43,46.26,Pump A Running
2026-07-08T01:30:00+00:00,Running,1,2641.1,10.7,4.94,62.59,46.29,Pump A Running
2026-07-08T01:45:00+00:00,Running,1,2497.4,10.6,4.76,62.25,45.65,Pump A Running
2026-07-08T02:00:00+00:00,Stopped,0,0.0,0.0,0.15,0.0,28.92,Pumps Stopped
2026-07-08T02:15:00+00:00,Stopped,0,0.0,0.0,0.13,0.0,29.16,Pumps Stopped
2026-07-08T02:30:00+00:00,Stopped,0,0.0,0.0,0.18,0.0,29.25,Pumps Stopped
2026-07-08T02:45:00+00:00,Stopped,0,0.0,0.0,0.12,0.0,29.37,Pumps Stopped
2026-07-08T03:00:00+00:00,Stopped,0,0.0,0.0,0.11,0.0,29.72,Pumps Stopped
2026-07-08T03:15:00+00:00,Stopped,0,0.0,0.0,0.13,0.0,28.93,Pumps Stopped
2026-07-08T03:30:00+00:00,Running,1,2706.7,10.59,4.88,59.55,47.2,Pump A Running
2026-07-08T03:45:00+00:00,Running,1,2823.7,10.66,4.89,60.8,45.71,Pump A Running
2026-07-08T04:00:00+00:00,Running,1,2849.0,10.65,5.01,63.1,45.96,Pump A Running
2026-07-08T04:15:00+00:00,Running,1,2754.2,10.53,4.85,62.34,46.13,Pump A Running
2026-07-08T04:30:00+00:00,Running,1,2670.5,10.58,4.79,61.74,46.65,Pump A Running
2026-07-08T04:45:00+00:00,Running,1,2691.1,10.55,4.78,60.7,45.22,Pump A Running
2026-07-08T05:00:00+00:00,Running,1,2656.3,10.62,4.9,62.96,45.31,Pump A Running
2026-07-08T05:15:00+00:00,Running,1,2590.4,10.58,4.89,62.43,46.44,Pump A Running
2026-07-08T05:30:00+00:00,Running,1,2848.2,10.64,4.84,61.11,45.92,Pump A Running
2026-07-08T05:45:00+00:00,Running,1,2730.5,10.56,4.87,62.74,45.7,Pump A Running
2026-07-08T06:00:00+00:00,Running,1,2493.5,10.54,4.86,63.14,45.34,Pump A Running
2026-07-08T06:15:00+00:00,Running,1,2620.9,10.56,4.79,61.61,46.27,Pump A Running
2026-07-08T06:30:00+00:00,Running,1,2660.8,10.67,4.78,61.8,47.63,Pump A Running
2026-07-08T06:45:00+00:00,Running,1,2816.2,10.44,4.78,61.63,46.4,Pump A Running
2026-07-08T07:00:00+00:00,Running,1,2862.7,10.63,4.86,63.62,45.98,Pump A Running
2026-07-08T07:15:00+00:00,Running,1,2674.6,10.6,4.89,60.62,45.63,Pump A Running
2026-07-08T07:30:00+00:00,Running,1,2772.9,10.72,5.04,61.35,45.12,Pump A Running
2026-07-08T07:45:00+00:00,Running,1,2662.7,10.7,4.76,62.31,45.69,Pump A Running
2026-07-08T08:00:00+00:00,Running,1,2756.9,10.73,4.88,61.9,46.57,Pump A Running
2026-07-08T08:15:00+00:00,Running,1,2699.7,10.56,4.89,60.83,46.0,Pump A Running
2026-07-08T08:30:00+00:00,Running,1,2764.1,10.69,4.85,63.58,46.24,Pump A Running
2026-07-08T08:45:00+00:00,Running,1,2676.1,10.66,4.84,62.97,46.36,Pump A Running
2026-07-08T09:00:00+00:00,Running,1,2741.3,10.58,4.84,62.39,46.52,Pump A Running
2026-07-08T09:15:00+00:00,Running,1,2651.4,10.59,4.74,61.77,45.91,Pump A Running
2026-07-08T09:30:00+00:00,Running,1,2731.5,10.74,4.83,60.8,45.7,Pump A Running
2026-07-08T09:45:00+00:00,Running,1,2877.3,10.67,4.81,61.74,45.68,Pump A Running
2026-07-08T10:00:00+00:00,Running,1,2836.6,10.45,4.81,63.77,46.91,Pump A Running
2026-07-08T10:15:00+00:00,Running,1,2755.2,10.59,4.8,60.58,45.23,Pump A Running
2026-07-08T10:30:00+00:00,Running,1,2809.5,10.49,4.74,62.25,46.18,Pump A Running
2026-07-08T10:45:00+00:00,Running,1,2677.0,10.57,4.81,61.18,46.0,Pump A Running
2026-07-08T11:00:00+00:00,Running,1,2903.6,10.45,4.9,62.01,45.97,Pump A Running
2026-07-08T11:15:00+00:00,Running,1,2752.6,10.68,4.77,62.17,46.32,Pump A Running
2026-07-08T11:30:00+00:00,Running,1,2709.1,10.58,4.96,62.33,45.7,Pump A Running
2026-07-08T11:45:00+00:00,Running,1,2732.1,10.55,4.86,58.68,45.32,Pump A Running
2026-07-08T12:00:00+00:00,Running,1,2748.5,10.53,4.99,60.79,46.35,Pump A Running
2026-07-08T12:15:00+00:00,Running,1,2780.1,10.64,4.9,62.92,45.66,Pump A Running
2026-07-08T12:30:00+00:00,Running,1,2904.0,10.63,4.78,62.91,45.96,Pump A Running
2026-07-08T12:45:00+00:00,Running,1,2704.4,10.62,4.87,62.38,46.48,Pump A Running
2026-07-08T13:00:00+00:00,Running,1,2837.7,10.58,4.9,62.33,45.97,Pump A Running
2026-07-08T13:15:00+00:00,Running,1,2746.7,10.53,4.97,61.29,46.79,Pump A Running
2026-07-08T13:30:00+00:00,Running,1,2650.3,10.78,4.93,60.74,46.07,Pump A Running
2026-07-08T13:45:00+00:00,Running,1,2791.0,10.66,4.87,61.94,46.47,Pump A Running
2026-07-08T14:00:00+00:00,Running,1,2586.8,10.57,4.99,62.99,46.06,Pump A Running
2026-07-08T14:15:00+00:00,Running,1,2599.0,10.56,5.07,59.56,45.98,Pump A Running
2026-07-08T14:30:00+00:00,Running,1,2490.5,10.64,4.78,60.33,46.56,Pump A Running
2026-07-08T14:45:00+00:00,Running,1,2656.4,10.51,5.07,61.19,45.75,Pump A Running
2026-07-08T15:00:00+00:00,Running,1,2534.8,10.61,4.97,60.77,45.39,Pump A Running
2026-07-08T15:15:00+00:00,Running,1,2909.3,10.56,4.85,62.2,45.81,Pump A Running
2026-07-08T15:30:00+00:00,Running,1,2824.0,10.6,4.89,62.23,46.27,Pump A Running
2026-07-08T15:45:00+00:00,Running,1,2669.7,10.67,4.93,62.32,45.76,Pump A Running
2026-07-08T16:00:00+00:00,Running,1,2770.1,10.67,5.02,62.47,45.87,Pump A Running
2026-07-08T16:15:00+00:00,Running,1,2710.3,10.54,4.8,63.99,46.42,Pump A Running
2026-07-08T16:30:00+00:00,Running,1,2746.5,10.54,4.95,62.68,46.94,Pump A Running
2026-07-08T16:45:00+00:00,Running,1,2580.9,10.61,4.79,63.89,45.94,Pump A Running
2026-07-08T17:00:00+00:00,Running,1,2729.1,10.56,4.9,62.42,45.65,Pump A Running
2026-07-08T17:15:00+00:00,Running,1,2748.4,10.61,4.92,62.06,45.39,Pump A Running
2026-07-08T17:30:00+00:00,Running,1,2888.2,10.61,4.74,61.7,45.29,Pump A Running
2026-07-08T17:45:00+00:00,Running,1,2865.3,10.54,4.82,61.38,45.49,Pump A Running
2026-07-08T18:00:00+00:00,Running,1,2743.7,10.7,4.82,61.96,45.84,Pump A Running
2026-07-08T18:15:00+00:00,Running,1,2436.2,10.52,4.78,63.48,45.87,Pump A Running
2026-07-08T18:30:00+00:00,Running,1,2698.6,10.57,4.87,61.01,46.3,Pump A Running
2026-07-08T18:45:00+00:00,Running,1,2780.4,10.59,4.75,61.95,46.11,Pump A Running
2026-07-08T19:00:00+00:00,Running,1,2614.7,10.59,4.95,61.54,46.14,Pump A Running
2026-07-08T19:15:00+00:00,Running,1,2516.8,10.72,4.74,61.67,45.32,Pump A Running
2026-07-08T19:30:00+00:00,Running,1,2635.2,10.51,4.96,63.19,45.46,Pump A Running
2026-07-08T19:45:00+00:00,Running,1,2723.4,10.56,4.89,64.11,45.67,Pump A Running
2026-07-08T20:00:00+00:00,Running,1,2768.5,10.6,4.83,62.73,45.35,Pump A Running
2026-07-08T20:15:00+00:00,Running,1,2825.5,10.52,4.96,61.91,46.62,Pump A Running
2026-07-08T20:30:00+00:00,Running,1,2673.0,10.56,4.9,60.79,45.88,Pump A Running
2026-07-08T20:45:00+00:00,Running,1,2607.4,10.67,4.79,61.45,46.13,Pump A Running
2026-07-08T21:00:00+00:00,Running,1,2757.0,10.56,4.7,61.93,46.37,Pump A Running
2026-07-08T21:15:00+00:00,Running,1,2660.6,10.71,4.81,62.42,46.05,Pump A Running
2026-07-08T21:30:00+00:00,Running,1,2606.6,10.71,4.81,63.22,46.64,Pump A Running
2026-07-08T21:45:00+00:00,Running,1,2834.7,10.66,4.88,63.07,46.1,Pump A Running
2026-07-08T22:00:00+00:00,Running,1,2692.9,10.6,4.72,60.8,46.79,Pump A Running
2026-07-08T22:15:00+00:00,Running,1,2568.6,10.55,4.74,60.67,44.99,Pump A Running
2026-07-08T22:30:00+00:00,Running,1,2568.3,10.66,4.94,63.06,46.37,Pump A Running
2026-07-08T22:45:00+00:00,Running,1,2676.9,10.66,4.8,63.32,45.96,Pump A Running
2026-07-08T23:00:00+00:00,Running,1,2480.0,10.67,4.9,62.85,45.83,Pump A Running
2026-07-08T23:15:00+00:00,Running,1,2672.4,10.65,4.89,63.94,45.88,Pump A Running
2026-07-08T23:30:00+00:00,Running,1,2699.8,10.64,4.82,65.31,46.2,Pump A Running
2026-07-08T23:45:00+00:00,Running,1,2466.3,10.59,4.86,62.81,45.61,Pump A Running
2026-07-09T00:00:00+00:00,Running,1,2605.5,10.59,4.82,61.15,45.84,Pump A Running
2026-07-09T00:15:00+00:00,Running,1,2545.5,10.55,4.84,61.49,45.97,Pump A Running
2026-07-09T00:30:00+00:00,Running,1,2651.7,10.6,4.8,64.52,45.78,Pump A Running
2026-07-09T00:45:00+00:00,Running,1,2547.5,10.64,4.81,62.4,45.65,Pump A Running
2026-07-09T01:00:00+00:00,Running,1,2558.9,10.68,4.9,61.05,45.59,Pump A Running
2026-07-09T01:15:00+00:00,Running,1,2651.1,10.53,4.92,61.95,46.75,Pump A Running
2026-07-09T01:30:00+00:00,Running,1,2575.8,10.67,4.89,62.46,46.45,Pump A Running
2026-07-09T01:45:00+00:00,Running,1,2570.5,10.59,4.98,61.59,45.48,Pump A Running
2026-07-09T02:00:00+00:00,Stopped,0,0.0,0.0,0.16,0.0,28.86,Pumps Stopped
2026-07-09T02:15:00+00:00,Stopped,0,0.0,0.0,0.12,0.0,29.31,Pumps Stopped
2026-07-09T02:30:00+00:00,Stopped,0,0.0,0.0,0.1,0.0,28.72,Pumps Stopped
2026-07-09T02:45:00+00:00,Stopped,0,0.0,0.0,0.16,0.0,28.2,Pumps Stopped
2026-07-09T03:00:00+00:00,Stopped,0,0.0,0.0,0.13,0.0,29.27,Pumps Stopped
2026-07-09T03:15:00+00:00,Stopped,0,0.0,0.0,0.13,0.0,29.37,Pumps Stopped
2026-07-09T03:30:00+00:00,Running,1,2283.0,10.54,4.86,61.9,46.33,Pump A Running
2026-07-09T03:45:00+00:00,Running,1,2574.8,10.65,4.7,63.33,46.27,Pump A Running
2026-07-09T04:00:00+00:00,Running,1,2594.5,10.46,4.72,60.16,44.83,Pump A Running
2026-07-09T04:15:00+00:00,Running,1,2410.5,10.59,4.84,61.78,45.2,Pump A Running
2026-07-09T04:30:00+00:00,Running,1,2490.6,10.62,4.92,62.18,46.43,Pump A Running
2026-07-09T04:45:00+00:00,Running,1,2583.5,10.59,4.81,64.36,45.79,Pump A Running
2026-07-09T05:00:00+00:00,Running,1,2331.6,10.63,4.98,60.2,46.99,Pump A Running
2026-07-09T05:15:00+00:00,Running,1,2549.7,10.55,4.91,62.85,45.92,Pump A Running
2026-07-09T05:30:00+00:00,Running,1,2556.4,10.56,4.85,62.57,45.16,Pump A Running
2026-07-09T05:45:00+00:00,Running,1,2552.2,10.69,4.8,59.93,44.88,Pump A Running
2026-07-09T06:00:00+00:00,Running,1,2548.4,10.53,4.83,58.74,45.19,Pump A Running
2026-07-09T06:15:00+00:00,Running,1,2420.4,10.6,4.75,61.58,46.61,Pump A Running
2026-07-09T06:30:00+00:00,Running,1,2500.3,10.54,4.87,62.01,45.59,Pump A Running
2026-07-09T06:45:00+00:00,Running,1,2554.6,10.7,4.75,63.14,45.86,Pump A Running
2026-07-09T07:00:00+00:00,Running,1,2370.6,10.62,4.9,62.68,44.78,Pump A Running
2026-07-09T07:15:00+00:00,Running,1,2414.1,10.5,4.78,61.54,45.4,Pump A Running
2026-07-09T07:30:00+00:00,Running,1,2495.0,10.61,4.81,62.32,46.03,Pump A Running
2026-07-09T07:45:00+00:00,Running,1,2350.9,10.6,4.73,60.38,45.59,Pump A Running
2026-07-09T08:00:00+00:00,Running,1,2535.8,10.72,4.71,62.41,46.16,Pump A Running
2026-07-09T08:15:00+00:00,Running,1,2465.2,10.65,4.83,61.43,46.99,Pump A Running
2026-07-09T08:30:00+00:00,Running,1,2282.4,10.58,4.71,61.54,46.25,Pump A Running
2026-07-09T08:45:00+00:00,Running,1,2604.6,10.59,4.93,62.45,46.33,Pump A Running
2026-07-09T09:00:00+00:00,Running,1,2242.3,10.59,4.95,62.6,46.26,Pump A Running
2026-07-09T09:15:00+00:00,Running,1,2472.4,10.58,4.67,63.14,45.51,Pump A Running
2026-07-09T09:30:00+00:00,Running,1,2471.9,10.58,4.71,62.91,46.05,Pump A Running
2026-07-09T09:45:00+00:00,Running,1,2497.7,10.52,4.99,63.17,45.78,Pump A Running
2026-07-09T10:00:00+00:00,Running,1,2552.3,10.78,4.82,61.69,46.23,Pump A Running
2026-07-09T10:15:00+00:00,Running,1,2257.9,10.59,4.93,62.69,45.93,Pump A Running
2026-07-09T10:30:00+00:00,Running,1,2265.2,10.5,4.8,63.42,46.2,Pump A Running
2026-07-09T10:45:00+00:00,Running,1,2433.0,10.56,4.68,61.59,46.22,Pump A Running
2026-07-09T11:00:00+00:00,Running,1,2425.4,10.64,4.88,63.28,46.33,Pump A Running
2026-07-09T11:15:00+00:00,Running,1,2370.0,10.62,4.97,62.39,46.77,Pump A Running
2026-07-09T11:30:00+00:00,Running,1,2571.7,10.66,4.83,60.99,46.5,Pump A Running
2026-07-09T11:45:00+00:00,Running,1,2238.2,10.67,4.95,63.25,45.0,Pump A Running
2026-07-09T12:00:00+00:00,Running,1,2303.3,10.62,5.03,62.97,46.62,Pump A Running
2026-07-09T12:15:00+00:00,Running,1,2260.2,10.56,4.68,63.01,46.42,Pump A Running
2026-07-09T12:30:00+00:00,Running,1,2315.7,10.67,4.85,63.15,45.81,Pump A Running
2026-07-09T12:45:00+00:00,Running,1,2225.0,10.53,4.71,62.97,45.65,Pump A Running
2026-07-09T13:00:00+00:00,Running,1,2267.5,10.5,4.82,61.6,45.78,Pump A Running
2026-07-09T13:15:00+00:00,Running,1,2324.8,10.57,4.91,60.09,46.78,Pump A Running
2026-07-09T13:30:00+00:00,Running,1,2172.4,10.56,4.93,62.23,46.67,Pump A Running
2026-07-09T13:45:00+00:00,Running,1,2303.8,10.62,4.83,63.87,45.72,Pump A Running
2026-07-09T14:00:00+00:00,Running,1,2318.8,10.6,4.81,64.36,46.03,Pump A Running
2026-07-09T14:15:00+00:00,Running,1,2498.8,10.61,4.97,63.69,45.74,Pump A Running
2026-07-09T14:30:00+00:00,Running,1,2454.3,10.62,5.0,63.53,45.94,Pump A Running
2026-07-09T14:45:00+00:00,Running,1,2298.4,10.69,4.81,61.77,46.31,Pump A Running
2026-07-09T15:00:00+00:00,Running,1,2234.2,10.62,4.83,61.3,45.97,Pump A Running
2026-07-09T15:15:00+00:00,Running,1,2439.8,10.62,4.86,62.17,45.97,Pump A Running
2026-07-09T15:30:00+00:00,Running,1,2338.1,10.54,4.76,61.96,46.14,Pump A Running
2026-07-09T15:45:00+00:00,Running,1,2275.0,10.67,4.88,60.88,44.95,Pump A Running
2026-07-09T16:00:00+00:00,Running,1,2379.7,10.56,4.86,62.28,45.78,Pump A Running
2026-07-09T16:15:00+00:00,Running,1,2363.8,10.53,4.9,59.47,46.11,Pump A Running
2026-07-09T16:30:00+00:00,Running,1,2254.9,10.55,4.86,62.01,46.44,Pump A Running
2026-07-09T16:45:00+00:00,Running,1,2440.9,10.6,4.83,62.46,45.82,Pump A Running
2026-07-09T17:00:00+00:00,Running,1,2345.5,10.55,4.96,60.62,46.04,Pump A Running
2026-07-09T17:15:00+00:00,Running,1,2196.5,10.47,4.76,62.2,45.93,Pump A Running
2026-07-09T17:30:00+00:00,Running,1,2168.3,10.61,4.91,60.55,45.4,Pump A Running
2026-07-09T17:45:00+00:00,Running,1,2243.2,10.61,4.89,61.5,45.84,Pump A Running
2026-07-09T18:00:00+00:00,Running,1,2259.9,10.52,4.76,59.77,46.37,Pump A Running
2026-07-09T18:15:00+00:00,Running,1,2411.1,10.63,4.94,60.14,46.19,Pump A Running
2026-07-09T18:30:00+00:00,Running,1,2332.8,10.55,4.87,62.64,45.5,Pump A Running
2026-07-09T18:45:00+00:00,Running,1,2190.3,10.68,4.79,62.99,46.42,Pump A Running
2026-07-09T19:00:00+00:00,Running,1,2344.6,10.53,4.7,61.17,45.56,Pump A Running
2026-07-09T19:15:00+00:00,Running,1,2270.2,10.57,4.86,62.59,45.98,Pump A Running
2026-07-09T19:30:00+00:00,Running,1,2269.8,10.58,5.0,64.38,47.07,Pump A Running
2026-07-09T19:45:00+00:00,Running,1,2405.0,10.57,4.81,61.96,46.41,Pump A Running
2026-07-09T20:00:00+00:00,Running,1,2185.9,10.63,4.91,62.5,45.48,Pump A Running
2026-07-09T20:15:00+00:00,Running,1,2173.4,10.62,4.83,62.6,46.34,Pump A Running
2026-07-09T20:30:00+00:00,Running,1,2153.0,10.55,4.82,60.07,46.5,Pump A Running
2026-07-09T20:45:00+00:00,Running,1,2162.3,10.7,4.72,60.63,44.93,Pump A Running
2026-07-09T21:00:00+00:00,Running,1,2220.4,10.54,5.03,61.46,46.61,Pump A Running
2026-07-09T21:15:00+00:00,Running,1,2122.9,10.49,4.64,60.99,45.7,Pump A Running
2026-07-09T21:30:00+00:00,Running,1,2326.6,10.6,4.81,60.61,45.49,Pump A Running
2026-07-09T21:45:00+00:00,Running,1,2181.2,10.6,4.88,62.25,46.03,Pump A Running
2026-07-09T22:00:00+00:00,Running,1,2249.9,10.65,4.82,62.01,46.3,Pump A Running
2026-07-09T22:15:00+00:00,Running,1,2157.8,10.71,4.78,62.09,46.35,Pump A Running
2026-07-09T22:30:00+00:00,Running,1,2197.6,10.65,4.8,62.04,46.33,Pump A Running
2026-07-09T22:45:00+00:00,Running,1,2137.4,10.48,4.77,62.44,45.78,Pump A Running
2026-07-09T23:00:00+00:00,Running,1,2380.0,10.54,4.82,61.04,46.13,Pump A Running
2026-07-09T23:15:00+00:00,Running,1,2232.3,10.53,4.83,61.79,46.19,Pump A Running
2026-07-09T23:30:00+00:00,Running,1,2069.2,10.66,4.87,62.69,46.08,Pump A Running
2026-07-09T23:45:00+00:00,Running,1,2083.7,10.62,4.87,61.23,46.24,Pump A Running
2026-07-10T00:00:00+00:00,Running,1,2204.5,10.51,4.78,61.75,46.38,Pump A Running
2026-07-10T00:15:00+00:00,Running,1,2073.6,10.63,4.89,62.04,45.72,Pump A Running
2026-07-10T00:30:00+00:00,Running,1,2070.3,10.53,4.66,59.44,46.09,Pump A Running
2026-07-10T00:45:00+00:00,Running,1,2224.8,10.62,4.8,62.78,45.14,Pump A Running
2026-07-10T01:00:00+00:00,Running,1,2149.7,10.58,4.89,60.6,46.11,Pump A Running
2026-07-10T01:15:00+00:00,Running,1,2167.5,10.57,4.98,62.45,45.61,Pump A Running
2026-07-10T01:30:00+00:00,Running,1,2051.1,10.57,4.81,63.2,45.94,Pump A Running
2026-07-10T01:45:00+00:00,Running,1,2142.8,10.57,4.85,63.78,45.58,Pump A Running
2026-07-10T02:00:00+00:00,Stopped,0,0.0,0.0,0.12,0.0,29.11,Pumps Stopped
2026-07-10T02:15:00+00:00,Stopped,0,0.0,0.0,0.11,0.0,29.43,Pumps Stopped
2026-07-10T02:30:00+00:00,Stopped,0,0.0,0.0,0.15,0.0,28.2,Pumps Stopped
2026-07-10T02:45:00+00:00,Stopped,0,0.0,0.0,0.08,0.0,28.67,Pumps Stopped
2026-07-10T03:00:00+00:00,Stopped,0,0.0,0.0,0.15,0.0,28.36,Pumps Stopped
2026-07-10T03:15:00+00:00,Stopped,0,0.0,0.0,0.11,0.0,28.56,Pumps Stopped
2026-07-10T03:30:00+00:00,Running,1,2121.9,10.56,4.82,63.09,45.83,Pump A Running
2026-07-10T03:45:00+00:00,Running,1,2162.7,10.61,4.81,60.34,47.39,Pump A Running
2026-07-10T04:00:00+00:00,Running,1,2132.8,10.66,4.78,61.42,46.18,Pump A Running
2026-07-10T04:15:00+00:00,Running,1,2299.3,10.61,4.82,61.19,46.12,Pump A Running
2026-07-10T04:30:00+00:00,Running,1,2170.4,10.61,4.9,62.03,46.09,Pump A Running
2026-07-10T04:45:00+00:00,Running,1,2304.9,10.5,4.76,62.34,45.58,Pump A Running
2026-07-10T05:00:00+00:00,Running,1,2101.0,10.56,4.82,61.74,46.67,Pump A Running
2026-07-10T05:15:00+00:00,Running,1,2066.7,10.68,4.98,62.48,46.42,Pump A Running
2026-07-10T05:30:00+00:00,Running,1,2115.3,10.52,5.0,62.74,46.4,Pump A Running
2026-07-10T05:45:00+00:00,Running,1,2096.3,10.56,4.76,63.07,45.7,Pump A Running
2026-07-10T06:00:00+00:00,Running,1,2112.8,10.6,4.91,62.21,46.19,Pump A Running
2026-07-10T06:15:00+00:00,Running,1,2265.2,10.61,4.92,62.34,45.54,Pump A Running
2026-07-10T06:30:00+00:00,Running,1,2246.4,10.61,4.82,60.73,46.98,Pump A Running
2026-07-10T06:45:00+00:00,Running,1,2248.8,10.57,4.86,60.74,46.64,Pump A Running
2026-07-10T07:00:00+00:00,Running,1,2240.1,10.65,4.95,61.61,46.08,Pump A Running
2026-07-10T07:15:00+00:00,Running,1,2290.5,10.78,4.89,61.71,46.36,Pump A Running
2026-07-10T07:30:00+00:00,Running,1,2108.2,10.65,4.82,62.92,45.75,Pump A Running
2026-07-10T07:45:00+00:00,Running,1,2184.0,10.54,4.88,62.39,46.87,Pump A Running
2026-07-10T08:00:00+00:00,Running,1,2219.1,10.54,4.85,62.74,47.02,Pump A Running
2026-07-10T08:15:00+00:00,Running,1,2269.0,10.54,4.91,61.38,45.51,Pump A Running
2026-07-10T08:30:00+00:00,Running,1,2254.7,10.52,4.82,63.01,46.34,Pump A Running
2026-07-10T08:45:00+00:00,Running,1,2281.4,10.64,4.85,61.22,46.47,Pump A Running
2026-07-10T09:00:00+00:00,Running,1,2095.2,10.71,4.87,62.54,46.66,Pump A Running
2026-07-10T09:15:00+00:00,Running,1,2197.1,10.63,4.78,62.39,45.45,Pump A Running
2026-07-10T09:30:00+00:00,Running,1,2241.1,10.69,4.89,62.55,46.03,Pump A Running
2026-07-10T09:45:00+00:00,Running,1,2263.8,10.47,4.71,63.39,45.56,Pump A Running
2026-07-10T10:00:00+00:00,Running,1,2196.1,10.6,4.81,61.09,45.43,Pump A Running
2026-07-10T10:15:00+00:00,Running,1,2101.9,10.63,4.83,63.38,46.0,Pump A Running
2026-07-10T10:30:00+00:00,Running,1,2150.1,10.57,4.76,62.66,46.87,Pump A Running
2026-07-10T10:45:00+00:00,Running,1,2313.1,10.51,4.81,62.43,45.61,Pump A Running
2026-07-10T11:00:00+00:00,Running,1,2200.8,10.65,4.83,62.56,45.18,Pump A Running
2026-07-10T11:15:00+00:00,Running,1,2138.7,10.53,4.8,61.01,46.26,Pump A Running
2026-07-10T11:30:00+00:00,Running,1,2175.9,10.62,4.85,61.86,45.42,Pump A Running
2026-07-10T11:45:00+00:00,Running,1,2242.7,10.56,4.84,61.44,45.8,Pump A Running
2026-07-10T12:00:00+00:00,Running,1,2216.0,10.56,5.01,61.86,46.23,Pump A Running
2026-07-10T12:15:00+00:00,Running,1,2371.0,10.52,4.84,60.69,46.38,Pump A Running
2026-07-10T12:30:00+00:00,Running,1,2421.9,10.58,4.8,62.62,45.83,Pump A Running
2026-07-10T12:45:00+00:00,Running,1,2150.2,10.55,4.73,60.75,45.83,Pump A Running
2026-07-10T13:00:00+00:00,Running,1,2232.9,10.6,4.97,62.07,46.02,Pump A Running
2026-07-10T13:15:00+00:00,Running,1,2221.5,10.67,4.84,62.93,46.02,Pump A Running
2026-07-10T13:30:00+00:00,Running,1,2171.1,10.45,4.8,60.46,46.03,Pump A Running
2026-07-10T13:45:00+00:00,Running,1,2296.6,10.7,4.85,62.7,46.36,Pump A Running
2026-07-10T14:00:00+00:00,Running,1,2336.1,10.67,5.01,62.05,46.34,Pump A Running
2026-07-10T14:15:00+00:00,Running,1,2297.2,10.53,4.7,62.52,44.85,Pump A Running
2026-07-10T14:30:00+00:00,Running,1,2333.6,10.64,4.98,62.1,45.91,Pump A Running
2026-07-10T14:45:00+00:00,Running,1,2269.3,10.52,4.81,60.47,46.67,Pump A Running
2026-07-10T15:00:00+00:00,Running,1,2204.0,10.57,4.75,63.21,46.41,Pump A Running
2026-07-10T15:15:00+00:00,Running,1,2283.2,10.65,4.96,62.2,45.44,Pump A Running
2026-07-10T15:30:00+00:00,Running,1,2298.5,10.59,4.83,60.26,45.66,Pump A Running
2026-07-10T15:45:00+00:00,Running,1,2383.8,10.5,4.84,62.58,45.63,Pump A Running
2026-07-10T16:00:00+00:00,Running,1,2228.6,10.57,4.76,58.94,46.38,Pump A Running
2026-07-10T16:15:00+00:00,Running,1,2217.8,10.54,4.73,62.42,45.17,Pump A Running
2026-07-10T16:30:00+00:00,Running,1,2187.3,10.63,4.89,62.23,46.72,Pump A Running
2026-07-10T16:45:00+00:00,Running,1,2311.2,10.68,4.95,60.54,45.82,Pump A Running
2026-07-10T17:00:00+00:00,Running,1,2368.4,10.63,4.89,61.58,46.13,Pump A Running
2026-07-10T17:15:00+00:00,Running,1,2374.0,10.55,4.76,62.35,45.31,Pump A Running
2026-07-10T17:30:00+00:00,Running,1,2311.1,10.54,4.86,61.75,45.78,Pump A Running
2026-07-10T17:45:00+00:00,Running,1,2312.0,10.66,4.73,61.08,45.57,Pump A Running
2026-07-10T18:00:00+00:00,Running,1,2443.1,10.77,4.86,63.42,45.92,Pump A Running
2026-07-10T18:15:00+00:00,Running,1,2429.4,10.57,4.79,61.53,46.21,Pump A Running
2026-07-10T18:30:00+00:00,Running,1,2226.0,10.59,4.95,61.98,46.19,Pump A Running
2026-07-10T18:45:00+00:00,Running,1,2369.7,10.52,5.04,62.18,45.74,Pump A Running
2026-07-10T19:00:00+00:00,Running,1,2480.0,10.65,4.91,63.14,45.29,Pump A Running
2026-07-10T19:15:00+00:00,Running,1,2200.4,10.6,4.82,61.71,45.59,Pump A Running
2026-07-10T19:30:00+00:00,Running,1,2373.4,10.54,4.96,62.77,46.05,Pump A Running
2026-07-10T19:45:00+00:00,Running,1,2482.7,10.55,4.83,60.45,45.93,Pump A Running
2026-07-10T20:00:00+00:00,Running,1,2470.2,10.57,4.94,61.03,46.32,Pump A Running
2026-07-10T20:15:00+00:00,Running,1,2346.9,10.51,4.94,62.7,46.16,Pump A Running
2026-07-10T20:30:00+00:00,Running,1,2336.6,10.56,4.75,60.82,45.69,Pump A Running
2026-07-10T20:45:00+00:00,Running,1,2417.8,10.6,4.85,60.77,45.66,Pump A Running
2026-07-10T21:00:00+00:00,Running,1,2295.2,10.61,4.85,63.44,46.58,Pump A Running
2026-07-10T21:15:00+00:00,Running,1,2334.1,10.53,4.78,63.96,46.24,Pump A Running
2026-07-10T21:30:00+00:00,Running,1,2304.0,10.61,4.71,61.63,45.39,Pump A Running
2026-07-10T21:45:00+00:00,Running,1,2637.5,10.69,4.85,62.35,45.78,Pump A Running
2026-07-10T22:00:00+00:00,Running,1,2382.3,10.61,4.79,64.91,45.67,Pump A Running
2026-07-10T22:15:00+00:00,Running,1,2357.5,10.64,4.81,60.22,45.56,Pump A Running
2026-07-10T22:30:00+00:00,Running,1,2470.2,10.52,4.79,61.24,45.51,Pump A Running
2026-07-10T22:45:00+00:00,Running,1,2601.3,10.62,4.89,61.9,45.61,Pump A Running
2026-07-10T23:00:00+00:00,Running,1,2316.3,10.67,4.7,63.9,46.01,Pump A Running
2026-07-10T23:15:00+00:00,Running,1,2569.8,10.58,4.88,61.41,45.3,Pump A Running
2026-07-10T23:30:00+00:00,Running,1,2391.9,10.73,4.99,62.18,46.63,Pump A Running
2026-07-10T23:45:00+00:00,Running,1,2350.7,10.54,4.92,60.45,46.79,Pump A Running
2026-07-11T00:00:00+00:00,Running,1,2366.7,10.66,4.76,60.61,46.17,Pump A Running
2026-07-11T00:15:00+00:00,Running,1,2312.9,10.58,4.86,62.49,46.12,Pump A Running
2026-07-11T00:30:00+00:00,Running,1,2446.8,10.68,4.76,61.73,45.57,Pump A Running
2026-07-11T00:45:00+00:00,Running,1,2440.8,10.58,5.13,60.71,45.58,Pump A Running
2026-07-11T01:00:00+00:00,Running,1,2465.1,10.54,4.97,63.96,46.34,Pump A Running
2026-07-11T01:15:00+00:00,Running,1,2590.2,10.67,4.78,63.0,45.9,Pump A Running
2026-07-11T01:30:00+00:00,Running,1,2644.5,10.73,4.87,61.61,45.65,Pump A Running
2026-07-11T01:45:00+00:00,Running,1,2548.1,10.63,4.9,62.4,46.39,Pump A Running
2026-07-11T02:00:00+00:00,Stopped,0,0.0,0.0,0.13,0.0,28.28,Pumps Stopped
2026-07-11T02:15:00+00:00,Stopped,0,0.0,0.0,0.14,0.0,28.94,Pumps Stopped
2026-07-11T02:30:00+00:00,Stopped,0,0.0,0.0,0.13,0.0,29.28,Pumps Stopped
2026-07-11T02:45:00+00:00,Stopped,0,0.0,0.0,0.16,0.0,28.75,Pumps Stopped
2026-07-11T03:00:00+00:00,Stopped,0,0.0,0.0,0.08,0.0,29.03,Pumps Stopped
2026-07-11T03:15:00+00:00,Stopped,0,0.0,0.0,0.14,0.0,29.19,Pumps Stopped
2026-07-11T03:30:00+00:00,Running,1,2550.9,10.75,4.87,61.31,46.58,Pump A Running
2026-07-11T03:45:00+00:00,Running,1,2516.3,10.65,4.92,64.22,45.97,Pump A Running
2026-07-11T04:00:00+00:00,Running,1,2499.0,10.59,4.79,62.29,44.96,Pump A Running
2026-07-11T04:15:00+00:00,Running,1,2643.0,10.65,4.79,62.54,45.18,Pump A Running
2026-07-11T04:30:00+00:00,Running,1,2554.1,10.6,4.89,60.46,45.43,Pump A Running
2026-07-11T04:45:00+00:00,Running,1,2456.6,10.52,4.89,60.74,45.5,Pump A Running
2026-07-11T05:00:00+00:00,Running,1,2764.7,10.51,4.92,64.91,46.31,Pump A Running
2026-07-11T05:15:00+00:00,Running,1,2518.9,10.46,4.82,63.59,45.37,Pump A Running
2026-07-11T05:30:00+00:00,Running,1,2584.2,10.64,4.71,62.72,45.12,Pump A Running
2026-07-11T05:45:00+00:00,Running,1,2532.5,10.62,4.9,59.7,46.1,Pump A Running
2026-07-11T06:00:00+00:00,Running,1,2516.2,10.58,5.02,62.35,45.91,Pump A Running
2026-07-11T06:15:00+00:00,Running,1,2563.1,10.53,4.84,61.19,45.92,Pump A Running
2026-07-11T06:30:00+00:00,Running,1,2542.5,10.62,4.86,61.52,46.08,Pump A Running
2026-07-11T06:45:00+00:00,Running,1,2502.4,10.66,4.91,60.67,46.64,Pump A Running
2026-07-11T07:00:00+00:00,Running,1,2525.7,10.68,4.8,62.14,46.15,Pump A Running
2026-07-11T07:15:00+00:00,Running,1,2584.7,10.58,4.82,59.36,45.74,Pump A Running
2026-07-11T07:30:00+00:00,Running,1,2683.7,10.65,4.8,60.77,46.09,Pump A Running
2026-07-11T07:45:00+00:00,Running,1,2464.1,10.76,5.0,61.47,45.14,Pump A Running
2026-07-11T08:00:00+00:00,Running,1,2538.4,10.49,4.82,62.12,45.25,Pump A Running
2026-07-11T08:15:00+00:00,Running,1,2613.2,10.68,4.7,59.72,46.84,Pump A Running
2026-07-11T08:30:00+00:00,Running,1,2470.7,10.65,4.94,61.12,45.71,Pump A Running
2026-07-11T08:45:00+00:00,Running,1,2500.5,10.69,4.8,61.95,45.72,Pump A Running
2026-07-11T09:00:00+00:00,Running,1,2532.0,10.5,4.91,61.91,46.15,Pump A Running
2026-07-11T09:15:00+00:00,Running,1,2601.2,10.75,4.87,62.17,46.07,Pump A Running
2026-07-11T09:30:00+00:00,Running,1,2673.7,10.61,4.92,59.82,46.06,Pump A Running
2026-07-11T09:45:00+00:00,Running,1,2595.7,10.68,4.91,61.66,45.68,Pump A Running
2026-07-11T10:00:00+00:00,Running,1,2475.6,10.66,4.92,61.79,45.98,Pump A Running
2026-07-11T10:15:00+00:00,Running,1,2814.5,10.6,4.87,62.33,47.07,Pump A Running
2026-07-11T10:30:00+00:00,Running,1,2629.7,10.54,4.78,62.37,46.44,Pump A Running
2026-07-11T10:45:00+00:00,Running,1,2748.9,10.56,4.85,60.25,45.85,Pump A Running
2026-07-11T11:00:00+00:00,Running,1,2699.6,10.69,4.74,61.44,45.99,Pump A Running
2026-07-11T11:15:00+00:00,Running,1,2515.5,10.55,4.91,65.36,46.47,Pump A Running
2026-07-11T11:30:00+00:00,Running,1,2719.2,10.69,4.82,61.69,45.28,Pump A Running
2026-07-11T11:45:00+00:00,Running,1,2732.2,10.56,4.78,62.73,46.55,Pump A Running
2026-07-11T12:00:00+00:00,Running,1,2636.8,10.47,4.89,61.53,45.91,Pump A Running
2026-07-11T12:15:00+00:00,Running,1,2736.6,10.52,4.65,62.7,45.93,Pump A Running
2026-07-11T12:30:00+00:00,Running,1,2788.7,10.56,4.68,61.38,45.59,Pump A Running
2026-07-11T12:45:00+00:00,Running,1,2813.2,10.59,4.76,62.82,45.99,Pump A Running
2026-07-11T13:00:00+00:00,Running,1,2764.6,10.57,4.9,60.39,45.32,Pump A Running
2026-07-11T13:15:00+00:00,Running,1,2618.4,10.63,4.94,62.56,46.3,Pump A Running
2026-07-11T13:30:00+00:00,Running,1,2684.1,10.64,4.87,62.19,45.58,Pump A Running
2026-07-11T13:45:00+00:00,Running,1,2789.2,10.59,4.83,65.32,46.47,Pump A Running
2026-07-11T14:00:00+00:00,Running,1,2797.3,10.72,4.89,62.1,46.01,Pump A Running
2026-07-11T14:15:00+00:00,Running,1,2797.8,10.67,4.73,60.94,46.7,Pump A Running
2026-07-11T14:30:00+00:00,Running,1,2664.5,10.63,4.79,62.49,46.26,Pump A Running
2026-07-11T14:45:00+00:00,Running,1,2669.8,10.53,4.71,62.11,45.4,Pump A Running
2026-07-11T15:00:00+00:00,Running,1,2511.5,10.53,4.96,63.31,45.81,Pump A Running
2026-07-11T15:15:00+00:00,Running,1,2793.9,10.71,4.87,62.4,45.91,Pump A Running
2026-07-11T15:30:00+00:00,Running,1,2630.1,10.58,4.82,60.82,45.75,Pump A Running
2026-07-11T15:45:00+00:00,Running,1,2712.9,10.58,4.94,61.17,46.22,Pump A Running
2026-07-11T16:00:00+00:00,Running,1,2754.7,10.71,4.99,62.93,46.54,Pump A Running
2026-07-11T16:15:00+00:00,Running,1,2643.0,10.62,4.78,62.06,46.33,Pump A Running
2026-07-11T16:30:00+00:00,Running,1,2817.0,10.62,4.91,62.7,46.96,Pump A Running
2026-07-11T16:45:00+00:00,Running,1,2651.4,10.63,5.06,62.63,45.59,Pump A Running
2026-07-11T17:00:00+00:00,Running,1,2787.2,10.54,4.77,61.93,46.28,Pump A Running
2026-07-11T17:15:00+00:00,Running,1,2737.7,10.52,4.87,61.82,46.23,Pump A Running
2026-07-11T17:30:00+00:00,Running,1,2711.4,10.59,4.83,61.39,46.06,Pump A Running
2026-07-11T17:45:00+00:00,Running,1,2802.9,10.54,4.9,63.11,46.92,Pump A Running
2026-07-11T18:00:00+00:00,Running,1,2573.1,10.61,4.74,61.36,46.72,Pump A Running
2026-07-11T18:15:00+00:00,Running,1,2645.1,10.56,4.84,60.94,46.24,Pump A Running
2026-07-11T18:30:00+00:00,Running,1,2767.7,10.6,4.71,62.08,46.04,Pump A Running
2026-07-11T18:45:00+00:00,Running,1,2698.9,10.67,4.84,62.13,46.43,Pump A Running
2026-07-11T19:00:00+00:00,Running,1,2713.4,10.67,4.77,61.01,45.96,Pump A Running
2026-07-11T19:15:00+00:00,Running,1,2716.9,10.54,4.88,60.75,46.07,Pump A Running
2026-07-11T19:30:00+00:00,Running,1,2916.7,10.54,4.8,62.17,45.6,Pump A Running
2026-07-11T19:45:00+00:00,Running,1,2778.4,10.66,4.79,63.34,45.96,Pump A Running
2026-07-11T20:00:00+00:00,Running,1,2658.7,10.61,4.93,61.67,46.21,Pump A Running
2026-07-11T20:15:00+00:00,Running,1,2719.4,10.58,4.82,61.14,46.18,Pump A Running
2026-07-11T20:30:00+00:00,Running,1,2683.6,10.7,4.72,62.64,46.48,Pump A Running
2026-07-11T20:45:00+00:00,Running,1,2649.1,10.6,4.81,64.6,45.47,Pump A Running
2026-07-11T21:00:00+00:00,Running,1,2673.6,10.55,4.86,61.86,45.37,Pump A Running
2026-07-11T21:15:00+00:00,Running,1,2789.7,10.62,4.85,62.16,46.34,Pump A Running
2026-07-11T21:30:00+00:00,Running,1,2691.5,10.68,5.02,63.45,45.67,Pump A Running
2026-07-11T21:45:00+00:00,Running,1,2805.3,10.58,4.96,60.3,45.71,Pump A Running
2026-07-11T22:00:00+00:00,Running,1,2779.5,10.59,4.78,61.91,45.39,Pump A Running
2026-07-11T22:15:00+00:00,Running,1,2784.9,10.65,4.69,63.9,44.89,Pump A Running
2026-07-11T22:30:00+00:00,Running,1,2861.3,10.58,4.85,60.91,45.58,Pump A Running
2026-07-11T22:45:00+00:00,Running,1,2577.8,10.66,4.82,60.99,45.59,Pump A Running
2026-07-11T23:00:00+00:00,Running,1,2680.4,10.6,4.84,61.72,45.81,Pump A Running
2026-07-11T23:15:00+00:00,Running,1,2804.2,10.65,4.87,61.33,45.81,Pump A Running
2026-07-11T23:30:00+00:00,Running,1,2664.7,10.64,4.93,60.96,46.29,Pump A Running
2026-07-11T23:45:00+00:00,Running,1,2699.8,10.49,4.89,61.85,46.13,Pump A Running
2026-07-12T00:00:00+00:00,Running,1,2721.8,10.6,4.9,63.97,45.6,Pump A Running
2026-07-12T00:15:00+00:00,Running,1,2761.2,10.61,4.94,62.91,46.54,Pump A Running
2026-07-12T00:30:00+00:00,Running,1,2690.0,10.62,4.83,63.61,47.05,Pump A Running
2026-07-12T00:45:00+00:00,Running,1,2704.7,10.54,4.94,61.47,46.02,Pump A Running
2026-07-12T01:00:00+00:00,Running,1,2771.2,10.56,4.81,62.43,46.47,Pump A Running
2026-07-12T01:15:00+00:00,Running,1,2764.1,10.61,4.82,61.1,46.1,Pump A Running
2026-07-12T01:30:00+00:00,Running,1,2675.0,10.62,4.75,61.63,46.44,Pump A Running
2026-07-12T01:45:00+00:00,Running,1,2781.7,10.66,4.76,61.27,45.69,Pump A Running
2026-07-12T02:00:00+00:00,Stopped,0,0.0,0.0,0.1,0.0,29.08,Pumps Stopped
2026-07-12T02:15:00+00:00,Stopped,0,0.0,0.0,0.12,0.0,28.64,Pumps Stopped
2026-07-12T02:30:00+00:00,Stopped,0,0.0,0.0,0.18,0.0,29.25,Pumps Stopped
2026-07-12T02:45:00+00:00,Stopped,0,0.0,0.0,0.11,0.0,28.82,Pumps Stopped
2026-07-12T03:00:00+00:00,Stopped,0,0.0,0.0,0.15,0.0,29.01,Pumps Stopped
2026-07-12T03:15:00+00:00,Stopped,0,0.0,0.0,0.06,0.0,29.09,Pumps Stopped
2026-07-12T03:30:00+00:00,Running,1,2651.0,10.62,4.92,62.79,45.88,Pump A Running
2026-07-12T03:45:00+00:00,Running,1,2539.6,10.57,4.85,60.84,46.76,Pump A Running
2026-07-12T04:00:00+00:00,Running,1,2653.2,10.64,4.74,61.71,46.21,Pump A Running
2026-07-12T04:15:00+00:00,Running,1,2714.6,10.68,4.9,62.35,45.41,Pump A Running
2026-07-12T04:30:00+00:00,Running,1,2807.6,10.61,4.84,62.16,45.14,Pump A Running
2026-07-12T04:45:00+00:00,Running,1,2832.3,10.6,4.9,61.04,46.3,Pump A Running
2026-07-12T05:00:00+00:00,Running,1,2776.5,10.7,4.88,62.38,46.82,Pump A Running
2026-07-12T05:15:00+00:00,Running,1,2479.1,10.43,4.9,61.58,46.33,Pump A Running
2026-07-12T05:30:00+00:00,Running,1,2635.7,10.53,4.67,63.29,46.84,Pump A Running
2026-07-12T05:45:00+00:00,Running,1,2566.9,10.63,4.81,61.37,45.94,Pump A Running
2026-07-12T06:00:00+00:00,Running,1,2623.2,10.6,4.74,62.2,45.27,Pump A Running
2026-07-12T06:15:00+00:00,Running,1,2636.0,10.64,5.02,63.41,46.41,Pump A Running
2026-07-12T06:30:00+00:00,Running,1,2605.8,10.64,4.89,60.86,46.3,Pump A Running
2026-07-12T06:45:00+00:00,Running,1,2488.0,10.55,4.87,61.58,46.35,Pump A Running
2026-07-12T07:00:00+00:00,Running,1,2638.5,10.61,4.95,61.18,45.8,Pump A Running
2026-07-12T07:15:00+00:00,Running,1,2690.4,10.6,4.9,61.13,46.08,Pump A Running
2026-07-12T07:30:00+00:00,Running,1,2603.4,10.59,4.98,61.15,47.17,Pump A Running
2026-07-12T07:45:00+00:00,Running,1,2690.5,10.54,4.75,61.34,46.14,Pump A Running
2026-07-12T08:00:00+00:00,Running,1,2645.3,10.59,4.89,61.13,45.84,Pump A Running
2026-07-12T08:15:00+00:00,Running,1,2552.7,10.76,4.92,61.73,46.48,Pump A Running
2026-07-12T08:30:00+00:00,Running,1,2759.2,10.44,4.74,60.8,46.05,Pump A Running
2026-07-12T08:45:00+00:00,Running,1,2428.3,10.66,4.85,61.05,45.83,Pump A Running
2026-07-12T09:00:00+00:00,Running,1,2617.2,10.66,5.02,62.4,45.58,Pump A Running
2026-07-12T09:15:00+00:00,Running,1,2515.6,10.63,4.77,62.49,46.32,Pump A Running
2026-07-12T09:30:00+00:00,Running,1,2583.6,10.56,5.0,59.3,45.8,Pump A Running
2026-07-12T09:45:00+00:00,Running,1,2607.0,10.49,5.0,62.74,46.71,Pump A Running
2026-07-12T10:00:00+00:00,Running,1,2700.6,10.65,4.84,61.56,46.12,Pump A Running
2026-07-12T10:15:00+00:00,Running,1,2504.2,10.66,4.92,63.06,46.98,Pump A Running
2026-07-12T10:30:00+00:00,Running,1,2612.0,10.57,4.89,61.72,46.47,Pump A Running
2026-07-12T10:45:00+00:00,Running,1,2512.2,10.5,4.91,60.57,45.7,Pump A Running
2026-07-12T11:00:00+00:00,Running,1,2698.2,10.72,4.8,60.93,46.36,Pump A Running
2026-07-12T11:15:00+00:00,Running,1,2548.4,10.68,4.79,62.73,46.33,Pump A Running
2026-07-12T11:30:00+00:00,Running,1,2533.6,10.6,4.89,61.81,46.57,Pump A Running
2026-07-12T11:45:00+00:00,Running,1,2590.3,10.55,4.75,62.04,45.52,Pump A Running
2026-07-12T12:00:00+00:00,Running,1,2515.0,10.54,4.79,60.47,46.23,Pump A Running
2026-07-12T12:15:00+00:00,Running,1,2616.0,10.62,4.95,61.23,45.89,Pump A Running
2026-07-12T12:30:00+00:00,Running,1,2413.2,10.72,4.89,62.21,45.96,Pump A Running
2026-07-12T12:45:00+00:00,Running,1,2502.9,10.63,5.02,61.27,46.01,Pump A Running
2026-07-12T13:00:00+00:00,Running,1,2567.1,10.57,4.91,61.55,46.05,Pump A Running
2026-07-12T13:15:00+00:00,Running,1,2507.1,10.62,4.82,61.79,45.51,Pump A Running
2026-07-12T13:30:00+00:00,Running,1,2555.4,10.65,4.93,61.05,45.99,Pump A Running
2026-07-12T13:45:00+00:00,Running,1,2456.5,10.57,4.94,62.84,45.98,Pump A Running
2026-07-12T14:00:00+00:00,Running,1,2531.8,10.55,4.85,61.27,45.68,Pump A Running
2026-07-12T14:15:00+00:00,Running,1,2625.0,10.7,4.92,61.4,45.17,Pump A Running
2026-07-12T14:30:00+00:00,Running,1,2531.8,10.59,4.81,62.91,46.11,Pump A Running
2026-07-12T14:45:00+00:00,Running,1,2435.6,10.69,4.75,62.21,45.75,Pump A Running
2026-07-12T15:00:00+00:00,Running,1,2475.4,10.7,4.99,61.71,45.31,Pump A Running
2026-07-12T15:15:00+00:00,Running,1,2442.3,10.63,4.77,61.56,45.57,Pump A Running
2026-07-12T15:30:00+00:00,Running,1,2438.7,10.69,4.76,63.25,46.18,Pump A Running
2026-07-12T15:45:00+00:00,Running,1,2346.4,10.64,4.82,63.04,44.77,Pump A Running
2026-07-12T16:00:00+00:00,Running,1,2572.0,10.56,4.78,61.12,46.28,Pump A Running
2026-07-12T16:15:00+00:00,Running,1,2443.7,10.63,4.94,62.99,45.62,Pump A Running
2026-07-12T16:30:00+00:00,Running,1,2436.6,10.6,4.84,62.85,45.87,Pump A Running
2026-07-12T16:45:00+00:00,Running,1,2478.0,10.6,4.92,65.63,46.01,Pump A Running
2026-07-12T17:00:00+00:00,Running,1,2578.0,10.56,4.87,60.49,46.38,Pump A Running
2026-07-12T17:15:00+00:00,Running,1,2434.0,10.59,4.77,61.69,46.18,Pump A Running
2026-07-12T17:30:00+00:00,Running,1,2497.3,10.65,4.97,62.54,46.95,Pump A Running
2026-07-12T17:45:00+00:00,Running,1,2496.9,10.58,4.86,61.8,46.27,Pump A Running
2026-07-12T18:00:00+00:00,Running,1,2269.3,10.52,4.74,60.73,45.36,Pump A Running
2026-07-12T18:15:00+00:00,Running,1,2447.9,10.55,4.78,60.89,46.66,Pump A Running
2026-07-12T18:30:00+00:00,Running,1,2515.3,10.64,4.9,62.9,46.24,Pump A Running
2026-07-12T18:45:00+00:00,Running,1,2444.9,10.57,5.06,61.48,45.28,Pump A Running
2026-07-12T19:00:00+00:00,Running,1,2468.9,10.58,4.88,62.84,46.43,Pump A Running
2026-07-12T19:15:00+00:00,Running,1,2416.6,10.61,4.88,61.69,45.6,Pump A Running
2026-07-12T19:30:00+00:00,Running,1,2363.4,10.64,4.87,62.08,46.67,Pump A Running
2026-07-12T19:45:00+00:00,Running,1,2443.1,10.69,4.79,63.19,46.0,Pump A Running
2026-07-12T20:00:00+00:00,Running,1,2438.5,10.49,4.92,62.59,46.09,Pump A Running
2026-07-12T20:15:00+00:00,Running,1,2219.1,10.57,4.85,62.22,45.44,Pump A Running
2026-07-12T20:30:00+00:00,Running,1,2284.8,10.6,4.79,60.25,46.04,Pump A Running
2026-07-12T20:45:00+00:00,Running,1,2330.4,10.58,4.74,62.57,46.17,Pump A Running
2026-07-12T21:00:00+00:00,Running,1,2241.8,10.61,4.74,61.07,46.62,Pump A Running
2026-07-12T21:15:00+00:00,Running,1,2333.7,10.72,4.74,62.43,45.76,Pump A Running
2026-07-12T21:30:00+00:00,Running,1,2416.4,10.44,4.88,61.67,45.76,Pump A Running
2026-07-12T21:45:00+00:00,Running,1,2381.3,10.67,4.85,62.15,45.96,Pump A Running
2026-07-12T22:00:00+00:00,Running,1,2389.7,10.48,4.77,61.18,46.22,Pump A Running
2026-07-12T22:15:00+00:00,Running,1,2304.8,10.61,4.81,63.18,45.42,Pump A Running
2026-07-12T22:30:00+00:00,Running,1,2412.8,10.58,4.95,62.11,45.78,Pump A Running
2026-07-12T22:45:00+00:00,Running,1,2333.5,10.61,4.68,61.15,46.6,Pump A Running
2026-07-12T23:00:00+00:00,Running,1,2281.6,10.7,4.77,59.4,45.67,Pump A Running
2026-07-12T23:15:00+00:00,Running,1,2352.1,10.7,4.83,63.38,46.72,Pump A Running
2026-07-12T23:30:00+00:00,Running,1,2317.8,10.69,4.83,61.94,45.09,Pump A Running
2026-07-12T23:45:00+00:00,Running,1,2278.5,10.53,4.74,61.98,46.24,Pump A Running
2026-07-13T00:00:00+00:00,Running,1,2221.4,10.46,4.77,63.54,46.08,Pump A Running
2026-07-13T00:15:00+00:00,Running,1,2356.3,10.66,4.96,60.35,45.27,Pump A Running
2026-07-13T00:30:00+00:00,Running,1,2247.7,10.5,4.83,62.48,47.09,Pump A Running
2026-07-13T00:45:00+00:00,Running,1,2402.7,10.61,4.78,61.06,46.25,Pump A Running
2026-07-13T01:00:00+00:00,Running,1,2425.7,10.56,4.73,63.29,46.46,Pump A Running
2026-07-13T01:15:00+00:00,Running,1,2399.5,10.57,5.0,64.68,46.52,Pump A Running
2026-07-13T01:30:00+00:00,Running,1,2240.6,10.52,4.84,62.13,45.55,Pump A Running
2026-07-13T01:45:00+00:00,Running,1,2225.6,10.56,4.81,61.63,46.26,Pump A Running
2026-07-13T02:00:00+00:00,Stopped,0,0.0,0.0,0.16,0.0,28.79,Pumps Stopped
2026-07-13T02:15:00+00:00,Stopped,0,0.0,0.0,0.11,0.0,28.65,Pumps Stopped
2026-07-13T02:30:00+00:00,Stopped,0,0.0,0.0,0.13,0.0,29.12,Pumps Stopped
2026-07-13T02:45:00+00:00,Stopped,0,0.0,0.0,0.13,0.0,29.31,Pumps Stopped
2026-07-13T03:00:00+00:00,Stopped,0,0.0,0.0,0.13,0.0,29.43,Pumps Stopped
2026-07-13T03:15:00+00:00,Stopped,0,0.0,0.0,0.06,0.0,28.72,Pumps Stopped
2026-07-13T03:30:00+00:00,Running,1,2310.5,10.6,4.85,61.36,46.19,Pump A Running
2026-07-13T03:45:00+00:00,Running,1,2275.2,10.5,4.94,61.42,46.04,Pump A Running
2026-07-13T04:00:00+00:00,Running,1,2281.2,10.58,4.9,63.6,46.3,Pump A Running
2026-07-13T04:15:00+00:00,Running,1,2246.4,10.46,4.83,62.44,46.11,Pump A Running
2026-07-13T04:30:00+00:00,Running,1,2130.8,10.67,4.78,61.5,45.71,Pump A Running
2026-07-13T04:45:00+00:00,Running,1,2367.1,10.64,4.78,62.36,45.15,Pump A Running
2026-07-13T05:00:00+00:00,Running,1,2264.2,10.59,4.88,60.57,46.16,Pump A Running
2026-07-13T05:15:00+00:00,Running,1,2317.2,10.53,4.85,62.48,45.69,Pump A Running
2026-07-13T05:30:00+00:00,Running,1,2252.0,10.58,4.87,62.47,45.86,Pump A Running
2026-07-13T05:45:00+00:00,Running,1,2243.2,10.7,4.76,59.26,45.89,Pump A Running
2026-07-13T06:00:00+00:00,Running,1,2132.8,10.74,4.69,63.57,45.8,Pump A Running
2026-07-13T06:15:00+00:00,Running,1,2286.5,10.6,5.0,62.01,45.36,Pump A Running
2026-07-13T06:30:00+00:00,Running,1,2348.2,10.8,4.94,63.01,45.81,Pump A Running
2026-07-13T06:45:00+00:00,Running,1,2126.5,10.65,4.97,61.05,45.87,Pump A Running
2026-07-13T07:00:00+00:00,Running,1,2096.4,10.65,4.87,64.21,46.09,Pump A Running
2026-07-13T07:15:00+00:00,Running,1,2094.2,10.62,4.68,62.5,46.21,Pump A Running
2026-07-13T07:30:00+00:00,Running,1,2249.8,10.61,4.74,62.73,46.2,Pump A Running
2026-07-13T07:45:00+00:00,Running,1,2341.1,10.71,4.84,61.98,45.59,Pump A Running
2026-07-13T08:00:00+00:00,Running,1,2318.2,10.59,4.88,59.42,46.78,Pump A Running
2026-07-13T08:15:00+00:00,Running,1,2156.7,10.63,4.92,61.88,45.28,Pump A Running
2026-07-13T08:30:00+00:00,Running,1,2220.1,10.55,4.87,60.59,45.77,Pump A Running
2026-07-13T08:45:00+00:00,Running,1,2245.9,10.59,4.88,61.22,44.83,Pump A Running
2026-07-13T09:00:00+00:00,Running,1,2273.0,10.53,4.9,62.66,46.38,Pump A Running
2026-07-13T09:15:00+00:00,Running,1,2196.6,10.63,4.69,60.43,45.3,Pump A Running
2026-07-13T09:30:00+00:00,Running,1,2154.4,10.55,4.9,61.19,45.84,Pump A Running
2026-07-13T09:45:00+00:00,Running,1,2137.2,10.55,4.72,61.46,46.16,Pump A Running
2026-07-13T10:00:00+00:00,Running,1,2235.7,10.63,4.84,60.22,46.15,Pump A Running
2026-07-13T10:15:00+00:00,Running,1,2025.1,10.43,4.86,61.54,46.2,Pump A Running
2026-07-13T10:30:00+00:00,Running,1,2460.5,10.7,4.77,62.98,45.63,Pump A Running
2026-07-13T10:45:00+00:00,Running,1,2094.3,10.49,4.9,63.21,46.57,Pump A Running
2026-07-13T11:00:00+00:00,Running,1,2054.5,10.58,4.9,60.75,46.45,Pump A Running
2026-07-13T11:15:00+00:00,Running,1,2150.5,10.74,4.85,63.42,45.7,Pump A Running
2026-07-13T11:30:00+00:00,Running,1,2362.4,10.67,4.95,61.26,45.77,Pump A Running
2026-07-13T11:45:00+00:00,Running,1,2211.1,10.54,4.7,60.41,46.65,Pump A Running
2026-07-13T12:00:00+00:00,Running,1,2286.2,10.62,4.98,61.61,44.92,Pump A Running
2026-07-13T12:15:00+00:00,Running,1,2176.8,10.54,4.88,61.7,45.96,Pump A Running
2026-07-13T12:30:00+00:00,Running,1,2223.9,10.57,4.77,62.59,45.69,Pump A Running
2026-07-13T12:45:00+00:00,Running,1,2327.4,10.69,4.83,61.87,46.04,Pump A Running
2026-07-13T13:00:00+00:00,Running,1,2187.8,10.66,4.91,62.8,45.64,Pump A Running
2026-07-13T13:15:00+00:00,Running,1,2226.2,10.63,4.81,60.97,46.14,Pump A Running
2026-07-13T13:30:00+00:00,Running,1,2041.3,10.51,4.78,63.15,46.26,Pump A Running
2026-07-13T13:45:00+00:00,Running,1,2283.9,10.69,4.72,62.69,44.13,Pump A Running
2026-07-13T14:00:00+00:00,Running,1,2224.4,10.73,4.79,60.29,46.16,Pump A Running
2026-07-13T14:15:00+00:00,Running,1,2194.9,10.58,4.77,62.47,45.96,Pump A Running
2026-07-13T14:30:00+00:00,Running,1,2015.2,10.58,4.78,63.42,45.99,Pump A Running
2026-07-13T14:45:00+00:00,Running,1,2303.7,10.57,4.9,63.4,46.16,Pump A Running
2026-07-13T15:00:00+00:00,Running,1,2229.8,10.59,4.92,60.43,46.7,Pump A Running
2026-07-13T15:15:00+00:00,Running,1,2092.2,10.74,4.82,60.36,46.43,Pump A Running
2026-07-13T15:30:00+00:00,Running,1,2142.9,10.68,4.85,63.81,45.21,Pump A Running
2026-07-13T15:45:00+00:00,Running,1,2227.9,10.58,4.69,62.18,46.41,Pump A Running
2026-07-13T16:00:00+00:00,Running,1,2120.3,10.54,4.97,61.92,46.39,Pump A Running
2026-07-13T16:15:00+00:00,Running,1,2355.5,10.66,4.89,62.7,45.81,Pump A Running
2026-07-13T16:30:00+00:00,Running,1,2178.3,10.59,4.85,62.59,46.15,Pump A Running
2026-07-13T16:45:00+00:00,Running,1,2287.5,10.61,4.84,61.23,46.1,Pump A Running
2026-07-13T17:00:00+00:00,Running,1,2127.2,10.61,4.9,62.09,45.54,Pump A Running
2026-07-13T17:15:00+00:00,Running,1,2179.1,10.62,4.96,62.29,46.22,Pump A Running
2026-07-13T17:30:00+00:00,Running,1,2237.1,10.55,4.68,61.59,46.16,Pump A Running
2026-07-13T17:45:00+00:00,Running,1,2129.9,10.59,4.95,62.24,46.96,Pump A Running
2026-07-13T18:00:00+00:00,Running,1,2097.9,10.64,4.83,62.46,46.1,Pump A Running
2026-07-13T18:15:00+00:00,Running,1,2191.5,10.6,4.82,62.43,45.61,Pump A Running
2026-07-13T18:30:00+00:00,Running,1,2145.7,10.62,4.78,62.36,45.06,Pump A Running
2026-07-13T18:45:00+00:00,Running,1,2148.1,10.58,4.77,61.96,46.01,Pump A Running
2026-07-13T19:00:00+00:00,Running,1,2023.8,10.56,4.79,63.73,46.03,Pump A Running
2026-07-13T19:15:00+00:00,Running,1,2337.1,10.51,5.02,61.83,45.49,Pump A Running
2026-07-13T19:30:00+00:00,Running,1,2448.6,10.59,4.88,64.51,45.87,Pump A Running
2026-07-13T19:45:00+00:00,Running,1,2154.6,10.58,4.91,62.76,46.17,Pump A Running
2026-07-13T20:00:00+00:00,Running,1,2227.8,10.54,4.87,63.4,46.24,Pump A Running
2026-07-13T20:15:00+00:00,Running,1,2147.9,10.65,4.65,60.95,46.0,Pump A Running
2026-07-13T20:30:00+00:00,Running,1,2125.2,10.71,4.63,63.47,45.02,Pump A Running
2026-07-13T20:45:00+00:00,Running,1,1933.5,10.61,5.16,60.06,46.48,Pump A Running
2026-07-13T21:00:00+00:00,Running,1,2230.3,10.54,4.92,62.36,46.39,Pump A Running
2026-07-13T21:15:00+00:00,Running,1,2053.0,10.67,4.92,62.19,45.81,Pump A Running
2026-07-13T21:30:00+00:00,Running,1,2277.1,10.55,4.79,60.36,45.99,Pump A Running
2026-07-13T21:45:00+00:00,Running,1,2215.3,10.5,4.71,63.19,45.82,Pump A Running
2026-07-13T22:00:00+00:00,Running,1,2302.7,10.6,4.7,62.05,45.29,Pump A Running
2026-07-13T22:15:00+00:00,Running,1,2260.9,10.58,4.87,62.11,45.41,Pump A Running
2026-07-13T22:30:00+00:00,Running,1,2251.1,10.59,4.82,61.87,45.89,Pump A Running
2026-07-13T22:45:00+00:00,Running,1,2229.6,10.63,4.88,60.32,45.95,Pump A Running
2026-07-13T23:00:00+00:00,Running,1,2185.0,10.63,4.85,60.82,46.67,Pump A Running
2026-07-13T23:15:00+00:00,Running,1,2360.5,10.63,4.77,61.32,45.32,Pump A Running
2026-07-13T23:30:00+00:00,Running,1,2121.5,10.69,4.94,60.73,46.07,Pump A Running
2026-07-13T23:45:00+00:00,Running,1,2335.6,10.56,4.94,62.56,45.64,Pump A Running
2026-07-14T00:00:00+00:00,Running,1,2360.6,10.61,4.87,62.84,45.76,Pump A Running
2026-07-14T00:15:00+00:00,Running,1,2281.1,10.57,4.8,62.46,46.02,Pump A Running
2026-07-14T00:30:00+00:00,Running,1,2228.1,10.66,4.79,63.26,46.04,Pump A Running
2026-07-14T00:45:00+00:00,Running,1,2210.6,10.58,4.87,61.6,45.66,Pump A Running
2026-07-14T01:00:00+00:00,Running,1,2202.6,10.63,5.01,60.4,46.27,Pump A Running
2026-07-14T01:15:00+00:00,Running,1,2392.4,10.56,4.87,63.84,46.43,Pump A Running
2026-07-14T01:30:00+00:00,Running,1,2354.2,10.7,4.81,61.93,45.83,Pump A Running
2026-07-14T01:45:00+00:00,Running,1,2284.7,10.66,4.8,60.44,46.59,Pump A Running
2026-07-14T02:00:00+00:00,Stopped,0,0.0,0.0,0.11,0.0,29.07,Pumps Stopped
2026-07-14T02:15:00+00:00,Stopped,0,0.0,0.0,0.1,0.0,28.74,Pumps Stopped
2026-07-14T02:30:00+00:00,Stopped,0,0.0,0.0,0.09,0.0,28.99,Pumps Stopped
2026-07-14T02:45:00+00:00,Stopped,0,0.0,0.0,0.14,0.0,29.16,Pumps Stopped
2026-07-14T03:00:00+00:00,Stopped,0,0.0,0.0,0.15,0.0,29.43,Pumps Stopped
2026-07-14T03:15:00+00:00,Stopped,0,0.0,0.0,0.1,0.0,29.09,Pumps Stopped
2026-07-14T03:30:00+00:00,Running,1,2111.0,10.65,4.92,61.19,45.84,Pump A Running
2026-07-14T03:45:00+00:00,Running,1,2262.1,10.6,4.78,63.52,46.35,Pump A Running
2026-07-14T04:00:00+00:00,Running,1,2496.5,10.62,4.69,61.04,45.79,Pump A Running
2026-07-14T04:15:00+00:00,Running,1,2287.8,10.51,4.87,62.4,46.03,Pump A Running
2026-07-14T04:30:00+00:00,Running,1,2397.3,10.67,4.77,63.08,46.35,Pump A Running
2026-07-14T04:45:00+00:00,Running,1,2491.2,10.62,4.78,62.2,46.15,Pump A Running
2026-07-14T05:00:00+00:00,Running,1,2491.8,10.71,4.75,61.9,45.86,Pump A Running
2026-07-14T05:15:00+00:00,Running,1,2345.8,10.56,5.07,61.81,45.34,Pump A Running
2026-07-14T05:30:00+00:00,Running,1,2156.8,10.67,4.91,61.08,45.86,Pump A Running
2026-07-14T05:45:00+00:00,Running,1,2480.8,10.63,4.84,61.47,46.49,Pump A Running
2026-07-14T06:00:00+00:00,Running,1,2464.8,10.71,4.87,59.9,46.79,Pump A Running
2026-07-14T06:15:00+00:00,Running,1,2439.1,10.46,4.95,60.86,45.92,Pump A Running
2026-07-14T06:30:00+00:00,Running,1,2384.4,10.62,4.84,63.89,45.95,Pump A Running
2026-07-14T06:45:00+00:00,Running,1,2208.8,10.6,4.75,61.38,46.62,Pump A Running
2026-07-14T07:00:00+00:00,Running,1,2389.5,10.62,4.81,61.15,46.71,Pump A Running
2026-07-14T07:15:00+00:00,Running,1,2473.4,10.65,4.92,63.59,46.85,Pump A Running
2026-07-14T07:30:00+00:00,Running,1,2420.5,10.42,4.77,61.77,45.67,Pump A Running
2026-07-14T07:45:00+00:00,Running,1,2318.1,10.56,4.8,62.62,45.55,Pump A Running
2026-07-14T08:00:00+00:00,Running,1,2342.1,10.58,4.89,59.59,45.14,Pump A Running
2026-07-14T08:15:00+00:00,Running,1,2413.9,10.63,4.69,62.06,44.58,Pump A Running
2026-07-14T08:30:00+00:00,Running,1,2499.5,10.61,4.89,61.09,45.53,Pump A Running
2026-07-14T08:45:00+00:00,Running,1,2289.1,10.54,4.78,61.78,46.46,Pump A Running
2026-07-14T09:00:00+00:00,Running,1,2526.5,10.58,4.97,61.84,46.37,Pump A Running
2026-07-14T09:15:00+00:00,Running,1,2522.9,10.53,4.88,63.23,45.91,Pump A Running
2026-07-14T09:30:00+00:00,Running,1,2611.9,10.59,4.81,61.61,46.05,Pump A Running
2026-07-14T09:45:00+00:00,Running,1,2443.9,10.59,5.07,59.39,46.48,Pump A Running
2026-07-14T10:00:00+00:00,Running,1,2311.7,10.52,4.8,63.85,45.01,Pump A Running
2026-07-14T10:15:00+00:00,Running,1,2468.2,10.54,4.76,62.07,45.97,Pump A Running
2026-07-14T10:30:00+00:00,Running,1,2415.6,10.52,4.88,62.12,46.19,Pump A Running
2026-07-14T10:45:00+00:00,Running,1,2504.8,10.65,4.73,60.8,45.91,Pump A Running
2026-07-14T11:00:00+00:00,Running,1,2518.5,10.56,4.79,60.54,45.72,Pump A Running
2026-07-14T11:15:00+00:00,Running,1,2449.3,10.51,4.8,62.65,46.01,Pump A Running
2026-07-14T11:30:00+00:00,Running,1,2525.3,10.61,4.84,62.43,45.73,Pump A Running
2026-07-14T11:45:00+00:00,Running,1,2806.7,10.59,4.71,60.82,46.04,Pump A Running
2026-07-14T12:00:00+00:00,Running,1,2415.9,10.56,4.68,62.24,46.61,Pump A Running
2026-07-14T12:15:00+00:00,Running,1,2535.7,10.62,4.83,62.18,45.64,Pump A Running
2026-07-14T12:30:00+00:00,Running,1,2627.8,10.48,4.88,60.86,46.3,Pump A Running
2026-07-14T12:45:00+00:00,Running,1,2586.2,10.55,4.9,63.47,46.22,Pump A Running
2026-07-14T13:00:00+00:00,Running,1,2543.5,10.58,4.79,63.16,46.3,Pump A Running
2026-07-14T13:15:00+00:00,Running,1,2495.4,10.57,4.95,62.43,45.91,Pump A Running
2026-07-14T13:30:00+00:00,Running,1,2564.9,10.61,5.03,61.36,46.04,Pump A Running
2026-07-14T13:45:00+00:00,Running,1,2535.1,10.65,4.8,61.65,46.03,Pump A Running
2026-07-14T14:00:00+00:00,Running,1,2513.8,10.69,4.88,61.9,45.93,Pump A Running
2026-07-14T14:15:00+00:00,Running,1,2487.7,10.57,4.84,62.8,45.36,Pump A Running
2026-07-14T14:30:00+00:00,Running,1,2594.1,10.68,4.95,63.43,45.75,Pump A Running
2026-07-14T14:45:00+00:00,Running,1,2516.4,10.62,4.9,61.39,45.75,Pump A Running
2026-07-14T15:00:00+00:00,Running,1,2512.2,10.63,4.92,61.79,45.58,Pump A Running
2026-07-14T15:15:00+00:00,Running,1,2564.0,10.61,4.96,61.45,46.72,Pump A Running
2026-07-14T15:30:00+00:00,Running,1,2561.7,10.68,4.9,61.44,46.59,Pump A Running
2026-07-14T15:45:00+00:00,Running,1,2600.0,10.64,4.84,63.9,46.21,Pump A Running
2026-07-14T16:00:00+00:00,Running,1,2604.7,10.7,4.86,61.58,44.84,Pump A Running
2026-07-14T16:15:00+00:00,Running,1,2520.3,10.53,4.9,62.81,45.11,Pump A Running
2026-07-14T16:30:00+00:00,Running,1,2585.2,10.66,4.69,62.38,45.72,Pump A Running
2026-07-14T16:45:00+00:00,Running,1,2677.5,10.49,4.8,61.09,45.91,Pump A Running
2026-07-14T17:00:00+00:00,Running,1,2699.1,10.57,4.82,62.32,45.72,Pump A Running
2026-07-14T17:15:00+00:00,Running,1,2588.2,10.56,4.92,63.07,45.58,Pump A Running
2026-07-14T17:30:00+00:00,Running,1,2503.4,10.59,4.81,62.02,45.99,Pump A Running
2026-07-14T17:45:00+00:00,Running,1,2634.1,10.72,4.96,61.63,46.26,Pump A Running
2026-07-14T18:00:00+00:00,Running,1,2606.5,10.67,4.84,63.49,46.24,Pump A Running
2026-07-14T18:15:00+00:00,Running,1,2615.0,10.54,4.8,63.09,45.05,Pump A Running
2026-07-14T18:30:00+00:00,Running,1,2797.9,10.61,5.0,61.81,46.63,Pump A Running
2026-07-14T18:45:00+00:00,Running,1,2517.2,10.49,4.85,63.36,45.32,Pump A Running
2026-07-14T19:00:00+00:00,Running,1,2865.9,10.53,4.74,62.99,45.96,Pump A Running
2026-07-14T19:15:00+00:00,Running,1,2756.9,10.71,4.95,62.94,46.45,Pump A Running
2026-07-14T19:30:00+00:00,Running,1,2569.8,10.61,4.8,62.38,46.12,Pump A Running
2026-07-14T19:45:00+00:00,Running,1,2586.4,10.71,4.74,60.5,45.82,Pump A Running
2026-07-14T20:00:00+00:00,Running,1,2632.3,10.61,4.79,60.67,45.7,Pump A Running
2026-07-14T20:15:00+00:00,Running,1,2782.7,10.59,4.85,62.11,46.32,Pump A Running
2026-07-14T20:30:00+00:00,Running,1,2629.6,10.54,5.05,62.0,45.82,Pump A Running
2026-07-14T20:45:00+00:00,Running,1,2714.7,10.58,4.9,64.17,46.29,Pump A Running
2026-07-14T21:00:00+00:00,Running,1,2840.5,10.49,4.76,60.94,45.67,Pump A Running
2026-07-14T21:15:00+00:00,Running,1,2761.8,10.53,4.78,62.68,46.03,Pump A Running
2026-07-14T21:30:00+00:00,Running,1,2613.4,10.56,4.81,61.97,46.09,Pump A Running
2026-07-14T21:45:00+00:00,Running,1,2685.3,10.57,4.93,60.9,45.6,Pump A Running
2026-07-14T22:00:00+00:00,Running,1,2665.2,10.61,4.88,63.2,46.22,Pump A Running
2026-07-14T22:15:00+00:00,Running,1,2714.6,10.51,4.84,61.88,45.92,Pump A Running
2026-07-14T22:30:00+00:00,Running,1,2828.9,10.66,4.71,63.81,46.04,Pump A Running
2026-07-14T22:45:00+00:00,Running,1,2663.1,10.68,4.81,60.58,46.16,Pump A Running
2026-07-14T23:00:00+00:00,Running,1,2835.3,10.6,4.93,61.63,46.38,Pump A Running
2026-07-14T23:15:00+00:00,Running,1,2673.8,10.56,4.89,62.46,46.2,Pump A Running
2026-07-14T23:30:00+00:00,Running,1,2835.5,10.61,4.91,61.78,46.1,Pump A Running
2026-07-14T23:45:00+00:00,Running,1,2638.4,10.72,4.87,62.2,45.43,Pump A Running
2026-07-15T00:00:00+00:00,Running,1,2546.4,10.53,4.92,62.97,46.32,Pump A Running
2026-07-15T00:15:00+00:00,Running,1,2797.2,10.59,4.87,60.14,45.99,Pump A Running
2026-07-15T00:30:00+00:00,Running,1,2706.1,10.6,4.95,61.77,45.97,Pump A Running
2026-07-15T00:45:00+00:00,Running,1,2726.8,10.57,4.9,59.83,45.81,Pump A Running
2026-07-15T01:00:00+00:00,Running,1,2797.0,10.58,4.85,61.72,45.76,Pump A Running
2026-07-15T01:15:00+00:00,Running,1,2752.7,10.6,4.96,61.53,46.01,Pump A Running
2026-07-15T01:30:00+00:00,Running,1,2820.3,10.65,4.76,62.01,45.86,Pump A Running
2026-07-15T01:45:00+00:00,Running,1,2737.9,10.65,4.83,61.03,45.78,Pump A Running
2026-07-15T02:00:00+00:00,Stopped,0,0.0,0.0,0.16,0.0,28.84,Pumps Stopped
2026-07-15T02:15:00+00:00,Stopped,0,0.0,0.0,0.16,0.0,29.13,Pumps Stopped
2026-07-15T02:30:00+00:00,Stopped,0,0.0,0.0,0.12,0.0,29.48,Pumps Stopped
2026-07-15T02:45:00+00:00,Stopped,0,0.0,0.0,0.08,0.0,29.48,Pumps Stopped
2026-07-15T03:00:00+00:00,Stopped,0,0.0,0.0,0.11,0.0,28.58,Pumps Stopped
2026-07-15T03:15:00+00:00,Stopped,0,0.0,0.0,0.1,0.0,28.47,Pumps Stopped
2026-07-15T03:30:00+00:00,Running,1,2754.7,10.47,4.86,61.88,46.5,Pump A Running
2026-07-15T03:45:00+00:00,Running,1,2701.5,10.57,4.83,61.51,45.93,Pump A Running
2026-07-15T04:00:00+00:00,Running,1,2760.0,10.58,4.76,63.54,46.08,Pump A Running
2026-07-15T04:15:00+00:00,Running,1,2704.6,10.58,4.81,61.87,45.79,Pump A Running
2026-07-15T04:30:00+00:00,Running,1,2743.9,10.53,4.83,60.99,46.28,Pump A Running
2026-07-15T04:45:00+00:00,Running,1,2729.5,10.66,4.82,62.02,45.78,Pump A Running
2026-07-15T05:00:00+00:00,Running,1,2741.7,10.5,4.69,60.58,45.46,Pump A Running
2026-07-15T05:15:00+00:00,Running,1,2634.2,10.53,4.81,61.79,46.43,Pump A Running
2026-07-15T05:30:00+00:00,Running,1,2755.5,10.53,4.78,60.71,46.12,Pump A Running
2026-07-15T05:45:00+00:00,Running,1,2594.4,10.52,4.68,62.75,46.01,Pump A Running
2026-07-15T06:00:00+00:00,Running,1,2699.4,10.74,4.79,61.93,45.35,Pump A Running
2026-07-15T06:15:00+00:00,Running,1,2716.4,10.6,4.73,61.99,45.62,Pump A Running
2026-07-15T06:30:00+00:00,Running,1,2800.5,10.61,4.87,61.81,46.24,Pump A Running
2026-07-15T06:45:00+00:00,Running,1,2651.3,10.76,5.15,63.44,45.2,Pump A Running
2026-07-15T07:00:00+00:00,Running,1,2528.1,10.56,4.94,60.19,46.25,Pump A Running
2026-07-15T07:15:00+00:00,Running,1,2813.3,10.64,4.94,62.5,46.47,Pump A Running
2026-07-15T07:30:00+00:00,Running,1,2827.3,10.78,4.86,63.53,45.73,Pump A Running
2026-07-15T07:45:00+00:00,Running,1,2702.9,10.65,4.85,62.44,45.84,Pump A Running
2026-07-15T08:00:00+00:00,Running,1,2823.9,10.59,4.95,62.74,46.21,Pump A Running
2026-07-15T08:15:00+00:00,Running,1,2664.4,10.6,4.82,59.59,45.67,Pump A Running
2026-07-15T08:30:00+00:00,Running,1,2585.4,10.56,4.85,62.18,46.31,Pump A Running
2026-07-15T08:45:00+00:00,Running,1,2665.0,10.63,4.93,61.14,46.32,Pump A Running
2026-07-15T09:00:00+00:00,Running,1,2701.7,10.68,4.86,60.51,46.18,Pump A Running
2026-07-15T09:15:00+00:00,Running,1,2630.7,10.65,4.83,61.39,46.2,Pump A Running
2026-07-15T09:30:00+00:00,Running,1,2665.5,10.65,4.91,61.67,46.22,Pump A Running
2026-07-15T09:45:00+00:00,Running,1,2769.5,10.59,4.76,63.04,44.92,Pump A Running
2026-07-15T10:00:00+00:00,Running,1,2763.2,10.65,4.88,63.88,46.17,Pump A Running
2026-07-15T10:15:00+00:00,Running,1,2727.3,10.61,4.69,62.77,46.41,Pump A Running
2026-07-15T10:30:00+00:00,Running,1,2622.9,10.55,4.68,61.49,46.39,Pump A Running
2026-07-15T10:45:00+00:00,Running,1,2603.1,10.67,5.01,62.42,45.99,Pump A Running
2026-07-15T11:00:00+00:00,Running,1,2685.2,10.62,4.87,60.94,46.07,Pump A Running
2026-07-15T11:15:00+00:00,Running,1,2719.1,10.7,4.8,62.02,45.95,Pump A Running
2026-07-15T11:30:00+00:00,Running,1,2859.0,10.63,4.85,60.41,46.86,Pump A Running
2026-07-15T11:45:00+00:00,Running,1,2591.2,10.56,4.69,62.03,46.13,Pump A Running
2026-07-15T12:00:00+00:00,Running,1,2814.9,10.65,4.73,62.69,45.97,Pump A Running
2026-07-15T12:15:00+00:00,Running,1,2840.0,10.66,4.86,61.19,45.9,Pump A Running
2026-07-15T12:30:00+00:00,Running,1,2751.9,10.58,4.77,63.06,46.05,Pump A Running
2026-07-15T12:45:00+00:00,Running,1,2696.4,10.55,4.92,63.87,45.86,Pump A Running
2026-07-15T13:00:00+00:00,Running,1,2699.9,10.54,4.85,62.14,46.26,Pump A Running
2026-07-15T13:15:00+00:00,Running,1,2743.6,10.66,4.74,61.32,45.74,Pump A Running
2026-07-15T13:30:00+00:00,Running,1,2833.2,10.64,4.86,61.39,46.34,Pump A Running
2026-07-15T13:45:00+00:00,Running,1,2800.9,10.62,4.85,62.93,46.03,Pump A Running
2026-07-15T14:00:00+00:00,Running,1,2602.6,10.54,4.8,63.32,45.77,Pump A Running
2026-07-15T14:15:00+00:00,Running,1,2700.2,10.61,4.83,61.06,45.67,Pump A Running
2026-07-15T14:30:00+00:00,Running,1,2753.1,10.58,4.72,61.55,45.77,Pump A Running
2026-07-15T14:45:00+00:00,Running,1,2515.8,10.68,4.66,60.71,45.97,Pump A Running
2026-07-15T15:00:00+00:00,Running,1,2717.6,10.73,4.78,61.05,45.71,Pump A Running
2026-07-15T15:15:00+00:00,Running,1,2538.7,10.44,4.8,61.01,45.9,Pump A Running
2026-07-15T15:30:00+00:00,Running,1,2754.5,10.65,4.69,60.74,46.2,Pump A Running
2026-07-15T15:45:00+00:00,Running,1,2580.8,10.55,4.79,61.79,45.69,Pump A Running
2026-07-15T16:00:00+00:00,Running,1,2642.0,10.48,4.85,61.12,46.77,Pump A Running
2026-07-15T16:15:00+00:00,Running,1,2707.7,10.6,4.84,61.64,46.3,Pump A Running
2026-07-15T16:30:00+00:00,Running,1,2540.1,10.55,4.84,63.2,46.26,Pump A Running
2026-07-15T16:45:00+00:00,Running,1,2671.2,10.55,4.93,59.67,45.41,Pump A Running
2026-07-15T17:00:00+00:00,Running,1,2676.0,10.53,4.8,61.89,45.7,Pump A Running
2026-07-15T17:15:00+00:00,Running,1,2646.4,10.6,4.65,64.59,45.94,Pump A Running
2026-07-15T17:30:00+00:00,Running,1,2495.9,10.66,4.73,60.84,46.27,Pump A Running
2026-07-15T17:45:00+00:00,Running,1,2610.8,10.57,4.97,62.1,46.06,Pump A Running
2026-07-15T18:00:00+00:00,Running,1,2534.2,10.47,4.91,61.07,45.6,Pump A Running
2026-07-15T18:15:00+00:00,Running,1,2575.4,10.64,4.91,60.13,45.78,Pump A Running
2026-07-15T18:30:00+00:00,Running,1,2740.4,10.61,4.84,62.44,45.79,Pump A Running
2026-07-15T18:45:00+00:00,Running,1,2357.6,10.52,4.86,63.45,46.67,Pump A Running
2026-07-15T19:00:00+00:00,Running,1,2732.7,10.56,4.87,60.86,45.79,Pump A Running
2026-07-15T19:15:00+00:00,Running,1,2757.7,10.6,4.82,63.16,45.8,Pump A Running
2026-07-15T19:30:00+00:00,Running,1,2499.4,10.65,4.76,59.95,46.25,Pump A Running
2026-07-15T19:45:00+00:00,Running,1,2685.1,10.58,4.88,64.24,45.28,Pump A Running
2026-07-15T20:00:00+00:00,Running,1,2631.4,10.52,4.79,63.52,46.34,Pump A Running
2026-07-15T20:15:00+00:00,Running,1,2604.6,10.69,4.74,62.4,45.3,Pump A Running
2026-07-15T20:30:00+00:00,Running,1,2817.0,10.51,4.64,60.87,45.18,Pump A Running
2026-07-15T20:45:00+00:00,Running,1,2716.4,10.53,4.87,61.68,46.92,Pump A Running
2026-07-15T21:00:00+00:00,Running,1,2620.3,10.59,4.77,63.61,46.55,Pump A Running
2026-07-15T21:15:00+00:00,Running,1,2474.9,10.59,4.96,62.79,46.08,Pump A Running
2026-07-15T21:30:00+00:00,Running,1,2636.4,10.58,4.81,63.72,46.08,Pump A Running
2026-07-15T21:45:00+00:00,Running,1,2686.7,10.64,4.93,62.19,46.0,Pump A Running
2026-07-15T22:00:00+00:00,Running,1,2356.8,10.61,4.89,63.74,45.9,Pump A Running
2026-07-15T22:15:00+00:00,Running,1,2565.6,10.65,5.0,61.63,46.48,Pump A Running
2026-07-15T22:30:00+00:00,Running,1,2493.2,10.64,4.76,60.82,45.67,Pump A Running
2026-07-15T22:45:00+00:00,Running,1,2565.6,10.61,4.81,60.85,46.91,Pump A Running
2026-07-15T23:00:00+00:00,Running,1,2702.2,10.57,4.7,62.28,46.25,Pump A Running
2026-07-15T23:15:00+00:00,Running,1,2510.5,10.56,4.97,60.37,45.91,Pump A Running
2026-07-15T23:30:00+00:00,Running,1,2568.7,10.5,4.68,62.39,46.84,Pump A Running
2026-07-15T23:45:00+00:00,Running,1,2489.5,10.55,4.91,62.46,46.36,Pump A Running
2026-07-16T00:00:00+00:00,Running,1,2431.8,10.69,4.85,62.88,46.26,Pump A Running
2026-07-16T00:15:00+00:00,Running,1,2304.9,10.53,4.88,64.17,45.71,Pump A Running
2026-07-16T00:30:00+00:00,Running,1,2630.1,10.52,4.94,59.53,45.31,Pump A Running
2026-07-16T00:45:00+00:00,Running,1,2555.5,10.49,4.79,64.07,45.97,Pump A Running
2026-07-16T01:00:00+00:00,Running,1,2359.6,10.58,4.82,60.62,45.24,Pump A Running
2026-07-16T01:15:00+00:00,Running,1,2272.4,10.59,4.99,61.28,46.26,Pump A Running
2026-07-16T01:30:00+00:00,Running,1,2602.0,10.67,4.71,63.57,47.0,Pump A Running
2026-07-16T01:45:00+00:00,Running,1,2576.1,10.64,4.78,60.24,46.2,Pump A Running
2026-07-16T02:00:00+00:00,Stopped,0,0.0,0.0,0.16,0.0,28.7,Pumps Stopped
2026-07-16T02:15:00+00:00,Stopped,0,0.0,0.0,0.14,0.0,29.25,Pumps Stopped
2026-07-16T02:30:00+00:00,Stopped,0,0.0,0.0,0.06,0.0,28.98,Pumps Stopped
2026-07-16T02:45:00+00:00,Stopped,0,0.0,0.0,0.14,0.0,29.27,Pumps Stopped
2026-07-16T03:00:00+00:00,Stopped,0,0.0,0.0,0.12,0.0,29.12,Pumps Stopped
2026-07-16T03:15:00+00:00,Stopped,0,0.0,0.0,0.11,0.0,28.66,Pumps Stopped
2026-07-16T03:30:00+00:00,Running,1,2453.9,10.63,4.93,60.05,45.42,Pump A Running
2026-07-16T03:45:00+00:00,Running,1,2275.9,10.64,4.88,62.48,45.75,Pump A Running
2026-07-16T04:00:00+00:00,Running,1,2483.9,10.61,4.97,62.95,45.82,Pump A Running
2026-07-16T04:15:00+00:00,Running,1,2453.4,10.43,4.87,61.89,45.54,Pump A Running
2026-07-16T04:30:00+00:00,Running,1,2441.7,10.66,4.84,62.95,45.68,Pump A Running
2026-07-16T04:45:00+00:00,Running,1,2483.9,10.6,4.83,62.58,45.51,Pump A Running
2026-07-16T05:00:00+00:00,Running,1,2619.1,10.46,4.87,62.67,45.82,Pump A Running
2026-07-16T05:15:00+00:00,Running,1,2381.7,10.76,4.98,62.14,46.89,Pump A Running
2026-07-16T05:30:00+00:00,Running,1,2372.1,10.56,4.79,61.76,45.71,Pump A Running
2026-07-16T05:45:00+00:00,Running,1,2548.8,10.6,4.88,59.53,46.11,Pump A Running
2026-07-16T06:00:00+00:00,Running,1,2453.9,10.62,4.78,60.85,45.91,Pump A Running
2026-07-16T06:15:00+00:00,Running,1,2409.5,10.57,4.89,64.45,46.32,Pump A Running
2026-07-16T06:30:00+00:00,Running,1,2360.5,10.61,4.72,60.95,45.26,Pump A Running
2026-07-16T06:45:00+00:00,Running,1,2389.2,10.57,4.95,63.2,46.12,Pump A Running
2026-07-16T07:00:00+00:00,Running,1,2394.2,10.58,4.98,63.07,45.73,Pump A Running
2026-07-16T07:15:00+00:00,Running,1,2381.0,10.69,4.87,60.3,45.62,Pump A Running
2026-07-16T07:30:00+00:00,Running,1,2419.3,10.54,4.85,62.02,46.73,Pump A Running
2026-07-16T07:45:00+00:00,Running,1,2382.4,10.58,4.99,62.47,45.77,Pump A Running
2026-07-16T08:00:00+00:00,Running,1,2264.5,10.68,4.8,60.74,45.8,Pump A Running
2026-07-16T08:15:00+00:00,Running,1,2348.3,10.61,4.86,61.77,45.91,Pump A Running
2026-07-16T08:30:00+00:00,Running,1,2442.1,10.65,4.8,64.32,46.49,Pump A Running
2026-07-16T08:45:00+00:00,Running,1,2251.6,10.53,4.91,61.75,46.81,Pump A Running
2026-07-16T09:00:00+00:00,Running,1,2418.8,10.64,4.78,62.75,46.0,Pump A Running
2026-07-16T09:15:00+00:00,Running,1,2412.0,10.5,4.77,62.49,45.72,Pump A Running
2026-07-16T09:30:00+00:00,Running,1,2342.9,10.59,4.84,61.62,45.4,Pump A Running
2026-07-16T09:45:00+00:00,Running,1,2175.9,10.72,4.87,63.21,46.02,Pump A Running
2026-07-16T10:00:00+00:00,Running,1,2266.4,10.52,4.85,61.36,45.81,Pump A Running
2026-07-16T10:15:00+00:00,Running,1,2334.1,10.59,5.03,63.0,46.33,Pump A Running
2026-07-16T10:30:00+00:00,Running,1,2175.0,10.64,4.84,61.89,45.86,Pump A Running
2026-07-16T10:45:00+00:00,Running,1,2356.5,10.67,4.77,62.67,46.39,Pump A Running
2026-07-16T11:00:00+00:00,Running,1,2312.0,10.55,5.04,61.44,45.46,Pump A Running
2026-07-16T11:15:00+00:00,Running,1,2391.8,10.55,4.91,60.32,45.93,Pump A Running
2026-07-16T11:30:00+00:00,Running,1,2235.7,10.49,4.87,60.83,45.59,Pump A Running
2026-07-16T11:45:00+00:00,Running,1,2249.6,10.61,4.74,62.85,45.36,Pump A Running
2026-07-16T12:00:00+00:00,Running,1,2316.2,10.51,4.82,62.9,45.98,Pump A Running
2026-07-16T12:15:00+00:00,Running,1,2256.9,10.58,4.8,61.43,44.93,Pump A Running
2026-07-16T12:30:00+00:00,Running,1,2336.9,10.62,4.89,63.22,45.54,Pump A Running
2026-07-16T12:45:00+00:00,Running,1,2245.2,10.65,4.78,61.77,46.23,Pump A Running
2026-07-16T13:00:00+00:00,Running,1,2404.5,10.68,4.88,60.48,46.05,Pump A Running
2026-07-16T13:15:00+00:00,Running,1,2290.3,10.59,4.65,62.12,45.56,Pump A Running
2026-07-16T13:30:00+00:00,Running,1,2030.1,10.67,4.81,63.35,45.86,Pump A Running
2026-07-16T13:45:00+00:00,Running,1,2244.7,10.56,4.91,61.2,46.61,Pump A Running
2026-07-16T14:00:00+00:00,Running,1,2147.5,10.67,4.76,61.5,45.49,Pump A Running
2026-07-16T14:15:00+00:00,Running,1,2434.0,10.62,4.81,64.25,45.84,Pump A Running
2026-07-16T14:30:00+00:00,Running,1,2334.8,10.58,4.88,61.93,45.09,Pump A Running
2026-07-16T14:45:00+00:00,Running,1,2146.8,10.62,5.02,61.8,46.48,Pump A Running
2026-07-16T15:00:00+00:00,Running,1,2238.2,10.55,4.86,61.74,46.12,Pump A Running
2026-07-16T15:15:00+00:00,Running,1,2151.9,10.74,5.0,62.37,46.73,Pump A Running
2026-07-16T15:30:00+00:00,Running,1,2313.3,10.59,4.75,62.88,45.43,Pump A Running
2026-07-16T15:45:00+00:00,Running,1,2111.0,10.59,4.92,60.9,45.63,Pump A Running
2026-07-16T16:00:00+00:00,Running,1,2211.4,10.45,4.86,63.89,45.19,Pump A Running
2026-07-16T16:15:00+00:00,Running,1,2265.7,10.58,4.81,59.89,46.36,Pump A Running
2026-07-16T16:30:00+00:00,Running,1,2227.8,10.62,4.83,60.82,45.97,Pump A Running
2026-07-16T16:45:00+00:00,Running,1,2345.7,10.58,4.96,61.95,45.91,Pump A Running
2026-07-16T17:00:00+00:00,Running,1,2133.7,10.69,4.76,61.54,45.69,Pump A Running
2026-07-16T17:15:00+00:00,Running,1,2296.7,10.66,4.79,60.62,45.87,Pump A Running
2026-07-16T17:30:00+00:00,Running,1,2286.9,10.62,4.85,64.23,46.34,Pump A Running
2026-07-16T17:45:00+00:00,Running,1,2242.7,10.67,4.91,63.27,46.54,Pump A Running
2026-07-16T18:00:00+00:00,Running,1,2136.2,10.6,4.8,60.8,46.83,Pump A Running
2026-07-16T18:15:00+00:00,Running,1,2280.3,10.72,4.88,62.27,45.83,Pump A Running
2026-07-16T18:30:00+00:00,Running,1,2345.8,10.48,4.9,60.93,46.64,Pump A Running
2026-07-16T18:45:00+00:00,Running,1,2291.7,10.66,4.76,63.74,46.27,Pump A Running
2026-07-16T19:00:00+00:00,Running,1,2083.9,10.61,4.76,60.86,46.47,Pump A Running
2026-07-16T19:15:00+00:00,Running,1,2267.8,10.62,4.89,61.78,45.63,Pump A Running
2026-07-16T19:30:00+00:00,Running,1,2192.3,10.58,4.85,62.63,46.24,Pump A Running
2026-07-16T19:45:00+00:00,Running,1,2225.4,10.58,4.69,63.93,45.58,Pump A Running
2026-07-16T20:00:00+00:00,Running,1,2236.2,10.57,4.8,62.13,45.71,Pump A Running
2026-07-16T20:15:00+00:00,Running,1,2141.0,10.71,4.85,62.65,45.39,Pump A Running
2026-07-16T20:30:00+00:00,Running,1,2157.9,10.61,4.99,60.36,45.83,Pump A Running
2026-07-16T20:45:00+00:00,Running,1,2298.3,10.57,4.84,62.61,46.63,Pump A Running
2026-07-16T21:00:00+00:00,Running,1,2116.5,10.54,4.89,61.38,45.8,Pump A Running
2026-07-16T21:15:00+00:00,Running,1,2258.3,10.58,4.83,62.7,45.61,Pump A Running
2026-07-16T21:30:00+00:00,Running,1,2148.5,10.64,4.9,60.79,45.78,Pump A Running
2026-07-16T21:45:00+00:00,Running,1,2296.5,10.55,4.75,60.8,46.69,Pump A Running
2026-07-16T22:00:00+00:00,Running,1,2083.7,10.66,4.99,62.76,45.76,Pump A Running
2026-07-16T22:15:00+00:00,Running,1,2136.4,10.71,4.8,61.29,45.08,Pump A Running
2026-07-16T22:30:00+00:00,Running,1,2242.8,10.58,4.9,61.94,45.65,Pump A Running
2026-07-16T22:45:00+00:00,Running,1,2198.5,10.61,4.83,62.29,46.74,Pump A Running
2026-07-16T23:00:00+00:00,Running,1,2237.5,10.63,4.76,62.38,45.86,Pump A Running
2026-07-16T23:15:00+00:00,Running,1,2139.0,10.6,4.77,60.59,45.84,Pump A Running
2026-07-16T23:30:00+00:00,Running,1,2158.6,10.66,4.98,63.87,46.36,Pump A Running
2026-07-16T23:45:00+00:00,Running,1,2204.8,10.62,5.01,62.98,45.8,Pump A Running
2026-07-17T00:00:00+00:00,Running,1,2228.1,10.62,4.79,61.24,46.71,Pump A Running
2026-07-17T00:15:00+00:00,Running,1,2106.8,10.5,4.68,61.8,45.69,Pump A Running
2026-07-17T00:30:00+00:00,Running,1,2297.4,10.66,4.67,60.97,46.13,Pump A Running
2026-07-17T00:45:00+00:00,Running,1,2180.2,10.66,4.8,61.37,46.78,Pump A Running
2026-07-17T01:00:00+00:00,Running,1,2365.4,10.59,4.76,63.93,46.92,Pump A Running
2026-07-17T01:15:00+00:00,Running,1,2227.4,10.82,5.01,60.6,46.05,Pump A Running
2026-07-17T01:30:00+00:00,Running,1,2194.9,10.53,5.05,62.41,45.97,Pump A Running
2026-07-17T01:45:00+00:00,Running,1,2287.6,10.55,4.89,62.52,46.1,Pump A Running
2026-07-17T02:00:00+00:00,Stopped,0,0.0,0.0,0.13,0.0,29.15,Pumps Stopped
2026-07-17T02:15:00+00:00,Stopped,0,0.0,0.0,0.1,0.0,29.03,Pumps Stopped
2026-07-17T02:30:00+00:00,Stopped,0,0.0,0.0,0.14,0.0,29.18,Pumps Stopped
2026-07-17T02:45:00+00:00,Stopped,0,0.0,0.0,0.07,0.0,29.31,Pumps Stopped
2026-07-17T03:00:00+00:00,Stopped,0,0.0,0.0,0.13,0.0,29.08,Pumps Stopped
2026-07-17T03:15:00+00:00,Stopped,0,0.0,0.0,0.12,0.0,29.1,Pumps Stopped
2026-07-17T03:30:00+00:00,Running,1,2146.5,10.65,4.88,61.64,45.82,Pump A Running
2026-07-17T03:45:00+00:00,Running,1,2009.3,10.62,4.93,62.86,46.82,Pump A Running
2026-07-17T04:00:00+00:00,Running,1,2177.0,10.57,4.72,62.76,45.36,Pump A Running
2026-07-17T04:15:00+00:00,Running,1,2211.9,10.66,4.74,61.46,46.26,Pump A Running
2026-07-17T04:30:00+00:00,Running,1,2193.9,10.66,4.67,61.17,46.32,Pump A Running
2026-07-17T04:45:00+00:00,Running,1,2110.3,10.51,5.02,62.11,46.27,Pump A Running
2026-07-17T05:00:00+00:00,Running,1,2114.9,10.52,4.97,59.45,46.22,Pump A Running
2026-07-17T05:15:00+00:00,Running,1,2208.9,10.58,4.88,63.0,46.35,Pump A Running
2026-07-17T05:30:00+00:00,Running,1,2283.3,10.63,4.91,62.55,46.29,Pump A Running
2026-07-17T05:45:00+00:00,Running,1,2147.9,10.43,4.82,61.33,46.14,Pump A Running
2026-07-17T06:00:00+00:00,Running,1,2359.6,10.6,5.0,59.65,47.62,Pump A Running
2026-07-17T06:15:00+00:00,Running,1,2141.8,10.57,4.82,63.42,46.24,Pump A Running
2026-07-17T06:30:00+00:00,Running,1,2222.8,10.53,4.79,60.66,45.88,Pump A Running
2026-07-17T06:45:00+00:00,Running,1,2165.1,10.58,4.87,62.15,45.63,Pump A Running
2026-07-17T07:00:00+00:00,Running,1,2226.0,10.61,4.89,61.64,46.8,Pump A Running
2026-07-17T07:15:00+00:00,Running,1,2289.8,10.55,4.91,60.41,45.87,Pump A Running
2026-07-17T07:30:00+00:00,Running,1,2342.0,10.51,4.92,61.29,46.19,Pump A Running
2026-07-17T07:45:00+00:00,Running,1,2262.9,10.57,4.85,62.82,46.11,Pump A Running
2026-07-17T08:00:00+00:00,Running,1,2351.3,10.52,4.76,61.64,46.08,Pump A Running
2026-07-17T08:15:00+00:00,Running,1,2349.2,10.58,4.93,61.67,45.67,Pump A Running
2026-07-17T08:30:00+00:00,Running,1,2060.2,10.67,4.93,60.89,45.79,Pump A Running
2026-07-17T08:45:00+00:00,Running,1,2377.6,10.6,4.78,63.89,46.14,Pump A Running
2026-07-17T09:00:00+00:00,Running,1,2303.1,10.77,4.99,63.28,46.5,Pump A Running
2026-07-17T09:15:00+00:00,Running,1,2289.9,10.48,4.8,59.76,45.07,Pump A Running
2026-07-17T09:30:00+00:00,Running,1,2279.2,10.42,5.08,59.83,45.53,Pump A Running
2026-07-17T09:45:00+00:00,Running,1,2237.5,10.67,4.81,63.8,45.85,Pump A Running
2026-07-17T10:00:00+00:00,Running,1,2224.8,10.58,4.74,62.12,45.86,Pump A Running
2026-07-17T10:15:00+00:00,Running,1,2240.3,10.59,4.71,63.32,46.08,Pump A Running
2026-07-17T10:30:00+00:00,Running,1,2119.4,10.56,4.83,62.74,45.01,Pump A Running
2026-07-17T10:45:00+00:00,Running,1,2110.8,10.7,4.77,60.96,45.76,Pump A Running
2026-07-17T11:00:00+00:00,Running,1,2348.0,10.51,5.0,62.73,46.62,Pump A Running
2026-07-17T11:15:00+00:00,Running,1,2301.4,10.54,4.79,63.82,46.56,Pump A Running
2026-07-17T11:30:00+00:00,Running,1,2271.8,10.65,4.8,62.62,45.09,Pump A Running
2026-07-17T11:45:00+00:00,Running,1,2324.5,10.59,4.93,62.01,45.68,Pump A Running
2026-07-17T12:00:00+00:00,Running,1,2206.2,10.59,4.8,62.21,46.6,Pump A Running
2026-07-17T12:15:00+00:00,Running,1,2144.5,10.65,4.88,63.54,46.2,Pump A Running
2026-07-17T12:30:00+00:00,Running,1,2403.6,10.6,4.88,62.41,45.77,Pump A Running
2026-07-17T12:45:00+00:00,Running,1,2327.1,10.72,4.97,62.96,46.26,Pump A Running
2026-07-17T13:00:00+00:00,Running,1,2320.6,10.45,4.76,63.12,45.96,Pump A Running
2026-07-17T13:15:00+00:00,Running,1,2383.8,10.62,4.8,61.72,46.37,Pump A Running
2026-07-17T13:30:00+00:00,Running,1,2309.8,10.68,5.05,62.86,45.73,Pump A Running
2026-07-17T13:45:00+00:00,Running,1,2442.1,10.66,4.84,62.53,45.88,Pump A Running
2026-07-17T14:00:00+00:00,Running,1,2200.4,10.56,4.75,61.61,45.96,Pump A Running
2026-07-17T14:15:00+00:00,Running,1,2452.3,10.56,4.91,62.07,45.91,Pump A Running
2026-07-17T14:30:00+00:00,Running,1,2446.8,10.59,4.78,61.32,46.34,Pump A Running
2026-07-17T14:45:00+00:00,Running,1,2347.2,10.5,4.83,62.19,45.91,Pump A Running
2026-07-17T15:00:00+00:00,Running,1,2481.0,10.74,4.81,62.17,45.98,Pump A Running
2026-07-17T15:15:00+00:00,Running,1,2564.3,10.58,4.79,62.99,46.54,Pump A Running
2026-07-17T15:30:00+00:00,Running,1,2421.7,10.54,4.87,61.64,45.94,Pump A Running
2026-07-17T15:45:00+00:00,Running,1,2274.7,10.59,4.84,63.44,46.14,Pump A Running
2026-07-17T16:00:00+00:00,Running,1,2451.2,10.69,4.86,63.67,46.29,Pump A Running
2026-07-17T16:15:00+00:00,Running,1,2297.5,10.58,4.83,62.37,46.56,Pump A Running
2026-07-17T16:30:00+00:00,Running,1,2184.7,10.57,4.82,61.17,45.59,Pump A Running
2026-07-17T16:45:00+00:00,Running,1,2355.0,10.61,4.7,61.64,45.64,Pump A Running
2026-07-17T17:00:00+00:00,Running,1,2509.8,10.59,4.93,60.07,45.58,Pump A Running
2026-07-17T17:15:00+00:00,Running,1,2399.5,10.63,4.77,60.78,46.53,Pump A Running
2026-07-17T17:30:00+00:00,Running,1,2462.4,10.67,4.88,61.05,46.23,Pump A Running
2026-07-17T17:45:00+00:00,Running,1,2322.4,10.63,4.8,60.96,46.21,Pump A Running
2026-07-17T18:00:00+00:00,Running,1,2274.8,10.57,4.73,63.42,45.91,Pump A Running
2026-07-17T18:15:00+00:00,Running,1,2352.2,10.64,4.97,59.93,46.01,Pump A Running
2026-07-17T18:30:00+00:00,Running,1,2358.4,10.57,4.82,61.81,45.95,Pump A Running
2026-07-17T18:45:00+00:00,Running,1,2536.7,10.67,4.76,60.77,45.97,Pump A Running
2026-07-17T19:00:00+00:00,Running,1,2376.9,10.49,4.83,61.44,45.61,Pump A Running
2026-07-17T19:15:00+00:00,Running,1,2365.5,10.46,4.98,61.56,45.95,Pump A Running
2026-07-17T19:30:00+00:00,Running,1,2288.9,10.78,4.59,62.86,46.26,Pump A Running
2026-07-17T19:45:00+00:00,Running,1,2404.9,10.63,4.86,63.35,46.3,Pump A Running
2026-07-17T20:00:00+00:00,Running,1,2388.8,10.67,4.89,62.84,45.89,Pump A Running
2026-07-17T20:15:00+00:00,Running,1,2446.0,10.48,4.87,62.94,45.98,Pump A Running
2026-07-17T20:30:00+00:00,Running,1,2455.2,10.64,4.82,62.45,46.45,Pump A Running
2026-07-17T20:45:00+00:00,Running,1,2421.2,10.7,4.95,61.5,45.33,Pump A Running
2026-07-17T21:00:00+00:00,Running,1,2529.4,10.61,4.9,63.57,46.05,Pump A Running
2026-07-17T21:15:00+00:00,Running,1,2566.2,10.58,4.75,62.21,46.21,Pump A Running
2026-07-17T21:30:00+00:00,Running,1,2587.9,10.68,4.9,62.39,45.09,Pump A Running
2026-07-17T21:45:00+00:00,Running,1,2499.2,10.59,4.86,61.14,46.37,Pump A Running
2026-07-17T22:00:00+00:00,Running,1,2437.3,10.61,4.89,62.05,45.62,Pump A Running
2026-07-17T22:15:00+00:00,Running,1,2584.2,10.54,4.94,62.25,45.79,Pump A Running
2026-07-17T22:30:00+00:00,Running,1,2538.1,10.45,4.84,63.25,46.54,Pump A Running
2026-07-17T22:45:00+00:00,Running,1,2544.7,10.62,4.86,61.85,45.45,Pump A Running
2026-07-17T23:00:00+00:00,Running,1,2674.9,10.69,4.72,63.68,46.15,Pump A Running
2026-07-17T23:15:00+00:00,Running,1,2585.1,10.58,4.87,62.54,45.42,Pump A Running
2026-07-17T23:30:00+00:00,Running,1,2585.6,10.69,4.89,60.89,46.5,Pump A Running
2026-07-17T23:45:00+00:00,Running,1,2549.1,10.64,4.92,61.82,45.31,Pump A Running
2026-07-18T00:00:00+00:00,Running,1,2558.8,10.7,4.81,62.22,46.42,Pump A Running
2026-07-18T00:15:00+00:00,Running,1,2518.0,10.6,4.94,62.12,46.6,Pump A Running
2026-07-18T00:30:00+00:00,Running,1,2713.3,10.62,4.88,61.55,45.75,Pump A Running
2026-07-18T00:45:00+00:00,Running,1,2563.7,10.68,4.88,61.5,46.6,Pump A Running
2026-07-18T01:00:00+00:00,Running,1,2556.7,10.59,4.75,62.12,46.07,Pump A Running
2026-07-18T01:15:00+00:00,Running,1,2563.8,10.61,4.9,61.16,45.56,Pump A Running
2026-07-18T01:30:00+00:00,Running,1,2707.6,10.54,4.85,61.7,46.88,Pump A Running
2026-07-18T01:45:00+00:00,Running,1,2668.3,10.62,4.96,64.59,45.8,Pump A Running
2026-07-18T02:00:00+00:00,Stopped,0,0.0,0.0,0.1,0.0,28.57,Pumps Stopped
2026-07-18T02:15:00+00:00,Stopped,0,0.0,0.0,0.17,0.0,28.97,Pumps Stopped
2026-07-18T02:30:00+00:00,Stopped,0,0.0,0.0,0.11,0.0,28.94,Pumps Stopped
2026-07-18T02:45:00+00:00,Stopped,0,0.0,0.0,0.1,0.0,29.38,Pumps Stopped
2026-07-18T03:00:00+00:00,Stopped,0,0.0,0.0,0.15,0.0,29.43,Pumps Stopped
2026-07-18T03:15:00+00:00,Stopped,0,0.0,0.0,0.13,0.0,29.35,Pumps Stopped
2026-07-18T03:30:00+00:00,Running,1,2624.5,10.63,5.0,63.7,45.85,Pump A Running
2026-07-18T03:45:00+00:00,Running,1,2591.7,10.6,4.77,60.9,46.33,Pump A Running
2026-07-18T04:00:00+00:00,Running,1,2723.9,10.51,4.89,62.84,45.8,Pump A Running
2026-07-18T04:15:00+00:00,Running,1,2768.5,10.57,4.73,63.32,45.88,Pump A Running
2026-07-18T04:30:00+00:00,Running,1,2764.9,10.64,4.94,63.32,45.29,Pump A Running
2026-07-18T04:45:00+00:00,Running,1,2748.0,10.53,4.74,61.11,46.22,Pump A Running
2026-07-18T05:00:00+00:00,Running,1,2741.9,10.56,4.98,61.34,45.82,Pump A Running
2026-07-18T05:15:00+00:00,Running,1,2531.8,10.65,4.99,61.3,45.6,Pump A Running
2026-07-18T05:30:00+00:00,Running,1,2517.1,10.73,4.91,61.29,44.62,Pump A Running
2026-07-18T05:45:00+00:00,Running,1,2748.5,10.74,4.92,62.41,45.71,Pump A Running
2026-07-18T06:00:00+00:00,Running,1,2609.2,10.69,5.0,60.81,45.89,Pump A Running
2026-07-18T06:15:00+00:00,Running,1,2736.1,10.62,4.87,61.42,46.57,Pump A Running
2026-07-18T06:30:00+00:00,Running,1,2544.8,10.59,4.92,63.54,46.59,Pump A Running
2026-07-18T06:45:00+00:00,Running,1,2573.0,10.81,4.97,63.09,45.87,Pump A Running
2026-07-18T07:00:00+00:00,Running,1,2798.5,10.62,4.94,63.07,45.72,Pump A Running
2026-07-18T07:15:00+00:00,Running,1,2625.8,10.49,4.99,61.13,45.57,Pump A Running
2026-07-18T07:30:00+00:00,Running,1,2720.1,10.55,4.72,61.05,46.24,Pump A Running
2026-07-18T07:45:00+00:00,Running,1,2685.2,10.55,4.9,63.94,46.23,Pump A Running
2026-07-18T08:00:00+00:00,Running,1,2715.7,10.54,4.96,61.89,46.1,Pump A Running
2026-07-18T08:15:00+00:00,Running,1,2665.1,10.59,4.86,61.06,45.75,Pump A Running
2026-07-18T08:30:00+00:00,Running,1,2853.8,10.53,4.77,61.03,46.19,Pump A Running
2026-07-18T08:45:00+00:00,Running,1,2687.3,10.63,4.62,63.04,46.0,Pump A Running
2026-07-18T09:00:00+00:00,Running,1,2750.8,10.58,5.01,62.54,46.13,Pump A Running
2026-07-18T09:15:00+00:00,Running,1,2568.2,10.62,4.9,62.84,45.42,Pump A Running
2026-07-18T09:30:00+00:00,Running,1,2499.6,10.69,4.91,63.63,46.89,Pump A Running
2026-07-18T09:45:00+00:00,Running,1,2516.0,10.67,4.86,61.2,46.53,Pump A Running
2026-07-18T10:00:00+00:00,Running,1,2778.8,10.63,4.98,60.79,46.47,Pump A Running
2026-07-18T10:15:00+00:00,Running,1,2759.6,10.61,4.96,63.13,45.49,Pump A Running
2026-07-18T10:30:00+00:00,Running,1,2791.2,10.57,4.82,61.47,46.52,Pump A Running
2026-07-18T10:45:00+00:00,Running,1,2791.4,10.53,4.79,61.69,46.09,Pump A Running
2026-07-18T11:00:00+00:00,Running,1,2729.4,10.56,4.81,59.49,45.49,Pump A Running
2026-07-18T11:15:00+00:00,Running,1,2658.4,10.67,4.81,61.79,46.08,Pump A Running
2026-07-18T11:30:00+00:00,Running,1,2821.0,10.56,4.78,62.81,45.84,Pump A Running
2026-07-18T11:45:00+00:00,Running,1,2821.4,10.62,5.01,62.86,46.18,Pump A Running
2026-07-18T12:00:00+00:00,Running,1,2785.3,10.57,4.89,59.89,45.96,Pump A Running
2026-07-18T12:15:00+00:00,Running,1,2654.0,10.61,4.86,61.8,46.06,Pump A Running
2026-07-18T12:30:00+00:00,Running,1,2885.1,10.58,4.78,61.58,46.15,Pump A Running
2026-07-18T12:45:00+00:00,Running,1,2732.4,10.68,4.8,62.24,47.11,Pump A Running
2026-07-18T13:00:00+00:00,Running,1,2694.9,10.59,4.84,62.98,46.0,Pump A Running
2026-07-18T13:15:00+00:00,Running,1,2801.4,10.68,4.84,61.65,45.89,Pump A Running
2026-07-18T13:30:00+00:00,Running,1,2725.3,10.49,4.81,62.58,46.47,Pump A Running
2026-07-18T13:45:00+00:00,Running,1,2756.1,10.54,4.82,63.11,45.59,Pump A Running
2026-07-18T14:00:00+00:00,Running,1,2715.8,10.47,4.8,62.35,45.27,Pump A Running
2026-07-18T14:15:00+00:00,Running,1,2809.6,10.59,4.65,62.21,45.99,Pump A Running
2026-07-18T14:30:00+00:00,Running,1,2772.3,10.58,5.05,62.33,45.73,Pump A Running
2026-07-18T14:45:00+00:00,Running,1,2713.0,10.52,4.78,60.52,47.4,Pump A Running
2026-07-18T15:00:00+00:00,Running,1,2641.0,10.74,4.93,60.79,46.33,Pump A Running
2026-07-18T15:15:00+00:00,Running,1,2789.0,10.58,4.71,60.65,46.12,Pump A Running
2026-07-18T15:30:00+00:00,Running,1,2656.9,10.69,4.63,63.61,45.62,Pump A Running
2026-07-18T15:45:00+00:00,Running,1,2719.6,10.67,4.74,61.21,46.43,Pump A Running
2026-07-18T16:00:00+00:00,Running,1,2812.5,10.61,4.88,63.56,46.38,Pump A Running
2026-07-18T16:15:00+00:00,Running,1,2750.6,10.62,4.81,60.74,46.17,Pump A Running
2026-07-18T16:30:00+00:00,Running,1,2721.5,10.63,4.76,62.59,45.77,Pump A Running
2026-07-18T16:45:00+00:00,Running,1,2643.5,10.52,4.82,62.05,46.47,Pump A Running
2026-07-18T17:00:00+00:00,Running,1,2835.6,10.66,4.76,63.04,45.79,Pump A Running
2026-07-18T17:15:00+00:00,Running,1,2736.2,10.59,4.83,63.27,46.86,Pump A Running
2026-07-18T17:30:00+00:00,Running,1,2632.2,10.67,4.75,60.8,46.63,Pump A Running
2026-07-18T17:45:00+00:00,Running,1,2556.8,10.57,4.87,64.24,45.26,Pump A Running
2026-07-18T18:00:00+00:00,Running,1,2700.2,10.67,4.66,60.71,46.47,Pump A Running
2026-07-18T18:15:00+00:00,Running,1,2731.0,10.59,4.91,63.4,45.18,Pump A Running
2026-07-18T18:30:00+00:00,Running,1,2768.7,10.82,4.95,61.84,45.85,Pump A Running
2026-07-18T18:45:00+00:00,Running,1,2747.4,10.61,4.69,62.96,46.41,Pump A Running
2026-07-18T19:00:00+00:00,Running,1,2768.0,10.62,4.93,61.31,46.76,Pump A Running
2026-07-18T19:15:00+00:00,Running,1,2658.1,10.72,4.96,61.17,45.9,Pump A Running
2026-07-18T19:30:00+00:00,Running,1,2714.8,10.59,4.86,61.59,46.32,Pump A Running
2026-07-18T19:45:00+00:00,Running,1,2885.0,10.69,4.89,62.93,45.73,Pump A Running
2026-07-18T20:00:00+00:00,Running,1,2697.8,10.73,4.75,62.45,46.11,Pump A Running
2026-07-18T20:15:00+00:00,Running,1,2713.0,10.62,4.71,61.8,45.2,Pump A Running
2026-07-18T20:30:00+00:00,Running,1,2608.6,10.49,4.79,62.18,45.64,Pump A Running
2026-07-18T20:45:00+00:00,Running,1,2712.2,10.53,5.01,64.18,45.66,Pump A Running
2026-07-18T21:00:00+00:00,Running,1,2672.4,10.59,4.82,61.28,45.48,Pump A Running
2026-07-18T21:15:00+00:00,Running,1,2769.7,10.69,4.69,61.89,46.39,Pump A Running
2026-07-18T21:30:00+00:00,Running,1,2730.4,10.45,4.7,60.07,46.59,Pump A Running
2026-07-18T21:45:00+00:00,Running,1,2744.6,10.53,4.78,60.11,45.68,Pump A Running
2026-07-18T22:00:00+00:00,Running,1,2757.9,10.58,4.84,61.06,46.36,Pump A Running
2026-07-18T22:15:00+00:00,Running,1,2645.8,10.7,4.74,63.22,46.32,Pump A Running
2026-07-18T22:30:00+00:00,Running,1,2769.4,10.74,4.86,59.83,46.09,Pump A Running
2026-07-18T22:45:00+00:00,Running,1,2617.1,10.53,5.09,63.55,46.71,Pump A Running
2026-07-18T23:00:00+00:00,Running,1,2794.5,10.61,4.84,61.96,46.29,Pump A Running
2026-07-18T23:15:00+00:00,Running,1,2572.8,10.7,4.92,62.84,45.01,Pump A Running
2026-07-18T23:30:00+00:00,Running,1,2663.7,10.52,4.97,60.85,46.61,Pump A Running
2026-07-18T23:45:00+00:00,Running,1,2465.8,10.7,4.65,62.97,46.01,Pump A Running
2026-07-19T00:00:00+00:00,Running,1,2774.8,10.57,4.78,63.23,46.27,Pump A Running
2026-07-19T00:15:00+00:00,Running,1,2486.9,10.62,4.75,59.27,45.39,Pump A Running
2026-07-19T00:30:00+00:00,Running,1,2629.6,10.66,4.82,62.53,45.4,Pump A Running
2026-07-19T00:45:00+00:00,Running,1,2769.3,10.6,4.77,58.98,46.59,Pump A Running
2026-07-19T01:00:00+00:00,Running,1,2523.0,10.63,4.88,61.64,45.8,Pump A Running
2026-07-19T01:15:00+00:00,Running,1,2651.9,10.66,4.83,60.98,45.75,Pump A Running
2026-07-19T01:30:00+00:00,Running,1,2505.0,10.5,4.69,61.05,46.04,Pump A Running
2026-07-19T01:45:00+00:00,Running,1,2417.9,10.59,4.74,62.53,45.51,Pump A Running
2026-07-19T02:00:00+00:00,Stopped,0,0.0,0.0,0.13,0.0,28.53,Pumps Stopped
2026-07-19T02:15:00+00:00,Stopped,0,0.0,0.0,0.1,0.0,28.57,Pumps Stopped
2026-07-19T02:30:00+00:00,Stopped,0,0.0,0.0,0.12,0.0,29.62,Pumps Stopped
2026-07-19T02:45:00+00:00,Stopped,0,0.0,0.0,0.09,0.0,29.03,Pumps Stopped
2026-07-19T03:00:00+00:00,Stopped,0,0.0,0.0,0.11,0.0,29.26,Pumps Stopped
2026-07-19T03:15:00+00:00,Stopped,0,0.0,0.0,0.11,0.0,29.01,Pumps Stopped
2026-07-19T03:30:00+00:00,Running,1,2592.5,10.65,4.96,59.67,46.3,Pump A Running
2026-07-19T03:45:00+00:00,Running,1,2446.4,10.56,4.76,60.78,46.71,Pump A Running
2026-07-19T04:00:00+00:00,Running,1,2528.1,10.56,4.89,61.71,46.37,Pump A Running
2026-07-19T04:15:00+00:00,Running,1,2670.8,10.69,4.73,61.25,46.15,Pump A Running
2026-07-19T04:30:00+00:00,Running,1,2596.4,10.71,4.92,60.33,45.46,Pump A Running
2026-07-19T04:45:00+00:00,Running,1,2611.3,10.62,4.95,61.94,45.91,Pump A Running
2026-07-19T05:00:00+00:00,Running,1,2596.7,10.64,4.8,63.4,46.42,Pump A Running
2026-07-19T05:15:00+00:00,Running,1,2528.3,10.63,4.77,62.25,46.14,Pump A Running
2026-07-19T05:30:00+00:00,Running,1,2576.6,10.5,4.93,61.53,45.73,Pump A Running
2026-07-19T05:45:00+00:00,Running,1,2418.0,10.6,5.0,62.85,46.79,Pump A Running
2026-07-19T06:00:00+00:00,Running,1,2503.4,10.74,4.8,62.11,46.31,Pump A Running
2026-07-19T06:15:00+00:00,Running,1,2542.0,10.47,4.74,62.81,46.76,Pump A Running
2026-07-19T06:30:00+00:00,Running,1,2574.2,10.52,4.89,60.45,45.43,Pump A Running
2026-07-19T06:45:00+00:00,Running,1,2531.2,10.55,4.88,61.74,46.19,Pump A Running
2026-07-19T07:00:00+00:00,Running,1,2565.8,10.63,4.84,62.82,45.99,Pump A Running
2026-07-19T07:15:00+00:00,Running,1,2568.1,10.56,4.77,62.47,45.94,Pump A Running
2026-07-19T07:30:00+00:00,Running,1,2577.6,10.55,5.03,61.39,46.43,Pump A Running
2026-07-19T07:45:00+00:00,Running,1,2518.0,10.59,4.74,63.86,46.6,Pump A Running
2026-07-19T08:00:00+00:00,Stopped,0,0.0,0.0,0.1,0.0,29.56,Pumps Stopped
2026-07-19T08:15:00+00:00,Stopped,0,0.0,0.0,0.09,0.0,28.64,Pumps Stopped
2026-07-19T08:30:00+00:00,Running,1,2473.0,10.58,5.02,62.9,45.86,Pump A Running
2026-07-19T08:45:00+00:00,Running,1,2599.3,10.66,4.97,61.21,45.89,Pump A Running
2026-07-19T09:00:00+00:00,Running,1,2508.4,10.79,4.63,62.58,46.34,Pump A Running
2026-07-19T09:15:00+00:00,Running,1,2351.3,10.63,4.74,62.64,45.94,Pump A Running
2026-07-19T09:30:00+00:00,Running,1,2352.0,10.57,4.96,63.89,45.99,Pump A Running
2026-07-19T09:45:00+00:00,Running,1,2445.7,10.62,4.94,60.32,45.82,Pump A Running
2026-07-19T10:00:00+00:00,Running,1,2587.6,10.66,4.89,62.77,45.1,Pump A Running
2026-07-19T10:15:00+00:00,Running,1,2580.7,10.55,4.85,62.5,44.95,Pump A Running
2026-07-19T10:30:00+00:00,Running,1,2533.8,10.55,5.03,63.07,45.62,Pump A Running
2026-07-19T10:45:00+00:00,Running,1,2543.8,10.65,4.8,61.57,46.57,Pump A Running
2026-07-19T11:00:00+00:00,Running,1,2454.2,10.65,4.84,61.89,45.96,Pump A Running
2026-07-19T11:15:00+00:00,Running,1,2473.2,10.51,4.74,62.59,45.79,Pump A Running
2026-07-19T11:30:00+00:00,Running,1,2409.1,10.57,4.85,61.3,45.37,Pump A Running
2026-07-19T11:45:00+00:00,Running,1,2543.9,10.6,4.96,61.19,45.98,Pump A Running
2026-07-19T12:00:00+00:00,Running,1,2507.2,10.61,4.92,62.37,46.11,Pump A Running
2026-07-19T12:15:00+00:00,Running,1,2457.2,10.56,4.9,62.07,46.36,Pump A Running
2026-07-19T12:30:00+00:00,Running,1,2504.6,10.59,4.71,62.18,46.09,Pump A Running
2026-07-19T12:45:00+00:00,Running,1,2417.8,10.54,4.74,61.64,45.91,Pump A Running
2026-07-19T13:00:00+00:00,Running,1,2521.8,10.69,4.94,61.83,46.55,Pump A Running
2026-07-19T13:15:00+00:00,Running,1,2477.4,10.44,4.91,62.35,45.82,Pump A Running
2026-07-19T13:30:00+00:00,Running,1,2385.2,10.64,4.79,62.95,46.18,Pump A Running
2026-07-19T13:45:00+00:00,Running,1,2405.1,10.64,4.93,62.35,46.43,Pump A Running
2026-07-19T14:00:00+00:00,Running,1,2499.1,10.67,5.02,63.94,46.42,Pump A Running
2026-07-19T14:15:00+00:00,Running,1,2189.7,10.58,4.9,63.01,45.61,Pump A Running
2026-07-19T14:30:00+00:00,Running,1,2296.6,10.6,4.71,60.3,46.6,Pump A Running
2026-07-19T14:45:00+00:00,Running,1,2446.7,10.55,4.73,61.61,45.16,Pump A Running
2026-07-19T15:00:00+00:00,Running,1,2375.8,10.55,4.88,60.34,47.15,Pump A Running
2026-07-19T15:15:00+00:00,Running,1,2527.1,10.6,4.72,62.78,46.12,Pump A Running
2026-07-19T15:30:00+00:00,Running,1,2547.9,10.67,5.11,61.17,45.28,Pump A Running
2026-07-19T15:45:00+00:00,Running,1,2131.1,10.5,4.67,64.33,46.34,Pump A Running
2026-07-19T16:00:00+00:00,Running,1,2121.8,10.71,4.78,61.28,45.22,Pump A Running
2026-07-19T16:15:00+00:00,Running,1,2271.3,10.49,4.73,62.32,45.91,Pump A Running
2026-07-19T16:30:00+00:00,Running,1,2307.5,10.68,4.98,62.47,45.78,Pump A Running
2026-07-19T16:45:00+00:00,Running,1,2428.7,10.55,4.8,61.93,46.13,Pump A Running
2026-07-19T17:00:00+00:00,Running,1,2324.6,10.66,4.96,60.11,45.98,Pump A Running
2026-07-19T17:15:00+00:00,Running,1,2181.3,10.53,4.98,62.17,46.18,Pump A Running
2026-07-19T17:30:00+00:00,Running,1,2446.5,10.58,4.71,61.5,45.93,Pump A Running
2026-07-19T17:45:00+00:00,Running,1,2539.5,10.58,4.71,62.14,46.23,Pump A Running
2026-07-19T18:00:00+00:00,Running,1,2288.6,10.58,4.76,62.2,46.24,Pump A Running
2026-07-19T18:15:00+00:00,Running,1,2311.9,10.56,4.88,62.03,45.97,Pump A Running
2026-07-19T18:30:00+00:00,Running,1,2322.1,10.54,4.87,60.39,45.33,Pump A Running
2026-07-19T18:45:00+00:00,Running,1,2294.4,10.56,4.83,62.37,46.31,Pump A Running
2026-07-19T19:00:00+00:00,Running,1,2357.5,10.48,4.76,61.8,45.63,Pump A Running
2026-07-19T19:15:00+00:00,Running,1,2449.6,10.64,4.99,62.6,46.0,Pump A Running
2026-07-19T19:30:00+00:00,Running,1,2183.5,10.76,4.82,61.05,46.83,Pump A Running
2026-07-19T19:45:00+00:00,Running,1,2223.0,10.69,4.74,63.46,45.86,Pump A Running
2026-07-19T20:00:00+00:00,Running,1,2386.2,10.62,4.87,64.96,45.48,Pump A Running
2026-07-19T20:15:00+00:00,Running,1,2339.8,10.61,4.8,62.15,46.28,Pump A Running
2026-07-19T20:30:00+00:00,Running,1,2280.4,10.8,4.69,62.31,46.55,Pump A Running
2026-07-19T20:45:00+00:00,Running,1,2208.8,10.6,4.85,62.04,46.43,Pump A Running
2026-07-19T21:00:00+00:00,Running,1,2298.0,10.57,4.66,62.15,45.39,Pump A Running
2026-07-19T21:15:00+00:00,Running,1,2233.7,10.52,4.75,62.24,46.39,Pump A Running
2026-07-19T21:30:00+00:00,Running,1,2305.9,10.61,4.93,61.19,45.72,Pump A Running
2026-07-19T21:45:00+00:00,Running,1,2365.6,10.59,4.75,62.43,45.76,Pump A Running
2026-07-19T22:00:00+00:00,Running,1,2255.1,10.73,4.99,62.31,45.78,Pump A Running
2026-07-19T22:15:00+00:00,Running,1,2377.5,10.62,4.8,62.86,46.04,Pump A Running
2026-07-19T22:30:00+00:00,Running,1,2147.0,10.6,4.89,59.78,45.98,Pump A Running
2026-07-19T22:45:00+00:00,Running,1,2222.2,10.54,4.9,62.06,46.62,Pump A Running
2026-07-19T23:00:00+00:00,Running,1,2154.5,10.52,4.76,62.03,46.35,Pump A Running
2026-07-19T23:15:00+00:00,Running,1,2226.1,10.69,4.8,62.35,46.57,Pump A Running
2026-07-19T23:30:00+00:00,Running,1,2229.0,10.45,4.75,62.29,46.26,Pump A Running
2026-07-19T23:45:00+00:00,Running,1,2383.0,10.64,4.91,62.85,46.68,Pump A Running
2026-07-20T00:00:00+00:00,Running,1,2313.5,10.63,4.96,61.7,46.16,Pump A Running
2026-07-20T00:15:00+00:00,Running,1,2290.6,10.65,4.72,62.4,46.28,Pump A Running
2026-07-20T00:30:00+00:00,Running,1,2267.5,10.67,4.84,61.88,46.07,Pump A Running
2026-07-20T00:45:00+00:00,Running,1,2256.0,10.48,4.82,61.39,46.14,Pump A Running
2026-07-20T01:00:00+00:00,Running,1,2380.9,10.59,4.79,63.04,46.8,Pump A Running
2026-07-20T01:15:00+00:00,Running,1,2187.7,10.55,4.82,62.24,45.79,Pump A Running
2026-07-20T01:30:00+00:00,Running,1,2173.6,10.55,4.85,60.46,46.84,Pump A Running
2026-07-20T01:45:00+00:00,Running,1,2116.1,10.62,4.72,61.7,46.28,Pump A Running
2026-07-20T02:00:00+00:00,Stopped,0,0.0,0.0,0.13,0.0,28.56,Pumps Stopped
2026-07-20T02:15:00+00:00,Stopped,0,0.0,0.0,0.14,0.0,29.13,Pumps Stopped
2026-07-20T02:30:00+00:00,Stopped,0,0.0,0.0,0.11,0.0,29.25,Pumps Stopped
2026-07-20T02:45:00+00:00,Stopped,0,0.0,0.0,0.15,0.0,28.85,Pumps Stopped
2026-07-20T03:00:00+00:00,Stopped,0,0.0,0.0,0.17,0.0,28.97,Pumps Stopped
2026-07-20T03:15:00+00:00,Stopped,0,0.0,0.0,0.1,0.0,29.37,Pumps Stopped
2026-07-20T03:30:00+00:00,Running,1,2110.7,10.59,4.89,62.34,46.34,Pump A Running
2026-07-20T03:45:00+00:00,Running,1,2105.2,10.53,4.78,62.85,45.96,Pump A Running
2026-07-20T04:00:00+00:00,Running,1,2205.5,10.66,4.92,63.27,46.1,Pump A Running
2026-07-20T04:15:00+00:00,Running,1,2120.3,10.67,4.72,63.3,45.85,Pump A Running
2026-07-20T04:30:00+00:00,Running,1,2291.6,10.56,4.86,63.18,46.02,Pump A Running
2026-07-20T04:45:00+00:00,Running,1,2160.0,10.46,4.76,62.5,46.0,Pump A Running
2026-07-20T05:00:00+00:00,Running,1,2107.6,10.56,4.78,62.15,45.64,Pump A Running
2026-07-20T05:15:00+00:00,Running,1,2090.2,10.58,4.92,61.52,45.28,Pump A Running
2026-07-20T05:30:00+00:00,Running,1,2166.7,10.63,4.87,61.29,46.9,Pump A Running
2026-07-20T05:45:00+00:00,Running,1,2043.1,10.47,4.88,63.62,45.94,Pump A Running
2026-07-20T06:00:00+00:00,Running,1,2339.9,10.55,4.98,62.89,46.27,Pump A Running
2026-07-20T06:15:00+00:00,Running,1,2056.2,10.51,4.87,62.19,45.9,Pump A Running
2026-07-20T06:30:00+00:00,Running,1,2024.2,10.66,4.66,61.96,46.89,Pump A Running
2026-07-20T06:45:00+00:00,Running,1,2231.0,10.6,4.93,63.16,46.38,Pump A Running
2026-07-20T07:00:00+00:00,Running,1,2260.9,10.66,4.75,62.85,45.96,Pump A Running
2026-07-20T07:15:00+00:00,Running,1,2251.7,10.63,4.76,60.72,45.71,Pump A Running
2026-07-20T07:30:00+00:00,Running,1,2001.7,10.56,4.71,61.32,46.82,Pump A Running
2026-07-20T07:45:00+00:00,Running,1,2086.5,10.57,4.76,61.86,45.92,Pump A Running
2026-07-20T08:00:00+00:00,Running,1,2229.8,10.63,4.92,61.65,46.12,Pump A Running
2026-07-20T08:15:00+00:00,Running,1,2151.4,10.53,4.89,62.65,46.05,Pump A Running
2026-07-20T08:30:00+00:00,Running,1,2102.1,10.52,4.87,63.02,45.11,Pump A Running
2026-07-20T08:45:00+00:00,Running,1,2242.3,10.58,4.81,63.04,45.58,Pump A Running
2026-07-20T09:00:00+00:00,Running,1,2223.6,10.53,4.94,60.93,46.01,Pump A Running
2026-07-20T09:15:00+00:00,Running,1,2118.4,10.61,4.76,58.21,46.19,Pump A Running
2026-07-20T09:30:00+00:00,Running,1,2155.7,10.59,4.8,61.67,46.3,Pump A Running
2026-07-20T09:45:00+00:00,Running,1,2144.7,10.61,4.86,60.1,45.96,Pump A Running
2026-07-20T10:00:00+00:00,Running,1,2003.7,10.58,4.88,62.88,46.09,Pump A Running
2026-07-20T10:15:00+00:00,Running,1,2287.6,10.58,4.76,62.08,45.7,Pump A Running
2026-07-20T10:30:00+00:00,Running,1,2124.9,10.56,4.77,63.22,45.1,Pump A Running
2026-07-20T10:45:00+00:00,Running,1,2257.0,10.71,4.88,62.77,45.63,Pump A Running
2026-07-20T11:00:00+00:00,Running,1,2245.8,10.65,4.85,62.18,46.07,Pump A Running
2026-07-20T11:15:00+00:00,Running,1,2230.9,10.73,4.93,63.52,45.52,Pump A Running
2026-07-20T11:30:00+00:00,Running,1,2137.5,10.55,4.91,62.37,45.75,Pump A Running
2026-07-20T11:45:00+00:00,Running,1,2285.4,10.64,5.01,62.23,45.86,Pump A Running
2026-07-20T12:00:00+00:00,Running,1,2090.3,10.58,4.85,63.82,46.62,Pump A Running
2026-07-20T12:15:00+00:00,Running,1,2094.3,10.56,4.92,61.65,45.75,Pump A Running
2026-07-20T12:30:00+00:00,Running,1,2229.9,10.54,4.94,61.98,46.42,Pump A Running
2026-07-20T12:45:00+00:00,Running,1,2113.1,10.61,4.95,59.7,45.8,Pump A Running
2026-07-20T13:00:00+00:00,Running,1,2107.9,10.6,4.88,61.04,46.25,Pump A Running
2026-07-20T13:15:00+00:00,Running,1,2318.4,10.51,4.77,62.64,45.34,Pump A Running
2026-07-20T13:30:00+00:00,Running,1,2104.6,10.68,4.88,60.34,46.12,Pump A Running
2026-07-20T13:45:00+00:00,Running,1,2238.7,10.57,4.88,61.56,46.61,Pump A Running
2026-07-20T14:00:00+00:00,Running,1,2350.0,10.72,4.93,63.43,45.74,Pump A Running
2026-07-20T14:15:00+00:00,Running,1,2069.1,10.59,4.89,61.18,46.62,Pump A Running
2026-07-20T14:30:00+00:00,Running,1,2318.4,10.44,4.77,61.13,45.87,Pump A Running
2026-07-20T14:45:00+00:00,Running,1,2323.4,10.64,4.93,60.96,45.41,Pump A Running
2026-07-20T15:00:00+00:00,Running,1,2253.5,10.5,4.85,60.9,45.66,Pump A Running
2026-07-20T15:15:00+00:00,Running,1,2306.3,10.63,4.9,62.24,45.88,Pump A Running
2026-07-20T15:30:00+00:00,Running,1,2131.9,10.67,4.92,62.19,46.4,Pump A Running
2026-07-20T15:45:00+00:00,Running,1,2128.4,10.61,4.83,61.3,45.93,Pump A Running
2026-07-20T16:00:00+00:00,Running,1,2130.2,10.57,4.86,60.8,46.47,Pump A Running
2026-07-20T16:15:00+00:00,Running,1,2340.6,10.62,4.84,62.01,45.66,Pump A Running
2026-07-20T16:30:00+00:00,Running,1,2292.3,10.61,4.92,62.64,45.49,Pump A Running
2026-07-20T16:45:00+00:00,Running,1,2384.5,10.66,4.88,62.81,46.01,Pump A Running
2026-07-20T17:00:00+00:00,Running,1,2322.3,10.55,4.85,60.55,45.22,Pump A Running
2026-07-20T17:15:00+00:00,Running,1,2205.3,10.53,4.85,61.16,45.87,Pump A Running
2026-07-20T17:30:00+00:00,Running,1,2180.7,10.55,4.86,61.44,46.27,Pump A Running
2026-07-20T17:45:00+00:00,Running,1,2213.5,10.66,5.01,61.78,45.65,Pump A Running
2026-07-20T18:00:00+00:00,Running,1,2316.6,10.6,4.83,62.17,46.0,Pump A Running
2026-07-20T18:15:00+00:00,Running,1,2217.1,10.59,4.8,60.34,46.24,Pump A Running
2026-07-20T18:30:00+00:00,Running,1,2106.5,10.66,4.88,60.64,46.24,Pump A Running
2026-07-20T18:45:00+00:00,Running,1,2320.3,10.7,4.79,60.2,46.26,Pump A Running
2026-07-20T19:00:00+00:00,Running,1,2236.2,10.64,4.91,61.21,46.34,Pump A Running
2026-07-20T19:15:00+00:00,Running,1,2357.8,10.65,4.81,62.6,45.25,Pump A Running
2026-07-20T19:30:00+00:00,Running,1,2225.5,10.54,4.74,62.64,45.91,Pump A Running
2026-07-20T19:45:00+00:00,Running,1,2399.3,10.59,4.79,60.5,45.98,Pump A Running
2026-07-20T20:00:00+00:00,Running,1,2175.3,10.4,4.93,62.62,46.53,Pump A Running
2026-07-20T20:15:00+00:00,Running,1,2336.8,10.74,4.7,63.42,46.83,Pump A Running
2026-07-20T20:30:00+00:00,Running,1,2244.8,10.55,4.84,59.69,46.71,Pump A Running
2026-07-20T20:45:00+00:00,Running,1,2285.3,10.58,4.76,62.98,45.5,Pump A Running
2026-07-20T21:00:00+00:00,Running,1,2148.8,10.52,4.88,62.41,45.57,Pump A Running
2026-07-20T21:15:00+00:00,Running,1,2241.3,10.51,4.95,64.0,45.49,Pump A Running
2026-07-20T21:30:00+00:00,Running,1,2264.1,10.52,4.97,63.02,45.81,Pump A Running
2026-07-20T21:45:00+00:00,Running,1,2267.1,10.63,4.78,60.54,46.12,Pump A Running
2026-07-20T22:00:00+00:00,Running,1,2291.1,10.51,4.84,62.26,45.38,Pump A Running
2026-07-20T22:15:00+00:00,Running,1,2289.6,10.58,4.77,62.36,46.09,Pump A Running
2026-07-20T22:30:00+00:00,Running,1,2404.9,10.68,4.88,61.49,46.19,Pump A Running
2026-07-20T22:45:00+00:00,Running,1,2341.6,10.57,4.89,60.36,45.82,Pump A Running
2026-07-20T23:00:00+00:00,Running,1,2379.2,10.68,4.66,62.25,46.19,Pump A Running
2026-07-20T23:15:00+00:00,Running,1,2388.0,10.53,4.79,64.7,46.48,Pump A Running
2026-07-20T23:30:00+00:00,Running,1,2279.8,10.54,4.76,63.33,46.72,Pump A Running
2026-07-20T23:45:00+00:00,Running,1,2392.4,10.59,4.81,61.49,46.37,Pump A Running
2026-07-21T00:00:00+00:00,Running,1,2198.3,10.63,4.88,62.79,45.67,Pump A Running
2026-07-21T00:15:00+00:00,Running,1,2435.0,10.71,4.76,61.96,45.66,Pump A Running
2026-07-21T00:30:00+00:00,Running,1,2299.2,10.57,4.8,64.12,45.92,Pump A Running
2026-07-21T00:45:00+00:00,Running,1,2335.0,10.65,4.86,60.4,46.07,Pump A Running
2026-07-21T01:00:00+00:00,Running,1,2423.6,10.5,4.81,58.97,46.02,Pump A Running
2026-07-21T01:15:00+00:00,Running,1,2492.1,10.6,4.83,61.59,45.68,Pump A Running
2026-07-21T01:30:00+00:00,Running,1,2265.6,10.62,4.79,60.47,46.31,Pump A Running
2026-07-21T01:45:00+00:00,Running,1,2428.2,10.57,4.83,60.53,45.78,Pump A Running
2026-07-21T02:00:00+00:00,Stopped,0,0.0,0.0,0.09,0.0,28.8,Pumps Stopped
2026-07-21T02:15:00+00:00,Stopped,0,0.0,0.0,0.16,0.0,29.2,Pumps Stopped
2026-07-21T02:30:00+00:00,Stopped,0,0.0,0.0,0.11,0.0,28.73,Pumps Stopped
2026-07-21T02:45:00+00:00,Stopped,0,0.0,0.0,0.09,0.0,28.8,Pumps Stopped
2026-07-21T03:00:00+00:00,Stopped,0,0.0,0.0,0.15,0.0,29.31,Pumps Stopped
2026-07-21T03:15:00+00:00,Stopped,0,0.0,0.0,0.1,0.0,28.98,Pumps Stopped
2026-07-21T03:30:00+00:00,Running,1,2299.3,10.59,4.73,62.3,45.56,Pump A Running
2026-07-21T03:45:00+00:00,Running,1,2344.8,10.66,4.87,63.58,45.98,Pump A Running
2026-07-21T04:00:00+00:00,Running,1,2447.4,10.5,4.79,61.19,46.07,Pump A Running
2026-07-21T04:15:00+00:00,Running,1,2532.6,10.53,4.92,62.22,45.81,Pump A Running
2026-07-21T04:30:00+00:00,Running,1,2470.5,10.64,4.89,64.24,46.12,Pump A Running
2026-07-21T04:45:00+00:00,Running,1,2437.4,10.58,4.89,62.97,46.36,Pump A Running
2026-07-21T05:00:00+00:00,Running,1,2521.6,10.6,4.8,62.85,46.07,Pump A Running
2026-07-21T05:15:00+00:00,Running,1,2414.8,10.58,4.8,62.33,46.3,Pump A Running
2026-07-21T05:30:00+00:00,Running,1,2668.7,10.64,4.93,62.99,46.04,Pump A Running
2026-07-21T05:45:00+00:00,Running,1,2609.4,10.64,4.72,63.48,46.28,Pump A Running
2026-07-21T06:00:00+00:00,Running,1,2401.2,10.69,4.8,61.0,46.09,Pump A Running
2026-07-21T06:15:00+00:00,Running,1,2489.5,10.59,4.78,60.94,45.81,Pump A Running
2026-07-21T06:30:00+00:00,Running,1,2525.9,10.42,4.81,63.54,46.49,Pump A Running
2026-07-21T06:45:00+00:00,Running,1,2428.1,10.64,4.95,63.22,46.1,Pump A Running
2026-07-21T07:00:00+00:00,Running,1,2476.6,10.59,5.05,62.55,45.86,Pump A Running
2026-07-21T07:15:00+00:00,Running,1,2563.5,10.62,4.77,63.06,46.57,Pump A Running
2026-07-21T07:30:00+00:00,Running,1,2583.3,10.58,4.84,59.2,46.63,Pump A Running
2026-07-21T07:45:00+00:00,Running,1,2534.0,10.55,4.84,62.77,46.24,Pump A Running
2026-07-21T08:00:00+00:00,Running,1,2531.8,10.57,4.81,63.07,46.32,Pump A Running
2026-07-21T08:15:00+00:00,Running,1,2614.8,10.53,4.72,62.91,45.88,Pump A Running
2026-07-21T08:30:00+00:00,Running,1,2547.3,10.52,4.86,61.07,45.94,Pump A Running
2026-07-21T08:45:00+00:00,Running,1,2438.8,10.58,4.75,60.97,45.32,Pump A Running
2026-07-21T09:00:00+00:00,Running,1,2613.9,10.55,4.89,62.45,46.01,Pump A Running
2026-07-21T09:15:00+00:00,Running,1,2577.4,10.75,4.83,62.74,46.06,Pump A Running
2026-07-21T09:30:00+00:00,Running,1,2570.9,10.57,4.81,63.02,46.09,Pump A Running
2026-07-21T09:45:00+00:00,Running,1,2616.5,10.61,4.93,60.34,45.82,Pump A Running
2026-07-21T10:00:00+00:00,Running,1,2394.9,10.63,4.92,61.94,46.6,Pump A Running
2026-07-21T10:15:00+00:00,Running,1,2445.7,10.58,4.83,61.47,46.68,Pump A Running
2026-07-21T10:30:00+00:00,Running,1,2462.2,10.7,4.95,63.95,45.92,Pump A Running
2026-07-21T10:45:00+00:00,Running,1,2579.9,10.61,4.81,62.05,45.86,Pump A Running
2026-07-21T11:00:00+00:00,Running,1,2566.9,10.54,4.85,61.81,46.8,Pump A Running
2026-07-21T11:15:00+00:00,Running,1,2655.7,10.68,4.92,62.52,46.04,Pump A Running
2026-07-21T11:30:00+00:00,Running,1,2561.2,10.72,4.92,63.8,45.67,Pump A Running
2026-07-21T11:45:00+00:00,Running,1,2654.6,10.62,4.77,62.19,47.06,Pump A Running
2026-07-21T12:00:00+00:00,Running,1,2578.1,10.48,4.93,58.23,46.58,Pump A Running
2026-07-21T12:15:00+00:00,Running,1,2491.0,10.61,4.83,64.02,46.35,Pump A Running
2026-07-21T12:30:00+00:00,Running,1,2805.7,10.56,4.76,61.79,45.55,Pump A Running
2026-07-21T12:45:00+00:00,Running,1,2606.4,10.55,4.99,62.38,46.53,Pump A Running
2026-07-21T13:00:00+00:00,Running,1,2683.3,10.59,4.83,61.37,45.93,Pump A Running
2026-07-21T13:15:00+00:00,Running,1,2627.0,10.58,4.78,60.83,46.55,Pump A Running
2026-07-21T13:30:00+00:00,Running,1,2651.9,10.63,4.84,62.64,46.19,Pump A Running
2026-07-21T13:45:00+00:00,Running,1,2564.4,10.6,4.91,64.08,46.5,Pump A Running
2026-07-21T14:00:00+00:00,Running,1,2420.1,10.54,4.9,62.42,45.47,Pump A Running
2026-07-21T14:15:00+00:00,Running,1,2575.7,10.65,4.69,63.3,45.81,Pump A Running
2026-07-21T14:30:00+00:00,Running,1,2561.0,10.57,4.68,61.19,45.83,Pump A Running
2026-07-21T14:45:00+00:00,Running,1,2466.2,10.49,4.9,60.52,46.08,Pump A Running
2026-07-21T15:00:00+00:00,Running,1,2424.4,10.59,4.83,61.29,45.46,Pump A Running
2026-07-21T15:15:00+00:00,Running,1,2743.3,10.63,4.89,61.19,45.53,Pump A Running
2026-07-21T15:30:00+00:00,Running,1,2593.8,10.66,4.84,62.48,46.13,Pump A Running
2026-07-21T15:45:00+00:00,Running,1,2729.5,10.73,4.88,61.91,45.3,Pump A Running
2026-07-21T16:00:00+00:00,Running,1,2713.1,10.58,4.86,62.55,46.31,Pump A Running
2026-07-21T16:15:00+00:00,Running,1,2778.1,10.62,4.95,61.37,46.28,Pump A Running
2026-07-21T16:30:00+00:00,Running,1,2728.1,10.58,4.79,60.92,46.12,Pump A Running
2026-07-21T16:45:00+00:00,Running,1,2575.5,10.59,4.95,59.52,46.2,Pump A Running
2026-07-21T17:00:00+00:00,Running,1,2649.1,10.65,4.96,64.05,46.15,Pump A Running
2026-07-21T17:15:00+00:00,Running,1,2708.5,10.66,4.91,61.01,45.99,Pump A Running
2026-07-21T17:30:00+00:00,Running,1,2680.0,10.53,4.97,61.44,46.13,Pump A Running
2026-07-21T17:45:00+00:00,Running,1,2729.9,10.42,4.77,62.13,45.46,Pump A Running
2026-07-21T18:00:00+00:00,Running,1,2634.4,10.55,4.77,61.57,45.64,Pump A Running
2026-07-21T18:15:00+00:00,Running,1,2742.4,10.65,4.87,62.08,45.52,Pump A Running
2026-07-21T18:30:00+00:00,Running,1,2809.0,10.61,4.78,61.64,45.6,Pump A Running
2026-07-21T18:45:00+00:00,Running,1,2739.1,10.67,5.11,60.97,46.15,Pump A Running
2026-07-21T19:00:00+00:00,Running,1,2747.4,10.69,4.96,60.58,46.03,Pump A Running
2026-07-21T19:15:00+00:00,Running,1,2841.5,10.56,4.86,61.45,45.52,Pump A Running
2026-07-21T19:30:00+00:00,Running,1,2765.2,10.67,4.84,62.61,46.47,Pump A Running
2026-07-21T19:45:00+00:00,Running,1,2615.8,10.65,4.83,62.84,45.64,Pump A Running
2026-07-21T20:00:00+00:00,Running,1,2713.2,10.62,4.78,61.37,46.42,Pump A Running
2026-07-21T20:15:00+00:00,Running,1,2688.7,10.56,4.87,62.79,46.15,Pump A Running
2026-07-21T20:30:00+00:00,Running,1,2819.2,10.73,4.58,61.52,45.65,Pump A Running
2026-07-21T20:45:00+00:00,Running,1,2689.9,10.58,4.73,61.25,46.16,Pump A Running
2026-07-21T21:00:00+00:00,Running,1,2684.9,10.59,4.94,59.98,46.66,Pump A Running
2026-07-21T21:15:00+00:00,Running,1,2873.5,10.61,4.84,59.82,45.27,Pump A Running
2026-07-21T21:30:00+00:00,Running,1,2669.7,10.66,4.87,62.46,45.53,Pump A Running
2026-07-21T21:45:00+00:00,Running,1,2818.3,10.64,4.83,60.28,46.75,Pump A Running
2026-07-21T22:00:00+00:00,Running,1,2741.3,10.62,4.72,62.74,44.56,Pump A Running
2026-07-21T22:15:00+00:00,Running,1,2748.8,10.61,4.95,62.04,46.41,Pump A Running
2026-07-21T22:30:00+00:00,Running,1,2764.3,10.6,4.81,61.57,45.82,Pump A Running
2026-07-21T22:45:00+00:00,Running,1,2388.7,10.56,4.85,60.29,45.91,Pump A Running
2026-07-21T23:00:00+00:00,Running,1,2668.3,10.51,4.77,62.42,46.12,Pump A Running
2026-07-21T23:15:00+00:00,Running,1,2857.4,10.56,4.83,61.64,46.03,Pump A Running
2026-07-21T23:30:00+00:00,Running,1,2751.1,10.57,4.85,60.41,46.18,Pump A Running
2026-07-21T23:45:00+00:00,Running,1,2720.6,10.78,4.89,64.18,46.82,Pump A Running
2026-07-22T00:00:00+00:00,Running,1,2847.4,10.56,4.97,61.76,45.81,Pump A Running
2026-07-22T00:15:00+00:00,Running,1,2702.5,10.58,4.87,61.36,45.89,Pump A Running
2026-07-22T00:30:00+00:00,Running,1,2682.8,10.72,4.69,62.28,46.35,Pump A Running
2026-07-22T00:45:00+00:00,Running,1,2720.0,10.59,4.93,60.8,46.1,Pump A Running
2026-07-22T01:00:00+00:00,Running,1,2926.6,10.61,5.02,62.64,46.3,Pump A Running
2026-07-22T01:15:00+00:00,Running,1,2661.2,10.57,4.87,62.95,45.74,Pump A Running
2026-07-22T01:30:00+00:00,Running,1,2800.0,10.66,4.78,63.33,45.82,Pump A Running
2026-07-22T01:45:00+00:00,Running,1,2698.9,10.45,4.86,60.85,46.08,Pump A Running
2026-07-22T02:00:00+00:00,Stopped,0,0.0,0.0,0.11,0.0,28.83,Pumps Stopped
2026-07-22T02:15:00+00:00,Stopped,0,0.0,0.0,0.17,0.0,29.06,Pumps Stopped
2026-07-22T02:30:00+00:00,Stopped,0,0.0,0.0,0.11,0.0,28.83,Pumps Stopped
2026-07-22T02:45:00+00:00,Stopped,0,0.0,0.0,0.04,0.0,28.59,Pumps Stopped
2026-07-22T03:00:00+00:00,Stopped,0,0.0,0.0,0.12,0.0,29.66,Pumps Stopped
2026-07-22T03:15:00+00:00,Stopped,0,0.0,0.0,0.15,0.0,28.8,Pumps Stopped
2026-07-22T03:30:00+00:00,Running,1,2695.2,10.62,4.86,63.2,46.89,Pump A Running
2026-07-22T03:45:00+00:00,Running,1,2796.6,10.63,4.78,60.76,45.77,Pump A Running
2026-07-22T04:00:00+00:00,Running,1,2796.1,10.63,4.99,63.49,46.34,Pump A Running
2026-07-22T04:15:00+00:00,Running,1,2778.0,10.68,4.82,62.01,46.36,Pump A Running
2026-07-22T04:30:00+00:00,Running,1,2577.9,10.64,4.96,62.13,45.29,Pump A Running
2026-07-22T04:45:00+00:00,Running,1,2812.3,10.56,4.96,61.56,46.1,Pump A Running
2026-07-22T05:00:00+00:00,Running,1,2748.0,10.58,4.85,62.26,47.05,Pump A Running
2026-07-22T05:15:00+00:00,Running,1,2756.6,10.67,4.85,62.08,46.1,Pump A Running
2026-07-22T05:30:00+00:00,Running,1,2753.7,10.64,4.88,62.36,46.43,Pump A Running
2026-07-22T05:45:00+00:00,Running,1,2666.2,10.72,4.88,63.84,46.48,Pump A Running
2026-07-22T06:00:00+00:00,Running,1,2800.0,10.56,4.73,60.99,45.29,Pump A Running
2026-07-22T06:15:00+00:00,Running,1,2562.0,10.58,4.8,62.58,45.49,Pump A Running
2026-07-22T06:30:00+00:00,Running,1,2638.7,10.47,4.88,63.75,45.86,Pump A Running
2026-07-22T06:45:00+00:00,Running,1,2709.6,10.56,4.81,59.37,45.76,Pump A Running
2026-07-22T07:00:00+00:00,Running,1,2709.7,10.62,4.89,63.73,46.44,Pump A Running
2026-07-22T07:15:00+00:00,Running,1,2761.5,10.63,4.56,61.74,46.43,Pump A Running
2026-07-22T07:30:00+00:00,Running,1,2733.6,10.6,4.8,63.05,45.68,Pump A Running
2026-07-22T07:45:00+00:00,Running,1,2658.5,10.49,4.86,62.21,46.6,Pump A Running
2026-07-22T08:00:00+00:00,Running,1,2702.1,10.62,4.77,61.44,46.04,Pump A Running
2026-07-22T08:15:00+00:00,Running,1,2823.4,10.59,4.98,62.0,46.54,Pump A Running
2026-07-22T08:30:00+00:00,Running,1,2768.4,10.67,5.0,62.59,46.37,Pump A Running
2026-07-22T08:45:00+00:00,Running,1,2542.9,10.58,4.89,63.04,47.16,Pump A Running
2026-07-22T09:00:00+00:00,Running,1,2805.3,10.6,4.96,61.99,46.02,Pump A Running
2026-07-22T09:15:00+00:00,Running,1,2773.4,10.66,4.84,61.59,46.1,Pump A Running
2026-07-22T09:30:00+00:00,Running,1,2631.7,10.61,4.67,59.74,46.83,Pump A Running
2026-07-22T09:45:00+00:00,Running,1,2857.9,10.72,4.83,61.93,45.34,Pump A Running
2026-07-22T10:00:00+00:00,Running,1,2668.9,10.6,4.88,61.18,45.53,Pump A Running
2026-07-22T10:15:00+00:00,Running,1,2695.3,10.52,4.83,61.77,45.61,Pump A Running
2026-07-22T10:30:00+00:00,Running,1,2498.0,10.57,4.81,60.03,45.75,Pump A Running
2026-07-22T10:45:00+00:00,Running,1,2601.4,10.53,4.75,61.18,46.22,Pump A Running
2026-07-22T11:00:00+00:00,Running,1,2661.1,10.6,4.97,62.39,45.72,Pump A Running
2026-07-22T11:15:00+00:00,Running,1,2734.3,10.49,4.89,60.42,45.57,Pump A Running
2026-07-22T11:30:00+00:00,Running,1,2768.7,10.73,4.84,62.74,46.05,Pump A Running
2026-07-22T11:45:00+00:00,Running,1,2634.2,10.53,4.7,61.46,46.35,Pump A Running
2026-07-22T12:00:00+00:00,Running,1,2548.8,10.64,4.65,63.52,45.52,Pump A Running
2026-07-22T12:15:00+00:00,Running,1,2771.6,10.55,4.93,60.36,45.21,Pump A Running
2026-07-22T12:30:00+00:00,Running,1,2602.7,10.49,4.91,61.93,45.52,Pump A Running
2026-07-22T12:45:00+00:00,Running,1,2701.5,10.72,4.94,59.74,46.05,Pump A Running
2026-07-22T13:00:00+00:00,Running,1,2710.8,10.72,4.93,59.36,45.84,Pump A Running
2026-07-22T13:15:00+00:00,Running,1,2760.2,10.49,4.86,62.93,46.67,Pump A Running
2026-07-22T13:30:00+00:00,Running,1,2626.6,10.59,4.91,62.16,45.67,Pump A Running
2026-07-22T13:45:00+00:00,Running,1,2588.7,10.63,4.78,62.91,46.0,Pump A Running
2026-07-22T14:00:00+00:00,Running,1,2699.3,10.54,4.73,62.42,45.51,Pump A Running
2026-07-22T14:15:00+00:00,Running,1,2772.6,10.66,4.72,62.4,45.87,Pump A Running
2026-07-22T14:30:00+00:00,Running,1,2443.8,10.63,4.97,61.71,46.04,Pump A Running
2026-07-22T14:45:00+00:00,Running,1,2694.6,10.6,4.95,60.86,45.81,Pump A Running
2026-07-22T15:00:00+00:00,Running,1,2640.0,10.44,4.84,63.19,45.5,Pump A Running
2026-07-22T15:15:00+00:00,Running,1,2494.3,10.65,4.96,62.51,46.08,Pump A Running
2026-07-22T15:30:00+00:00,Running,1,2835.6,10.54,4.9,64.64,46.75,Pump A Running
2026-07-22T15:45:00+00:00,Running,1,2601.7,10.61,4.72,60.82,46.05,Pump A Running
2026-07-22T16:00:00+00:00,Running,1,2516.1,10.57,4.83,62.7,46.34,Pump A Running
2026-07-22T16:15:00+00:00,Running,1,2609.0,10.6,4.77,63.38,45.68,Pump A Running
2026-07-22T16:30:00+00:00,Running,1,2687.8,10.55,4.69,61.05,46.38,Pump A Running
2026-07-22T16:45:00+00:00,Running,1,2560.9,10.57,4.91,61.53,45.94,Pump A Running
2026-07-22T17:00:00+00:00,Running,1,2574.2,10.53,4.88,62.38,45.77,Pump A Running
2026-07-22T17:15:00+00:00,Running,1,2649.7,10.56,4.73,62.77,46.11,Pump A Running
2026-07-22T17:30:00+00:00,Running,1,2473.6,10.53,4.84,61.3,46.29,Pump A Running
2026-07-22T17:45:00+00:00,Running,1,2543.0,10.58,4.83,61.08,45.87,Pump A Running
2026-07-22T18:00:00+00:00,Running,1,2556.3,10.68,4.82,59.81,44.95,Pump A Running
2026-07-22T18:15:00+00:00,Running,1,2678.3,10.63,4.89,65.41,46.49,Pump A Running
2026-07-22T18:30:00+00:00,Running,1,2520.7,10.64,4.74,61.89,45.54,Pump A Running
2026-07-22T18:45:00+00:00,Running,1,2561.3,10.59,4.79,61.74,45.6,Pump A Running
2026-07-22T19:00:00+00:00,Running,1,2446.3,10.55,4.9,62.95,46.0,Pump A Running
2026-07-22T19:15:00+00:00,Running,1,2454.6,10.59,4.82,62.86,45.85,Pump A Running
2026-07-22T19:30:00+00:00,Running,1,2370.0,10.62,4.96,63.34,46.18,Pump A Running
2026-07-22T19:45:00+00:00,Running,1,2571.6,10.64,4.98,62.65,46.83,Pump A Running
2026-07-22T20:00:00+00:00,Running,1,2352.5,10.67,4.91,61.56,46.04,Pump A Running
2026-07-22T20:15:00+00:00,Running,1,2511.6,10.61,4.81,62.09,45.73,Pump A Running
2026-07-22T20:30:00+00:00,Running,1,2675.4,10.65,4.68,63.21,46.13,Pump A Running
2026-07-22T20:45:00+00:00,Running,1,2420.9,10.62,4.89,60.94,46.18,Pump A Running
2026-07-22T21:00:00+00:00,Running,1,2490.6,10.56,4.82,61.84,46.18,Pump A Running
2026-07-22T21:15:00+00:00,Running,1,2409.5,10.63,4.81,62.03,45.83,Pump A Running
2026-07-22T21:30:00+00:00,Running,1,2470.7,10.59,4.81,61.46,45.41,Pump A Running
2026-07-22T21:45:00+00:00,Running,1,2276.2,10.66,4.88,61.79,46.5,Pump A Running
2026-07-22T22:00:00+00:00,Running,1,2451.1,10.72,4.79,60.27,46.48,Pump A Running
2026-07-22T22:15:00+00:00,Running,1,2569.0,10.56,4.88,63.07,47.2,Pump A Running
2026-07-22T22:30:00+00:00,Running,1,2486.4,10.5,4.85,59.91,45.51,Pump A Running
2026-07-22T22:45:00+00:00,Running,1,2372.3,10.68,4.92,63.74,45.81,Pump A Running
2026-07-22T23:00:00+00:00,Running,1,2318.8,10.64,4.61,61.8,46.68,Pump A Running
2026-07-22T23:15:00+00:00,Running,1,2438.8,10.56,4.85,61.9,45.75,Pump A Running
2026-07-22T23:30:00+00:00,Running,1,2497.7,10.6,4.87,62.76,45.77,Pump A Running
2026-07-22T23:45:00+00:00,Running,1,2467.8,10.64,4.68,61.99,45.69,Pump A Running
2026-07-23T00:00:00+00:00,Running,1,2438.6,10.6,4.93,61.59,45.73,Pump A Running
2026-07-23T00:15:00+00:00,Running,1,2411.9,10.49,4.77,62.17,45.51,Pump A Running
2026-07-23T00:30:00+00:00,Running,1,2296.2,10.55,4.9,61.29,46.23,Pump A Running
2026-07-23T00:45:00+00:00,Running,1,2081.9,10.54,4.93,61.89,46.76,Pump A Running
2026-07-23T01:00:00+00:00,Running,1,2408.2,10.6,4.72,61.84,45.78,Pump A Running
2026-07-23T01:15:00+00:00,Running,1,2356.9,10.5,4.83,63.17,46.25,Pump A Running
2026-07-23T01:30:00+00:00,Running,1,2444.6,10.56,4.92,62.66,45.84,Pump A Running
2026-07-23T01:45:00+00:00,Running,1,2343.0,10.56,4.82,61.45,46.47,Pump A Running
2026-07-23T02:00:00+00:00,Stopped,0,0.0,0.0,0.11,0.0,28.88,Pumps Stopped
2026-07-23T02:15:00+00:00,Stopped,0,0.0,0.0,0.16,0.0,28.93,Pumps Stopped
2026-07-23T02:30:00+00:00,Stopped,0,0.0,0.0,0.1,0.0,28.97,Pumps Stopped
2026-07-23T02:45:00+00:00,Stopped,0,0.0,0.0,0.13,0.0,28.83,Pumps Stopped
2026-07-23T03:00:00+00:00,Stopped,0,0.0,0.0,0.15,0.0,29.15,Pumps Stopped
2026-07-23T03:15:00+00:00,Stopped,0,0.0,0.0,0.13,0.0,28.99,Pumps Stopped
2026-07-23T03:30:00+00:00,Running,1,2388.9,10.63,4.88,61.44,45.52,Pump A Running
2026-07-23T03:45:00+00:00,Running,1,2284.2,10.62,4.85,62.45,45.54,Pump A Running
2026-07-23T04:00:00+00:00,Running,1,2398.5,10.45,4.75,60.86,46.27,Pump A Running
2026-07-23T04:15:00+00:00,Running,1,2334.8,10.62,4.96,61.28,46.1,Pump A Running
2026-07-23T04:30:00+00:00,Running,1,2295.0,10.71,4.93,61.26,44.92,Pump A Running
2026-07-23T04:45:00+00:00,Running,1,2069.4,10.67,4.83,60.58,46.17,Pump A Running
2026-07-23T05:00:00+00:00,Running,1,2357.8,10.61,4.91,61.08,45.38,Pump A Running
2026-07-23T05:15:00+00:00,Running,1,2123.2,10.67,4.9,62.09,46.08,Pump A Running
2026-07-23T05:30:00+00:00,Running,1,2193.4,10.65,4.86,61.69,46.05,Pump A Running
2026-07-23T05:45:00+00:00,Running,1,2256.3,10.64,4.82,63.87,45.48,Pump A Running
2026-07-23T06:00:00+00:00,Running,1,2233.8,10.65,4.66,63.75,47.3,Pump A Running
2026-07-23T06:15:00+00:00,Running,1,2303.0,10.65,4.9,62.43,45.92,Pump A Running
2026-07-23T06:30:00+00:00,Running,1,2314.6,10.59,4.9,62.6,46.37,Pump A Running
2026-07-23T06:45:00+00:00,Running,1,2251.4,10.59,4.83,62.67,46.08,Pump A Running
2026-07-23T07:00:00+00:00,Running,1,2323.8,10.56,4.71,60.6,46.31,Pump A Running
2026-07-23T07:15:00+00:00,Running,1,2383.4,10.57,4.83,61.69,45.48,Pump A Running
2026-07-23T07:30:00+00:00,Running,1,2404.0,10.58,4.88,61.65,45.81,Pump A Running
2026-07-23T07:45:00+00:00,Running,1,2152.3,10.68,4.8,60.91,45.62,Pump A Running
2026-07-23T08:00:00+00:00,Running,1,2302.7,10.6,4.96,62.4,46.43,Pump A Running
2026-07-23T08:15:00+00:00,Running,1,2326.1,10.63,4.92,62.01,46.23,Pump A Running
2026-07-23T08:30:00+00:00,Running,1,2208.4,10.64,4.85,61.59,45.31,Pump A Running
2026-07-23T08:45:00+00:00,Running,1,2266.9,10.53,4.89,61.95,45.66,Pump A Running
2026-07-23T09:00:00+00:00,Running,1,2328.5,10.78,4.86,62.0,45.43,Pump A Running
2026-07-23T09:15:00+00:00,Running,1,2250.2,10.46,4.94,64.26,45.94,Pump A Running
2026-07-23T09:30:00+00:00,Running,1,2281.6,10.68,4.9,62.44,46.27,Pump A Running
2026-07-23T09:45:00+00:00,Running,1,2337.6,10.69,4.97,59.21,45.82,Pump A Running
2026-07-23T10:00:00+00:00,Running,1,2237.0,10.57,4.83,63.22,45.58,Pump A Running
2026-07-23T10:15:00+00:00,Running,1,2138.2,10.53,4.74,63.02,45.65,Pump A Running
2026-07-23T10:30:00+00:00,Running,1,2242.0,10.63,4.69,63.64,46.42,Pump A Running
2026-07-23T10:45:00+00:00,Running,1,2268.8,10.66,4.88,60.65,46.05,Pump A Running
2026-07-23T11:00:00+00:00,Running,1,2060.6,10.61,4.76,59.99,45.9,Pump A Running
2026-07-23T11:15:00+00:00,Running,1,2312.9,10.62,4.81,63.02,46.17,Pump A Running
2026-07-23T11:30:00+00:00,Running,1,2133.0,10.61,4.84,61.4,45.64,Pump A Running
2026-07-23T11:45:00+00:00,Running,1,2282.2,10.5,4.86,61.68,45.82,Pump A Running
2026-07-23T12:00:00+00:00,Running,1,2278.8,10.61,4.9,62.85,45.87,Pump A Running
2026-07-23T12:15:00+00:00,Running,1,2216.7,10.58,4.96,61.45,45.56,Pump A Running
2026-07-23T12:30:00+00:00,Running,1,2100.6,10.59,4.88,60.35,46.25,Pump A Running
2026-07-23T12:45:00+00:00,Running,1,2043.8,10.6,4.95,62.86,46.67,Pump A Running
2026-07-23T13:00:00+00:00,Running,1,2217.4,10.58,4.81,61.99,45.77,Pump A Running
2026-07-23T13:15:00+00:00,Running,1,2141.5,10.6,4.87,62.65,47.1,Pump A Running
2026-07-23T13:30:00+00:00,Running,1,2262.5,10.66,4.85,63.41,45.71,Pump A Running
2026-07-23T13:45:00+00:00,Running,1,2289.7,10.62,4.82,62.18,46.76,Pump A Running
2026-07-23T14:00:00+00:00,Running,1,2053.2,10.68,4.89,62.31,46.35,Pump A Running
2026-07-23T14:15:00+00:00,Running,1,2074.5,10.59,4.81,62.82,46.63,Pump A Running
2026-07-23T14:30:00+00:00,Running,1,2198.5,10.57,4.72,61.56,45.92,Pump A Running
2026-07-23T14:45:00+00:00,Running,1,2226.1,10.59,4.91,60.47,46.8,Pump A Running
2026-07-23T15:00:00+00:00,Running,1,2405.5,10.57,4.69,61.1,45.53,Pump A Running
2026-07-23T15:15:00+00:00,Running,1,2134.5,10.73,4.78,63.14,46.0,Pump A Running
2026-07-23T15:30:00+00:00,Running,1,2130.1,10.66,4.8,60.4,45.91,Pump A Running
2026-07-23T15:45:00+00:00,Running,1,2163.1,10.58,4.86,62.33,46.15,Pump A Running
2026-07-23T16:00:00+00:00,Running,1,2279.7,10.76,5.15,60.68,45.69,Pump A Running
2026-07-23T16:15:00+00:00,Running,1,2165.0,10.64,5.0,63.28,45.92,Pump A Running
2026-07-23T16:30:00+00:00,Running,1,2245.2,10.66,4.65,64.02,46.06,Pump A Running
2026-07-23T16:45:00+00:00,Running,1,2167.4,10.58,4.99,61.26,46.04,Pump A Running
2026-07-23T17:00:00+00:00,Running,1,2019.5,10.61,4.81,63.88,46.37,Pump A Running
2026-07-23T17:15:00+00:00,Running,1,2187.3,10.72,5.01,61.52,45.64,Pump A Running
2026-07-23T17:30:00+00:00,Running,1,2149.7,10.63,4.76,62.64,45.93,Pump A Running
2026-07-23T17:45:00+00:00,Running,1,2146.7,10.58,4.56,61.06,46.25,Pump A Running
2026-07-23T18:00:00+00:00,Running,1,1974.2,10.69,4.78,61.21,45.04,Pump A Running
2026-07-23T18:15:00+00:00,Running,1,2084.1,10.67,4.86,61.15,46.24,Pump A Running
2026-07-23T18:30:00+00:00,Running,1,2147.4,10.57,4.84,62.78,46.1,Pump A Running
2026-07-23T18:45:00+00:00,Running,1,2065.1,10.63,4.76,61.24,46.47,Pump A Running
2026-07-23T19:00:00+00:00,Running,1,2165.8,10.68,4.92,61.43,45.56,Pump A Running
2026-07-23T19:15:00+00:00,Running,1,2241.4,10.59,4.88,61.31,45.81,Pump A Running
2026-07-23T19:30:00+00:00,Running,1,2229.8,10.68,4.75,63.32,46.13,Pump A Running
2026-07-23T19:45:00+00:00,Running,1,2227.6,10.63,5.01,63.09,45.36,Pump A Running
2026-07-23T20:00:00+00:00,Running,1,2100.4,10.68,4.85,62.19,46.07,Pump A Running
2026-07-23T20:15:00+00:00,Running,1,2254.7,10.6,4.85,64.23,45.76,Pump A Running
2026-07-23T20:30:00+00:00,Running,1,2324.5,10.51,5.04,60.84,46.91,Pump A Running
2026-07-23T20:45:00+00:00,Running,1,2259.7,10.58,4.94,62.99,45.68,Pump A Running
2026-07-23T21:00:00+00:00,Running,1,2313.8,10.51,4.74,61.18,45.5,Pump A Running
2026-07-23T21:15:00+00:00,Running,1,2192.6,10.61,4.96,62.47,45.79,Pump A Running
2026-07-23T21:30:00+00:00,Running,1,2160.8,10.57,4.97,61.13,45.69,Pump A Running
2026-07-23T21:45:00+00:00,Running,1,2236.0,10.48,4.84,62.01,45.96,Pump A Running
2026-07-23T22:00:00+00:00,Running,1,2176.0,10.58,4.8,61.48,46.04,Pump A Running
2026-07-23T22:15:00+00:00,Running,1,2144.5,10.65,4.89,60.82,45.51,Pump A Running
2026-07-23T22:30:00+00:00,Running,1,2365.5,10.45,4.97,63.76,46.02,Pump A Running
2026-07-23T22:45:00+00:00,Running,1,2159.1,10.76,4.89,62.9,46.14,Pump A Running
2026-07-23T23:00:00+00:00,Running,1,2058.4,10.73,4.7,60.0,46.55,Pump A Running
2026-07-23T23:15:00+00:00,Running,1,2243.3,10.62,4.95,61.27,46.64,Pump A Running
2026-07-23T23:30:00+00:00,Running,1,2164.9,10.73,4.95,62.25,46.06,Pump A Running
2026-07-23T23:45:00+00:00,Running,1,2075.8,10.44,4.78,61.58,45.42,Pump A Running
2026-07-24T00:00:00+00:00,Running,1,2135.2,10.53,4.96,61.45,46.16,Pump A Running
2026-07-24T00:15:00+00:00,Running,1,2226.9,10.56,4.88,61.31,46.6,Pump A Running
2026-07-24T00:30:00+00:00,Running,1,2238.6,10.56,4.85,63.92,45.34,Pump A Running
2026-07-24T00:45:00+00:00,Running,1,2303.1,10.78,4.91,62.16,45.64,Pump A Running
2026-07-24T01:00:00+00:00,Running,1,2278.2,10.53,4.8,62.67,45.43,Pump A Running
2026-07-24T01:15:00+00:00,Running,1,2297.3,10.56,4.79,62.07,46.0,Pump A Running
2026-07-24T01:30:00+00:00,Running,1,2169.2,10.53,4.82,62.95,45.84,Pump A Running
2026-07-24T01:45:00+00:00,Running,1,2180.4,10.67,4.95,60.87,45.78,Pump A Running
2026-07-24T02:00:00+00:00,Stopped,0,0.0,0.0,0.15,0.0,28.82,Pumps Stopped
2026-07-24T02:15:00+00:00,Stopped,0,0.0,0.0,0.11,0.0,28.7,Pumps Stopped
2026-07-24T02:30:00+00:00,Stopped,0,0.0,0.0,0.1,0.0,28.9,Pumps Stopped
2026-07-24T02:45:00+00:00,Stopped,0,0.0,0.0,0.11,0.0,29.35,Pumps Stopped
2026-07-24T03:00:00+00:00,Stopped,0,0.0,0.0,0.15,0.0,28.82,Pumps Stopped
2026-07-24T03:15:00+00:00,Stopped,0,0.0,0.0,0.14,0.0,28.83,Pumps Stopped
2026-07-24T03:30:00+00:00,Running,1,2156.0,10.6,4.67,62.75,46.16,Pump A Running
2026-07-24T03:45:00+00:00,Running,1,2264.0,10.59,4.9,59.4,45.77,Pump A Running
2026-07-24T04:00:00+00:00,Running,1,2226.0,10.64,4.86,63.44,45.89,Pump A Running
2026-07-24T04:15:00+00:00,Running,1,2202.2,10.68,4.8,61.29,46.35,Pump A Running
2026-07-24T04:30:00+00:00,Running,1,2189.4,10.47,4.86,61.07,45.52,Pump A Running
2026-07-24T04:45:00+00:00,Running,1,2387.9,10.66,4.72,63.81,46.25,Pump A Running
2026-07-24T05:00:00+00:00,Running,1,2165.6,10.78,4.93,62.9,46.61,Pump A Running
2026-07-24T05:15:00+00:00,Running,1,2302.9,10.59,4.82,62.39,45.83,Pump A Running
2026-07-24T05:30:00+00:00,Running,1,2246.4,10.68,4.97,62.23,46.17,Pump A Running
2026-07-24T05:45:00+00:00,Running,1,2161.8,10.6,4.81,62.68,45.74,Pump A Running
2026-07-24T06:00:00+00:00,Running,1,2157.5,10.65,4.86,63.73,45.85,Pump A Running
2026-07-24T06:15:00+00:00,Running,1,2288.6,10.46,4.69,63.36,45.67,Pump A Running
2026-07-24T06:30:00+00:00,Running,1,2311.4,10.42,4.8,62.07,46.41,Pump A Running
2026-07-24T06:45:00+00:00,Running,1,2369.2,10.59,4.89,61.51,46.21,Pump A Running
2026-07-24T07:00:00+00:00,Running,1,2442.2,10.6,4.87,62.23,46.17,Pump A Running
2026-07-24T07:15:00+00:00,Running,1,2398.4,10.61,4.88,62.04,46.13,Pump A Running
2026-07-24T07:30:00+00:00,Running,1,2382.9,10.64,4.81,61.86,45.87,Pump A Running
2026-07-24T07:45:00+00:00,Running,1,2359.4,10.55,4.81,61.17,45.66,Pump A Running
2026-07-24T08:00:00+00:00,Running,1,2329.3,10.77,4.78,62.98,45.29,Pump A Running
2026-07-24T08:15:00+00:00,Running,1,2319.6,10.64,4.85,63.45,46.09,Pump A Running
2026-07-24T08:30:00+00:00,Running,1,2483.0,10.57,4.83,62.76,46.62,Pump A Running
2026-07-24T08:45:00+00:00,Running,1,2191.7,10.63,4.81,62.79,45.93,Pump A Running
2026-07-24T09:00:00+00:00,Running,1,2322.3,10.59,4.88,60.62,46.96,Pump A Running
2026-07-24T09:15:00+00:00,Running,1,2202.7,10.7,4.92,61.78,46.22,Pump A Running
2026-07-24T09:30:00+00:00,Running,1,2366.5,10.54,4.85,62.26,46.72,Pump A Running
2026-07-24T09:45:00+00:00,Running,1,2389.1,10.63,4.75,60.62,45.52,Pump A Running
2026-07-24T10:00:00+00:00,Running,1,2311.0,10.72,4.84,61.62,45.77,Pump A Running
2026-07-24T10:15:00+00:00,Running,1,2467.5,10.61,4.8,62.82,45.98,Pump A Running
2026-07-24T10:30:00+00:00,Running,1,2192.5,10.52,4.88,59.39,46.81,Pump A Running
2026-07-24T10:45:00+00:00,Running,1,2244.0,10.65,4.82,61.85,45.77,Pump A Running
2026-07-24T11:00:00+00:00,Running,1,2405.4,10.6,4.72,60.15,47.02,Pump A Running
2026-07-24T11:15:00+00:00,Running,1,2404.2,10.52,4.75,61.46,45.74,Pump A Running
2026-07-24T11:30:00+00:00,Running,1,2410.9,10.5,4.95,62.36,46.52,Pump A Running
2026-07-24T11:45:00+00:00,Running,1,2300.4,10.6,4.75,60.99,47.01,Pump A Running
2026-07-24T12:00:00+00:00,Running,1,2341.4,10.55,5.0,62.78,45.29,Pump A Running
2026-07-24T12:15:00+00:00,Running,1,2584.0,10.56,4.92,62.86,45.7,Pump A Running
2026-07-24T12:30:00+00:00,Running,1,2416.8,10.56,4.76,61.87,46.18,Pump A Running
2026-07-24T12:45:00+00:00,Running,1,2438.5,10.59,4.89,62.42,45.49,Pump A Running
2026-07-24T13:00:00+00:00,Running,1,2523.5,10.68,4.86,60.35,46.38,Pump A Running
2026-07-24T13:15:00+00:00,Running,1,2402.6,10.61,4.8,63.95,46.75,Pump A Running
2026-07-24T13:30:00+00:00,Running,1,2433.7,10.49,5.02,63.01,46.06,Pump A Running
2026-07-24T13:45:00+00:00,Running,1,2444.5,10.61,4.98,62.36,46.42,Pump A Running
2026-07-24T14:00:00+00:00,Running,1,2544.9,10.6,4.9,62.13,45.79,Pump A Running
2026-07-24T14:15:00+00:00,Running,1,2504.9,10.57,4.59,62.11,45.94,Pump A Running
2026-07-24T14:30:00+00:00,Running,1,2557.0,10.65,5.0,61.68,45.98,Pump A Running
2026-07-24T14:45:00+00:00,Running,1,2589.2,10.66,4.85,63.39,45.64,Pump A Running
2026-07-24T15:00:00+00:00,Running,1,2633.7,10.65,4.79,60.47,46.34,Pump A Running
2026-07-24T15:15:00+00:00,Running,1,2594.8,10.57,4.86,62.24,46.17,Pump A Running
2026-07-24T15:30:00+00:00,Running,1,2281.5,10.48,4.88,62.33,46.07,Pump A Running
2026-07-24T15:45:00+00:00,Running,1,2451.8,10.59,4.63,62.69,46.07,Pump A Running
2026-07-24T16:00:00+00:00,Running,1,2477.8,10.68,4.79,60.85,45.92,Pump A Running
2026-07-24T16:15:00+00:00,Running,1,2496.4,10.62,4.99,61.23,45.37,Pump A Running
2026-07-24T16:30:00+00:00,Running,1,2520.1,10.52,4.75,62.42,45.26,Pump A Running
2026-07-24T16:45:00+00:00,Running,1,2471.4,10.63,4.91,61.57,46.16,Pump A Running
2026-07-24T17:00:00+00:00,Running,1,2623.3,10.66,4.87,63.33,44.95,Pump A Running
2026-07-24T17:15:00+00:00,Running,1,2485.9,10.71,4.84,62.24,46.63,Pump A Running
2026-07-24T17:30:00+00:00,Running,1,2631.1,10.62,4.9,61.25,45.91,Pump A Running
2026-07-24T17:45:00+00:00,Running,1,2592.4,10.47,4.94,60.97,45.49,Pump A Running
2026-07-24T18:00:00+00:00,Running,1,2575.4,10.74,4.81,62.65,46.33,Pump A Running
2026-07-24T18:15:00+00:00,Running,1,2596.4,10.57,4.85,62.01,45.65,Pump A Running
2026-07-24T18:30:00+00:00,Running,1,2567.4,10.67,4.74,64.55,45.42,Pump A Running
2026-07-24T18:45:00+00:00,Running,1,2447.4,10.77,4.79,62.09,45.79,Pump A Running
2026-07-24T19:00:00+00:00,Running,1,2737.6,10.64,4.79,61.85,46.42,Pump A Running
2026-07-24T19:15:00+00:00,Running,1,2665.5,10.5,5.03,62.61,45.64,Pump A Running
2026-07-24T19:30:00+00:00,Running,1,2652.0,10.64,4.78,62.82,46.18,Pump A Running
2026-07-24T19:45:00+00:00,Running,1,2683.9,10.52,4.93,62.19,45.66,Pump A Running
2026-07-24T20:00:00+00:00,Running,1,2476.9,10.59,4.86,61.38,45.55,Pump A Running
2026-07-24T20:15:00+00:00,Running,1,2632.0,10.59,4.86,60.88,45.69,Pump A Running
2026-07-24T20:30:00+00:00,Running,1,2688.6,10.68,4.78,64.77,46.08,Pump A Running
2026-07-24T20:45:00+00:00,Running,1,2545.6,10.53,4.94,63.08,46.41,Pump A Running
2026-07-24T21:00:00+00:00,Running,1,2514.0,10.64,4.91,61.11,46.97,Pump A Running
2026-07-24T21:15:00+00:00,Running,1,2436.9,10.66,5.0,64.06,46.43,Pump A Running
2026-07-24T21:30:00+00:00,Running,1,2525.4,10.8,4.81,61.23,45.17,Pump A Running
2026-07-24T21:45:00+00:00,Running,1,2596.5,10.5,4.88,64.03,45.49,Pump A Running
2026-07-24T22:00:00+00:00,Running,1,2636.3,10.63,4.95,59.49,45.56,Pump A Running
2026-07-24T22:15:00+00:00,Running,1,2607.9,10.43,4.67,61.06,45.87,Pump A Running
2026-07-24T22:30:00+00:00,Running,1,2627.4,10.56,4.85,61.0,46.31,Pump A Running
2026-07-24T22:45:00+00:00,Running,1,2585.0,10.68,4.95,61.69,45.09,Pump A Running
2026-07-24T23:00:00+00:00,Running,1,2482.6,10.73,4.89,63.67,45.89,Pump A Running
2026-07-24T23:15:00+00:00,Running,1,2495.0,10.51,4.63,62.56,45.77,Pump A Running
2026-07-24T23:30:00+00:00,Running,1,2677.2,10.56,4.9,60.4,45.79,Pump A Running
2026-07-24T23:45:00+00:00,Running,1,2664.9,10.52,4.92,60.95,45.43,Pump A Running
2026-07-25T00:00:00+00:00,Running,1,2771.7,10.71,4.94,63.07,45.86,Pump A Running
2026-07-25T00:15:00+00:00,Running,1,2594.2,10.53,4.88,63.22,46.03,Pump A Running
2026-07-25T00:30:00+00:00,Running,1,2793.0,10.68,5.04,63.4,45.91,Pump A Running
2026-07-25T00:45:00+00:00,Running,1,2630.4,10.62,4.97,62.7,45.7,Pump A Running
2026-07-25T01:00:00+00:00,Running,1,2788.8,10.6,4.74,61.94,46.48,Pump A Running
2026-07-25T01:15:00+00:00,Running,1,2682.7,10.55,4.89,61.11,44.86,Pump A Running
2026-07-25T01:30:00+00:00,Running,1,2683.4,10.58,4.74,61.77,46.07,Pump A Running
2026-07-25T01:45:00+00:00,Running,1,2636.8,10.59,4.79,60.68,46.62,Pump A Running
2026-07-25T02:00:00+00:00,Stopped,0,0.0,0.0,0.05,0.0,29.28,Pumps Stopped
2026-07-25T02:15:00+00:00,Stopped,0,0.0,0.0,0.07,0.0,29.17,Pumps Stopped
2026-07-25T02:30:00+00:00,Stopped,0,0.0,0.0,0.1,0.0,29.09,Pumps Stopped
2026-07-25T02:45:00+00:00,Stopped,0,0.0,0.0,0.1,0.0,29.37,Pumps Stopped
2026-07-25T03:00:00+00:00,Stopped,0,0.0,0.0,0.12,0.0,29.36,Pumps Stopped
2026-07-25T03:15:00+00:00,Stopped,0,0.0,0.0,0.13,0.0,28.8,Pumps Stopped
2026-07-25T03:30:00+00:00,Running,1,2769.0,10.52,4.83,61.34,45.73,Pump A Running
2026-07-25T03:45:00+00:00,Running,1,2692.3,10.55,4.78,62.66,46.12,Pump A Running
2026-07-25T04:00:00+00:00,Running,1,2723.3,10.56,4.95,63.15,45.89,Pump A Running
2026-07-25T04:15:00+00:00,Running,1,2733.0,10.56,4.78,62.69,45.84,Pump A Running
2026-07-25T04:30:00+00:00,Running,1,2787.1,10.69,4.86,61.0,46.5,Pump A Running
2026-07-25T04:45:00+00:00,Running,1,2591.5,10.51,4.7,61.94,46.75,Pump A Running
2026-07-25T05:00:00+00:00,Running,1,2569.2,10.65,4.87,62.42,46.14,Pump A Running
2026-07-25T05:15:00+00:00,Running,1,2831.5,10.61,4.81,62.89,46.86,Pump A Running
2026-07-25T05:30:00+00:00,Running,1,2861.2,10.59,4.81,60.43,45.77,Pump A Running
2026-07-25T05:45:00+00:00,Running,1,2706.5,10.61,4.77,61.04,45.54,Pump A Running
2026-07-25T06:00:00+00:00,Running,1,2728.8,10.67,4.8,61.6,45.65,Pump A Running
2026-07-25T06:15:00+00:00,Running,1,2680.3,10.71,4.98,62.64,46.36,Pump A Running
2026-07-25T06:30:00+00:00,Running,1,2890.0,10.53,4.92,61.92,46.3,Pump A Running
2026-07-25T06:45:00+00:00,Running,1,2719.7,10.71,4.99,61.69,46.06,Pump A Running
2026-07-25T07:00:00+00:00,Running,1,2693.1,10.73,4.93,62.22,45.71,Pump A Running
2026-07-25T07:15:00+00:00,Running,1,2715.7,10.57,4.88,61.71,45.66,Pump A Running
2026-07-25T07:30:00+00:00,Running,1,2691.5,10.54,4.86,60.15,46.6,Pump A Running
2026-07-25T07:45:00+00:00,Running,1,2734.7,10.65,4.7,63.13,46.31,Pump A Running
2026-07-25T08:00:00+00:00,Running,1,2709.8,10.6,4.96,59.74,46.65,Pump A Running
2026-07-25T08:15:00+00:00,Running,1,2618.2,10.55,4.87,61.23,45.7,Pump A Running
2026-07-25T08:30:00+00:00,Running,1,2770.4,10.63,4.83,61.75,45.46,Pump A Running
2026-07-25T08:45:00+00:00,Running,1,2805.1,10.56,4.88,62.29,45.87,Pump A Running
2026-07-25T09:00:00+00:00,Running,1,2593.2,10.56,4.86,61.42,46.17,Pump A Running
2026-07-25T09:15:00+00:00,Running,1,2706.4,10.65,4.88,62.2,45.62,Pump A Running
2026-07-25T09:30:00+00:00,Running,1,2764.2,10.73,4.78,61.79,46.45,Pump A Running
2026-07-25T09:45:00+00:00,Running,1,2773.0,10.66,5.01,62.63,45.58,Pump A Running
2026-07-25T10:00:00+00:00,Running,1,2792.2,10.73,4.8,62.89,45.93,Pump A Running
2026-07-25T10:15:00+00:00,Running,1,2679.3,10.6,4.86,60.78,45.78,Pump A Running
2026-07-25T10:30:00+00:00,Running,1,2795.9,10.53,4.77,62.22,46.27,Pump A Running
2026-07-25T10:45:00+00:00,Running,1,2772.7,10.65,4.81,62.85,46.25,Pump A Running
2026-07-25T11:00:00+00:00,Running,1,2828.8,10.47,4.81,60.77,45.98,Pump A Running
2026-07-25T11:15:00+00:00,Running,1,2641.2,10.58,4.96,62.26,46.39,Pump A Running
2026-07-25T11:30:00+00:00,Running,1,2700.6,10.69,4.69,60.49,45.95,Pump A Running
2026-07-25T11:45:00+00:00,Running,1,2729.1,10.67,5.05,60.77,45.63,Pump A Running
2026-07-25T12:00:00+00:00,Running,1,2807.3,10.53,4.99,61.34,45.46,Pump A Running
2026-07-25T12:15:00+00:00,Running,1,2711.6,10.51,4.93,61.07,46.21,Pump A Running
2026-07-25T12:30:00+00:00,Running,1,2735.4,10.61,4.8,62.75,46.55,Pump A Running
2026-07-25T12:45:00+00:00,Running,1,2683.6,10.69,4.83,64.25,46.4,Pump A Running
2026-07-25T13:00:00+00:00,Running,1,2803.9,10.69,4.96,62.15,45.55,Pump A Running
2026-07-25T13:15:00+00:00,Running,1,2654.3,10.68,4.9,63.51,45.69,Pump A Running
2026-07-25T13:30:00+00:00,Running,1,2692.8,10.57,4.78,61.71,46.69,Pump A Running
2026-07-25T13:45:00+00:00,Running,1,2710.6,10.6,4.9,61.75,45.57,Pump A Running
2026-07-25T14:00:00+00:00,Running,1,2726.6,10.68,4.77,62.16,45.85,Pump A Running
2026-07-25T14:15:00+00:00,Running,1,2609.5,10.6,5.04,62.22,45.91,Pump A Running
2026-07-25T14:30:00+00:00,Running,1,2740.8,10.6,4.89,60.96,46.55,Pump A Running
2026-07-25T14:45:00+00:00,Running,1,2811.5,10.54,4.74,62.96,46.25,Pump A Running
2026-07-25T15:00:00+00:00,Running,1,2797.6,10.64,4.86,60.81,46.82,Pump A Running
2026-07-25T15:15:00+00:00,Running,1,2693.5,10.72,4.61,63.38,46.11,Pump A Running
2026-07-25T15:30:00+00:00,Running,1,2581.5,10.46,4.78,61.13,45.95,Pump A Running
2026-07-25T15:45:00+00:00,Running,1,2696.3,10.63,4.97,63.09,46.07,Pump A Running
2026-07-25T16:00:00+00:00,Running,1,2781.4,10.49,4.78,61.44,46.25,Pump A Running
2026-07-25T16:15:00+00:00,Running,1,2607.5,10.63,4.95,61.96,46.02,Pump A Running
2026-07-25T16:30:00+00:00,Running,1,2908.2,10.65,4.81,64.46,46.19,Pump A Running
2026-07-25T16:45:00+00:00,Running,1,2548.8,10.57,5.0,60.49,46.18,Pump A Running
2026-07-25T17:00:00+00:00,Running,1,2741.3,10.54,5.06,62.86,45.65,Pump A Running
2026-07-25T17:15:00+00:00,Running,1,2760.8,10.63,4.87,61.41,46.05,Pump A Running
2026-07-25T17:30:00+00:00,Running,1,2807.8,10.54,4.7,60.03,45.3,Pump A Running
2026-07-25T17:45:00+00:00,Running,1,2636.5,10.66,4.79,61.11,46.33,Pump A Running
2026-07-25T18:00:00+00:00,Running,1,2536.1,10.6,4.99,62.41,45.12,Pump A Running
2026-07-25T18:15:00+00:00,Running,1,2712.7,10.55,4.85,63.9,46.65,Pump A Running
2026-07-25T18:30:00+00:00,Running,1,2795.5,10.56,4.89,62.87,46.45,Pump A Running
2026-07-25T18:45:00+00:00,Running,1,2619.4,10.51,4.87,62.01,46.08,Pump A Running
2026-07-25T19:00:00+00:00,Running,1,2644.3,10.65,4.77,60.33,45.67,Pump A Running
2026-07-25T19:15:00+00:00,Running,1,2614.7,10.78,4.91,60.95,46.19,Pump A Running
2026-07-25T19:30:00+00:00,Running,1,2681.5,10.59,4.93,61.69,45.95,Pump A Running
2026-07-25T19:45:00+00:00,Running,1,2666.4,10.58,4.79,62.29,45.68,Pump A Running
2026-07-25T20:00:00+00:00,Running,1,2920.2,10.7,4.9,61.27,45.28,Pump A Running
2026-07-25T20:15:00+00:00,Running,1,2792.6,10.59,4.89,63.61,46.42,Pump A Running
2026-07-25T20:30:00+00:00,Running,1,2707.5,10.53,4.78,61.86,45.53,Pump A Running
2026-07-25T20:45:00+00:00,Running,1,2678.7,10.41,4.79,63.56,45.44,Pump A Running
2026-07-25T21:00:00+00:00,Running,1,2687.7,10.55,4.84,60.91,46.03,Pump A Running
2026-07-25T21:15:00+00:00,Running,1,2643.6,10.63,4.75,61.15,45.47,Pump A Running
2026-07-25T21:30:00+00:00,Running,1,2432.0,10.51,4.76,63.64,45.78,Pump A Running
2026-07-25T21:45:00+00:00,Running,1,2581.4,10.53,4.83,62.74,45.79,Pump A Running
2026-07-25T22:00:00+00:00,Running,1,2680.1,10.47,5.06,62.37,46.13,Pump A Running
2026-07-25T22:15:00+00:00,Running,1,2547.8,10.5,4.84,63.2,45.63,Pump A Running
2026-07-25T22:30:00+00:00,Running,1,2704.7,10.61,4.79,63.19,46.3,Pump A Running
2026-07-25T22:45:00+00:00,Running,1,2726.2,10.5,4.93,60.39,46.13,Pump A Running
2026-07-25T23:00:00+00:00,Running,1,2445.6,10.52,4.77,62.58,45.62,Pump A Running
2026-07-25T23:15:00+00:00,Running,1,2631.9,10.63,4.83,63.36,46.61,Pump A Running
2026-07-25T23:30:00+00:00,Running,1,2516.7,10.49,4.97,61.92,45.03,Pump A Running
2026-07-25T23:45:00+00:00,Running,1,2564.3,10.53,4.68,61.31,45.42,Pump A Running
2026-07-26T00:00:00+00:00,Running,1,2535.6,10.6,5.06,61.17,46.16,Pump A Running
2026-07-26T00:15:00+00:00,Running,1,2457.0,10.59,4.88,62.32,46.32,Pump A Running
2026-07-26T00:30:00+00:00,Running,1,2597.8,10.56,4.89,61.68,45.66,Pump A Running
2026-07-26T00:45:00+00:00,Running,1,2581.1,10.66,4.94,61.62,45.61,Pump A Running
2026-07-26T01:00:00+00:00,Running,1,2553.3,10.59,4.83,63.09,45.69,Pump A Running
2026-07-26T01:15:00+00:00,Running,1,2494.7,10.59,4.93,61.08,45.79,Pump A Running
2026-07-26T01:30:00+00:00,Running,1,2618.1,10.61,4.96,61.92,46.28,Pump A Running
2026-07-26T01:45:00+00:00,Running,1,2629.0,10.52,4.9,62.48,46.46,Pump A Running
2026-07-26T02:00:00+00:00,Stopped,0,0.0,0.0,0.08,0.0,28.8,Pumps Stopped
2026-07-26T02:15:00+00:00,Stopped,0,0.0,0.0,0.12,0.0,29.36,Pumps Stopped
2026-07-26T02:30:00+00:00,Stopped,0,0.0,0.0,0.13,0.0,28.56,Pumps Stopped
2026-07-26T02:45:00+00:00,Stopped,0,0.0,0.0,0.14,0.0,29.22,Pumps Stopped
2026-07-26T03:00:00+00:00,Stopped,0,0.0,0.0,0.14,0.0,29.08,Pumps Stopped
2026-07-26T03:15:00+00:00,Stopped,0,0.0,0.0,0.13,0.0,28.65,Pumps Stopped
2026-07-26T03:30:00+00:00,Running,1,2440.5,10.76,4.92,61.4,45.91,Pump A Running
2026-07-26T03:45:00+00:00,Running,1,2541.9,10.62,4.89,65.09,45.65,Pump A Running
2026-07-26T04:00:00+00:00,Running,1,2617.5,10.65,4.77,62.63,45.98,Pump A Running
2026-07-26T04:15:00+00:00,Running,1,2530.8,10.69,4.86,60.75,46.0,Pump A Running
2026-07-26T04:30:00+00:00,Running,1,2534.6,10.72,4.73,62.59,47.08,Pump A Running
2026-07-26T04:45:00+00:00,Running,1,2563.7,10.45,4.79,62.7,46.0,Pump A Running
2026-07-26T05:00:00+00:00,Running,1,2448.8,10.6,4.96,62.2,46.1,Pump A Running
2026-07-26T05:15:00+00:00,Running,1,2520.6,10.62,4.83,62.18,45.99,Pump A Running
2026-07-26T05:30:00+00:00,Running,1,2413.2,10.53,4.85,62.22,45.61,Pump A Running
2026-07-26T05:45:00+00:00,Running,1,2575.7,10.65,4.65,61.13,46.5,Pump A Running
2026-07-26T06:00:00+00:00,Running,1,2428.1,10.68,4.9,60.68,45.91,Pump A Running
2026-07-26T06:15:00+00:00,Running,1,2547.1,10.65,4.8,64.33,46.79,Pump A Running
2026-07-26T06:30:00+00:00,Running,1,2369.5,10.56,4.93,60.94,46.35,Pump A Running
2026-07-26T06:45:00+00:00,Running,1,2442.2,10.6,4.88,61.5,45.87,Pump A Running
2026-07-26T07:00:00+00:00,Running,1,2399.2,10.57,4.91,62.16,46.1,Pump A Running
2026-07-26T07:15:00+00:00,Running,1,2403.9,10.66,4.93,61.81,44.83,Pump A Running
2026-07-26T07:30:00+00:00,Running,1,2524.9,10.66,4.82,61.48,45.73,Pump A Running
2026-07-26T07:45:00+00:00,Running,1,2494.5,10.51,4.88,61.13,47.08,Pump A Running
2026-07-26T08:00:00+00:00,Running,1,2517.5,10.62,4.84,60.61,46.17,Pump A Running
2026-07-26T08:15:00+00:00,Running,1,2351.1,10.61,4.89,63.09,46.21,Pump A Running
2026-07-26T08:30:00+00:00,Running,1,2280.2,10.55,4.84,60.54,45.32,Pump A Running
2026-07-26T08:45:00+00:00,Running,1,2358.2,10.56,4.78,61.22,45.91,Pump A Running
2026-07-26T09:00:00+00:00,Running,1,2497.0,10.61,5.04,62.68,45.55,Pump A Running
2026-07-26T09:15:00+00:00,Running,1,2559.9,10.56,4.85,61.33,45.31,Pump A Running
2026-07-26T09:30:00+00:00,Running,1,2389.3,10.63,4.76,63.41,46.18,Pump A Running
2026-07-26T09:45:00+00:00,Running,1,2393.3,10.51,4.72,61.43,46.01,Pump A Running
2026-07-26T10:00:00+00:00,Running,1,2456.4,10.62,4.8,62.5,45.83,Pump A Running
2026-07-26T10:15:00+00:00,Running,1,2436.4,10.55,4.78,61.02,45.92,Pump A Running
2026-07-26T10:30:00+00:00,Running,1,2462.5,10.59,4.76,61.76,45.68,Pump A Running
2026-07-26T10:45:00+00:00,Running,1,2493.2,10.61,4.88,61.53,46.31,Pump A Running
2026-07-26T11:00:00+00:00,Running,1,2377.2,10.63,4.66,62.31,46.1,Pump A Running
2026-07-26T11:15:00+00:00,Running,1,2335.0,10.63,4.94,61.2,45.89,Pump A Running
2026-07-26T11:30:00+00:00,Running,1,2411.5,10.6,5.04,62.96,46.23,Pump A Running
2026-07-26T11:45:00+00:00,Running,1,2251.7,10.46,4.75,62.09,45.21,Pump A Running
2026-07-26T12:00:00+00:00,Running,1,2468.1,10.59,4.89,63.31,45.95,Pump A Running
2026-07-26T12:15:00+00:00,Running,1,2375.9,10.7,5.0,64.1,45.89,Pump A Running
2026-07-26T12:30:00+00:00,Running,1,2247.1,10.62,4.97,60.96,45.73,Pump A Running
2026-07-26T12:45:00+00:00,Running,1,2337.5,10.61,4.92,62.92,44.94,Pump A Running
2026-07-26T13:00:00+00:00,Running,1,2245.7,10.64,4.91,61.95,45.3,Pump A Running
2026-07-26T13:15:00+00:00,Running,1,2430.0,10.62,4.82,60.15,46.07,Pump A Running
2026-07-26T13:30:00+00:00,Running,1,2299.7,10.65,4.75,61.91,45.28,Pump A Running
2026-07-26T13:45:00+00:00,Running,1,2219.8,10.56,4.94,61.82,44.78,Pump A Running
2026-07-26T14:00:00+00:00,Running,1,2492.0,10.61,4.84,62.71,46.49,Pump A Running
2026-07-26T14:15:00+00:00,Running,1,2158.8,10.75,4.8,62.47,46.83,Pump A Running
2026-07-26T14:30:00+00:00,Running,1,2191.9,10.58,4.93,62.98,46.25,Pump A Running
2026-07-26T14:45:00+00:00,Running,1,2319.8,10.6,4.76,63.04,44.83,Pump A Running
2026-07-26T15:00:00+00:00,Running,1,2253.1,10.76,4.83,62.67,46.3,Pump A Running
2026-07-26T15:15:00+00:00,Running,1,2316.3,10.63,4.73,61.09,46.08,Pump A Running
2026-07-26T15:30:00+00:00,Running,1,2207.2,10.59,4.78,61.07,45.87,Pump A Running
2026-07-26T15:45:00+00:00,Running,1,2204.5,10.6,4.85,61.2,45.18,Pump A Running
2026-07-26T16:00:00+00:00,Running,1,2369.3,10.61,4.88,62.65,45.23,Pump A Running
2026-07-26T16:15:00+00:00,Running,1,2249.3,10.61,4.83,61.26,46.74,Pump A Running
2026-07-26T16:30:00+00:00,Running,1,2335.9,10.48,4.82,63.4,45.21,Pump A Running
2026-07-26T16:45:00+00:00,Running,1,2377.6,10.68,4.8,61.93,45.86,Pump A Running
2026-07-26T17:00:00+00:00,Running,1,2300.3,10.46,4.92,61.87,46.31,Pump A Running
2026-07-26T17:15:00+00:00,Running,1,2271.7,10.63,4.86,62.22,46.58,Pump A Running
2026-07-26T17:30:00+00:00,Running,1,2286.5,10.5,4.84,61.4,45.86,Pump A Running
2026-07-26T17:45:00+00:00,Running,1,2256.7,10.63,4.86,60.67,46.33,Pump A Running
2026-07-26T18:00:00+00:00,Running,1,2261.9,10.43,4.98,63.75,45.94,Pump A Running
2026-07-26T18:15:00+00:00,Running,1,2237.0,10.57,4.99,61.13,46.21,Pump A Running
2026-07-26T18:30:00+00:00,Running,1,2015.5,10.55,4.86,61.8,45.4,Pump A Running
2026-07-26T18:45:00+00:00,Running,1,2233.2,10.67,4.86,60.41,45.51,Pump A Running
2026-07-26T19:00:00+00:00,Running,1,2011.2,10.42,4.9,61.65,45.82,Pump A Running
2026-07-26T19:15:00+00:00,Running,1,2216.7,10.6,4.88,63.7,46.41,Pump A Running
2026-07-26T19:30:00+00:00,Running,1,2315.5,10.46,4.8,62.96,45.82,Pump A Running
2026-07-26T19:45:00+00:00,Running,1,2239.4,10.62,4.9,63.78,45.3,Pump A Running
2026-07-26T20:00:00+00:00,Running,1,2222.9,10.68,5.01,61.71,46.49,Pump A Running
2026-07-26T20:15:00+00:00,Running,1,2326.2,10.67,4.83,61.65,46.16,Pump A Running
2026-07-26T20:30:00+00:00,Running,1,2317.4,10.54,4.81,63.81,45.41,Pump A Running
2026-07-26T20:45:00+00:00,Running,1,2182.2,10.63,4.89,60.8,45.82,Pump A Running
2026-07-26T21:00:00+00:00,Running,1,2099.6,10.61,4.86,62.65,45.88,Pump A Running
2026-07-26T21:15:00+00:00,Running,1,2247.5,10.64,4.86,60.4,46.06,Pump A Running
2026-07-26T21:30:00+00:00,Running,1,2321.8,10.62,4.76,62.24,45.22,Pump A Running
2026-07-26T21:45:00+00:00,Running,1,2307.0,10.61,5.0,62.13,46.34,Pump A Running
2026-07-26T22:00:00+00:00,Running,1,2330.5,10.76,4.86,61.81,46.31,Pump A Running
2026-07-26T22:15:00+00:00,Running,1,2192.0,10.59,4.71,59.86,45.94,Pump A Running
2026-07-26T22:30:00+00:00,Running,1,2249.7,10.54,4.81,61.41,46.53,Pump A Running
2026-07-26T22:45:00+00:00,Running,1,2078.9,10.55,4.73,61.11,45.87,Pump A Running
2026-07-26T23:00:00+00:00,Running,1,2047.6,10.61,4.86,62.58,45.98,Pump A Running
2026-07-26T23:15:00+00:00,Running,1,2356.0,10.69,4.89,60.39,46.47,Pump A Running
2026-07-26T23:30:00+00:00,Running,1,2274.5,10.64,4.85,61.91,45.96,Pump A Running
2026-07-26T23:45:00+00:00,Running,1,2272.2,10.5,4.93,62.36,46.41,Pump A Running
2026-07-27T00:00:00+00:00,Running,1,2306.7,10.61,4.68,62.3,45.07,Pump A Running
2026-07-27T00:15:00+00:00,Running,1,2018.6,10.6,4.88,62.06,46.86,Pump A Running
2026-07-27T00:30:00+00:00,Running,1,2123.1,10.54,4.86,62.01,45.85,Pump A Running
2026-07-27T00:45:00+00:00,Running,1,2209.0,10.51,4.92,61.99,46.14,Pump A Running
2026-07-27T01:00:00+00:00,Running,1,2309.1,10.65,4.68,62.47,46.35,Pump A Running
2026-07-27T01:15:00+00:00,Running,1,2298.1,10.51,4.82,61.8,46.25,Pump A Running
2026-07-27T01:30:00+00:00,Running,1,2250.4,10.7,4.8,63.13,46.38,Pump A Running
2026-07-27T01:45:00+00:00,Running,1,2103.4,10.59,4.73,60.54,45.86,Pump A Running
2026-07-27T02:00:00+00:00,Stopped,0,0.0,0.0,0.1,0.0,28.95,Pumps Stopped
2026-07-27T02:15:00+00:00,Stopped,0,0.0,0.0,0.14,0.0,28.87,Pumps Stopped
2026-07-27T02:30:00+00:00,Stopped,0,0.0,0.0,0.07,0.0,28.48,Pumps Stopped
2026-07-27T02:45:00+00:00,Stopped,0,0.0,0.0,0.16,0.0,28.92,Pumps Stopped
2026-07-27T03:00:00+00:00,Stopped,0,0.0,0.0,0.11,0.0,28.74,Pumps Stopped
2026-07-27T03:15:00+00:00,Stopped,0,0.0,0.0,0.14,0.0,29.56,Pumps Stopped
2026-07-27T03:30:00+00:00,Running,1,2373.1,10.63,4.76,61.92,45.39,Pump A Running
2026-07-27T03:45:00+00:00,Running,1,2080.5,10.59,4.71,61.1,45.68,Pump A Running
2026-07-27T04:00:00+00:00,Running,1,2203.7,10.52,4.6,62.11,46.73,Pump A Running
2026-07-27T04:15:00+00:00,Running,1,2220.5,10.64,4.83,61.88,45.32,Pump A Running
2026-07-27T04:30:00+00:00,Running,1,2184.0,10.48,4.79,61.9,45.56,Pump A Running
2026-07-27T04:45:00+00:00,Running,1,2094.0,10.68,5.0,61.26,46.11,Pump A Running
2026-07-27T05:00:00+00:00,Running,1,2230.1,10.6,4.94,63.23,46.35,Pump A Running
2026-07-27T05:15:00+00:00,Running,1,2155.0,10.57,4.65,63.88,46.45,Pump A Running
2026-07-27T05:30:00+00:00,Running,1,2224.0,10.67,4.76,63.12,45.61,Pump A Running
2026-07-27T05:45:00+00:00,Running,1,2312.6,10.57,4.72,62.33,45.52,Pump A Running
2026-07-27T06:00:00+00:00,Running,1,1977.0,10.54,4.89,61.91,46.11,Pump A Running
2026-07-27T06:15:00+00:00,Running,1,2149.3,10.65,4.81,64.71,45.42,Pump A Running
2026-07-27T06:30:00+00:00,Running,1,2227.7,10.55,4.89,63.04,45.67,Pump A Running
2026-07-27T06:45:00+00:00,Running,1,2220.4,10.49,4.97,61.15,45.45,Pump A Running
2026-07-27T07:00:00+00:00,Running,1,2254.4,10.57,4.85,61.66,46.04,Pump A Running
2026-07-27T07:15:00+00:00,Running,1,2181.6,10.62,4.78,61.06,45.62,Pump A Running
2026-07-27T07:30:00+00:00,Running,1,2111.6,10.66,4.82,62.8,46.37,Pump A Running
2026-07-27T07:45:00+00:00,Running,1,2208.8,10.59,4.9,63.64,45.76,Pump A Running
2026-07-27T08:00:00+00:00,Running,1,2152.4,10.66,4.84,61.91,46.45,Pump A Running
2026-07-27T08:15:00+00:00,Running,1,2140.5,10.54,4.91,63.15,46.02,Pump A Running
2026-07-27T08:30:00+00:00,Running,1,2210.8,10.69,5.06,62.05,46.56,Pump A Running
2026-07-27T08:45:00+00:00,Running,1,2381.3,10.51,4.88,59.9,46.49,Pump A Running
2026-07-27T09:00:00+00:00,Running,1,2173.1,10.56,4.77,62.52,46.09,Pump A Running
2026-07-27T09:15:00+00:00,Running,1,2273.7,10.71,4.86,62.31,46.08,Pump A Running
2026-07-27T09:30:00+00:00,Running,1,2178.0,10.5,4.87,61.59,46.03,Pump A Running
2026-07-27T09:45:00+00:00,Running,1,2353.0,10.66,4.91,60.92,45.72,Pump A Running
2026-07-27T10:00:00+00:00,Running,1,2043.8,10.51,4.96,63.13,46.12,Pump A Running
2026-07-27T10:15:00+00:00,Running,1,2141.2,10.57,4.87,62.49,45.44,Pump A Running
2026-07-27T10:30:00+00:00,Running,1,2215.6,10.6,5.02,62.12,45.53,Pump A Running
2026-07-27T10:45:00+00:00,Running,1,2247.6,10.62,4.87,62.54,45.88,Pump A Running
2026-07-27T11:00:00+00:00,Running,1,2205.1,10.56,4.86,64.11,45.77,Pump A Running
2026-07-27T11:15:00+00:00,Running,1,2262.2,10.58,4.8,63.33,46.2,Pump A Running
2026-07-27T11:30:00+00:00,Running,1,2270.1,10.63,4.88,61.93,46.75,Pump A Running
2026-07-27T11:45:00+00:00,Running,1,2185.7,10.49,4.8,63.43,45.45,Pump A Running
2026-07-27T12:00:00+00:00,Running,1,2216.8,10.48,4.82,62.37,45.65,Pump A Running
2026-07-27T12:15:00+00:00,Running,1,2270.5,10.49,5.01,60.19,46.31,Pump A Running
2026-07-27T12:30:00+00:00,Running,1,2144.1,10.51,4.74,61.14,45.85,Pump A Running
2026-07-27T12:45:00+00:00,Running,1,2219.0,10.54,4.98,62.51,46.72,Pump A Running
2026-07-27T13:00:00+00:00,Running,1,2146.6,10.48,4.89,62.41,45.92,Pump A Running
2026-07-27T13:15:00+00:00,Running,1,2360.0,10.57,4.82,62.26,45.85,Pump A Running
2026-07-27T13:30:00+00:00,Running,1,2265.8,10.61,4.85,62.88,45.98,Pump A Running
2026-07-27T13:45:00+00:00,Running,1,2364.1,10.62,4.7,60.17,46.36,Pump A Running
2026-07-27T14:00:00+00:00,Running,1,2196.1,10.64,4.85,60.06,45.9,Pump A Running
2026-07-27T14:15:00+00:00,Running,1,2358.0,10.77,4.89,59.48,46.75,Pump A Running
2026-07-27T14:30:00+00:00,Running,1,2261.0,10.56,4.88,59.72,47.07,Pump A Running
2026-07-27T14:45:00+00:00,Running,1,2259.1,10.53,4.85,60.26,46.17,Pump A Running
2026-07-27T15:00:00+00:00,Running,1,2081.9,10.53,4.81,60.92,46.0,Pump A Running
2026-07-27T15:15:00+00:00,Running,1,2190.6,10.69,4.91,62.63,46.41,Pump A Running
2026-07-27T15:30:00+00:00,Running,1,2319.2,10.66,4.84,61.65,45.67,Pump A Running
2026-07-27T15:45:00+00:00,Running,1,2282.7,10.65,4.8,62.95,45.46,Pump A Running
2026-07-27T16:00:00+00:00,Running,1,2332.7,10.68,4.69,61.52,46.0,Pump A Running
2026-07-27T16:15:00+00:00,Running,1,2304.4,10.56,4.97,62.1,45.78,Pump A Running
2026-07-27T16:30:00+00:00,Running,1,2271.2,10.6,4.85,62.77,46.01,Pump A Running
2026-07-27T16:45:00+00:00,Running,1,2226.4,10.49,4.87,61.78,45.08,Pump A Running
2026-07-27T17:00:00+00:00,Running,1,2320.5,10.76,4.78,62.85,45.23,Pump A Running
2026-07-27T17:15:00+00:00,Running,1,2279.9,10.58,4.75,61.36,45.97,Pump A Running
2026-07-27T17:30:00+00:00,Running,1,2307.1,10.52,4.98,60.18,46.1,Pump A Running
2026-07-27T17:45:00+00:00,Running,1,2324.0,10.62,5.0,62.96,46.52,Pump A Running
2026-07-27T18:00:00+00:00,Running,1,2237.3,10.61,4.82,61.77,45.83,Pump A Running
2026-07-27T18:15:00+00:00,Running,1,2394.2,10.58,4.96,61.84,45.73,Pump A Running
2026-07-27T18:30:00+00:00,Running,1,2302.7,10.55,4.96,60.0,46.23,Pump A Running
2026-07-27T18:45:00+00:00,Running,1,2120.8,10.68,4.94,62.09,46.35,Pump A Running
2026-07-27T19:00:00+00:00,Running,1,2313.9,10.67,4.99,60.66,46.8,Pump A Running
2026-07-27T19:15:00+00:00,Running,1,2243.1,10.61,4.74,61.17,46.01,Pump A Running
2026-07-27T19:30:00+00:00,Running,1,2344.4,10.69,4.75,61.83,45.79,Pump A Running
2026-07-27T19:45:00+00:00,Running,1,2500.9,10.44,4.88,62.62,45.17,Pump A Running
2026-07-27T20:00:00+00:00,Running,1,2394.4,10.6,4.99,61.95,45.82,Pump A Running
2026-07-27T20:15:00+00:00,Running,1,2222.4,10.62,4.88,63.31,47.15,Pump A Running
2026-07-27T20:30:00+00:00,Running,1,2358.9,10.6,4.99,60.91,46.33,Pump A Running
2026-07-27T20:45:00+00:00,Running,1,2408.8,10.59,4.93,62.26,47.07,Pump A Running
2026-07-27T21:00:00+00:00,Running,1,2437.9,10.59,4.96,61.98,46.16,Pump A Running
2026-07-27T21:15:00+00:00,Running,1,2381.8,10.47,4.78,62.1,46.29,Pump A Running
2026-07-27T21:30:00+00:00,Running,1,2439.2,10.45,4.81,61.12,46.09,Pump A Running
2026-07-27T21:45:00+00:00,Running,1,2467.4,10.69,4.81,63.66,46.08,Pump A Running
2026-07-27T22:00:00+00:00,Running,1,2468.1,10.65,4.75,62.01,45.75,Pump A Running
2026-07-27T22:15:00+00:00,Running,1,2396.2,10.63,4.85,61.84,45.87,Pump A Running
2026-07-27T22:30:00+00:00,Running,1,2516.5,10.61,4.76,63.9,46.11,Pump A Running
2026-07-27T22:45:00+00:00,Running,1,2496.0,10.55,4.88,62.51,47.22,Pump A Running
2026-07-27T23:00:00+00:00,Running,1,2349.9,10.7,4.77,61.56,45.23,Pump A Running
2026-07-27T23:15:00+00:00,Running,1,2357.7,10.61,4.78,63.09,46.69,Pump A Running
2026-07-27T23:30:00+00:00,Running,1,2465.4,10.56,4.87,61.28,46.05,Pump A Running
2026-07-27T23:45:00+00:00,Running,1,2351.9,10.62,4.84,61.94,45.79,Pump A Running
2026-07-28T00:00:00+00:00,Running,1,2393.8,10.59,4.99,61.08,46.62,Pump A Running
2026-07-28T00:15:00+00:00,Running,1,2405.8,10.71,4.73,61.89,46.53,Pump A Running
2026-07-28T00:30:00+00:00,Running,1,2496.2,10.62,4.82,60.59,46.0,Pump A Running
2026-07-28T00:45:00+00:00,Running,1,2531.5,10.68,4.92,61.78,46.53,Pump A Running
2026-07-28T01:00:00+00:00,Running,1,2246.4,10.48,4.62,63.13,45.74,Pump A Running
2026-07-28T01:15:00+00:00,Running,1,2549.3,10.62,4.95,61.59,45.91,Pump A Running
2026-07-28T01:30:00+00:00,Running,1,2497.7,10.54,4.9,60.44,45.38,Pump A Running
2026-07-28T01:45:00+00:00,Running,1,2589.1,10.6,4.85,60.92,46.19,Pump A Running
2026-07-28T02:00:00+00:00,Stopped,0,0.0,0.0,0.13,0.0,29.23,Pumps Stopped
2026-07-28T02:15:00+00:00,Stopped,0,0.0,0.0,0.13,0.0,29.12,Pumps Stopped
2026-07-28T02:30:00+00:00,Stopped,0,0.0,0.0,0.14,0.0,29.24,Pumps Stopped
2026-07-28T02:45:00+00:00,Stopped,0,0.0,0.0,0.1,0.0,28.82,Pumps Stopped
2026-07-28T03:00:00+00:00,Stopped,0,0.0,0.0,0.16,0.0,28.83,Pumps Stopped
2026-07-28T03:15:00+00:00,Stopped,0,0.0,0.0,0.1,0.0,28.28,Pumps Stopped
2026-07-28T03:30:00+00:00,Running,1,2541.2,10.61,4.95,62.53,46.72,Pump A Running
2026-07-28T03:45:00+00:00,Running,1,2475.9,10.65,4.81,61.57,46.58,Pump A Running
2026-07-28T04:00:00+00:00,Running,1,2498.1,10.62,4.98,60.97,46.61,Pump A Running
2026-07-28T04:15:00+00:00,Running,1,2549.6,10.65,4.88,62.96,45.91,Pump A Running
2026-07-28T04:30:00+00:00,Running,1,2796.2,10.7,4.78,61.18,46.08,Pump A Running
2026-07-28T04:45:00+00:00,Running,1,2508.2,10.48,4.87,60.69,46.29,Pump A Running
2026-07-28T05:00:00+00:00,Running,1,2583.5,10.58,4.8,62.78,45.76,Pump A Running
2026-07-28T05:15:00+00:00,Running,1,2631.8,10.61,4.81,60.82,46.35,Pump A Running
2026-07-28T05:30:00+00:00,Running,1,2575.3,10.64,4.91,62.04,45.91,Pump A Running
2026-07-28T05:45:00+00:00,Running,1,2476.8,10.75,4.94,62.59,46.03,Pump A Running
2026-07-28T06:00:00+00:00,Running,1,2742.3,10.52,4.9,62.18,45.4,Pump A Running
2026-07-28T06:15:00+00:00,Running,1,2653.1,10.62,4.68,61.96,47.0,Pump A Running
2026-07-28T06:30:00+00:00,Running,1,2751.3,10.71,5.04,60.67,46.01,Pump A Running
2026-07-28T06:45:00+00:00,Running,1,2814.1,10.58,4.87,61.68,46.29,Pump A Running
2026-07-28T07:00:00+00:00,Running,1,2544.2,10.71,4.92,60.98,46.36,Pump A Running
2026-07-28T07:15:00+00:00,Running,1,2516.2,10.63,4.83,61.8,46.14,Pump A Running
2026-07-28T07:30:00+00:00,Running,1,2541.9,10.56,4.73,63.04,45.46,Pump A Running
2026-07-28T07:45:00+00:00,Running,1,2472.8,10.61,4.77,63.04,46.19,Pump A Running
2026-07-28T08:00:00+00:00,Running,1,2659.9,10.49,4.9,61.5,45.86,Pump A Running
2026-07-28T08:15:00+00:00,Running,1,2632.8,10.71,4.85,62.01,46.95,Pump A Running
2026-07-28T08:30:00+00:00,Running,1,2636.3,10.61,4.87,62.89,45.59,Pump A Running
2026-07-28T08:45:00+00:00,Running,1,2583.2,10.71,4.8,64.27,45.25,Pump A Running
2026-07-28T09:00:00+00:00,Running,1,2727.4,10.54,4.88,59.67,45.66,Pump A Running
2026-07-28T09:15:00+00:00,Running,1,2586.5,10.52,4.88,61.33,45.86,Pump A Running
2026-07-28T09:30:00+00:00,Running,1,2678.0,10.56,4.91,61.07,46.27,Pump A Running
2026-07-28T09:45:00+00:00,Running,1,2589.3,10.55,4.8,62.74,45.6,Pump A Running
2026-07-28T10:00:00+00:00,Running,1,2799.3,10.6,4.9,63.35,45.96,Pump A Running
2026-07-28T10:15:00+00:00,Running,1,2665.5,10.65,4.82,61.5,45.62,Pump A Running
2026-07-28T10:30:00+00:00,Running,1,2658.2,10.72,4.84,62.8,46.2,Pump A Running
2026-07-28T10:45:00+00:00,Running,1,2448.4,10.58,4.73,62.76,45.88,Pump A Running
2026-07-28T11:00:00+00:00,Running,1,2800.8,10.54,4.66,59.6,45.53,Pump A Running
2026-07-28T11:15:00+00:00,Running,1,2611.8,10.68,4.86,61.98,45.87,Pump A Running
2026-07-28T11:30:00+00:00,Running,1,2567.9,10.53,4.94,60.83,46.89,Pump A Running
2026-07-28T11:45:00+00:00,Running,1,2696.1,10.59,4.76,64.16,46.68,Pump A Running
2026-07-28T12:00:00+00:00,Running,1,2665.8,10.68,4.87,62.37,46.17,Pump A Running
2026-07-28T12:15:00+00:00,Running,1,2629.5,10.65,4.84,61.1,45.69,Pump A Running
2026-07-28T12:30:00+00:00,Running,1,2783.6,10.61,4.73,61.93,46.23,Pump A Running
2026-07-28T12:45:00+00:00,Running,1,2697.1,10.57,4.86,62.01,45.76,Pump A Running
2026-07-28T13:00:00+00:00,Running,1,2566.4,10.59,4.88,62.94,46.0,Pump A Running
2026-07-28T13:15:00+00:00,Running,1,2724.9,10.58,4.99,63.75,46.12,Pump A Running
2026-07-28T13:30:00+00:00,Running,1,2870.4,10.56,4.93,61.02,45.86,Pump A Running
2026-07-28T13:45:00+00:00,Running,1,2624.7,10.67,4.68,61.88,45.98,Pump A Running
2026-07-28T14:00:00+00:00,Running,1,2670.5,10.62,4.9,62.37,46.64,Pump A Running
2026-07-28T14:15:00+00:00,Running,1,2836.4,10.62,4.85,60.42,45.65,Pump A Running
2026-07-28T14:30:00+00:00,Running,1,2618.2,10.67,4.87,60.77,46.86,Pump A Running
2026-07-28T14:45:00+00:00,Running,1,2730.6,10.72,4.88,62.32,45.92,Pump A Running
2026-07-28T15:00:00+00:00,Running,1,2866.1,10.55,4.84,60.59,46.47,Pump A Running
2026-07-28T15:15:00+00:00,Running,1,2767.9,10.65,4.84,62.94,46.14,Pump A Running
2026-07-28T15:30:00+00:00,Running,1,2899.4,10.65,4.83,60.79,46.41,Pump A Running
2026-07-28T15:45:00+00:00,Running,1,2547.5,10.68,4.99,63.25,46.12,Pump A Running
2026-07-28T16:00:00+00:00,Running,1,2809.3,10.81,4.79,63.28,46.18,Pump A Running
2026-07-28T16:15:00+00:00,Running,1,2889.6,10.7,4.9,61.29,46.63,Pump A Running
2026-07-28T16:30:00+00:00,Running,1,2636.1,10.49,4.66,59.72,45.73,Pump A Running
2026-07-28T16:45:00+00:00,Running,1,2777.3,10.66,4.83,61.61,45.46,Pump A Running
2026-07-28T17:00:00+00:00,Running,1,2631.8,10.5,4.97,62.74,45.68,Pump A Running
2026-07-28T17:15:00+00:00,Running,1,2753.6,10.48,4.83,60.29,45.87,Pump A Running
2026-07-28T17:30:00+00:00,Running,1,2956.8,10.64,4.88,60.68,45.96,Pump A Running
2026-07-28T17:45:00+00:00,Running,1,2851.5,10.61,4.88,60.77,46.02,Pump A Running
2026-07-28T18:00:00+00:00,Running,1,2845.9,10.63,4.77,61.54,45.46,Pump A Running
2026-07-28T18:15:00+00:00,Running,1,2882.3,10.49,4.82,62.82,45.49,Pump A Running
2026-07-28T18:30:00+00:00,Running,1,2794.0,10.56,4.96,61.99,45.46,Pump A Running
2026-07-28T18:45:00+00:00,Running,1,2790.6,10.61,4.91,62.65,45.61,Pump A Running
2026-07-28T19:00:00+00:00,Running,1,2725.9,10.53,4.85,61.11,46.27,Pump A Running
2026-07-28T19:15:00+00:00,Running,1,2720.7,10.66,4.85,60.58,46.22,Pump A Running
2026-07-28T19:30:00+00:00,Running,1,2752.7,10.55,4.89,62.99,46.08,Pump A Running
2026-07-28T19:45:00+00:00,Running,1,2624.1,10.5,4.85,59.75,46.3,Pump A Running
2026-07-28T20:00:00+00:00,Running,1,2829.3,10.83,4.71,64.37,45.79,Pump A Running
2026-07-28T20:15:00+00:00,Running,1,2791.7,10.63,4.76,63.13,46.09,Pump A Running
2026-07-28T20:30:00+00:00,Running,1,2768.3,10.65,4.68,63.39,46.49,Pump A Running
2026-07-28T20:45:00+00:00,Running,1,2775.5,10.56,4.87,61.81,45.75,Pump A Running
2026-07-28T21:00:00+00:00,Running,1,2579.5,10.48,4.85,61.55,46.49,Pump A Running
2026-07-28T21:15:00+00:00,Running,1,2703.4,10.57,4.83,63.08,45.77,Pump A Running
2026-07-28T21:30:00+00:00,Running,1,2688.8,10.64,4.85,62.38,46.04,Pump A Running
2026-07-28T21:45:00+00:00,Running,1,2685.5,10.48,4.72,62.68,45.81,Pump A Running
2026-07-28T22:00:00+00:00,Running,1,2891.6,10.61,4.83,60.08,46.25,Pump A Running
2026-07-28T22:15:00+00:00,Running,1,2842.2,10.58,5.04,60.15,46.66,Pump A Running
2026-07-28T22:30:00+00:00,Running,1,2759.2,10.7,5.05,61.81,46.05,Pump A Running
2026-07-28T22:45:00+00:00,Running,1,2766.4,10.77,4.87,60.62,46.65,Pump A Running
2026-07-28T23:00:00+00:00,Running,1,2719.8,10.56,4.79,60.63,46.84,Pump A Running
2026-07-28T23:15:00+00:00,Running,1,2778.2,10.54,4.86,60.98,45.52,Pump A Running
2026-07-28T23:30:00+00:00,Running,1,2641.5,10.63,4.88,62.21,45.74,Pump A Running
2026-07-28T23:45:00+00:00,Running,1,2755.1,10.61,4.84,62.26,46.48,Pump A Running
2026-07-29T00:00:00+00:00,Running,1,2913.2,10.47,4.84,60.77,45.35,Pump A Running
2026-07-29T00:15:00+00:00,Running,1,2692.7,10.57,4.9,62.52,46.04,Pump A Running
2026-07-29T00:30:00+00:00,Running,1,2743.5,10.7,4.81,62.33,46.23,Pump A Running
2026-07-29T00:45:00+00:00,Running,1,2662.8,10.69,4.69,61.73,46.4,Pump A Running
2026-07-29T01:00:00+00:00,Running,1,2726.1,10.61,4.74,61.76,45.81,Pump A Running
2026-07-29T01:15:00+00:00,Running,1,2686.0,10.66,4.86,61.79,45.74,Pump A Running
2026-07-29T01:30:00+00:00,Running,1,2623.5,10.66,4.93,62.79,46.88,Pump A Running
2026-07-29T01:45:00+00:00,Running,1,2834.0,10.63,4.82,61.09,46.26,Pump A Running
2026-07-29T02:00:00+00:00,Stopped,0,0.0,0.0,0.11,0.0,28.98,Pumps Stopped
2026-07-29T02:15:00+00:00,Stopped,0,0.0,0.0,0.15,0.0,28.38,Pumps Stopped
2026-07-29T02:30:00+00:00,Stopped,0,0.0,0.0,0.09,0.0,28.78,Pumps Stopped
2026-07-29T02:45:00+00:00,Stopped,0,0.0,0.0,0.15,0.0,29.24,Pumps Stopped
2026-07-29T03:00:00+00:00,Stopped,0,0.0,0.0,0.11,0.0,29.01,Pumps Stopped
2026-07-29T03:15:00+00:00,Stopped,0,0.0,0.0,0.1,0.0,28.64,Pumps Stopped
2026-07-29T03:30:00+00:00,Running,1,2728.0,10.54,4.75,62.48,45.83,Pump A Running
2026-07-29T03:45:00+00:00,Running,1,2729.3,10.6,4.86,64.2,46.46,Pump A Running
2026-07-29T04:00:00+00:00,Running,1,2657.4,10.41,4.95,62.35,45.95,Pump A Running
2026-07-29T04:15:00+00:00,Running,1,2624.7,10.56,4.85,60.76,45.32,Pump A Running
2026-07-29T04:30:00+00:00,Running,1,2640.8,10.61,4.74,60.62,45.69,Pump A Running
2026-07-29T04:45:00+00:00,Running,1,2571.2,10.58,4.95,61.57,44.91,Pump A Running
2026-07-29T05:00:00+00:00,Running,1,2756.1,10.54,4.78,63.35,45.99,Pump A Running
2026-07-29T05:15:00+00:00,Running,1,2784.0,10.58,4.88,61.79,46.22,Pump A Running
2026-07-29T05:30:00+00:00,Running,1,2650.1,10.47,4.89,62.66,45.35,Pump A Running
2026-07-29T05:45:00+00:00,Running,1,2693.7,10.76,4.99,60.2,45.75,Pump A Running
2026-07-29T06:00:00+00:00,Running,1,2785.5,10.66,4.81,60.41,46.76,Pump A Running
2026-07-29T06:15:00+00:00,Running,1,2634.9,10.57,4.96,62.69,46.33,Pump A Running
2026-07-29T06:30:00+00:00,Running,1,2529.1,10.56,4.78,62.66,45.99,Pump A Running
2026-07-29T06:45:00+00:00,Running,1,2650.7,10.54,4.9,63.68,46.55,Pump A Running
2026-07-29T07:00:00+00:00,Running,1,2691.2,10.66,4.89,63.55,46.26,Pump A Running
2026-07-29T07:15:00+00:00,Running,1,2735.8,10.67,4.97,59.88,46.33,Pump A Running
2026-07-29T07:30:00+00:00,Running,1,2576.9,10.6,5.04,62.21,45.6,Pump A Running
2026-07-29T07:45:00+00:00,Running,1,2681.1,10.52,4.88,62.49,45.35,Pump A Running
2026-07-29T08:00:00+00:00,Running,1,2529.5,10.63,4.86,61.79,45.71,Pump A Running
2026-07-29T08:15:00+00:00,Running,1,2572.2,10.52,4.81,63.0,45.64,Pump A Running
2026-07-29T08:30:00+00:00,Running,1,2680.4,10.59,4.97,62.57,45.79,Pump A Running
2026-07-29T08:45:00+00:00,Running,1,2621.0,10.55,4.81,62.74,45.28,Pump A Running
2026-07-29T09:00:00+00:00,Running,1,2602.9,10.62,5.05,62.39,46.18,Pump A Running
2026-07-29T09:15:00+00:00,Running,1,2668.0,10.56,4.83,62.02,46.37,Pump A Running
2026-07-29T09:30:00+00:00,Running,1,2557.9,10.49,4.91,60.34,45.34,Pump A Running
2026-07-29T09:45:00+00:00,Running,1,2670.2,10.49,4.79,63.03,46.28,Pump A Running
2026-07-29T10:00:00+00:00,Running,1,2494.6,10.61,4.85,62.38,46.1,Pump A Running
2026-07-29T10:15:00+00:00,Running,1,2538.7,10.66,4.89,60.41,45.94,Pump A Running
2026-07-29T10:30:00+00:00,Running,1,2645.7,10.7,4.74,62.51,46.21,Pump A Running
2026-07-29T10:45:00+00:00,Running,1,2621.7,10.65,4.7,62.85,46.07,Pump A Running
2026-07-29T11:00:00+00:00,Running,1,2626.3,10.66,4.77,60.47,46.1,Pump A Running
2026-07-29T11:15:00+00:00,Running,1,2522.7,10.68,4.95,60.59,46.31,Pump A Running
2026-07-29T11:30:00+00:00,Running,1,2611.4,10.66,4.76,62.75,45.9,Pump A Running
2026-07-29T11:45:00+00:00,Running,1,2639.5,10.53,4.87,60.25,46.02,Pump A Running
2026-07-29T12:00:00+00:00,Running,1,2790.3,10.58,4.96,60.49,46.24,Pump A Running
2026-07-29T12:15:00+00:00,Running,1,2641.5,10.55,4.77,59.65,46.0,Pump A Running
2026-07-29T12:30:00+00:00,Running,1,2601.4,10.55,4.7,62.42,46.06,Pump A Running
2026-07-29T12:45:00+00:00,Running,1,2564.8,10.56,4.78,62.16,45.92,Pump A Running
2026-07-29T13:00:00+00:00,Running,1,2530.2,10.67,4.87,61.4,46.21,Pump A Running
2026-07-29T13:15:00+00:00,Running,1,2439.8,10.62,4.87,61.62,45.35,Pump A Running
2026-07-29T13:30:00+00:00,Running,1,2368.1,10.64,4.84,61.76,45.94,Pump A Running
2026-07-29T13:45:00+00:00,Running,1,2584.0,10.54,4.91,61.56,46.57,Pump A Running
2026-07-29T14:00:00+00:00,Running,1,2396.5,10.63,4.88,60.64,45.33,Pump A Running
2026-07-29T14:15:00+00:00,Running,1,2833.4,10.62,4.84,61.91,45.51,Pump A Running
2026-07-29T14:30:00+00:00,Running,1,2605.5,10.53,4.98,62.35,45.98,Pump A Running
2026-07-29T14:45:00+00:00,Running,1,2562.3,10.66,4.93,63.13,45.08,Pump A Running
2026-07-29T15:00:00+00:00,Running,1,2443.8,10.57,4.83,62.29,46.42,Pump A Running
2026-07-29T15:15:00+00:00,Running,1,2225.9,10.55,4.86,61.33,46.11,Pump A Running
2026-07-29T15:30:00+00:00,Running,1,2514.1,10.58,4.76,62.39,45.53,Pump A Running
2026-07-29T15:45:00+00:00,Running,1,2525.5,10.48,4.86,60.02,45.44,Pump A Running
2026-07-29T16:00:00+00:00,Running,1,2463.5,10.62,4.89,62.08,46.1,Pump A Running
2026-07-29T16:15:00+00:00,Running,1,2365.4,10.72,5.0,62.48,46.61,Pump A Running
2026-07-29T16:30:00+00:00,Running,1,2463.8,10.51,4.93,62.1,45.91,Pump A Running
2026-07-29T16:45:00+00:00,Running,1,2324.8,10.59,4.83,63.16,46.16,Pump A Running
2026-07-29T17:00:00+00:00,Running,1,2276.4,10.58,4.83,63.27,46.22,Pump A Running
2026-07-29T17:15:00+00:00,Running,1,2422.6,10.56,4.9,63.04,46.34,Pump A Running
2026-07-29T17:30:00+00:00,Running,1,2423.9,10.52,4.75,63.24,45.43,Pump A Running
2026-07-29T17:45:00+00:00,Running,1,2385.1,10.64,4.82,62.12,46.03,Pump A Running
2026-07-29T18:00:00+00:00,Running,1,2375.8,10.54,4.69,60.9,45.66,Pump A Running
2026-07-29T18:15:00+00:00,Running,1,2202.5,10.75,4.8,61.93,46.83,Pump A Running
2026-07-29T18:30:00+00:00,Running,1,2594.2,10.55,4.76,63.41,46.26,Pump A Running
2026-07-29T18:45:00+00:00,Running,1,2246.3,10.58,4.79,61.66,46.94,Pump A Running
2026-07-29T19:00:00+00:00,Running,1,2471.6,10.57,4.83,62.2,46.14,Pump A Running
2026-07-29T19:15:00+00:00,Running,1,2351.4,10.65,4.91,60.12,45.75,Pump A Running
2026-07-29T19:30:00+00:00,Running,1,2241.2,10.6,4.85,59.95,45.02,Pump A Running
2026-07-29T19:45:00+00:00,Running,1,2258.9,10.6,4.83,62.76,46.11,Pump A Running
2026-07-29T20:00:00+00:00,Running,1,2448.4,10.71,4.96,61.6,46.07,Pump A Running
2026-07-29T20:15:00+00:00,Running,1,2440.1,10.69,4.7,63.33,45.74,Pump A Running
2026-07-29T20:30:00+00:00,Running,1,2425.8,10.66,4.8,61.26,46.76,Pump A Running
2026-07-29T20:45:00+00:00,Running,1,2267.8,10.48,4.71,61.19,46.11,Pump A Running
2026-07-29T21:00:00+00:00,Running,1,2358.6,10.55,5.02,62.37,46.3,Pump A Running
2026-07-29T21:15:00+00:00,Running,1,2378.7,10.61,4.89,60.29,45.47,Pump A Running
2026-07-29T21:30:00+00:00,Running,1,2364.0,10.57,4.79,63.51,45.98,Pump A Running
2026-07-29T21:45:00+00:00,Running,1,2298.6,10.57,4.93,63.71,46.05,Pump A Running
2026-07-29T22:00:00+00:00,Running,1,2260.1,10.57,4.87,60.89,46.02,Pump A Running
2026-07-29T22:15:00+00:00,Running,1,2344.0,10.64,4.75,61.12,45.63,Pump A Running
2026-07-29T22:30:00+00:00,Running,1,2277.1,10.53,4.84,60.15,45.98,Pump A Running
2026-07-29T22:45:00+00:00,Running,1,2338.8,10.64,4.76,60.65,44.81,Pump A Running
2026-07-29T23:00:00+00:00,Running,1,2491.4,10.63,4.97,61.01,45.98,Pump A Running
2026-07-29T23:15:00+00:00,Running,1,2434.4,10.57,4.81,61.79,45.71,Pump A Running
2026-07-29T23:30:00+00:00,Running,1,2377.7,10.76,4.76,60.94,45.93,Pump A Running
2026-07-29T23:45:00+00:00,Running,1,2259.4,10.49,4.84,60.57,45.71,Pump A Running
2026-07-30T00:00:00+00:00,Running,1,2338.7,10.64,4.87,60.77,46.75,Pump A Running
2026-07-30T00:15:00+00:00,Running,1,2287.0,10.49,4.72,60.81,45.46,Pump A Running
2026-07-30T00:30:00+00:00,Running,1,2354.9,10.73,4.87,63.29,45.69,Pump A Running
2026-07-30T00:45:00+00:00,Running,1,2293.9,10.74,4.87,62.69,45.51,Pump A Running
2026-07-30T01:00:00+00:00,Running,1,2337.1,10.6,4.76,63.62,46.74,Pump A Running
2026-07-30T01:15:00+00:00,Running,1,2411.7,10.55,4.87,63.09,45.99,Pump A Running
2026-07-30T01:30:00+00:00,Running,1,2406.9,10.63,4.89,61.25,46.8,Pump A Running
2026-07-30T01:45:00+00:00,Running,1,2237.2,10.61,4.7,62.57,46.04,Pump A Running
2026-07-30T02:00:00+00:00,Stopped,0,0.0,0.0,0.18,0.0,29.11,Pumps Stopped
2026-07-30T02:15:00+00:00,Stopped,0,0.0,0.0,0.12,0.0,28.66,Pumps Stopped
2026-07-30T02:30:00+00:00,Stopped,0,0.0,0.0,0.14,0.0,28.72,Pumps Stopped
2026-07-30T02:45:00+00:00,Stopped,0,0.0,0.0,0.13,0.0,29.41,Pumps Stopped
2026-07-30T03:00:00+00:00,Stopped,0,0.0,0.0,0.16,0.0,28.79,Pumps Stopped
2026-07-30T03:15:00+00:00,Stopped,0,0.0,0.0,0.14,0.0,29.86,Pumps Stopped
2026-07-30T03:30:00+00:00,Running,1,2059.8,10.52,4.82,62.19,46.09,Pump A Running
2026-07-30T03:45:00+00:00,Running,1,2157.4,10.58,4.87,62.44,45.72,Pump A Running
2026-07-30T04:00:00+00:00,Running,1,2229.5,10.67,4.76,63.36,45.66,Pump A Running
2026-07-30T04:15:00+00:00,Running,1,2278.2,10.52,4.81,61.95,46.04,Pump A Running
2026-07-30T04:30:00+00:00,Running,1,2208.1,10.58,4.9,61.72,45.99,Pump A Running
2026-07-30T04:45:00+00:00,Running,1,2117.1,10.65,4.79,63.42,46.65,Pump A Running
2026-07-30T05:00:00+00:00,Running,1,2135.4,10.69,4.83,60.9,45.64,Pump A Running
2026-07-30T05:15:00+00:00,Running,1,2188.2,10.54,4.81,61.12,46.18,Pump A Running
2026-07-30T05:30:00+00:00,Running,1,2080.4,10.55,4.92,60.74,46.69,Pump A Running
2026-07-30T05:45:00+00:00,Running,1,2213.5,10.77,4.79,64.16,47.17,Pump A Running
2026-07-30T06:00:00+00:00,Running,1,2272.7,10.6,4.76,60.34,46.08,Pump A Running
2026-07-30T06:15:00+00:00,Running,1,2185.4,10.58,4.86,60.96,46.63,Pump A Running
2026-07-30T06:30:00+00:00,Running,1,2119.8,10.65,4.74,61.5,46.25,Pump A Running
2026-07-30T06:45:00+00:00,Running,1,2226.7,10.54,5.11,60.3,45.4,Pump A Running
2026-07-30T07:00:00+00:00,Running,1,2110.6,10.54,4.73,62.27,46.27,Pump A Running
2026-07-30T07:15:00+00:00,Running,1,2149.1,10.65,4.87,61.76,46.07,Pump A Running
2026-07-30T07:30:00+00:00,Running,1,2287.6,10.58,4.81,61.38,45.6,Pump A Running
2026-07-30T07:45:00+00:00,Running,1,2235.8,10.61,4.78,61.59,45.69,Pump A Running
2026-07-30T08:00:00+00:00,Running,1,2254.6,10.7,4.93,59.61,46.16,Pump A Running
2026-07-30T08:15:00+00:00,Running,1,2204.2,10.54,4.8,60.34,45.91,Pump A Running
2026-07-30T08:30:00+00:00,Running,1,2152.0,10.71,4.79,61.31,45.68,Pump A Running
2026-07-30T08:45:00+00:00,Running,1,2258.8,10.58,4.89,62.98,46.22,Pump A Running
2026-07-30T09:00:00+00:00,Running,1,2104.0,10.62,4.84,61.07,46.51,Pump A Running
2026-07-30T09:15:00+00:00,Running,1,2172.4,10.5,4.76,63.09,46.65,Pump A Running
2026-07-30T09:30:00+00:00,Running,1,2240.2,10.57,4.87,60.02,45.48,Pump A Running
2026-07-30T09:45:00+00:00,Running,1,2256.3,10.65,4.8,60.09,47.11,Pump A Running
2026-07-30T10:00:00+00:00,Running,1,2037.1,10.57,4.8,61.19,45.81,Pump A Running
2026-07-30T10:15:00+00:00,Running,1,2191.3,10.54,4.88,59.31,45.72,Pump A Running
2026-07-30T10:30:00+00:00,Running,1,2111.5,10.68,4.86,61.78,45.45,Pump A Running
2026-07-30T10:45:00+00:00,Running,1,2028.4,10.62,4.95,61.03,46.31,Pump A Running
2026-07-30T11:00:00+00:00,Running,1,2056.1,10.59,4.89,59.7,45.42,Pump A Running
2026-07-30T11:15:00+00:00,Running,1,2164.2,10.6,5.04,63.32,46.64,Pump A Running
2026-07-30T11:30:00+00:00,Running,1,2250.7,10.58,4.89,60.6,46.08,Pump A Running
2026-07-30T11:45:00+00:00,Running,1,1996.9,10.51,4.81,62.23,45.74,Pump A Running
2026-07-30T12:00:00+00:00,Running,1,2271.2,10.56,4.72,61.3,46.8,Pump A Running
2026-07-30T12:15:00+00:00,Running,1,2073.0,10.51,5.01,61.89,46.65,Pump A Running
2026-07-30T12:30:00+00:00,Running,1,2178.7,10.57,4.95,63.07,44.94,Pump A Running
2026-07-30T12:45:00+00:00,Running,1,2198.0,10.66,4.92,62.86,45.53,Pump A Running
2026-07-30T13:00:00+00:00,Running,1,2170.6,10.53,4.75,61.84,45.98,Pump A Running
2026-07-30T13:15:00+00:00,Running,1,2151.7,10.72,4.87,63.27,45.94,Pump A Running
2026-07-30T13:30:00+00:00,Running,1,2115.9,10.67,5.12,62.58,45.79,Pump A Running
2026-07-30T13:45:00+00:00,Running,1,2090.9,10.51,4.78,61.78,45.91,Pump A Running
2026-07-30T14:00:00+00:00,Running,1,2073.3,10.62,4.77,61.48,46.18,Pump A Running
2026-07-30T14:15:00+00:00,Running,1,2081.0,10.71,4.76,63.89,46.55,Pump A Running
2026-07-30T14:30:00+00:00,Running,1,1951.1,10.7,4.94,63.65,46.25,Pump A Running
2026-07-30T14:45:00+00:00,Running,1,2231.8,10.5,4.82,60.81,46.33,Pump A Running
2026-07-30T15:00:00+00:00,Running,1,1951.0,10.49,4.77,61.39,46.16,Pump A Running
2026-07-30T15:15:00+00:00,Running,1,2197.5,10.68,4.74,60.28,45.68,Pump A Running
2026-07-30T15:30:00+00:00,Running,1,2208.7,10.4,4.85,62.52,46.41,Pump A Running
2026-07-30T15:45:00+00:00,Running,1,2315.0,10.53,4.81,61.68,46.61,Pump A Running
2026-07-30T16:00:00+00:00,Running,1,2261.5,10.56,4.74,62.2,45.87,Pump A Running
2026-07-30T16:15:00+00:00,Running,1,2063.3,10.66,4.88,63.42,46.46,Pump A Running
2026-07-30T16:30:00+00:00,Running,1,2067.5,10.64,4.74,61.36,45.86,Pump A Running
2026-07-30T16:45:00+00:00,Running,1,2300.3,10.54,4.79,61.09,46.42,Pump A Running
2026-07-30T17:00:00+00:00,Running,1,2255.2,10.51,4.77,62.63,46.35,Pump A Running
2026-07-30T17:15:00+00:00,Running,1,2201.4,10.68,4.9,60.66,46.4,Pump A Running
2026-07-30T17:30:00+00:00,Running,1,2172.3,10.55,4.94,61.55,46.14,Pump A Running
2026-07-30T17:45:00+00:00,Running,1,2161.4,10.51,4.85,61.35,44.93,Pump A Running
2026-07-30T18:00:00+00:00,Running,1,2234.9,10.61,4.85,62.05,45.83,Pump A Running
2026-07-30T18:15:00+00:00,Running,1,2199.9,10.63,4.82,62.51,45.86,Pump A Running
2026-07-30T18:30:00+00:00,Running,1,2229.0,10.59,4.99,61.51,45.64,Pump A Running
2026-07-30T18:45:00+00:00,Running,1,2129.5,10.61,4.74,62.41,45.03,Pump A Running
2026-07-30T19:00:00+00:00,Running,1,2228.7,10.54,4.71,62.31,45.52,Pump A Running
2026-07-30T19:15:00+00:00,Running,1,2283.7,10.51,4.72,62.85,45.38,Pump A Running
2026-07-30T19:30:00+00:00,Running,1,2216.4,10.66,4.89,60.97,44.84,Pump A Running
2026-07-30T19:45:00+00:00,Running,1,2186.3,10.74,4.75,62.76,45.8,Pump A Running
2026-07-30T20:00:00+00:00,Running,1,2126.8,10.65,4.8,62.94,46.03,Pump A Running
2026-07-30T20:15:00+00:00,Running,1,2349.7,10.64,4.87,62.24,46.69,Pump A Running
2026-07-30T20:30:00+00:00,Running,1,2241.8,10.57,4.93,59.37,46.36,Pump A Running
2026-07-30T20:45:00+00:00,Running,1,2305.8,10.5,4.79,61.36,45.79,Pump A Running
2026-07-30T21:00:00+00:00,Running,1,2251.2,10.64,4.85,62.98,45.92,Pump A Running
2026-07-30T21:15:00+00:00,Running,1,2307.6,10.57,4.86,61.76,45.85,Pump A Running
2026-07-30T21:30:00+00:00,Running,1,2085.8,10.65,4.94,62.33,45.74,Pump A Running
2026-07-30T21:45:00+00:00,Running,1,2280.8,10.52,4.95,61.89,45.69,Pump A Running
2026-07-30T22:00:00+00:00,Running,1,2139.4,10.55,4.88,61.35,45.85,Pump A Running
2026-07-30T22:15:00+00:00,Running,1,2133.9,10.69,4.7,64.05,46.18,Pump A Running
2026-07-30T22:30:00+00:00,Running,1,2281.0,10.57,4.79,62.98,45.22,Pump A Running
2026-07-30T22:45:00+00:00,Running,1,2238.0,10.63,4.9,60.65,46.23,Pump A Running
2026-07-30T23:00:00+00:00,Running,1,2297.3,10.7,4.85,63.43,45.85,Pump A Running
2026-07-30T23:15:00+00:00,Running,1,2301.7,10.54,4.76,63.06,45.48,Pump A Running
2026-07-30T23:30:00+00:00,Running,1,2194.9,10.64,4.85,61.6,45.67,Pump A Running
2026-07-30T23:45:00+00:00,Running,1,2137.1,10.76,4.91,61.44,45.95,Pump A Running
2026-07-31T00:00:00+00:00,Running,1,2195.6,10.65,4.82,63.61,46.33,Pump A Running
2026-07-31T00:15:00+00:00,Running,1,2290.4,10.63,4.74,61.79,45.89,Pump A Running
2026-07-31T00:30:00+00:00,Running,1,2249.3,10.62,4.85,62.81,45.44,Pump A Running
2026-07-31T00:45:00+00:00,Running,1,2227.3,10.58,4.83,62.95,46.1,Pump A Running
2026-07-31T01:00:00+00:00,Running,1,2219.4,10.62,4.68,61.47,45.0,Pump A Running
2026-07-31T01:15:00+00:00,Running,1,2296.6,10.69,4.93,62.5,46.03,Pump A Running
2026-07-31T01:30:00+00:00,Running,1,2275.6,10.52,4.78,62.04,47.59,Pump A Running
2026-07-31T01:45:00+00:00,Running,1,2357.0,10.68,4.95,63.09,45.84,Pump A Running
2026-07-31T02:00:00+00:00,Stopped,0,0.0,0.0,0.14,0.0,29.13,Pumps Stopped
2026-07-31T02:15:00+00:00,Stopped,0,0.0,0.0,0.11,0.0,28.95,Pumps Stopped
2026-07-31T02:30:00+00:00,Stopped,0,0.0,0.0,0.17,0.0,28.75,Pumps Stopped
2026-07-31T02:45:00+00:00,Stopped,0,0.0,0.0,0.13,0.0,29.33,Pumps Stopped
2026-07-31T03:00:00+00:00,Stopped,0,0.0,0.0,0.12,0.0,29.23,Pumps Stopped
2026-07-31T03:15:00+00:00,Stopped,0,0.0,0.0,0.1,0.0,28.97,Pumps Stopped
2026-07-31T03:30:00+00:00,Running,1,2351.6,10.59,4.81,61.7,46.04,Pump A Running
2026-07-31T03:45:00+00:00,Running,1,2311.1,10.51,4.75,60.97,45.7,Pump A Running
2026-07-31T04:00:00+00:00,Running,1,2255.1,10.72,4.96,64.72,45.74,Pump A Running
2026-07-31T04:15:00+00:00,Running,1,2358.7,10.54,4.9,65.06,45.96,Pump A Running
2026-07-31T04:30:00+00:00,Running,1,2273.7,10.49,4.84,61.38,46.03,Pump A Running
2026-07-31T04:45:00+00:00,Running,1,2373.4,10.57,4.94,61.85,46.39,Pump A Running
2026-07-31T05:00:00+00:00,Running,1,2254.9,10.59,4.97,61.52,46.22,Pump A Running
2026-07-31T05:15:00+00:00,Running,1,2506.7,10.63,4.77,60.26,45.81,Pump A Running
2026-07-31T05:30:00+00:00,Running,1,2317.6,10.61,4.82,62.56,46.76,Pump A Running
2026-07-31T05:45:00+00:00,Running,1,2405.2,10.69,4.82,62.28,46.0,Pump A Running
2026-07-31T06:00:00+00:00,Running,1,2442.5,10.78,4.85,61.51,45.05,Pump A Running
2026-07-31T06:15:00+00:00,Running,1,2291.1,10.63,4.86,61.22,45.81,Pump A Running
2026-07-31T06:30:00+00:00,Running,1,2293.0,10.49,4.81,61.16,45.72,Pump A Running
2026-07-31T06:45:00+00:00,Running,1,2354.3,10.68,4.87,58.41,46.23,Pump A Running
2026-07-31T07:00:00+00:00,Running,1,2279.8,10.5,4.81,62.94,46.05,Pump A Running
2026-07-31T07:15:00+00:00,Running,1,2631.0,10.59,4.87,60.46,46.27,Pump A Running
2026-07-31T07:30:00+00:00,Running,1,2277.5,10.73,4.82,62.29,46.59,Pump A Running
2026-07-31T07:45:00+00:00,Running,1,2391.5,10.59,4.87,61.18,45.88,Pump A Running
2026-07-31T08:00:00+00:00,Running,1,2412.2,10.54,4.75,61.38,45.89,Pump A Running
2026-07-31T08:15:00+00:00,Running,1,2453.7,10.58,4.72,61.94,46.7,Pump A Running
2026-07-31T08:30:00+00:00,Running,1,2415.5,10.62,4.76,60.59,44.65,Pump A Running
2026-07-31T08:45:00+00:00,Running,1,2514.9,10.71,4.77,60.8,46.3,Pump A Running
2026-07-31T09:00:00+00:00,Running,1,2504.3,10.53,4.88,61.07,46.22,Pump A Running
2026-07-31T09:15:00+00:00,Running,1,2481.4,10.54,4.84,63.82,46.65,Pump A Running
2026-07-31T09:30:00+00:00,Running,1,2345.2,10.66,4.8,61.36,46.15,Pump A Running
2026-07-31T09:45:00+00:00,Running,1,2427.7,10.61,4.81,58.37,46.69,Pump A Running
2026-07-31T10:00:00+00:00,Running,1,2318.2,10.54,4.85,59.87,46.3,Pump A Running
2026-07-31T10:15:00+00:00,Running,1,2581.3,10.57,4.9,63.05,46.23,Pump A Running
2026-07-31T10:30:00+00:00,Running,1,2258.2,10.58,4.78,61.74,45.4,Pump A Running
2026-07-31T10:45:00+00:00,Running,1,2507.9,10.75,4.88,58.87,45.86,Pump A Running
2026-07-31T11:00:00+00:00,Running,1,2478.0,10.66,4.63,61.79,45.56,Pump A Running
2026-07-31T11:15:00+00:00,Running,1,2397.8,10.54,4.69,61.76,45.78,Pump A Running
2026-07-31T11:30:00+00:00,Running,1,2620.6,10.57,4.93,62.66,45.62,Pump A Running
2026-07-31T11:45:00+00:00,Running,1,2582.2,10.56,4.81,63.02,46.57,Pump A Running
2026-07-31T12:00:00+00:00,Running,1,2603.2,10.68,4.81,62.06,45.87,Pump A Running
2026-07-31T12:15:00+00:00,Running,1,2625.5,10.66,4.71,62.08,45.66,Pump A Running
2026-07-31T12:30:00+00:00,Running,1,2509.8,10.65,4.87,62.12,45.57,Pump A Running
2026-07-31T12:45:00+00:00,Running,1,2509.7,10.58,4.79,61.91,45.8,Pump A Running
2026-07-31T13:00:00+00:00,Running,1,2563.6,10.64,4.8,61.16,46.3,Pump A Running
2026-07-31T13:15:00+00:00,Running,1,2535.2,10.68,4.94,60.87,46.33,Pump A Running
2026-07-31T13:30:00+00:00,Running,1,2463.1,10.67,4.97,64.36,46.66,Pump A Running
2026-07-31T13:45:00+00:00,Running,1,2471.4,10.67,4.84,62.36,45.75,Pump A Running
2026-07-31T14:00:00+00:00,Running,1,2624.1,10.56,5.07,62.73,45.92,Pump A Running
2026-07-31T14:15:00+00:00,Running,1,2649.1,10.59,4.87,63.6,46.14,Pump A Running
2026-07-31T14:30:00+00:00,Running,1,2644.6,10.69,4.76,61.27,45.8,Pump A Running
2026-07-31T14:45:00+00:00,Running,1,2384.5,10.47,4.93,63.66,45.57,Pump A Running
2026-07-31T15:00:00+00:00,Running,1,2530.7,10.51,4.84,61.68,45.82,Pump A Running
2026-07-31T15:15:00+00:00,Running,1,2415.7,10.46,4.88,62.85,45.83,Pump A Running
2026-07-31T15:30:00+00:00,Running,1,2501.6,10.53,4.77,62.83,47.12,Pump A Running
2026-07-31T15:45:00+00:00,Running,1,2552.7,10.59,4.89,61.89,46.14,Pump A Running
2026-07-31T16:00:00+00:00,Running,1,2629.7,10.64,4.85,61.9,45.59,Pump A Running
2026-07-31T16:15:00+00:00,Running,1,2423.8,10.73,4.82,61.82,45.73,Pump A Running
2026-07-31T16:30:00+00:00,Running,1,2468.2,10.55,4.78,61.25,45.48,Pump A Running
2026-07-31T16:45:00+00:00,Running,1,2464.2,10.6,4.95,62.42,45.49,Pump A Running
2026-07-31T17:00:00+00:00,Running,1,2462.1,10.53,4.87,62.24,46.21,Pump A Running
2026-07-31T17:15:00+00:00,Running,1,2531.6,10.6,4.83,62.25,46.03,Pump A Running
2026-07-31T17:30:00+00:00,Running,1,2568.2,10.56,4.75,62.21,45.34,Pump A Running
2026-07-31T17:45:00+00:00,Running,1,2696.6,10.55,4.72,61.61,45.68,Pump A Running
2026-07-31T18:00:00+00:00,Running,1,2497.2,10.52,4.73,60.33,45.68,Pump A Running
2026-07-31T18:15:00+00:00,Running,1,2531.5,10.75,5.12,61.25,46.47,Pump A Running
2026-07-31T18:30:00+00:00,Running,1,2701.5,10.6,4.91,62.19,45.36,Pump A Running
2026-07-31T18:45:00+00:00,Running,1,2571.5,10.59,4.94,63.43,46.37,Pump A Running
2026-07-31T19:00:00+00:00,Running,1,2710.5,10.54,5.05,60.42,46.58,Pump A Running
2026-07-31T19:15:00+00:00,Running,1,2755.5,10.5,4.96,62.39,45.66,Pump A Running
2026-07-31T19:30:00+00:00,Running,1,2646.2,10.49,4.95,61.23,46.29,Pump A Running
2026-07-31T19:45:00+00:00,Running,1,2633.2,10.54,4.82,62.77,45.28,Pump A Running
2026-07-31T20:00:00+00:00,Running,1,2739.8,10.63,4.9,62.02,45.86,Pump A Running
2026-07-31T20:15:00+00:00,Running,1,2788.4,10.6,4.84,62.34,45.79,Pump A Running
2026-07-31T20:30:00+00:00,Running,1,2565.6,10.51,4.88,59.88,45.63,Pump A Running
2026-07-31T20:45:00+00:00,Running,1,2640.6,10.62,4.91,61.19,46.0,Pump A Running
2026-07-31T21:00:00+00:00,Running,1,2672.6,10.6,4.82,63.09,45.98,Pump A Running
2026-07-31T21:15:00+00:00,Running,1,2629.8,10.72,4.89,62.33,46.16,Pump A Running
2026-07-31T21:30:00+00:00,Running,1,2700.5,10.74,4.74,60.94,46.18,Pump A Running
2026-07-31T21:45:00+00:00,Running,1,2698.9,10.43,4.86,62.92,45.21,Pump A Running
2026-07-31T22:00:00+00:00,Running,1,2731.7,10.64,4.68,61.33,46.43,Pump A Running
2026-07-31T22:15:00+00:00,Running,1,2588.7,10.65,4.89,63.7,46.4,Pump A Running
2026-07-31T22:30:00+00:00,Running,1,2637.5,10.66,4.82,62.35,46.31,Pump A Running
2026-07-31T22:45:00+00:00,Running,1,2572.0,10.59,4.78,62.86,46.28,Pump A Running
2026-07-31T23:00:00+00:00,Running,1,2681.3,10.62,4.8,62.51,45.79,Pump A Running
2026-07-31T23:15:00+00:00,Running,1,2671.4,10.6,4.84,59.41,45.83,Pump A Running
2026-07-31T23:30:00+00:00,Running,1,2711.2,10.75,4.67,60.19,45.9,Pump A Running
2026-07-31T23:45:00+00:00,Running,1,2578.5,10.51,4.92,62.31,46.72,Pump A Running
2026-08-01T00:00:00+00:00,Running,1,2620.7,10.67,4.69,62.23,46.48,Pump A Running
2026-08-01T00:15:00+00:00,Running,1,2753.3,10.49,4.83,61.48,45.82,Pump A Running
2026-08-01T00:30:00+00:00,Running,1,2663.1,10.58,4.82,62.58,46.15,Pump A Running
2026-08-01T00:45:00+00:00,Running,1,2684.7,10.54,4.91,60.71,45.5,Pump A Running
2026-08-01T01:00:00+00:00,Running,1,2644.7,10.53,4.9,59.09,45.22,Pump A Running
2026-08-01T01:15:00+00:00,Running,1,2770.0,10.59,4.8,63.98,46.52,Pump A Running
2026-08-01T01:30:00+00:00,Running,1,2679.4,10.81,4.77,62.77,46.2,Pump A Running
2026-08-01T01:45:00+00:00,Running,1,2515.7,10.32,4.89,60.57,45.75,Pump A Running
2026-08-01T02:00:00+00:00,Stopped,0,0.0,0.0,0.11,0.0,29.08,Pumps Stopped
2026-08-01T02:15:00+00:00,Stopped,0,0.0,0.0,0.1,0.0,29.2,Pumps Stopped
2026-08-01T02:30:00+00:00,Stopped,0,0.0,0.0,0.12,0.0,29.06,Pumps Stopped
2026-08-01T02:45:00+00:00,Stopped,0,0.0,0.0,0.07,0.0,28.55,Pumps Stopped
2026-08-01T03:00:00+00:00,Stopped,0,0.0,0.0,0.15,0.0,28.72,Pumps Stopped
2026-08-01T03:15:00+00:00,Stopped,0,0.0,0.0,0.1,0.0,28.95,Pumps Stopped
2026-08-01T03:30:00+00:00,Running,1,2655.5,10.61,4.83,62.77,47.0,Pump A Running
2026-08-01T03:45:00+00:00,Running,1,2746.0,10.59,4.91,63.34,45.07,Pump A Running
2026-08-01T04:00:00+00:00,Running,1,2778.7,10.57,4.83,64.94,45.53,Pump A Running
2026-08-01T04:15:00+00:00,Running,1,2723.4,10.59,4.95,59.75,45.61,Pump A Running
2026-08-01T04:30:00+00:00,Running,1,2531.1,10.44,4.7,62.14,45.38,Pump A Running
2026-08-01T04:45:00+00:00,Running,1,2789.7,10.67,4.84,62.55,45.46,Pump A Running
2026-08-01T05:00:00+00:00,Running,1,2700.9,10.63,4.84,61.39,46.48,Pump A Running
2026-08-01T05:15:00+00:00,Running,1,2837.6,10.6,5.02,61.19,45.6,Pump A Running
2026-08-01T05:30:00+00:00,Running,1,2859.5,10.63,4.84,64.42,45.74,Pump A Running
2026-08-01T05:45:00+00:00,Running,1,2649.7,10.65,5.05,61.89,46.13,Pump A Running
2026-08-01T06:00:00+00:00,Running,1,2769.6,10.68,4.86,63.02,46.24,Pump A Running
2026-08-01T06:15:00+00:00,Running,1,2955.7,10.59,4.98,61.78,46.0,Pump A Running
2026-08-01T06:30:00+00:00,Running,1,2743.7,10.61,4.7,61.39,45.98,Pump A Running
2026-08-01T06:45:00+00:00,Running,1,2710.0,10.78,4.73,61.1,44.9,Pump A Running
2026-08-01T07:00:00+00:00,Running,1,2792.4,10.63,4.93,59.93,46.16,Pump A Running
2026-08-01T07:15:00+00:00,Running,1,2919.3,10.74,4.97,61.88,45.45,Pump A Running
2026-08-01T07:30:00+00:00,Running,1,2756.7,10.62,4.95,60.9,45.92,Pump A Running
2026-08-01T07:45:00+00:00,Running,1,2745.6,10.5,4.58,62.29,46.26,Pump A Running
2026-08-01T08:00:00+00:00,Running,1,2856.3,10.57,4.86,60.7,45.76,Pump A Running
2026-08-01T08:15:00+00:00,Running,1,2780.4,10.6,5.0,61.94,46.0,Pump A Running
2026-08-01T08:30:00+00:00,Running,1,2674.0,10.48,4.86,64.45,46.17,Pump A Running
2026-08-01T08:45:00+00:00,Running,1,2676.8,10.7,4.78,61.2,45.86,Pump A Running
2026-08-01T09:00:00+00:00,Running,1,2701.2,10.59,4.91,62.75,46.24,Pump A Running
2026-08-01T09:15:00+00:00,Running,1,2703.6,10.53,4.76,61.71,45.43,Pump A Running
2026-08-01T09:30:00+00:00,Running,1,2604.2,10.63,4.73,61.21,45.68,Pump A Running
2026-08-01T09:45:00+00:00,Running,1,2844.4,10.55,4.86,61.79,46.1,Pump A Running
2026-08-01T10:00:00+00:00,Running,1,2753.1,10.64,4.93,61.25,45.81,Pump A Running
2026-08-01T10:15:00+00:00,Running,1,2734.9,10.54,4.91,62.04,46.02,Pump A Running
2026-08-01T10:30:00+00:00,Running,1,2590.0,10.59,4.8,61.77,45.6,Pump A Running
2026-08-01T10:45:00+00:00,Running,1,2815.8,10.53,4.81,62.0,47.36,Pump A Running
2026-08-01T11:00:00+00:00,Running,1,2723.8,10.67,4.94,61.86,46.04,Pump A Running
2026-08-01T11:15:00+00:00,Running,1,2558.7,10.56,4.97,61.38,45.97,Pump A Running
2026-08-01T11:30:00+00:00,Running,1,2754.8,10.57,4.76,61.96,45.79,Pump A Running
2026-08-01T11:45:00+00:00,Running,1,2745.1,10.58,4.85,62.23,44.78,Pump A Running
2026-08-01T12:00:00+00:00,Running,1,2840.8,10.63,4.91,62.41,46.3,Pump A Running
2026-08-01T12:15:00+00:00,Running,1,2700.6,10.55,4.72,61.95,46.23,Pump A Running
2026-08-01T12:30:00+00:00,Running,1,2717.4,10.6,4.98,61.01,46.01,Pump A Running
2026-08-01T12:45:00+00:00,Running,1,2545.5,10.54,4.86,60.64,45.61,Pump A Running
2026-08-01T13:00:00+00:00,Running,1,2621.6,10.65,4.88,60.78,46.34,Pump A Running
2026-08-01T13:15:00+00:00,Running,1,2701.0,10.64,4.79,62.55,46.32,Pump A Running
2026-08-01T13:30:00+00:00,Running,1,2631.3,10.54,4.89,62.47,46.3,Pump A Running
2026-08-01T13:45:00+00:00,Running,1,2721.1,10.67,4.9,61.98,45.86,Pump A Running
2026-08-01T14:00:00+00:00,Running,1,2718.8,10.54,4.89,61.98,45.98,Pump A Running
2026-08-01T14:15:00+00:00,Running,1,2665.3,10.73,4.76,61.53,45.77,Pump A Running
2026-08-01T14:30:00+00:00,Running,1,2648.4,10.54,4.83,62.86,45.47,Pump A Running
2026-08-01T14:45:00+00:00,Running,1,2693.9,10.66,4.74,62.62,45.8,Pump A Running
2026-08-01T15:00:00+00:00,Running,1,2687.3,10.63,4.86,61.66,46.11,Pump A Running
2026-08-01T15:15:00+00:00,Running,1,2718.3,10.58,4.92,61.7,45.81,Pump A Running
2026-08-01T15:30:00+00:00,Running,1,2603.8,10.49,4.83,62.81,45.87,Pump A Running
2026-08-01T15:45:00+00:00,Running,1,2483.5,10.54,4.85,61.45,46.26,Pump A Running
2026-08-01T16:00:00+00:00,Running,1,2777.1,10.49,4.74,61.36,46.35,Pump A Running
2026-08-01T16:15:00+00:00,Running,1,2677.1,10.6,4.76,61.95,46.07,Pump A Running
2026-08-01T16:30:00+00:00,Running,1,2800.1,10.59,4.96,61.82,46.28,Pump A Running
2026-08-01T16:45:00+00:00,Running,1,2701.3,10.51,4.83,63.82,46.95,Pump A Running
2026-08-01T17:00:00+00:00,Running,1,2799.6,10.56,4.9,61.89,45.59,Pump A Running
2026-08-01T17:15:00+00:00,Running,1,2629.7,10.42,4.65,60.85,45.73,Pump A Running
2026-08-01T17:30:00+00:00,Running,1,2579.0,10.64,5.02,62.93,45.75,Pump A Running
2026-08-01T17:45:00+00:00,Running,1,2615.0,10.66,4.92,60.53,45.71,Pump A Running
2026-08-01T18:00:00+00:00,Running,1,2542.6,10.49,4.72,62.24,45.64,Pump A Running
2026-08-01T18:15:00+00:00,Running,1,2627.9,10.63,4.78,62.49,45.54,Pump A Running
2026-08-01T18:30:00+00:00,Running,1,2773.6,10.67,4.86,62.01,46.46,Pump A Running
2026-08-01T18:45:00+00:00,Running,1,2577.2,10.67,4.81,63.38,45.85,Pump A Running
2026-08-01T19:00:00+00:00,Running,1,2505.1,10.59,4.81,61.62,45.73,Pump A Running
2026-08-01T19:15:00+00:00,Running,1,2362.9,10.63,4.92,62.81,46.9,Pump A Running
2026-08-01T19:30:00+00:00,Running,1,2627.9,10.5,5.14,62.74,45.39,Pump A Running
2026-08-01T19:45:00+00:00,Running,1,2561.2,10.54,4.93,63.23,45.91,Pump A Running
2026-08-01T20:00:00+00:00,Running,1,2675.8,10.48,4.81,61.98,45.31,Pump A Running
2026-08-01T20:15:00+00:00,Running,1,2511.1,10.64,4.79,62.82,46.64,Pump A Running
2026-08-01T20:30:00+00:00,Running,1,2514.8,10.57,4.85,62.58,45.58,Pump A Running
2026-08-01T20:45:00+00:00,Running,1,2578.7,10.59,4.88,61.92,46.44,Pump A Running
2026-08-01T21:00:00+00:00,Running,1,2563.0,10.62,4.76,61.16,46.49,Pump A Running
2026-08-01T21:15:00+00:00,Running,1,2721.6,10.6,4.77,63.24,46.37,Pump A Running
2026-08-01T21:30:00+00:00,Running,1,2554.8,10.55,4.78,60.9,46.42,Pump A Running
2026-08-01T21:45:00+00:00,Running,1,2472.5,10.61,4.86,61.4,46.08,Pump A Running
2026-08-01T22:00:00+00:00,Running,1,2609.7,10.55,4.84,61.66,45.82,Pump A Running
2026-08-01T22:15:00+00:00,Running,1,2549.6,10.69,4.89,61.4,46.17,Pump A Running
2026-08-01T22:30:00+00:00,Running,1,2780.9,10.55,4.86,62.7,46.18,Pump A Running
2026-08-01T22:45:00+00:00,Running,1,2604.0,10.73,4.75,63.8,46.44,Pump A Running
2026-08-01T23:00:00+00:00,Running,1,2644.2,10.5,4.85,63.83,47.01,Pump A Running
2026-08-01T23:15:00+00:00,Running,1,2495.4,10.58,4.88,62.31,45.92,Pump A Running
2026-08-01T23:30:00+00:00,Running,1,2516.5,10.55,4.71,59.32,45.74,Pump A Running
2026-08-01T23:45:00+00:00,Running,1,2511.9,10.55,4.87,61.47,45.79,Pump A Running
2026-08-02T00:00:00+00:00,Running,1,2454.6,10.6,4.88,62.01,46.67,Pump A Running
2026-08-02T00:15:00+00:00,Running,1,2524.9,10.63,4.7,61.87,46.84,Pump A Running
2026-08-02T00:30:00+00:00,Running,1,2486.7,10.4,4.99,63.45,46.38,Pump A Running
2026-08-02T00:45:00+00:00,Running,1,2652.7,10.51,4.95,60.25,46.8,Pump A Running
2026-08-02T01:00:00+00:00,Running,1,2548.2,10.65,5.1,61.53,46.22,Pump A Running
2026-08-02T01:15:00+00:00,Running,1,2509.0,10.51,4.85,61.74,46.14,Pump A Running
2026-08-02T01:30:00+00:00,Running,1,2478.3,10.52,4.85,61.71,46.36,Pump A Running
2026-08-02T01:45:00+00:00,Running,1,2394.4,10.63,4.8,61.75,45.11,Pump A Running
2026-08-02T02:00:00+00:00,Stopped,0,0.0,0.0,0.11,0.0,28.94,Pumps Stopped
2026-08-02T02:15:00+00:00,Stopped,0,0.0,0.0,0.17,0.0,28.66,Pumps Stopped
2026-08-02T02:30:00+00:00,Stopped,0,0.0,0.0,0.1,0.0,28.92,Pumps Stopped
2026-08-02T02:45:00+00:00,Stopped,0,0.0,0.0,0.14,0.0,28.92,Pumps Stopped
2026-08-02T03:00:00+00:00,Stopped,0,0.0,0.0,0.15,0.0,29.53,Pumps Stopped
2026-08-02T03:15:00+00:00,Stopped,0,0.0,0.0,0.13,0.0,28.65,Pumps Stopped
2026-08-02T03:30:00+00:00,Running,1,2303.8,10.6,4.79,62.52,45.58,Pump A Running
2026-08-02T03:45:00+00:00,Running,1,2439.8,10.62,4.69,61.64,46.16,Pump A Running
2026-08-02T04:00:00+00:00,Running,1,2485.8,10.72,4.91,61.36,45.48,Pump A Running
2026-08-02T04:15:00+00:00,Running,1,2505.5,10.6,5.04,62.95,46.52,Pump A Running
2026-08-02T04:30:00+00:00,Running,1,2433.5,10.59,4.97,60.21,45.85,Pump A Running
2026-08-02T04:45:00+00:00,Running,1,2343.4,10.58,5.01,61.96,45.75,Pump A Running
2026-08-02T05:00:00+00:00,Running,1,2235.6,10.55,4.96,62.25,45.62,Pump A Running
2026-08-02T05:15:00+00:00,Running,1,2169.9,10.6,4.96,61.25,45.68,Pump A Running
2026-08-02T05:30:00+00:00,Running,1,2500.9,10.61,4.91,60.6,46.54,Pump A Running
2026-08-02T05:45:00+00:00,Running,1,2227.1,10.64,4.93,61.51,45.96,Pump A Running
2026-08-02T06:00:00+00:00,Running,1,2361.8,10.48,4.81,61.9,45.75,Pump A Running
2026-08-02T06:15:00+00:00,Running,1,2419.5,10.64,4.98,61.96,46.64,Pump A Running
2026-08-02T06:30:00+00:00,Running,1,2414.0,10.56,4.9,62.56,46.61,Pump A Running
2026-08-02T06:45:00+00:00,Running,1,2329.3,10.66,4.89,62.86,46.0,Pump A Running
2026-08-02T07:00:00+00:00,Running,1,2228.0,10.61,4.73,62.57,45.6,Pump A Running
2026-08-02T07:15:00+00:00,Running,1,2481.6,10.59,4.97,61.16,45.96,Pump A Running
2026-08-02T07:30:00+00:00,Running,1,2261.4,10.7,4.68,63.95,45.93,Pump A Running
2026-08-02T07:45:00+00:00,Running,1,2261.4,10.63,4.79,62.08,46.39,Pump A Running
2026-08-02T08:00:00+00:00,Running,1,2430.9,10.62,4.76,60.8,45.36,Pump A Running
2026-08-02T08:15:00+00:00,Stopped,0,0.0,0.0,0.14,0.0,28.87,Pumps Stopped
2026-08-02T08:30:00+00:00,Stopped,0,0.0,0.0,0.12,0.0,28.91,Pumps Stopped
2026-08-02T08:45:00+00:00,Stopped,0,0.0,0.0,0.09,0.0,29.2,Pumps Stopped
2026-08-02T09:00:00+00:00,Stopped,0,0.0,0.0,0.14,0.0,29.13,Pumps Stopped
2026-08-02T09:15:00+00:00,Stopped,0,0.0,0.0,0.12,0.0,29.68,Pumps Stopped
2026-08-02T09:30:00+00:00,Running,1,2371.7,10.57,4.83,60.5,46.57,Pump A Running
2026-08-02T09:45:00+00:00,Running,1,2321.1,10.62,5.03,63.01,45.83,Pump A Running
2026-08-02T10:00:00+00:00,Running,1,2205.9,10.64,4.74,60.58,45.94,Pump A Running
2026-08-02T10:15:00+00:00,Running,1,2312.1,10.51,5.02,62.67,46.38,Pump A Running
2026-08-02T10:30:00+00:00,Running,1,2501.8,10.55,4.84,64.48,46.68,Pump A Running
2026-08-02T10:45:00+00:00,Running,1,2528.5,10.69,4.85,62.23,46.07,Pump A Running
2026-08-02T11:00:00+00:00,Running,1,2292.8,10.59,4.94,59.48,45.86,Pump A Running
2026-08-02T11:15:00+00:00,Running,1,2091.9,10.57,4.81,62.75,46.6,Pump A Running
2026-08-02T11:30:00+00:00,Running,1,2426.6,10.56,5.04,61.04,45.39,Pump A Running
2026-08-02T11:45:00+00:00,Running,1,2378.0,10.58,4.8,61.76,45.25,Pump A Running
2026-08-02T12:00:00+00:00,Running,1,2283.2,10.57,4.68,61.94,45.82,Pump A Running
2026-08-02T12:15:00+00:00,Running,1,2309.6,10.51,4.92,61.89,47.1,Pump A Running
2026-08-02T12:30:00+00:00,Running,1,2430.7,10.51,4.87,64.11,45.69,Pump A Running
2026-08-02T12:45:00+00:00,Running,1,2177.0,10.64,4.95,63.76,45.31,Pump A Running
2026-08-02T13:00:00+00:00,Running,1,2333.8,10.58,4.87,61.55,45.18,Pump A Running
2026-08-02T13:15:00+00:00,Running,1,2216.8,10.54,4.81,59.48,46.07,Pump A Running
2026-08-02T13:30:00+00:00,Running,1,2307.9,10.46,4.91,62.53,45.91,Pump A Running
2026-08-02T13:45:00+00:00,Running,1,2326.9,10.62,4.9,60.71,46.32,Pump A Running
2026-08-02T14:00:00+00:00,Running,1,2206.3,10.66,4.98,61.99,45.81,Pump A Running
2026-08-02T14:15:00+00:00,Running,1,2183.1,10.57,4.94,64.17,45.97,Pump A Running
2026-08-02T14:30:00+00:00,Running,1,2207.5,10.63,4.65,61.03,45.67,Pump A Running
2026-08-02T14:45:00+00:00,Running,1,2340.5,10.65,4.78,62.81,45.11,Pump A Running
2026-08-02T15:00:00+00:00,Running,1,2270.2,10.61,4.9,61.58,46.53,Pump A Running
2026-08-02T15:15:00+00:00,Running,1,2130.3,10.72,4.79,63.21,45.66,Pump A Running
2026-08-02T15:30:00+00:00,Running,1,2311.6,10.39,4.73,62.14,45.96,Pump A Running
2026-08-02T15:45:00+00:00,Running,1,2117.2,10.67,4.84,63.27,46.04,Pump A Running
2026-08-02T16:00:00+00:00,Running,1,2095.5,10.56,4.85,63.76,46.02,Pump A Running
2026-08-02T16:15:00+00:00,Running,1,2246.4,10.55,4.76,60.96,46.09,Pump A Running
2026-08-02T16:30:00+00:00,Running,1,2041.9,10.66,4.81,61.34,45.91,Pump A Running
2026-08-02T16:45:00+00:00,Running,1,2352.2,10.57,4.93,61.92,45.13,Pump A Running
2026-08-02T17:00:00+00:00,Running,1,2125.3,10.54,4.92,62.73,46.78,Pump A Running
2026-08-02T17:15:00+00:00,Running,1,2211.0,10.62,4.99,63.16,46.41,Pump A Running
2026-08-02T17:30:00+00:00,Running,1,2071.8,10.63,4.73,59.5,46.05,Pump A Running
2026-08-02T17:45:00+00:00,Running,1,2130.3,10.59,4.87,59.07,45.63,Pump A Running
2026-08-02T18:00:00+00:00,Running,1,2199.7,10.77,4.87,60.8,45.88,Pump A Running
2026-08-02T18:15:00+00:00,Running,1,2194.2,10.6,4.94,63.22,45.44,Pump A Running
2026-08-02T18:30:00+00:00,Running,1,2284.4,10.61,4.92,61.44,45.83,Pump A Running
2026-08-02T18:45:00+00:00,Running,1,2213.8,10.57,4.86,62.01,46.01,Pump A Running
2026-08-02T19:00:00+00:00,Running,1,2159.3,10.49,4.89,61.78,45.26,Pump A Running
2026-08-02T19:15:00+00:00,Running,1,2347.3,10.76,4.96,62.78,45.82,Pump A Running
2026-08-02T19:30:00+00:00,Running,1,2156.0,10.66,4.73,62.26,46.29,Pump A Running
2026-08-02T19:45:00+00:00,Running,1,2091.9,10.64,4.89,62.13,47.12,Pump A Running
2026-08-02T20:00:00+00:00,Running,1,2170.7,10.49,4.99,61.49,45.44,Pump A Running
2026-08-02T20:15:00+00:00,Running,1,2081.9,10.64,4.9,62.4,46.12,Pump A Running
2026-08-02T20:30:00+00:00,Running,1,2151.7,10.62,4.89,63.71,46.38,Pump A Running
2026-08-02T20:45:00+00:00,Running,1,2340.3,10.62,4.92,62.1,45.67,Pump A Running
2026-08-02T21:00:00+00:00,Running,1,2039.5,10.53,4.88,63.14,46.41,Pump A Running
2026-08-02T21:15:00+00:00,Running,1,2173.7,10.63,4.65,62.03,46.72,Pump A Running
2026-08-02T21:30:00+00:00,Running,1,2395.0,10.52,4.68,61.35,45.91,Pump A Running
2026-08-02T21:45:00+00:00,Running,1,2053.5,10.69,4.89,62.29,46.43,Pump A Running
2026-08-02T22:00:00+00:00,Running,1,2086.4,10.55,4.98,62.65,45.65,Pump A Running
2026-08-02T22:15:00+00:00,Running,1,2142.5,10.62,4.82,61.92,46.47,Pump A Running
2026-08-02T22:30:00+00:00,Running,1,2275.0,10.51,5.04,61.03,45.75,Pump A Running
2026-08-02T22:45:00+00:00,Running,1,2093.2,10.57,5.0,64.0,45.89,Pump A Running
2026-08-02T23:00:00+00:00,Running,1,2153.2,10.65,4.83,61.3,46.17,Pump A Running
2026-08-02T23:15:00+00:00,Running,1,2231.4,10.73,4.8,61.39,45.05,Pump A Running
2026-08-02T23:30:00+00:00,Running,1,2071.6,10.6,4.88,63.81,45.99,Pump A Running
2026-08-02T23:45:00+00:00,Running,1,2204.6,10.6,4.69,63.38,46.68,Pump A Running
2026-08-03T00:00:00+00:00,Running,1,2084.6,10.51,4.75,59.55,46.0,Pump A Running
2026-08-03T00:15:00+00:00,Running,1,2168.7,10.57,4.87,61.59,46.34,Pump A Running
2026-08-03T00:30:00+00:00,Running,1,2192.3,10.53,4.7,63.83,45.28,Pump A Running
2026-08-03T00:45:00+00:00,Running,1,2322.3,10.5,4.94,62.63,45.9,Pump A Running
2026-08-03T01:00:00+00:00,Running,1,2139.1,10.59,4.89,61.93,46.07,Pump A Running
2026-08-03T01:15:00+00:00,Running,1,2074.8,10.64,4.74,61.88,44.94,Pump A Running
2026-08-03T01:30:00+00:00,Running,1,2134.9,10.57,4.91,62.66,44.78,Pump A Running
2026-08-03T01:45:00+00:00,Running,1,2261.7,10.73,4.99,63.35,47.43,Pump A Running
2026-08-03T02:00:00+00:00,Stopped,0,0.0,0.0,0.11,0.0,29.3,Pumps Stopped
2026-08-03T02:15:00+00:00,Stopped,0,0.0,0.0,0.13,0.0,28.64,Pumps Stopped
2026-08-03T02:30:00+00:00,Stopped,0,0.0,0.0,0.13,0.0,29.23,Pumps Stopped
2026-08-03T02:45:00+00:00,Stopped,0,0.0,0.0,0.14,0.0,29.28,Pumps Stopped
2026-08-03T03:00:00+00:00,Stopped,0,0.0,0.0,0.14,0.0,29.53,Pumps Stopped
2026-08-03T03:15:00+00:00,Stopped,0,0.0,0.0,0.12,0.0,29.21,Pumps Stopped
2026-08-03T03:30:00+00:00,Running,1,2299.5,10.65,4.9,60.28,45.05,Pump A Running
2026-08-03T03:45:00+00:00,Running,1,2068.5,10.57,4.82,60.63,46.63,Pump A Running
2026-08-03T04:00:00+00:00,Running,1,2127.3,10.43,4.72,62.39,45.81,Pump A Running
2026-08-03T04:15:00+00:00,Running,1,2278.0,10.58,4.8,62.12,45.81,Pump A Running
2026-08-03T04:30:00+00:00,Running,1,2272.7,10.65,4.74,61.53,45.94,Pump A Running
2026-08-03T04:45:00+00:00,Running,1,2064.5,10.51,4.92,63.05,46.05,Pump A Running
2026-08-03T05:00:00+00:00,Running,1,2267.7,10.58,4.61,62.25,46.35,Pump A Running
2026-08-03T05:15:00+00:00,Running,1,2327.3,10.57,4.91,64.22,45.86,Pump A Running
2026-08-03T05:30:00+00:00,Running,1,2316.5,10.62,4.77,62.51,46.07,Pump A Running
2026-08-03T05:45:00+00:00,Running,1,2028.0,10.49,4.83,63.2,44.78,Pump A Running
2026-08-03T06:00:00+00:00,Running,1,2284.5,10.65,4.93,62.79,46.41,Pump A Running
2026-08-03T06:15:00+00:00,Running,1,2149.3,10.62,4.83,61.06,45.5,Pump A Running
2026-08-03T06:30:00+00:00,Running,1,2308.5,10.51,4.75,60.85,45.87,Pump A Running
2026-08-03T06:45:00+00:00,Running,1,2251.2,10.62,4.83,61.41,46.26,Pump A Running
2026-08-03T07:00:00+00:00,Running,1,2275.3,10.66,4.93,60.95,46.15,Pump A Running
2026-08-03T07:15:00+00:00,Running,1,1995.1,10.54,4.73,61.18,46.76,Pump A Running
2026-08-03T07:30:00+00:00,Running,1,2157.5,10.43,4.93,62.75,46.26,Pump A Running
2026-08-03T07:45:00+00:00,Running,1,2342.5,10.56,4.9,61.33,46.1,Pump A Running
2026-08-03T08:00:00+00:00,Running,1,2263.0,10.59,4.98,63.17,46.1,Pump A Running
2026-08-03T08:15:00+00:00,Running,1,2229.9,10.54,4.92,62.87,45.53,Pump A Running
2026-08-03T08:30:00+00:00,Running,1,2257.9,10.74,4.72,62.15,46.62,Pump A Running
2026-08-03T08:45:00+00:00,Running,1,2277.6,10.55,5.01,62.34,45.25,Pump A Running
2026-08-03T09:00:00+00:00,Running,1,2380.4,10.64,4.74,61.77,46.17,Pump A Running
2026-08-03T09:15:00+00:00,Running,1,2400.5,10.58,4.81,60.31,45.9,Pump A Running
2026-08-03T09:30:00+00:00,Running,1,2380.8,10.56,4.73,60.27,45.89,Pump A Running
2026-08-03T09:45:00+00:00,Running,1,2037.4,10.58,4.75,60.78,45.94,Pump A Running
2026-08-03T10:00:00+00:00,Running,1,2420.1,10.56,4.84,62.62,46.45,Pump A Running
2026-08-03T10:15:00+00:00,Running,1,2243.3,10.65,4.82,62.26,46.24,Pump A Running
2026-08-03T10:30:00+00:00,Running,1,2137.1,10.49,4.65,62.29,47.03,Pump A Running
2026-08-03T10:45:00+00:00,Running,1,2222.9,10.68,4.86,61.8,46.38,Pump A Running
2026-08-03T11:00:00+00:00,Running,1,2386.4,10.82,4.9,60.91,45.91,Pump A Running
2026-08-03T11:15:00+00:00,Running,1,2195.0,10.56,4.95,61.29,46.35,Pump A Running
2026-08-03T11:30:00+00:00,Running,1,2430.6,10.52,4.79,62.68,46.46,Pump A Running
2026-08-03T11:45:00+00:00,Running,1,2255.4,10.57,4.83,62.74,46.78,Pump A Running
2026-08-03T12:00:00+00:00,Running,1,2224.0,10.64,4.87,60.06,46.0,Pump A Running
2026-08-03T12:15:00+00:00,Running,1,2365.8,10.58,4.97,61.53,46.36,Pump A Running
2026-08-03T12:30:00+00:00,Running,1,2377.3,10.55,4.93,61.96,46.22,Pump A Running
2026-08-03T12:45:00+00:00,Running,1,2395.4,10.75,4.88,61.35,45.52,Pump A Running
2026-08-03T13:00:00+00:00,Running,1,2354.7,10.49,4.8,62.11,46.38,Pump A Running
2026-08-03T13:15:00+00:00,Running,1,2355.1,10.74,4.76,61.61,46.56,Pump A Running
2026-08-03T13:30:00+00:00,Running,1,2284.0,10.59,4.9,63.85,45.43,Pump A Running
2026-08-03T13:45:00+00:00,Running,1,2360.6,10.58,4.73,60.27,45.88,Pump A Running
2026-08-03T14:00:00+00:00,Running,1,2276.3,10.72,4.84,61.11,44.96,Pump A Running
2026-08-03T14:15:00+00:00,Running,1,2255.5,10.53,4.92,63.0,46.84,Pump A Running
2026-08-03T14:30:00+00:00,Running,1,2255.0,10.55,4.83,61.8,46.21,Pump A Running
2026-08-03T14:45:00+00:00,Running,1,2314.6,10.58,4.86,61.92,45.91,Pump A Running
2026-08-03T15:00:00+00:00,Running,1,2374.4,10.62,4.83,61.86,46.5,Pump A Running
2026-08-03T15:15:00+00:00,Running,1,2302.0,10.69,4.8,61.27,46.17,Pump A Running
2026-08-03T15:30:00+00:00,Running,1,2411.2,10.53,4.83,60.57,45.57,Pump A Running
2026-08-03T15:45:00+00:00,Running,1,2450.8,10.68,4.83,60.41,45.69,Pump A Running
2026-08-03T16:00:00+00:00,Running,1,2302.3,10.54,4.83,62.17,45.7,Pump A Running
2026-08-03T16:15:00+00:00,Running,1,2354.4,10.59,4.83,61.31,46.42,Pump A Running
2026-08-03T16:30:00+00:00,Running,1,2410.3,10.66,4.74,61.87,45.31,Pump A Running
2026-08-03T16:45:00+00:00,Running,1,2411.3,10.52,4.76,61.78,45.94,Pump A Running
2026-08-03T17:00:00+00:00,Running,1,2492.8,10.53,4.62,62.89,46.32,Pump A Running
2026-08-03T17:15:00+00:00,Running,1,2498.4,10.73,4.97,62.15,46.26,Pump A Running
2026-08-03T17:30:00+00:00,Running,1,2430.7,10.61,4.84,61.59,46.39,Pump A Running
2026-08-03T17:45:00+00:00,Running,1,2268.3,10.6,4.73,61.74,45.96,Pump A Running
2026-08-03T18:00:00+00:00,Running,1,2416.7,10.62,4.83,63.26,46.06,Pump A Running
2026-08-03T18:15:00+00:00,Running,1,2496.9,10.73,4.99,62.46,45.87,Pump A Running
2026-08-03T18:30:00+00:00,Running,1,2474.2,10.61,5.02,62.55,45.63,Pump A Running
2026-08-03T18:45:00+00:00,Running,1,2392.0,10.6,4.78,60.25,46.35,Pump A Running
2026-08-03T19:00:00+00:00,Running,1,2558.7,10.62,4.71,63.47,46.26,Pump A Running
2026-08-03T19:15:00+00:00,Running,1,2497.0,10.6,4.91,61.66,45.66,Pump A Running
2026-08-03T19:30:00+00:00,Running,1,2488.7,10.68,4.78,61.17,46.52,Pump A Running
2026-08-03T19:45:00+00:00,Running,1,2471.4,10.7,4.94,61.72,46.27,Pump A Running
2026-08-03T20:00:00+00:00,Running,1,2634.9,10.61,4.75,62.84,45.4,Pump A Running
2026-08-03T20:15:00+00:00,Running,1,2355.2,10.56,4.79,63.28,46.04,Pump A Running
2026-08-03T20:30:00+00:00,Running,1,2469.2,10.49,4.98,60.68,44.92,Pump A Running
2026-08-03T20:45:00+00:00,Running,1,2536.1,10.58,4.72,62.71,46.47,Pump A Running
2026-08-03T21:00:00+00:00,Running,1,2418.2,10.66,4.77,61.5,46.49,Pump A Running
2026-08-03T21:15:00+00:00,Running,1,2593.0,10.62,4.85,62.97,46.25,Pump A Running
2026-08-03T21:30:00+00:00,Running,1,2391.9,10.35,4.95,62.83,46.21,Pump A Running
2026-08-03T21:45:00+00:00,Running,1,2430.2,10.64,5.01,62.59,45.13,Pump A Running
2026-08-03T22:00:00+00:00,Running,1,2540.2,10.73,4.86,60.63,45.78,Pump A Running
2026-08-03T22:15:00+00:00,Running,1,2619.6,10.75,5.06,60.84,45.94,Pump A Running
2026-08-03T22:30:00+00:00,Running,1,2452.8,10.72,4.98,60.73,45.43,Pump A Running
2026-08-03T22:45:00+00:00,Running,1,2556.6,10.62,4.95,62.46,45.49,Pump A Running
2026-08-03T23:00:00+00:00,Running,1,2417.2,10.74,4.92,62.33,46.11,Pump A Running
2026-08-03T23:15:00+00:00,Running,1,2563.4,10.64,4.82,61.66,46.02,Pump A Running
2026-08-03T23:30:00+00:00,Running,1,2529.4,10.65,4.73,62.15,46.05,Pump A Running
2026-08-03T23:45:00+00:00,Running,1,2577.3,10.57,4.98,61.61,46.7,Pump A Running
2026-08-04T00:00:00+00:00,Running,1,2613.5,10.61,4.85,61.88,45.78,Pump A Running
2026-08-04T00:15:00+00:00,Running,1,2416.2,10.58,4.74,61.16,45.97,Pump A Running
2026-08-04T00:30:00+00:00,Running,1,2816.6,10.65,4.98,64.02,45.74,Pump A Running
2026-08-04T00:45:00+00:00,Running,1,2654.4,10.77,4.85,62.99,46.42,Pump A Running
2026-08-04T01:00:00+00:00,Running,1,2572.5,10.63,4.85,62.16,46.17,Pump A Running
2026-08-04T01:15:00+00:00,Running,1,2728.9,10.44,4.86,61.06,44.74,Pump A Running
2026-08-04T01:30:00+00:00,Running,1,2779.0,10.53,4.81,60.65,45.98,Pump A Running
2026-08-04T01:45:00+00:00,Running,1,2585.3,10.65,4.82,60.32,45.67,Pump A Running
2026-08-04T02:00:00+00:00,Stopped,0,0.0,0.0,0.12,0.0,28.89,Pumps Stopped
2026-08-04T02:15:00+00:00,Stopped,0,0.0,0.0,0.09,0.0,29.07,Pumps Stopped
2026-08-04T02:30:00+00:00,Stopped,0,0.0,0.0,0.15,0.0,28.76,Pumps Stopped
2026-08-04T02:45:00+00:00,Stopped,0,0.0,0.0,0.1,0.0,29.89,Pumps Stopped
2026-08-04T03:00:00+00:00,Stopped,0,0.0,0.0,0.1,0.0,28.92,Pumps Stopped
2026-08-04T03:15:00+00:00,Stopped,0,0.0,0.0,0.14,0.0,29.06,Pumps Stopped
2026-08-04T03:30:00+00:00,Running,1,2704.8,10.52,4.76,61.55,45.72,Pump A Running
2026-08-04T03:45:00+00:00,Running,1,2626.3,10.6,4.85,62.79,45.65,Pump A Running
2026-08-04T04:00:00+00:00,Running,1,2725.3,10.68,4.96,61.56,46.12,Pump A Running
2026-08-04T04:15:00+00:00,Running,1,2630.3,10.71,4.93,62.3,46.38,Pump A Running
2026-08-04T04:30:00+00:00,Running,1,2678.4,10.47,4.71,60.79,46.3,Pump A Running
2026-08-04T04:45:00+00:00,Running,1,2746.2,10.63,4.77,61.45,45.83,Pump A Running
2026-08-04T05:00:00+00:00,Running,1,2653.5,10.53,5.0,62.35,46.23,Pump A Running
2026-08-04T05:15:00+00:00,Running,1,2674.9,10.58,4.87,62.56,46.58,Pump A Running
2026-08-04T05:30:00+00:00,Running,1,2706.9,10.46,4.75,62.92,45.86,Pump A Running
2026-08-04T05:45:00+00:00,Running,1,2616.4,10.61,4.85,63.37,45.84,Pump A Running
2026-08-04T06:00:00+00:00,Running,1,2815.4,10.64,4.66,62.28,46.45,Pump A Running
2026-08-04T06:15:00+00:00,Running,1,2723.3,10.54,4.66,61.83,45.49,Pump A Running
2026-08-04T06:30:00+00:00,Running,1,2555.9,10.56,4.97,61.29,45.65,Pump A Running
2026-08-04T06:45:00+00:00,Running,1,2669.2,10.58,4.92,62.06,45.26,Pump A Running
2026-08-04T07:00:00+00:00,Running,1,2866.4,10.63,4.82,64.31,46.23,Pump A Running
2026-08-04T07:15:00+00:00,Running,1,2819.7,10.44,4.83,62.94,46.49,Pump A Running
2026-08-04T07:30:00+00:00,Running,1,2635.9,10.65,5.04,60.58,46.25,Pump A Running
2026-08-04T07:45:00+00:00,Running,1,2780.4,10.41,4.8,63.4,46.18,Pump A Running
2026-08-04T08:00:00+00:00,Running,1,2733.7,10.69,4.75,61.51,46.37,Pump A Running
2026-08-04T08:15:00+00:00,Running,1,2724.2,10.57,4.82,59.63,46.58,Pump A Running
2026-08-04T08:30:00+00:00,Running,1,2783.4,10.57,4.8,63.27,46.48,Pump A Running
2026-08-04T08:45:00+00:00,Running,1,2589.0,10.52,4.99,60.88,46.26,Pump A Running
2026-08-04T09:00:00+00:00,Running,1,2686.2,10.57,4.78,62.04,45.54,Pump A Running
2026-08-04T09:15:00+00:00,Running,1,2734.8,10.51,5.0,60.56,46.13,Pump A Running
2026-08-04T09:30:00+00:00,Running,1,2693.5,10.62,4.96,62.63,46.1,Pump A Running
2026-08-04T09:45:00+00:00,Running,1,2715.1,10.55,4.86,63.28,45.73,Pump A Running
2026-08-04T10:00:00+00:00,Running,1,2820.7,10.57,4.9,63.09,45.79,Pump A Running
2026-08-04T10:15:00+00:00,Running,1,2693.5,10.56,4.84,61.69,45.49,Pump A Running
2026-08-04T10:30:00+00:00,Running,1,2657.8,10.65,4.75,60.67,46.24,Pump A Running
2026-08-04T10:45:00+00:00,Running,1,2540.8,10.59,4.85,61.6,45.69,Pump A Running
2026-08-04T11:00:00+00:00,Running,1,2685.8,10.55,4.93,62.84,45.47,Pump A Running
2026-08-04T11:15:00+00:00,Running,1,2683.9,10.61,4.93,63.38,46.51,Pump A Running
2026-08-04T11:30:00+00:00,Running,1,2778.4,10.56,4.91,63.63,46.25,Pump A Running
2026-08-04T11:45:00+00:00,Running,1,2660.0,10.63,4.87,62.12,46.4,Pump A Running
2026-08-04T12:00:00+00:00,Running,1,2767.0,10.62,4.87,62.75,45.84,Pump A Running
2026-08-04T12:15:00+00:00,Running,1,2783.9,10.61,4.8,63.34,45.46,Pump A Running
2026-08-04T12:30:00+00:00,Running,1,2809.5,10.63,4.71,61.87,45.93,Pump A Running
2026-08-04T12:45:00+00:00,Running,1,2647.0,10.56,4.8,62.95,46.32,Pump A Running
2026-08-04T13:00:00+00:00,Running,1,2545.6,10.5,4.85,60.1,46.15,Pump A Running
2026-08-04T13:15:00+00:00,Running,1,2745.2,10.51,4.92,61.74,45.69,Pump A Running
2026-08-04T13:30:00+00:00,Running,1,2681.7,10.64,5.03,60.9,46.3,Pump A Running
2026-08-04T13:45:00+00:00,Running,1,2821.2,10.5,4.96,60.52,46.4,Pump A Running
2026-08-04T14:00:00+00:00,Running,1,2688.0,10.68,4.78,61.0,46.09,Pump A Running
2026-08-04T14:15:00+00:00,Running,1,2802.1,10.55,4.78,62.01,45.96,Pump A Running
2026-08-04T14:30:00+00:00,Running,1,2600.2,10.69,5.02,62.3,46.93,Pump A Running
2026-08-04T14:45:00+00:00,Running,1,2644.7,10.59,4.91,61.84,46.39,Pump A Running
2026-08-04T15:00:00+00:00,Running,1,2785.4,10.58,4.8,60.99,45.07,Pump A Running
2026-08-04T15:15:00+00:00,Running,1,2713.4,10.59,4.91,61.06,46.53,Pump A Running
2026-08-04T15:30:00+00:00,Running,1,2809.7,10.62,4.85,61.23,46.56,Pump A Running
2026-08-04T15:45:00+00:00,Running,1,2695.2,10.5,4.94,62.08,46.23,Pump A Running
2026-08-04T16:00:00+00:00,Running,1,2833.0,10.65,4.7,63.7,46.3,Pump A Running
2026-08-04T16:15:00+00:00,Running,1,2801.3,10.6,4.86,63.35,45.42,Pump A Running
2026-08-04T16:30:00+00:00,Running,1,2681.0,10.72,4.92,61.97,46.42,Pump A Running
2026-08-04T16:45:00+00:00,Running,1,2611.2,10.6,4.89,61.65,45.67,Pump A Running
2026-08-04T17:00:00+00:00,Running,1,2933.6,10.57,4.88,63.57,45.44,Pump A Running
2026-08-04T17:15:00+00:00,Running,1,2627.2,10.55,4.91,62.61,45.97,Pump A Running
2026-08-04T17:30:00+00:00,Running,1,2727.6,10.68,4.74,61.92,46.12,Pump A Running
2026-08-04T17:45:00+00:00,Running,1,2571.5,10.58,4.86,63.88,45.92,Pump A Running
2026-08-04T18:00:00+00:00,Running,1,2688.9,10.67,5.0,62.63,45.67,Pump A Running
2026-08-04T18:15:00+00:00,Running,1,2676.3,10.61,5.03,61.94,46.97,Pump A Running
2026-08-04T18:30:00+00:00,Running,1,2638.1,10.47,4.83,61.78,45.62,Pump A Running
2026-08-04T18:45:00+00:00,Running,1,2707.8,10.42,4.76,62.46,46.38,Pump A Running
2026-08-04T19:00:00+00:00,Running,1,2701.8,10.55,4.91,62.9,45.93,Pump A Running
2026-08-04T19:15:00+00:00,Running,1,2787.9,10.49,4.68,64.03,46.4,Pump A Running
2026-08-04T19:30:00+00:00,Running,1,2730.8,10.54,4.89,63.23,45.12,Pump A Running
2026-08-04T19:45:00+00:00,Running,1,2726.9,10.58,4.77,61.95,45.16,Pump A Running
2026-08-04T20:00:00+00:00,Running,1,2699.9,10.51,4.69,61.19,45.82,Pump A Running
2026-08-04T20:15:00+00:00,Running,1,2634.5,10.51,4.88,61.47,46.47,Pump A Running
2026-08-04T20:30:00+00:00,Running,1,2554.9,10.64,5.0,62.02,46.05,Pump A Running
2026-08-04T20:45:00+00:00,Running,1,2525.5,10.59,5.09,62.29,45.82,Pump A Running
2026-08-04T21:00:00+00:00,Running,1,2727.1,10.73,4.9,61.48,45.97,Pump A Running
2026-08-04T21:15:00+00:00,Running,1,2638.8,10.61,4.69,60.91,45.52,Pump A Running
2026-08-04T21:30:00+00:00,Running,1,2607.9,10.64,4.83,63.53,46.51,Pump A Running
2026-08-04T21:45:00+00:00,Running,1,2751.7,10.45,4.88,62.03,45.77,Pump A Running
2026-08-04T22:00:00+00:00,Running,1,2718.0,10.64,4.73,62.04,46.2,Pump A Running
2026-08-04T22:15:00+00:00,Running,1,2626.2,10.62,4.85,62.85,45.69,Pump A Running
2026-08-04T22:30:00+00:00,Running,1,2807.0,10.59,4.77,60.79,46.21,Pump A Running
2026-08-04T22:45:00+00:00,Running,1,2617.9,10.65,4.74,59.47,46.54,Pump A Running
2026-08-04T23:00:00+00:00,Running,1,2710.7,10.61,4.8,62.95,45.79,Pump A Running
2026-08-04T23:15:00+00:00,Running,1,2863.4,10.56,4.86,63.9,46.68,Pump A Running
2026-08-04T23:30:00+00:00,Running,1,2592.6,10.44,4.93,62.47,45.76,Pump A Running
2026-08-04T23:45:00+00:00,Running,1,2516.6,10.51,4.74,62.34,46.11,Pump A Running
2026-08-05T00:00:00+00:00,Running,1,2668.1,10.59,4.94,60.5,45.34,Pump A Running
2026-08-05T00:15:00+00:00,Running,1,2869.1,10.54,4.87,60.71,46.42,Pump A Running
2026-08-05T00:30:00+00:00,Running,1,2641.6,10.64,4.77,60.84,45.75,Pump A Running
2026-08-05T00:45:00+00:00,Running,1,2589.9,10.57,4.88,62.8,46.3,Pump A Running
2026-08-05T01:00:00+00:00,Running,1,2869.3,10.67,4.84,62.14,46.85,Pump A Running
2026-08-05T01:15:00+00:00,Running,1,2673.0,10.74,4.72,61.72,45.94,Pump A Running
2026-08-05T01:30:00+00:00,Running,1,2536.2,10.65,4.8,61.3,46.33,Pump A Running
2026-08-05T01:45:00+00:00,Running,1,2748.3,10.62,4.8,60.62,46.08,Pump A Running
2026-08-05T02:00:00+00:00,Stopped,0,0.0,0.0,0.1,0.0,28.67,Pumps Stopped
2026-08-05T02:15:00+00:00,Stopped,0,0.0,0.0,0.08,0.0,28.68,Pumps Stopped
2026-08-05T02:30:00+00:00,Stopped,0,0.0,0.0,0.11,0.0,28.75,Pumps Stopped
2026-08-05T02:45:00+00:00,Stopped,0,0.0,0.0,0.11,0.0,29.53,Pumps Stopped
2026-08-05T03:00:00+00:00,Stopped,0,0.0,0.0,0.12,0.0,29.64,Pumps Stopped
2026-08-05T03:15:00+00:00,Stopped,0,0.0,0.0,0.11,0.0,28.66,Pumps Stopped
2026-08-05T03:30:00+00:00,Running,1,2579.7,10.53,4.73,62.56,45.82,Pump A Running
2026-08-05T03:45:00+00:00,Running,1,2739.5,10.53,4.88,61.31,45.9,Pump A Running
2026-08-05T04:00:00+00:00,Running,1,2467.6,10.6,4.84,61.79,45.54,Pump A Running
2026-08-05T04:15:00+00:00,Running,1,2450.3,10.49,4.96,63.44,45.68,Pump A Running
2026-08-05T04:30:00+00:00,Running,1,2658.2,10.66,4.82,61.09,46.34,Pump A Running
2026-08-05T04:45:00+00:00,Running,1,2687.9,10.54,4.74,63.08,45.68,Pump A Running
2026-08-05T05:00:00+00:00,Running,1,2473.4,10.55,4.84,62.24,45.46,Pump A Running
2026-08-05T05:15:00+00:00,Running,1,2641.3,10.63,4.83,60.43,45.86,Pump A Running
2026-08-05T05:30:00+00:00,Running,1,2614.6,10.71,4.84,62.5,45.28,Pump A Running
2026-08-05T05:45:00+00:00,Running,1,2506.8,10.64,4.82,61.29,45.83,Pump A Running
2026-08-05T06:00:00+00:00,Running,1,2661.9,10.54,4.86,61.75,45.79,Pump A Running
2026-08-05T06:15:00+00:00,Running,1,2516.3,10.73,4.82,62.19,46.05,Pump A Running
2026-08-05T06:30:00+00:00,Running,1,2576.9,10.57,4.76,63.32,45.98,Pump A Running
2026-08-05T06:45:00+00:00,Running,1,2651.2,10.64,4.86,61.17,46.62,Pump A Running
2026-08-05T07:00:00+00:00,Running,1,2448.7,10.57,4.88,62.61,46.53,Pump A Running
2026-08-05T07:15:00+00:00,Running,1,2712.4,10.63,4.78,60.26,47.0,Pump A Running
2026-08-05T07:30:00+00:00,Running,1,2589.2,10.69,4.81,61.32,45.71,Pump A Running
2026-08-05T07:45:00+00:00,Running,1,2515.6,10.7,4.9,59.78,46.11,Pump A Running
2026-08-05T08:00:00+00:00,Running,1,2538.4,10.61,4.76,62.19,46.66,Pump A Running
2026-08-05T08:15:00+00:00,Running,1,2517.5,10.48,4.67,60.86,45.69,Pump A Running
2026-08-05T08:30:00+00:00,Running,1,2345.8,10.63,5.02,62.44,46.05,Pump A Running
2026-08-05T08:45:00+00:00,Running,1,2544.9,10.52,4.91,61.68,46.15,Pump A Running
2026-08-05T09:00:00+00:00,Running,1,2445.3,10.57,4.94,62.72,45.72,Pump A Running
2026-08-05T09:15:00+00:00,Running,1,2455.8,10.63,4.81,63.31,45.94,Pump A Running
2026-08-05T09:30:00+00:00,Running,1,2320.0,10.65,4.82,60.39,46.71,Pump A Running
2026-08-05T09:45:00+00:00,Running,1,2657.6,10.75,4.71,63.34,46.1,Pump A Running
2026-08-05T10:00:00+00:00,Running,1,2492.6,10.56,4.86,61.37,45.95,Pump A Running
2026-08-05T10:15:00+00:00,Running,1,2465.2,10.57,4.81,61.13,46.7,Pump A Running
2026-08-05T10:30:00+00:00,Running,1,2529.6,10.53,4.82,62.18,44.79,Pump A Running
2026-08-05T10:45:00+00:00,Running,1,2326.5,10.5,4.91,62.62,45.58,Pump A Running
2026-08-05T11:00:00+00:00,Running,1,2562.0,10.53,4.85,62.33,45.22,Pump A Running
2026-08-05T11:15:00+00:00,Running,1,2474.5,10.67,4.91,61.88,45.85,Pump A Running
2026-08-05T11:30:00+00:00,Running,1,2254.8,10.57,4.88,64.27,46.46,Pump A Running
2026-08-05T11:45:00+00:00,Running,1,2471.0,10.66,4.93,60.29,46.71,Pump A Running
2026-08-05T12:00:00+00:00,Running,1,2437.6,10.51,4.88,61.92,46.12,Pump A Running
2026-08-05T12:15:00+00:00,Running,1,2412.0,10.71,4.86,62.83,45.74,Pump A Running
2026-08-05T12:30:00+00:00,Running,1,2466.2,10.73,4.87,61.86,45.39,Pump A Running
2026-08-05T12:45:00+00:00,Running,1,2345.2,10.49,4.84,62.24,46.34,Pump A Running
2026-08-05T13:00:00+00:00,Running,1,2471.9,10.6,4.78,61.75,46.09,Pump A Running
2026-08-05T13:15:00+00:00,Running,1,2517.4,10.55,4.85,62.12,46.11,Pump A Running
2026-08-05T13:30:00+00:00,Running,1,2345.9,10.6,4.91,62.9,46.11,Pump A Running
2026-08-05T13:45:00+00:00,Running,1,2247.1,10.59,4.83,62.47,45.97,Pump A Running
2026-08-05T14:00:00+00:00,Running,1,2423.5,10.58,4.88,61.93,46.86,Pump A Running
2026-08-05T14:15:00+00:00,Running,1,2434.1,10.64,4.77,63.24,45.99,Pump A Running
2026-08-05T14:30:00+00:00,Running,1,2211.7,10.62,4.98,61.48,45.64,Pump A Running
2026-08-05T14:45:00+00:00,Running,1,2445.9,10.64,4.94,61.51,46.64,Pump A Running
2026-08-05T15:00:00+00:00,Running,1,2407.7,10.7,4.64,63.07,47.34,Pump A Running
2026-08-05T15:15:00+00:00,Running,1,2361.5,10.55,4.78,62.41,46.37,Pump A Running
2026-08-05T15:30:00+00:00,Running,1,2341.4,10.57,4.8,62.29,46.87,Pump A Running
2026-08-05T15:45:00+00:00,Running,1,2326.1,10.5,4.66,61.27,46.21,Pump A Running
2026-08-05T16:00:00+00:00,Running,1,2565.8,10.52,4.93,63.21,45.81,Pump A Running
2026-08-05T16:15:00+00:00,Running,1,2289.6,10.54,4.87,62.88,46.67,Pump A Running
2026-08-05T16:30:00+00:00,Running,1,2384.6,10.52,4.79,61.96,46.15,Pump A Running
2026-08-05T16:45:00+00:00,Running,1,2319.9,10.5,4.76,62.55,46.12,Pump A Running
2026-08-05T17:00:00+00:00,Running,1,2342.6,10.61,4.88,61.16,45.81,Pump A Running
2026-08-05T17:15:00+00:00,Running,1,2346.1,10.61,4.85,64.47,45.86,Pump A Running
2026-08-05T17:30:00+00:00,Running,1,2424.3,10.5,4.96,59.94,44.99,Pump A Running
2026-08-05T17:45:00+00:00,Running,1,2167.9,10.74,4.94,62.18,45.91,Pump A Running
2026-08-05T18:00:00+00:00,Running,1,2205.4,10.67,4.93,61.81,46.04,Pump A Running
2026-08-05T18:15:00+00:00,Running,1,2388.6,10.62,4.91,61.66,45.49,Pump A Running
2026-08-05T18:30:00+00:00,Running,1,2248.5,10.54,4.84,60.96,46.15,Pump A Running
2026-08-05T18:45:00+00:00,Running,1,2301.4,10.59,4.95,63.24,47.06,Pump A Running
2026-08-05T19:00:00+00:00,Running,1,2244.6,10.69,4.64,62.33,46.3,Pump A Running
2026-08-05T19:15:00+00:00,Running,1,2306.1,10.61,4.85,61.3,46.12,Pump A Running
2026-08-05T19:30:00+00:00,Running,1,2387.9,10.56,4.88,61.46,46.39,Pump A Running
2026-08-05T19:45:00+00:00,Running,1,2289.8,10.49,4.82,62.65,45.35,Pump A Running
2026-08-05T20:00:00+00:00,Running,1,2216.7,10.64,4.87,61.02,44.87,Pump A Running
2026-08-05T20:15:00+00:00,Running,1,2228.5,10.65,4.89,62.99,45.54,Pump A Running
2026-08-05T20:30:00+00:00,Running,1,2318.5,10.64,4.85,60.6,45.67,Pump A Running
2026-08-05T20:45:00+00:00,Running,1,2446.0,10.63,4.9,62.23,45.6,Pump A Running
2026-08-05T21:00:00+00:00,Running,1,2341.7,10.59,4.84,62.96,45.95,Pump A Running
2026-08-05T21:15:00+00:00,Running,1,2279.5,10.59,4.94,63.34,46.16,Pump A Running
2026-08-05T21:30:00+00:00,Running,1,2341.9,10.56,4.8,62.05,45.2,Pump A Running
2026-08-05T21:45:00+00:00,Running,1,2372.4,10.66,4.88,61.28,46.66,Pump A Running
2026-08-05T22:00:00+00:00,Running,1,2371.9,10.55,4.8,60.13,46.04,Pump A Running
2026-08-05T22:15:00+00:00,Running,1,2175.3,10.59,4.77,61.54,45.94,Pump A Running
2026-08-05T22:30:00+00:00,Running,1,2339.0,10.53,4.93,62.92,45.17,Pump A Running
2026-08-05T22:45:00+00:00,Running,1,2305.5,10.59,4.78,60.64,45.68,Pump A Running
2026-08-05T23:00:00+00:00,Running,1,2053.0,10.66,4.94,60.38,45.91,Pump A Running
2026-08-05T23:15:00+00:00,Running,1,2348.3,10.65,4.85,61.9,45.74,Pump A Running
2026-08-05T23:30:00+00:00,Running,1,2197.0,10.61,4.9,61.89,45.33,Pump A Running
2026-08-05T23:45:00+00:00,Running,1,2142.5,10.56,4.91,61.81,45.86,Pump A Running
2026-08-06T00:00:00+00:00,Running,1,2175.5,10.53,4.81,63.44,46.13,Pump A Running
2026-08-06T00:15:00+00:00,Running,1,2307.6,10.75,4.96,62.83,46.28,Pump A Running
2026-08-06T00:30:00+00:00,Running,1,2205.1,10.62,4.78,60.97,46.2,Pump A Running
2026-08-06T00:45:00+00:00,Running,1,2206.9,10.63,4.95,62.12,45.17,Pump A Running
2026-08-06T01:00:00+00:00,Running,1,2257.4,10.64,4.83,62.93,46.3,Pump A Running
2026-08-06T01:15:00+00:00,Running,1,2229.2,10.59,4.92,61.5,45.94,Pump A Running
2026-08-06T01:30:00+00:00,Running,1,2248.2,10.48,4.87,62.46,46.33,Pump A Running
2026-08-06T01:45:00+00:00,Running,1,2199.7,10.54,4.83,62.83,46.07,Pump A Running
2026-08-06T02:00:00+00:00,Stopped,0,0.0,0.0,0.09,0.0,28.55,Pumps Stopped
2026-08-06T02:15:00+00:00,Stopped,0,0.0,0.0,0.13,0.0,29.25,Pumps Stopped
2026-08-06T02:30:00+00:00,Stopped,0,0.0,0.0,0.06,0.0,29.14,Pumps Stopped
2026-08-06T02:45:00+00:00,Stopped,0,0.0,0.0,0.08,0.0,28.34,Pumps Stopped
2026-08-06T03:00:00+00:00,Stopped,0,0.0,0.0,0.17,0.0,28.85,Pumps Stopped
2026-08-06T03:15:00+00:00,Stopped,0,0.0,0.0,0.15,0.0,28.6,Pumps Stopped
2026-08-06T03:30:00+00:00,Running,1,2130.9,10.5,4.95,60.8,45.83,Pump A Running
2026-08-06T03:45:00+00:00,Running,1,2119.0,10.67,4.81,59.82,46.41,Pump A Running
2026-08-06T04:00:00+00:00,Running,1,2301.0,10.58,4.97,63.53,45.96,Pump A Running
2026-08-06T04:15:00+00:00,Running,1,2130.4,10.57,4.81,62.62,46.21,Pump A Running
2026-08-06T04:30:00+00:00,Running,1,2069.7,10.65,4.82,62.37,45.31,Pump A Running
2026-08-06T04:45:00+00:00,Running,1,2328.5,10.7,4.88,60.99,46.74,Pump A Running
2026-08-06T05:00:00+00:00,Running,1,2208.4,10.59,4.76,61.03,46.51,Pump A Running
2026-08-06T05:15:00+00:00,Running,1,2337.6,10.54,4.74,59.49,47.04,Pump A Running
2026-08-06T05:30:00+00:00,Running,1,2176.5,10.65,4.86,61.8,45.84,Pump A Running
2026-08-06T05:45:00+00:00,Running,1,2070.9,10.47,4.91,63.05,46.99,Pump A Running
2026-08-06T06:00:00+00:00,Running,1,2106.1,10.58,4.83,62.82,46.72,Pump A Running
2026-08-06T06:15:00+00:00,Running,1,2064.0,10.55,4.65,63.21,45.87,Pump A Running
2026-08-06T06:30:00+00:00,Running,1,2190.6,10.46,5.02,61.86,46.66,Pump A Running
2026-08-06T06:45:00+00:00,Running,1,2178.5,10.56,4.78,60.03,46.59,Pump A Running
2026-08-06T07:00:00+00:00,Running,1,2170.2,10.61,4.93,62.09,46.07,Pump A Running
2026-08-06T07:15:00+00:00,Running,1,2153.2,10.56,4.87,60.37,44.75,Pump A Running
2026-08-06T07:30:00+00:00,Running,1,2256.8,10.62,4.94,62.9,45.93,Pump A Running
2026-08-06T07:45:00+00:00,Running,1,2240.8,10.63,4.77,62.91,46.21,Pump A Running
2026-08-06T08:00:00+00:00,Running,1,2163.2,10.78,4.87,62.1,46.1,Pump A Running
2026-08-06T08:15:00+00:00,Running,1,2396.0,10.51,4.93,59.93,45.99,Pump A Running
2026-08-06T08:30:00+00:00,Running,1,2245.5,10.66,4.83,60.09,45.27,Pump A Running
2026-08-06T08:45:00+00:00,Running,1,2061.0,10.61,4.88,62.73,46.15,Pump A Running
2026-08-06T09:00:00+00:00,Running,1,2187.6,10.71,4.98,62.01,45.53,Pump A Running
2026-08-06T09:15:00+00:00,Running,1,2193.9,10.49,4.85,61.14,45.98,Pump A Running
2026-08-06T09:30:00+00:00,Running,1,2262.1,10.62,4.91,63.54,45.26,Pump A Running
2026-08-06T09:45:00+00:00,Running,1,2080.9,10.6,4.98,60.7,45.78,Pump A Running
2026-08-06T10:00:00+00:00,Running,1,2174.1,10.64,4.78,63.35,45.8,Pump A Running
2026-08-06T10:15:00+00:00,Running,1,2235.1,10.67,4.78,61.77,45.62,Pump A Running
2026-08-06T10:30:00+00:00,Running,1,2210.5,10.6,4.84,61.53,45.6,Pump A Running
2026-08-06T10:45:00+00:00,Running,1,2342.5,10.64,4.9,61.92,46.42,Pump A Running
2026-08-06T11:00:00+00:00,Running,1,2365.8,10.53,5.04,63.87,45.61,Pump A Running
2026-08-06T11:15:00+00:00,Running,1,2232.3,10.61,4.76,62.96,45.95,Pump A Running
2026-08-06T11:30:00+00:00,Running,1,2257.8,10.55,4.81,63.56,46.72,Pump A Running
2026-08-06T11:45:00+00:00,Running,1,2194.7,10.67,4.92,61.14,46.27,Pump A Running
2026-08-06T12:00:00+00:00,Running,1,2177.4,10.63,4.97,61.79,46.06,Pump A Running
2026-08-06T12:15:00+00:00,Running,1,2239.9,10.6,4.81,61.87,45.58,Pump A Running
2026-08-06T12:30:00+00:00,Running,1,2442.7,10.55,4.92,61.87,46.6,Pump A Running
2026-08-06T12:45:00+00:00,Running,1,2258.0,10.61,4.88,61.8,45.86,Pump A Running
2026-08-06T13:00:00+00:00,Running,1,2161.8,10.71,4.81,61.17,45.19,Pump A Running
2026-08-06T13:15:00+00:00,Running,1,2200.2,10.68,4.69,63.3,46.18,Pump A Running
2026-08-06T13:30:00+00:00,Running,1,2283.0,10.6,4.89,62.44,45.9,Pump A Running
2026-08-06T13:45:00+00:00,Running,1,2305.2,10.58,4.74,61.02,46.68,Pump A Running
2026-08-06T14:00:00+00:00,Running,1,2436.0,10.62,4.68,62.89,46.37,Pump A Running
2026-08-06T14:15:00+00:00,Running,1,2177.0,10.69,4.74,61.89,46.37,Pump A Running
2026-08-06T14:30:00+00:00,Running,1,2208.2,10.65,4.76,63.53,46.75,Pump A Running
2026-08-06T14:45:00+00:00,Running,1,2394.7,10.6,4.8,61.86,46.22,Pump A Running
2026-08-06T15:00:00+00:00,Running,1,2269.8,10.64,4.65,63.58,46.01,Pump A Running
2026-08-06T15:15:00+00:00,Running,1,2228.1,10.58,4.88,60.76,45.98,Pump A Running
2026-08-06T15:30:00+00:00,Running,1,2126.7,10.63,4.87,64.31,45.44,Pump A Running
2026-08-06T15:45:00+00:00,Running,1,2351.8,10.5,4.91,61.92,46.01,Pump A Running
2026-08-06T16:00:00+00:00,Running,1,2147.2,10.57,4.79,60.34,45.85,Pump A Running
2026-08-06T16:15:00+00:00,Running,1,2174.5,10.61,4.87,65.53,45.97,Pump A Running
2026-08-06T16:30:00+00:00,Running,1,2184.4,10.52,4.86,63.09,45.78,Pump A Running
2026-08-06T16:45:00+00:00,Running,1,2291.5,10.55,4.78,61.56,45.95,Pump A Running
2026-08-06T17:00:00+00:00,Running,1,2309.4,10.52,4.9,63.98,46.55,Pump A Running
2026-08-06T17:15:00+00:00,Running,1,2316.0,10.62,4.96,62.36,46.42,Pump A Running
2026-08-06T17:30:00+00:00,Running,1,2222.4,10.52,4.73,61.74,46.33,Pump A Running
2026-08-06T17:45:00+00:00,Running,1,2366.7,10.63,4.62,61.34,46.14,Pump A Running
2026-08-06T18:00:00+00:00,Running,1,2345.5,10.57,4.95,62.19,46.22,Pump A Running
2026-08-06T18:15:00+00:00,Running,1,2318.5,10.7,4.84,62.94,45.92,Pump A Running
2026-08-06T18:30:00+00:00,Running,1,2127.2,10.52,4.86,62.5,46.26,Pump A Running
2026-08-06T18:45:00+00:00,Running,1,2317.2,10.5,4.94,62.55,45.73,Pump A Running
2026-08-06T19:00:00+00:00,Running,1,2275.0,10.61,4.75,61.6,46.39,Pump A Running
2026-08-06T19:15:00+00:00,Running,1,2078.7,10.66,4.78,62.55,45.5,Pump A Running
2026-08-06T19:30:00+00:00,Running,1,2231.0,10.65,4.79,62.42,45.64,Pump A Running
2026-08-06T19:45:00+00:00,Running,1,2225.5,10.66,4.77,62.14,46.17,Pump A Running
2026-08-06T20:00:00+00:00,Running,1,2265.1,10.53,4.91,62.09,46.04,Pump A Running
2026-08-06T20:15:00+00:00,Running,1,2347.5,10.7,4.88,60.24,45.63,Pump A Running
2026-08-06T20:30:00+00:00,Running,1,2233.0,10.56,4.76,61.09,45.3,Pump A Running
2026-08-06T20:45:00+00:00,Running,1,2265.1,10.61,4.75,62.82,45.87,Pump A Running
2026-08-06T21:00:00+00:00,Running,1,2453.4,10.65,4.73,60.05,46.11,Pump A Running
2026-08-06T21:15:00+00:00,Running,1,2216.5,10.61,4.87,60.16,46.21,Pump A Running
2026-08-06T21:30:00+00:00,Running,1,2446.3,10.61,4.69,62.19,45.83,Pump A Running
2026-08-06T21:45:00+00:00,Running,1,2278.7,10.57,4.73,61.52,46.3,Pump A Running
2026-08-06T22:00:00+00:00,Running,1,2291.8,10.61,4.79,61.56,45.88,Pump A Running
2026-08-06T22:15:00+00:00,Running,1,2270.3,10.47,4.8,62.0,46.49,Pump A Running
2026-08-06T22:30:00+00:00,Running,1,2340.6,10.67,4.79,61.02,45.93,Pump A Running
2026-08-06T22:45:00+00:00,Running,1,2387.8,10.64,4.81,60.16,46.07,Pump A Running
2026-08-06T23:00:00+00:00,Running,1,2308.0,10.62,4.88,62.07,46.07,Pump A Running
2026-08-06T23:15:00+00:00,Running,1,2345.5,10.55,4.88,60.71,46.23,Pump A Running
2026-08-06T23:30:00+00:00,Running,1,2344.3,10.57,4.97,62.87,46.07,Pump A Running
2026-08-06T23:45:00+00:00,Running,1,2402.6,10.54,4.75,63.43,46.16,Pump A Running
2026-08-07T00:00:00+00:00,Running,1,2355.5,10.61,4.79,62.37,45.74,Pump A Running
2026-08-07T00:15:00+00:00,Running,1,2363.0,10.58,4.86,62.12,46.2,Pump A Running
2026-08-07T00:30:00+00:00,Running,1,2434.9,10.55,4.9,61.76,46.45,Pump A Running
2026-08-07T00:45:00+00:00,Running,1,2384.6,10.56,4.91,63.56,45.56,Pump A Running
2026-08-07T01:00:00+00:00,Running,1,2424.0,10.57,4.79,61.14,45.86,Pump A Running
2026-08-07T01:15:00+00:00,Running,1,2391.4,10.56,4.96,62.57,46.14,Pump A Running
2026-08-07T01:30:00+00:00,Running,1,2511.1,10.58,4.96,61.7,45.71,Pump A Running
2026-08-07T01:45:00+00:00,Running,1,2497.3,10.64,4.9,63.56,45.5,Pump A Running
2026-08-07T02:00:00+00:00,Stopped,0,0.0,0.0,0.15,0.0,29.07,Pumps Stopped
2026-08-07T02:15:00+00:00,Stopped,0,0.0,0.0,0.13,0.0,28.2,Pumps Stopped
2026-08-07T02:30:00+00:00,Stopped,0,0.0,0.0,0.1,0.0,29.12,Pumps Stopped
2026-08-07T02:45:00+00:00,Stopped,0,0.0,0.0,0.13,0.0,28.49,Pumps Stopped
2026-08-07T03:00:00+00:00,Stopped,0,0.0,0.0,0.09,0.0,28.84,Pumps Stopped
2026-08-07T03:15:00+00:00,Stopped,0,0.0,0.0,0.11,0.0,29.3,Pumps Stopped
2026-08-07T03:30:00+00:00,Running,1,2527.7,10.63,4.79,61.84,45.57,Pump A Running
2026-08-07T03:45:00+00:00,Running,1,2456.0,10.59,4.8,62.21,45.38,Pump A Running
2026-08-07T04:00:00+00:00,Running,1,2373.2,10.64,4.91,60.21,45.93,Pump A Running
2026-08-07T04:15:00+00:00,Running,1,2413.7,10.63,4.91,62.73,47.02,Pump A Running
2026-08-07T04:30:00+00:00,Running,1,2540.5,10.73,4.89,62.15,45.55,Pump A Running
2026-08-07T04:45:00+00:00,Running,1,2480.7,10.53,5.01,62.59,45.45,Pump A Running
2026-08-07T05:00:00+00:00,Running,1,2451.5,10.67,4.82,61.28,45.96,Pump A Running
2026-08-07T05:15:00+00:00,Running,1,2613.7,10.52,4.88,62.08,46.33,Pump A Running
2026-08-07T05:30:00+00:00,Running,1,2510.8,10.58,5.04,61.39,45.75,Pump A Running
2026-08-07T05:45:00+00:00,Running,1,2555.1,10.43,4.88,61.93,45.76,Pump A Running
2026-08-07T06:00:00+00:00,Running,1,2343.4,10.59,4.87,63.88,46.42,Pump A Running
2026-08-07T06:15:00+00:00,Running,1,2599.6,10.72,4.78,60.13,45.81,Pump A Running
2026-08-07T06:30:00+00:00,Running,1,2461.6,10.53,4.88,61.61,46.43,Pump A Running
2026-08-07T06:45:00+00:00,Running,1,2484.6,10.55,4.98,62.71,46.43,Pump A Running
2026-08-07T07:00:00+00:00,Running,1,2504.1,10.51,4.77,59.47,46.02,Pump A Running
2026-08-07T07:15:00+00:00,Running,1,2464.6,10.52,4.93,61.2,46.28,Pump A Running
2026-08-07T07:30:00+00:00,Running,1,2418.4,10.54,4.97,61.19,45.45,Pump A Running
2026-08-07T07:45:00+00:00,Running,1,2576.3,10.74,4.72,62.19,46.51,Pump A Running
2026-08-07T08:00:00+00:00,Running,1,2338.0,10.59,4.69,63.41,45.57,Pump A Running
2026-08-07T08:15:00+00:00,Running,1,2580.5,10.58,4.81,61.45,46.55,Pump A Running
2026-08-07T08:30:00+00:00,Running,1,2517.6,10.72,4.9,61.5,45.59,Pump A Running
2026-08-07T08:45:00+00:00,Running,1,2433.3,10.67,5.0,62.19,46.08,Pump A Running
2026-08-07T09:00:00+00:00,Running,1,2592.7,10.53,4.99,61.06,45.96,Pump A Running
2026-08-07T09:15:00+00:00,Running,1,2651.6,10.52,4.87,61.71,45.95,Pump A Running
2026-08-07T09:30:00+00:00,Running,1,2658.7,10.77,4.81,62.0,45.63,Pump A Running
2026-08-07T09:45:00+00:00,Running,1,2623.9,10.52,4.81,60.73,46.07,Pump A Running
2026-08-07T10:00:00+00:00,Running,1,2586.8,10.7,4.79,61.93,46.35,Pump A Running
2026-08-07T10:15:00+00:00,Running,1,2646.5,10.55,5.01,63.05,46.34,Pump A Running
2026-08-07T10:30:00+00:00,Running,1,2571.3,10.54,4.82,62.05,46.35,Pump A Running
2026-08-07T10:45:00+00:00,Running,1,2544.7,10.57,4.82,62.02,46.39,Pump A Running
2026-08-07T11:00:00+00:00,Running,1,2556.1,10.61,4.75,60.67,46.09,Pump A Running
2026-08-07T11:15:00+00:00,Running,1,2419.4,10.65,4.8,61.55,45.75,Pump A Running
2026-08-07T11:30:00+00:00,Running,1,2635.9,10.67,4.83,62.39,46.29,Pump A Running
2026-08-07T11:45:00+00:00,Running,1,2649.9,10.52,4.74,62.04,45.96,Pump A Running
2026-08-07T12:00:00+00:00,Running,1,2482.4,10.5,4.86,62.91,45.89,Pump A Running
2026-08-07T12:15:00+00:00,Running,1,2545.8,10.68,4.86,61.19,46.66,Pump A Running
2026-08-07T12:30:00+00:00,Running,1,2681.0,10.39,4.71,61.3,46.51,Pump A Running
2026-08-07T12:45:00+00:00,Running,1,2741.7,10.61,4.92,61.98,45.59,Pump A Running
2026-08-07T13:00:00+00:00,Running,1,2647.3,10.53,4.88,63.3,45.84,Pump A Running
2026-08-07T13:15:00+00:00,Running,1,2456.3,10.68,4.85,61.35,46.46,Pump A Running
2026-08-07T13:30:00+00:00,Running,1,2527.3,10.63,4.85,62.8,45.69,Pump A Running
2026-08-07T13:45:00+00:00,Running,1,2652.7,10.6,4.89,60.9,46.05,Pump A Running
2026-08-07T14:00:00+00:00,Running,1,2446.3,10.55,4.71,59.75,46.2,Pump A Running
2026-08-07T14:15:00+00:00,Running,1,2751.2,10.63,4.77,61.7,45.99,Pump A Running
2026-08-07T14:30:00+00:00,Running,1,2682.4,10.58,4.98,62.84,46.11,Pump A Running
2026-08-07T14:45:00+00:00,Running,1,2712.9,10.52,4.94,61.58,46.0,Pump A Running
2026-08-07T15:00:00+00:00,Running,1,2745.6,10.47,4.79,62.74,46.65,Pump A Running
2026-08-07T15:15:00+00:00,Running,1,2632.7,10.54,4.84,60.58,46.34,Pump A Running
2026-08-07T15:30:00+00:00,Running,1,2778.3,10.5,4.72,59.97,45.62,Pump A Running
2026-08-07T15:45:00+00:00,Running,1,2736.5,10.72,4.88,61.5,45.71,Pump A Running
2026-08-07T16:00:00+00:00,Running,1,2727.0,10.53,4.91,61.06,45.47,Pump A Running
2026-08-07T16:15:00+00:00,Running,1,2606.2,10.63,4.81,61.21,45.56,Pump A Running
2026-08-07T16:30:00+00:00,Running,1,2664.9,10.7,4.88,61.72,46.95,Pump A Running
2026-08-07T16:45:00+00:00,Running,1,2741.0,10.56,4.64,63.14,45.99,Pump A Running
2026-08-07T17:00:00+00:00,Running,1,2781.3,10.54,4.95,59.87,46.69,Pump A Running
2026-08-07T17:15:00+00:00,Running,1,2637.6,10.78,4.81,61.07,46.35,Pump A Running
2026-08-07T17:30:00+00:00,Running,1,2773.2,10.57,4.84,62.17,45.94,Pump A Running
2026-08-07T17:45:00+00:00,Running,1,2819.3,10.57,4.84,61.43,46.11,Pump A Running
2026-08-07T18:00:00+00:00,Running,1,2720.4,10.54,4.87,62.61,45.45,Pump A Running
2026-08-07T18:15:00+00:00,Running,1,2605.4,10.72,4.84,61.55,46.05,Pump A Running
2026-08-07T18:30:00+00:00,Running,1,2638.2,10.47,4.8,62.02,46.57,Pump A Running
2026-08-07T18:45:00+00:00,Running,1,2480.8,10.58,4.9,61.53,45.32,Pump A Running
2026-08-07T19:00:00+00:00,Running,1,2634.3,10.7,4.71,63.44,46.28,Pump A Running
2026-08-07T19:15:00+00:00,Running,1,2623.2,10.53,4.91,63.79,45.74,Pump A Running
2026-08-07T19:30:00+00:00,Running,1,2828.5,10.67,4.81,61.52,45.77,Pump A Running
2026-08-07T19:45:00+00:00,Running,1,2843.3,10.68,4.86,63.64,45.87,Pump A Running
2026-08-07T20:00:00+00:00,Running,1,2631.0,10.57,4.9,61.48,45.38,Pump A Running
2026-08-07T20:15:00+00:00,Running,1,2564.9,10.56,4.98,63.33,46.13,Pump A Running
2026-08-07T20:30:00+00:00,Running,1,2727.8,10.57,4.86,62.47,45.48,Pump A Running
2026-08-07T20:45:00+00:00,Running,1,2640.0,10.61,4.81,60.1,46.52,Pump A Running
2026-08-07T21:00:00+00:00,Running,1,2670.8,10.54,5.05,61.88,45.54,Pump A Running
2026-08-07T21:15:00+00:00,Running,1,2732.9,10.49,4.83,60.82,46.01,Pump A Running
2026-08-07T21:30:00+00:00,Running,1,2798.2,10.53,4.97,63.0,45.45,Pump A Running
2026-08-07T21:45:00+00:00,Running,1,2707.7,10.64,4.83,61.44,45.74,Pump A Running
2026-08-07T22:00:00+00:00,Running,1,2729.7,10.68,4.87,63.3,45.92,Pump A Running
2026-08-07T22:15:00+00:00,Running,1,2768.6,10.6,4.97,62.36,46.02,Pump A Running
2026-08-07T22:30:00+00:00,Running,1,2816.8,10.57,4.85,62.49,45.71,Pump A Running
2026-08-07T22:45:00+00:00,Running,1,2690.8,10.71,4.9,62.71,45.99,Pump A Running
2026-08-07T23:00:00+00:00,Running,1,2716.6,10.49,4.95,59.87,46.82,Pump A Running
2026-08-07T23:15:00+00:00,Running,1,2735.8,10.55,4.88,61.97,46.15,Pump A Running
2026-08-07T23:30:00+00:00,Running,1,2599.5,10.67,4.73,64.0,45.13,Pump A Running
2026-08-07T23:45:00+00:00,Running,1,2605.6,10.57,4.89,61.92,45.79,Pump A Running
2026-08-08T00:00:00+00:00,Running,1,2696.1,10.67,4.86,63.77,46.3,Pump A Running
2026-08-08T00:15:00+00:00,Running,1,2749.1,10.65,4.76,63.84,46.37,Pump A Running
2026-08-08T00:30:00+00:00,Running,1,2732.8,10.57,4.7,61.68,45.25,Pump A Running
2026-08-08T00:45:00+00:00,Running,1,2911.2,10.65,4.84,61.6,46.44,Pump A Running
2026-08-08T01:00:00+00:00,Running,1,2792.7,10.68,4.92,63.24,45.39,Pump A Running
2026-08-08T01:15:00+00:00,Running,1,2688.3,10.48,4.68,61.48,46.39,Pump A Running
2026-08-08T01:30:00+00:00,Running,1,2567.8,10.6,4.65,62.51,45.56,Pump A Running
2026-08-08T01:45:00+00:00,Running,1,2775.5,10.5,4.78,62.69,46.21,Pump A Running
2026-08-08T02:00:00+00:00,Stopped,0,0.0,0.0,0.1,0.0,29.35,Pumps Stopped
2026-08-08T02:15:00+00:00,Stopped,0,0.0,0.0,0.12,0.0,29.35,Pumps Stopped
2026-08-08T02:30:00+00:00,Stopped,0,0.0,0.0,0.13,0.0,28.37,Pumps Stopped
2026-08-08T02:45:00+00:00,Stopped,0,0.0,0.0,0.11,0.0,28.85,Pumps Stopped
2026-08-08T03:00:00+00:00,Stopped,0,0.0,0.0,0.11,0.0,29.19,Pumps Stopped
2026-08-08T03:15:00+00:00,Stopped,0,0.0,0.0,0.1,0.0,28.93,Pumps Stopped
2026-08-08T03:30:00+00:00,Running,1,2822.0,10.64,4.79,61.62,46.19,Pump A Running
2026-08-08T03:45:00+00:00,Running,1,2604.6,10.55,4.89,61.96,45.86,Pump A Running
2026-08-08T04:00:00+00:00,Running,1,2851.2,10.73,4.85,63.42,45.96,Pump A Running
2026-08-08T04:15:00+00:00,Running,1,2813.2,10.57,4.78,63.73,45.91,Pump A Running
2026-08-08T04:30:00+00:00,Running,1,2729.7,10.51,4.9,61.41,45.79,Pump A Running
2026-08-08T04:45:00+00:00,Running,1,2687.4,10.69,4.77,60.73,45.4,Pump A Running
2026-08-08T05:00:00+00:00,Running,1,2661.3,10.62,4.78,60.99,45.76,Pump A Running
2026-08-08T05:15:00+00:00,Running,1,2787.3,10.64,4.9,61.95,46.27,Pump A Running
2026-08-08T05:30:00+00:00,Running,1,2811.4,10.59,4.9,61.92,45.38,Pump A Running
2026-08-08T05:45:00+00:00,Running,1,2633.9,10.63,4.73,62.56,46.07,Pump A Running
2026-08-08T06:00:00+00:00,Running,1,2827.4,10.56,4.8,63.55,45.65,Pump A Running
2026-08-08T06:15:00+00:00,Running,1,2555.9,10.46,4.74,60.47,46.13,Pump A Running
2026-08-08T06:30:00+00:00,Running,1,2881.2,10.48,4.73,62.53,45.74,Pump A Running
2026-08-08T06:45:00+00:00,Running,1,2777.3,10.53,4.97,62.37,46.34,Pump A Running
2026-08-08T07:00:00+00:00,Running,1,2773.7,10.61,4.69,61.29,45.85,Pump A Running
2026-08-08T07:15:00+00:00,Running,1,2697.2,10.68,4.86,62.38,45.82,Pump A Running
2026-08-08T07:30:00+00:00,Running,1,2698.0,10.62,4.77,62.76,46.31,Pump A Running
2026-08-08T07:45:00+00:00,Running,1,2749.2,10.57,4.83,61.49,46.46,Pump A Running
2026-08-08T08:00:00+00:00,Running,1,2646.8,10.55,4.85,61.67,46.25,Pump A Running
2026-08-08T08:15:00+00:00,Running,1,2697.5,10.51,4.67,62.56,45.44,Pump A Running
2026-08-08T08:30:00+00:00,Running,1,2704.3,10.67,4.71,62.06,45.86,Pump A Running
2026-08-08T08:45:00+00:00,Running,1,2647.4,10.59,4.86,62.26,45.84,Pump A Running
2026-08-08T09:00:00+00:00,Running,1,2634.8,10.7,4.93,60.66,45.37,Pump A Running
2026-08-08T09:15:00+00:00,Running,1,2691.7,10.69,4.75,60.97,46.06,Pump A Running
2026-08-08T09:30:00+00:00,Running,1,2654.4,10.58,4.86,61.68,45.8,Pump A Running
2026-08-08T09:45:00+00:00,Running,1,2790.8,10.62,4.78,64.44,46.38,Pump A Running
2026-08-08T10:00:00+00:00,Running,1,2683.7,10.67,4.68,63.87,45.83,Pump A Running
2026-08-08T10:15:00+00:00,Running,1,2766.1,10.6,4.88,61.91,45.69,Pump A Running
2026-08-08T10:30:00+00:00,Running,1,2691.7,10.67,4.92,62.64,46.09,Pump A Running
2026-08-08T10:45:00+00:00,Running,1,2665.6,10.56,4.86,62.34,45.52,Pump A Running
2026-08-08T11:00:00+00:00,Running,1,2583.7,10.6,4.79,63.9,46.38,Pump A Running
2026-08-08T11:15:00+00:00,Running,1,2472.1,10.47,4.88,62.25,46.33,Pump A Running
2026-08-08T11:30:00+00:00,Running,1,2647.7,10.55,4.88,62.44,46.24,Pump A Running
2026-08-08T11:45:00+00:00,Running,1,2661.2,10.64,4.8,61.54,46.48,Pump A Running
2026-08-08T12:00:00+00:00,Running,1,2760.2,10.56,4.88,62.5,45.49,Pump A Running
2026-08-08T12:15:00+00:00,Running,1,2519.0,10.52,4.62,63.12,45.81,Pump A Running
2026-08-08T12:30:00+00:00,Running,1,2539.0,10.6,4.83,60.14,46.82,Pump A Running
2026-08-08T12:45:00+00:00,Running,1,2533.6,10.72,4.86,61.35,46.99,Pump A Running
2026-08-08T13:00:00+00:00,Running,1,2666.3,10.62,4.83,60.61,45.37,Pump A Running
2026-08-08T13:15:00+00:00,Running,1,2553.6,10.44,4.94,61.36,45.54,Pump A Running
2026-08-08T13:30:00+00:00,Running,1,2562.0,10.58,4.83,62.69,46.18,Pump A Running
2026-08-08T13:45:00+00:00,Running,1,2633.7,10.52,4.77,62.05,46.69,Pump A Running
2026-08-08T14:00:00+00:00,Running,1,2660.8,10.57,4.72,60.44,45.4,Pump A Running
2026-08-08T14:15:00+00:00,Running,1,2711.7,10.62,4.78,62.45,46.67,Pump A Running
2026-08-08T14:30:00+00:00,Running,1,2729.0,10.58,4.74,62.38,46.59,Pump A Running
2026-08-08T14:45:00+00:00,Running,1,2622.5,10.61,4.99,61.86,46.04,Pump A Running
2026-08-08T15:00:00+00:00,Running,1,2589.8,10.47,4.83,61.97,46.24,Pump A Running
2026-08-08T15:15:00+00:00,Running,1,2574.5,10.63,4.96,62.12,46.5,Pump A Running
2026-08-08T15:30:00+00:00,Running,1,2561.5,10.48,4.97,61.05,46.02,Pump A Running
2026-08-08T15:45:00+00:00,Running,1,2582.5,10.6,4.85,62.81,46.23,Pump A Running
2026-08-08T16:00:00+00:00,Running,1,2463.4,10.5,4.85,62.34,45.88,Pump A Running
2026-08-08T16:15:00+00:00,Running,1,2501.4,10.64,4.84,61.64,46.25,Pump A Running
2026-08-08T16:30:00+00:00,Running,1,2694.3,10.61,4.83,60.33,45.93,Pump A Running
2026-08-08T16:45:00+00:00,Running,1,2460.7,10.64,4.79,61.92,45.74,Pump A Running
2026-08-08T17:00:00+00:00,Running,1,2435.7,10.53,4.79,62.43,45.44,Pump A Running
2026-08-08T17:15:00+00:00,Running,1,2565.4,10.59,4.83,61.72,45.27,Pump A Running
2026-08-08T17:30:00+00:00,Running,1,2539.6,10.61,4.83,59.86,46.42,Pump A Running
2026-08-08T17:45:00+00:00,Running,1,2448.8,10.74,4.83,62.36,46.42,Pump A Running
2026-08-08T18:00:00+00:00,Running,1,2594.5,10.68,4.96,61.36,46.18,Pump A Running
2026-08-08T18:15:00+00:00,Running,1,2513.4,10.58,4.79,62.88,45.88,Pump A Running
2026-08-08T18:30:00+00:00,Running,1,2437.9,10.63,4.81,62.86,45.69,Pump A Running
2026-08-08T18:45:00+00:00,Running,1,2541.0,10.59,4.8,63.7,44.8,Pump A Running
2026-08-08T19:00:00+00:00,Running,1,2511.0,10.43,4.97,63.84,45.34,Pump A Running
2026-08-08T19:15:00+00:00,Running,1,2639.0,10.65,4.78,63.83,45.93,Pump A Running
2026-08-08T19:30:00+00:00,Running,1,2478.4,10.57,4.87,61.41,46.58,Pump A Running
2026-08-08T19:45:00+00:00,Running,1,2532.4,10.52,4.89,61.5,46.41,Pump A Running
2026-08-08T20:00:00+00:00,Running,1,2512.0,10.52,4.98,60.6,46.01,Pump A Running
2026-08-08T20:15:00+00:00,Running,1,2450.5,10.69,4.89,60.78,46.14,Pump A Running
2026-08-08T20:30:00+00:00,Running,1,2392.5,10.56,4.88,63.82,47.02,Pump A Running
2026-08-08T20:45:00+00:00,Running,1,2542.0,10.54,4.82,62.54,45.57,Pump A Running
2026-08-08T21:00:00+00:00,Running,1,2487.5,10.67,4.82,62.3,45.96,Pump A Running
2026-08-08T21:15:00+00:00,Running,1,2504.9,10.65,4.8,63.32,45.52,Pump A Running
2026-08-08T21:30:00+00:00,Running,1,2489.0,10.58,5.0,61.77,45.75,Pump A Running
2026-08-08T21:45:00+00:00,Running,1,2435.8,10.59,4.79,64.5,46.06,Pump A Running
2026-08-08T22:00:00+00:00,Running,1,2463.9,10.6,5.0,61.48,45.35,Pump A Running
2026-08-08T22:15:00+00:00,Running,1,2453.8,10.4,4.79,61.61,46.23,Pump A Running
2026-08-08T22:30:00+00:00,Running,1,2449.3,10.69,4.83,61.76,45.47,Pump A Running
2026-08-08T22:45:00+00:00,Running,1,2521.1,10.68,4.97,61.93,45.69,Pump A Running
2026-08-08T23:00:00+00:00,Running,1,2470.6,10.61,4.78,60.69,46.08,Pump A Running
2026-08-08T23:15:00+00:00,Running,1,2310.7,10.52,4.7,61.05,46.13,Pump A Running
2026-08-08T23:30:00+00:00,Running,1,2314.8,10.73,4.87,61.08,46.13,Pump A Running
2026-08-08T23:45:00+00:00,Running,1,2403.2,10.57,4.85,60.71,45.44,Pump A Running
2026-08-09T00:00:00+00:00,Running,1,2531.4,10.65,4.62,62.89,46.11,Pump A Running
2026-08-09T00:15:00+00:00,Running,1,2434.3,10.63,4.77,60.6,46.27,Pump A Running
2026-08-09T00:30:00+00:00,Running,1,2366.8,10.64,4.71,63.32,46.12,Pump A Running
2026-08-09T00:45:00+00:00,Running,1,2340.7,10.52,4.95,61.22,45.77,Pump A Running
2026-08-09T01:00:00+00:00,Running,1,2225.3,10.58,5.05,60.74,45.84,Pump A Running
2026-08-09T01:15:00+00:00,Running,1,2372.7,10.6,4.71,62.02,45.59,Pump A Running
2026-08-09T01:30:00+00:00,Running,1,2307.5,10.53,4.85,64.23,46.93,Pump A Running
2026-08-09T01:45:00+00:00,Running,1,2418.9,10.59,4.78,59.96,45.0,Pump A Running
2026-08-09T02:00:00+00:00,Stopped,0,0.0,0.0,0.16,0.0,29.11,Pumps Stopped
2026-08-09T02:15:00+00:00,Stopped,0,0.0,0.0,0.14,0.0,28.98,Pumps Stopped
2026-08-09T02:30:00+00:00,Stopped,0,0.0,0.0,0.06,0.0,29.22,Pumps Stopped
2026-08-09T02:45:00+00:00,Stopped,0,0.0,0.0,0.09,0.0,28.51,Pumps Stopped
2026-08-09T03:00:00+00:00,Stopped,0,0.0,0.0,0.13,0.0,28.69,Pumps Stopped
2026-08-09T03:15:00+00:00,Stopped,0,0.0,0.0,0.14,0.0,28.73,Pumps Stopped
2026-08-09T03:30:00+00:00,Running,1,2413.4,10.54,4.95,63.52,45.66,Pump A Running
2026-08-09T03:45:00+00:00,Running,1,2262.6,10.67,4.88,62.9,46.11,Pump A Running
2026-08-09T04:00:00+00:00,Running,1,2245.6,10.67,5.0,60.75,46.27,Pump A Running
2026-08-09T04:15:00+00:00,Running,1,2278.0,10.55,4.75,60.6,45.62,Pump A Running
2026-08-09T04:30:00+00:00,Running,1,2377.5,10.68,4.87,61.46,45.93,Pump A Running
2026-08-09T04:45:00+00:00,Running,1,2259.2,10.53,4.72,61.29,46.08,Pump A Running
2026-08-09T05:00:00+00:00,Running,1,2203.6,10.56,4.79,63.53,45.83,Pump A Running
2026-08-09T05:15:00+00:00,Running,1,2302.6,10.62,5.03,61.9,45.35,Pump A Running
2026-08-09T05:30:00+00:00,Running,1,2366.0,10.59,4.8,60.4,45.41,Pump A Running
2026-08-09T05:45:00+00:00,Running,1,2208.5,10.7,4.81,62.14,46.55,Pump A Running
2026-08-09T06:00:00+00:00,Running,1,2449.7,10.57,4.99,61.67,45.66,Pump A Running
2026-08-09T06:15:00+00:00,Running,1,2384.8,10.53,4.97,62.43,45.88,Pump A Running
2026-08-09T06:30:00+00:00,Running,1,2174.3,10.72,4.84,63.2,45.57,Pump A Running
2026-08-09T06:45:00+00:00,Running,1,2368.7,10.66,4.91,63.41,45.44,Pump A Running
2026-08-09T07:00:00+00:00,Running,1,2310.7,10.53,4.89,63.17,45.08,Pump A Running
2026-08-09T07:15:00+00:00,Running,1,2272.3,10.49,4.84,59.45,45.59,Pump A Running
2026-08-09T07:30:00+00:00,Running,1,2342.7,10.61,4.74,61.65,46.14,Pump A Running
2026-08-09T07:45:00+00:00,Running,1,2372.6,10.55,4.86,63.82,45.77,Pump A Running
2026-08-09T08:00:00+00:00,Running,1,2332.5,10.58,4.85,61.47,44.93,Pump A Running
2026-08-09T08:15:00+00:00,Running,1,2144.9,10.65,4.83,61.28,45.67,Pump A Running
2026-08-09T08:30:00+00:00,Running,1,2165.2,10.56,4.92,61.08,46.71,Pump A Running
2026-08-09T08:45:00+00:00,Running,1,2337.7,10.59,4.93,61.09,45.41,Pump A Running
2026-08-09T09:00:00+00:00,Running,1,2306.4,10.65,5.02,61.77,47.02,Pump A Running
2026-08-09T09:15:00+00:00,Running,1,2275.3,10.62,4.74,60.1,45.11,Pump A Running
2026-08-09T09:30:00+00:00,Running,1,2248.4,10.54,5.02,59.67,45.81,Pump A Running
2026-08-09T09:45:00+00:00,Running,1,2290.4,10.54,4.73,63.17,45.37,Pump A Running
2026-08-09T10:00:00+00:00,Running,1,2300.2,10.66,4.83,63.32,46.02,Pump A Running
2026-08-09T10:15:00+00:00,Running,1,2224.9,10.52,4.91,63.25,45.94,Pump A Running
2026-08-09T10:30:00+00:00,Running,1,2183.5,10.61,4.84,63.9,45.54,Pump A Running
2026-08-09T10:45:00+00:00,Running,1,2153.7,10.57,4.82,61.65,45.56,Pump A Running
2026-08-09T11:00:00+00:00,Running,1,2222.4,10.68,4.87,60.39,46.21,Pump A Running
2026-08-09T11:15:00+00:00,Running,1,2307.2,10.67,4.78,61.28,45.74,Pump A Running
2026-08-09T11:30:00+00:00,Running,1,2295.6,10.59,4.84,62.88,45.18,Pump A Running
2026-08-09T11:45:00+00:00,Running,1,2232.8,10.66,4.93,62.63,45.67,Pump A Running
2026-08-09T12:00:00+00:00,Running,1,2166.4,10.69,4.85,62.2,45.5,Pump A Running
2026-08-09T12:15:00+00:00,Running,1,2299.7,10.5,4.82,62.09,45.54,Pump A Running
2026-08-09T12:30:00+00:00,Running,1,2169.6,10.49,4.79,61.38,45.59,Pump A Running
2026-08-09T12:45:00+00:00,Running,1,2297.9,10.65,5.03,60.72,45.95,Pump A Running
2026-08-09T13:00:00+00:00,Running,1,2205.2,10.74,4.86,62.46,44.97,Pump A Running
2026-08-09T13:15:00+00:00,Running,1,2188.3,10.68,4.86,62.48,45.85,Pump A Running
2026-08-09T13:30:00+00:00,Running,1,2094.7,10.54,4.83,60.13,46.48,Pump A Running
2026-08-09T13:45:00+00:00,Running,1,2306.7,10.52,4.69,63.37,46.53,Pump A Running
2026-08-09T14:00:00+00:00,Running,1,2044.6,10.4,4.92,63.49,45.6,Pump A Running
2026-08-09T14:15:00+00:00,Running,1,2096.3,10.56,4.83,60.53,46.63,Pump A Running
2026-08-09T14:30:00+00:00,Running,1,2198.6,10.64,4.71,62.66,45.19,Pump A Running
2026-08-09T14:45:00+00:00,Running,1,2142.2,10.75,4.86,61.91,46.06,Pump A Running
2026-08-09T15:00:00+00:00,Running,1,2211.7,10.6,4.94,61.94,45.56,Pump A Running
2026-08-09T15:15:00+00:00,Running,1,2092.1,10.64,4.72,60.02,45.89,Pump A Running
2026-08-09T15:30:00+00:00,Running,1,2133.1,10.6,4.8,62.31,45.73,Pump A Running
2026-08-09T15:45:00+00:00,Running,1,2139.5,10.63,4.83,62.6,45.65,Pump A Running
2026-08-09T16:00:00+00:00,Running,1,2108.8,10.63,4.83,62.19,45.61,Pump A Running
2026-08-09T16:15:00+00:00,Running,1,2087.1,10.54,4.86,62.21,45.77,Pump A Running
2026-08-09T16:30:00+00:00,Running,1,2160.9,10.55,4.91,61.17,46.49,Pump A Running
2026-08-09T16:45:00+00:00,Running,1,2224.4,10.71,4.8,62.09,46.18,Pump A Running
2026-08-09T17:00:00+00:00,Running,1,2064.9,10.58,4.96,60.65,46.07,Pump A Running
2026-08-09T17:15:00+00:00,Running,1,2359.4,10.63,4.79,63.53,45.23,Pump A Running
2026-08-09T17:30:00+00:00,Running,1,2265.0,10.55,4.76,61.83,45.21,Pump A Running
2026-08-09T17:45:00+00:00,Running,1,2138.1,10.66,5.03,61.85,46.17,Pump A Running
2026-08-09T18:00:00+00:00,Running,1,2189.0,10.55,4.74,61.9,45.56,Pump A Running
2026-08-09T18:15:00+00:00,Running,1,2126.7,10.61,4.9,62.2,46.16,Pump A Running
2026-08-09T18:30:00+00:00,Running,1,2242.6,10.84,5.09,60.99,46.07,Pump A Running
2026-08-09T18:45:00+00:00,Running,1,2083.5,10.62,4.9,62.32,45.91,Pump A Running
2026-08-09T19:00:00+00:00,Running,1,2181.0,10.57,4.84,62.8,47.52,Pump A Running
2026-08-09T19:15:00+00:00,Running,1,2246.0,10.7,4.86,61.72,46.13,Pump A Running
2026-08-09T19:30:00+00:00,Running,1,2130.0,10.59,4.87,62.67,46.56,Pump A Running
2026-08-09T19:45:00+00:00,Running,1,2126.4,10.64,4.77,63.4,46.35,Pump A Running
2026-08-09T20:00:00+00:00,Running,1,2310.3,10.5,4.91,61.21,46.25,Pump A Running
2026-08-09T20:15:00+00:00,Running,1,2166.7,10.59,4.93,62.58,46.18,Pump A Running
2026-08-09T20:30:00+00:00,Running,1,2169.7,10.57,4.92,60.91,46.25,Pump A Running
2026-08-09T20:45:00+00:00,Running,1,2251.8,10.68,4.92,63.32,45.15,Pump A Running
2026-08-09T21:00:00+00:00,Running,1,2059.8,10.68,4.95,61.44,45.34,Pump A Running
2026-08-09T21:15:00+00:00,Running,1,2069.3,10.54,4.73,60.94,46.08,Pump A Running
2026-08-09T21:30:00+00:00,Running,1,2009.3,10.66,4.83,62.38,45.94,Pump A Running
2026-08-09T21:45:00+00:00,Running,1,2151.3,10.69,4.94,62.82,46.33,Pump A Running
2026-08-09T22:00:00+00:00,Running,1,2341.3,10.69,4.94,61.28,46.12,Pump A Running
2026-08-09T22:15:00+00:00,Running,1,2284.6,10.63,4.77,62.81,45.78,Pump A Running
2026-08-09T22:30:00+00:00,Running,1,2306.5,10.71,4.81,63.19,46.52,Pump A Running
2026-08-09T22:45:00+00:00,Running,1,2119.8,10.54,4.93,61.76,45.78,Pump A Running
2026-08-09T23:00:00+00:00,Running,1,2361.6,10.72,4.65,62.91,45.55,Pump A Running
2026-08-09T23:15:00+00:00,Running,1,2025.9,10.57,4.9,62.72,46.45,Pump A Running
2026-08-09T23:30:00+00:00,Running,1,2206.2,10.55,4.85,62.64,45.96,Pump A Running
2026-08-09T23:45:00+00:00,Running,1,2220.3,10.54,4.93,64.02,46.44,Pump A Running
2026-08-10T00:00:00+00:00,Running,1,2075.8,10.55,4.84,62.72,46.54,Pump A Running
2026-08-10T00:15:00+00:00,Running,1,2142.7,10.7,4.74,62.21,46.31,Pump A Running
2026-08-10T00:30:00+00:00,Running,1,2231.9,10.59,4.98,61.74,46.65,Pump A Running
2026-08-10T00:45:00+00:00,Running,1,2125.8,10.61,4.83,63.89,46.02,Pump A Running
2026-08-10T01:00:00+00:00,Running,1,2168.4,10.61,4.89,62.35,45.79,Pump A Running
2026-08-10T01:15:00+00:00,Running,1,2154.5,10.66,4.94,62.47,46.44,Pump A Running
2026-08-10T01:30:00+00:00,Running,1,2312.5,10.59,4.92,63.49,46.38,Pump A Running
2026-08-10T01:45:00+00:00,Running,1,2165.8,10.65,5.03,60.96,45.9,Pump A Running
2026-08-10T02:00:00+00:00,Stopped,0,0.0,0.0,0.11,0.0,28.97,Pumps Stopped
2026-08-10T02:15:00+00:00,Stopped,0,0.0,0.0,0.1,0.0,29.33,Pumps Stopped
2026-08-10T02:30:00+00:00,Stopped,0,0.0,0.0,0.15,0.0,29.46,Pumps Stopped
2026-08-10T02:45:00+00:00,Stopped,0,0.0,0.0,0.08,0.0,29.43,Pumps Stopped
2026-08-10T03:00:00+00:00,Stopped,0,0.0,0.0,0.11,0.0,29.15,Pumps Stopped
2026-08-10T03:15:00+00:00,Stopped,0,0.0,0.0,0.17,0.0,28.72,Pumps Stopped
2026-08-10T03:30:00+00:00,Running,1,2373.5,10.57,4.91,61.49,45.59,Pump A Running
2026-08-10T03:45:00+00:00,Running,1,2232.5,10.6,4.8,61.45,46.02,Pump A Running
2026-08-10T04:00:00+00:00,Running,1,2204.2,10.46,4.94,60.73,46.33,Pump A Running
2026-08-10T04:15:00+00:00,Running,1,2316.7,10.63,5.06,61.37,46.38,Pump A Running
2026-08-10T04:30:00+00:00,Running,1,2248.1,10.66,4.83,62.88,46.07,Pump A Running
2026-08-10T04:45:00+00:00,Running,1,2210.5,10.59,4.89,62.37,46.02,Pump A Running
2026-08-10T05:00:00+00:00,Running,1,2373.0,10.64,4.71,62.87,45.86,Pump A Running
2026-08-10T05:15:00+00:00,Running,1,2212.2,10.61,4.85,61.99,46.1,Pump A Running
2026-08-10T05:30:00+00:00,Running,1,2235.6,10.67,4.98,61.05,46.53,Pump A Running
2026-08-10T05:45:00+00:00,Running,1,2180.0,10.65,4.79,61.56,45.66,Pump A Running
2026-08-10T06:00:00+00:00,Running,1,2309.2,10.53,4.72,61.4,46.55,Pump A Running
2026-08-10T06:15:00+00:00,Running,1,2230.4,10.56,4.86,60.65,46.42,Pump A Running
2026-08-10T06:30:00+00:00,Running,1,2242.8,10.58,4.87,64.13,45.94,Pump A Running
2026-08-10T06:45:00+00:00,Running,1,2161.9,10.48,4.86,62.3,45.76,Pump A Running
2026-08-10T07:00:00+00:00,Running,1,2277.5,10.65,4.73,62.45,46.11,Pump A Running
2026-08-10T07:15:00+00:00,Running,1,2350.3,10.53,4.82,62.31,45.58,Pump A Running
2026-08-10T07:30:00+00:00,Running,1,2320.5,10.65,4.97,62.81,46.59,Pump A Running
2026-08-10T07:45:00+00:00,Running,1,2348.7,10.51,4.9,60.65,46.27,Pump A Running
2026-08-10T08:00:00+00:00,Running,1,2341.1,10.6,4.9,61.87,46.67,Pump A Running
2026-08-10T08:15:00+00:00,Running,1,2207.9,10.73,4.89,61.08,46.2,Pump A Running
2026-08-10T08:30:00+00:00,Running,1,2318.4,10.59,4.91,62.43,46.14,Pump A Running
2026-08-10T08:45:00+00:00,Running,1,2402.3,10.65,4.96,62.48,45.71,Pump A Running
2026-08-10T09:00:00+00:00,Running,1,2488.6,10.53,4.77,60.92,45.91,Pump A Running
2026-08-10T09:15:00+00:00,Running,1,2388.4,10.55,4.79,60.36,46.34,Pump A Running
2026-08-10T09:30:00+00:00,Running,1,2125.1,10.57,4.86,62.46,46.28,Pump A Running
2026-08-10T09:45:00+00:00,Running,1,2379.5,10.65,4.94,62.97,46.2,Pump A Running
2026-08-10T10:00:00+00:00,Running,1,2450.4,10.57,4.83,62.95,45.98,Pump A Running
2026-08-10T10:15:00+00:00,Running,1,2479.9,10.62,4.91,63.24,45.48,Pump A Running
2026-08-10T10:30:00+00:00,Running,1,2584.3,10.63,4.99,63.52,45.52,Pump A Running
2026-08-10T10:45:00+00:00,Running,1,2343.5,10.63,4.84,63.73,46.66,Pump A Running
2026-08-10T11:00:00+00:00,Running,1,2362.2,10.59,4.8,61.46,45.97,Pump A Running
2026-08-10T11:15:00+00:00,Running,1,2224.2,10.59,4.63,62.78,45.79,Pump A Running
2026-08-10T11:30:00+00:00,Running,1,2329.4,10.61,4.82,62.09,45.8,Pump A Running
2026-08-10T11:45:00+00:00,Running,1,2605.7,10.58,4.74,59.73,45.95,Pump A Running
2026-08-10T12:00:00+00:00,Running,1,2580.5,10.64,4.9,62.11,46.11,Pump A Running
2026-08-10T12:15:00+00:00,Running,1,2425.5,10.68,4.9,62.18,46.13,Pump A Running
2026-08-10T12:30:00+00:00,Running,1,2284.3,10.6,5.05,62.58,45.7,Pump A Running
2026-08-10T12:45:00+00:00,Running,1,2285.7,10.53,4.94,62.22,45.0,Pump A Running
2026-08-10T13:00:00+00:00,Running,1,2348.5,10.54,4.98,61.7,45.58,Pump A Running
2026-08-10T13:15:00+00:00,Running,1,2570.9,10.55,4.79,61.98,45.6,Pump A Running
2026-08-10T13:30:00+00:00,Running,1,2575.3,10.6,5.06,59.33,45.73,Pump A Running
2026-08-10T13:45:00+00:00,Running,1,2444.1,10.59,4.85,62.22,46.06,Pump A Running
2026-08-10T14:00:00+00:00,Running,1,2357.2,10.64,4.86,60.6,45.58,Pump A Running
2026-08-10T14:15:00+00:00,Running,1,2436.3,10.65,4.9,62.01,46.04,Pump A Running
2026-08-10T14:30:00+00:00,Running,1,2542.2,10.55,4.82,62.23,45.88,Pump A Running
2026-08-10T14:45:00+00:00,Running,1,2593.6,10.52,4.86,63.86,46.58,Pump A Running
2026-08-10T15:00:00+00:00,Running,1,2523.3,10.67,4.88,62.82,46.69,Pump A Running
2026-08-10T15:15:00+00:00,Running,1,2451.8,10.64,4.86,62.14,46.5,Pump A Running
2026-08-10T15:30:00+00:00,Running,1,2501.8,10.69,4.83,61.39,46.6,Pump A Running
2026-08-10T15:45:00+00:00,Running,1,2421.3,10.7,4.86,61.54,45.36,Pump A Running
2026-08-10T16:00:00+00:00,Running,1,2433.7,10.62,4.69,62.74,45.78,Pump A Running
2026-08-10T16:15:00+00:00,Running,1,2577.2,10.57,4.77,61.99,46.31,Pump A Running
2026-08-10T16:30:00+00:00,Running,1,2594.7,10.6,4.91,62.69,45.54,Pump A Running
2026-08-10T16:45:00+00:00,Running,1,2552.1,10.71,4.97,61.52,45.71,Pump A Running
2026-08-10T17:00:00+00:00,Running,1,2591.9,10.67,4.81,62.57,46.33,Pump A Running
2026-08-10T17:15:00+00:00,Running,1,2355.6,10.66,4.93,62.46,45.18,Pump A Running
2026-08-10T17:30:00+00:00,Running,1,2458.9,10.67,4.79,61.77,45.6,Pump A Running
2026-08-10T17:45:00+00:00,Running,1,2417.9,10.59,5.0,61.94,45.29,Pump A Running
2026-08-10T18:00:00+00:00,Running,1,2552.1,10.47,4.87,62.21,45.61,Pump A Running
2026-08-10T18:15:00+00:00,Running,1,2725.4,10.68,4.79,63.34,45.97,Pump A Running
2026-08-10T18:30:00+00:00,Running,1,2537.1,10.6,4.79,61.91,44.9,Pump A Running
2026-08-10T18:45:00+00:00,Running,1,2498.8,10.44,4.82,61.93,46.23,Pump A Running
2026-08-10T19:00:00+00:00,Running,1,2703.1,10.67,4.72,59.53,46.47,Pump A Running
2026-08-10T19:15:00+00:00,Running,1,2665.8,10.54,4.77,62.95,46.31,Pump A Running
2026-08-10T19:30:00+00:00,Running,1,2533.3,10.64,4.85,61.05,46.25,Pump A Running
2026-08-10T19:45:00+00:00,Running,1,2597.2,10.52,4.86,61.87,46.77,Pump A Running
2026-08-10T20:00:00+00:00,Running,1,2582.9,10.55,4.81,61.82,46.05,Pump A Running
2026-08-10T20:15:00+00:00,Running,1,2685.6,10.63,4.76,62.98,46.2,Pump A Running
2026-08-10T20:30:00+00:00,Running,1,2677.6,10.57,4.73,61.91,46.53,Pump A Running
2026-08-10T20:45:00+00:00,Running,1,2578.6,10.71,4.7,62.1,46.48,Pump A Running
2026-08-10T21:00:00+00:00,Running,1,2722.1,10.58,4.86,63.51,45.75,Pump A Running
2026-08-10T21:15:00+00:00,Running,1,2674.7,10.64,4.67,61.96,45.58,Pump A Running
2026-08-10T21:30:00+00:00,Running,1,2653.1,10.61,4.72,62.08,46.37,Pump A Running
2026-08-10T21:45:00+00:00,Running,1,2556.2,10.66,4.83,63.28,46.6,Pump A Running
2026-08-10T22:00:00+00:00,Running,1,2516.5,10.57,4.87,61.41,45.78,Pump A Running
2026-08-10T22:15:00+00:00,Running,1,2562.5,10.48,4.77,63.11,46.33,Pump A Running
2026-08-10T22:30:00+00:00,Running,1,2470.0,10.35,5.05,64.86,45.76,Pump A Running
2026-08-10T22:45:00+00:00,Running,1,2645.0,10.54,4.89,62.88,47.13,Pump A Running
2026-08-10T23:00:00+00:00,Running,1,2892.1,10.56,4.84,64.15,46.27,Pump A Running
2026-08-10T23:15:00+00:00,Running,1,2599.3,10.63,4.88,63.22,45.93,Pump A Running
2026-08-10T23:30:00+00:00,Running,1,2517.9,10.62,4.78,62.66,46.49,Pump A Running
2026-08-10T23:45:00+00:00,Running,1,2554.1,10.65,4.73,63.59,47.01,Pump A Running
2026-08-11T00:00:00+00:00,Running,1,2517.9,10.64,4.89,62.32,46.27,Pump A Running
2026-08-11T00:15:00+00:00,Running,1,2802.7,10.58,4.88,62.93,45.86,Pump A Running
2026-08-11T00:30:00+00:00,Running,1,2701.8,10.53,4.86,62.64,45.8,Pump A Running
2026-08-11T00:45:00+00:00,Running,1,2708.0,10.7,4.7,63.09,45.81,Pump A Running
2026-08-11T01:00:00+00:00,Running,1,2522.8,10.67,4.86,62.94,46.19,Pump A Running
2026-08-11T01:15:00+00:00,Running,1,2633.6,10.54,4.92,62.56,46.91,Pump A Running
2026-08-11T01:30:00+00:00,Running,1,2717.8,10.59,4.82,63.06,45.36,Pump A Running
2026-08-11T01:45:00+00:00,Running,1,2617.9,10.53,4.76,62.42,46.87,Pump A Running
2026-08-11T02:00:00+00:00,Stopped,0,0.0,0.0,0.14,0.0,28.75,Pumps Stopped
2026-08-11T02:15:00+00:00,Stopped,0,0.0,0.0,0.09,0.0,29.13,Pumps Stopped
2026-08-11T02:30:00+00:00,Stopped,0,0.0,0.0,0.08,0.0,28.88,Pumps Stopped
2026-08-11T02:45:00+00:00,Stopped,0,0.0,0.0,0.05,0.0,28.75,Pumps Stopped
2026-08-11T03:00:00+00:00,Stopped,0,0.0,0.0,0.1,0.0,29.47,Pumps Stopped
2026-08-11T03:15:00+00:00,Stopped,0,0.0,0.0,0.12,0.0,28.95,Pumps Stopped
2026-08-11T03:30:00+00:00,Running,1,2782.0,10.63,4.89,62.51,46.44,Pump A Running
2026-08-11T03:45:00+00:00,Running,1,2614.7,10.49,4.86,61.67,45.52,Pump A Running
2026-08-11T04:00:00+00:00,Running,1,2575.7,10.55,4.63,62.08,45.72,Pump A Running
2026-08-11T04:15:00+00:00,Running,1,2768.5,10.67,4.96,60.34,45.84,Pump A Running
2026-08-11T04:30:00+00:00,Running,1,2691.0,10.57,4.81,62.33,46.25,Pump A Running
2026-08-11T04:45:00+00:00,Running,1,2833.6,10.67,4.89,61.6,46.15,Pump A Running
2026-08-11T05:00:00+00:00,Running,1,2810.5,10.49,4.93,60.77,45.38,Pump A Running
2026-08-11T05:15:00+00:00,Running,1,2620.6,10.61,4.8,61.49,45.89,Pump A Running
2026-08-11T05:30:00+00:00,Running,1,2701.4,10.57,4.91,63.38,45.69,Pump A Running
2026-08-11T05:45:00+00:00,Running,1,2844.5,10.66,4.87,60.12,46.01,Pump A Running
2026-08-11T06:00:00+00:00,Running,1,2820.0,10.6,4.93,63.39,46.0,Pump A Running
2026-08-11T06:15:00+00:00,Running,1,2577.6,10.59,4.7,61.43,46.47,Pump A Running
2026-08-11T06:30:00+00:00,Running,1,2793.1,10.48,4.78,63.12,45.73,Pump A Running
2026-08-11T06:45:00+00:00,Running,1,2731.0,10.54,4.86,61.08,46.35,Pump A Running
2026-08-11T07:00:00+00:00,Running,1,2673.1,10.64,4.92,64.47,46.06,Pump A Running
2026-08-11T07:15:00+00:00,Running,1,2862.7,10.45,4.82,62.2,45.79,Pump A Running
2026-08-11T07:30:00+00:00,Running,1,2795.3,10.57,4.79,62.97,45.82,Pump A Running
2026-08-11T07:45:00+00:00,Running,1,2572.3,10.53,4.97,63.1,45.67,Pump A Running
2026-08-11T08:00:00+00:00,Running,1,2764.9,10.65,4.87,60.84,45.96,Pump A Running
2026-08-11T08:15:00+00:00,Running,1,2915.6,10.49,4.76,62.22,46.4,Pump A Running
2026-08-11T08:30:00+00:00,Running,1,2516.0,10.65,4.92,62.12,45.77,Pump A Running
2026-08-11T08:45:00+00:00,Running,1,2598.5,10.45,4.82,63.05,45.69,Pump A Running
2026-08-11T09:00:00+00:00,Running,1,2632.7,10.64,4.8,60.2,46.11,Pump A Running
2026-08-11T09:15:00+00:00,Running,1,2708.7,10.56,4.9,63.26,46.25,Pump A Running
2026-08-11T09:30:00+00:00,Running,1,2720.5,10.59,4.97,62.12,45.96,Pump A Running
2026-08-11T09:45:00+00:00,Running,1,2631.9,10.64,4.84,62.72,45.27,Pump A Running
2026-08-11T10:00:00+00:00,Running,1,2907.6,10.58,4.94,61.96,45.58,Pump A Running
2026-08-11T10:15:00+00:00,Running,1,2631.4,10.68,4.82,62.85,45.66,Pump A Running
2026-08-11T10:30:00+00:00,Running,1,2691.1,10.59,4.84,63.27,46.23,Pump A Running
2026-08-11T10:45:00+00:00,Running,1,2641.4,10.7,4.83,63.31,45.85,Pump A Running
2026-08-11T11:00:00+00:00,Running,1,2594.1,10.64,4.83,62.22,45.29,Pump A Running
2026-08-11T11:15:00+00:00,Running,1,2805.7,10.53,4.85,61.66,46.19,Pump A Running
2026-08-11T11:30:00+00:00,Running,1,2647.6,10.61,4.85,61.31,46.14,Pump A Running
2026-08-11T11:45:00+00:00,Running,1,2706.7,10.61,4.93,62.11,45.53,Pump A Running
2026-08-11T12:00:00+00:00,Running,1,2688.4,10.54,4.96,61.78,46.05,Pump A Running
2026-08-11T12:15:00+00:00,Running,1,2870.7,10.63,4.93,62.48,45.16,Pump A Running
2026-08-11T12:30:00+00:00,Running,1,2624.7,10.57,5.0,62.75,45.2,Pump A Running
2026-08-11T12:45:00+00:00,Running,1,2679.4,10.48,4.86,63.44,46.65,Pump A Running
2026-08-11T13:00:00+00:00,Running,1,2617.1,10.66,4.82,61.42,45.71,Pump A Running
2026-08-11T13:15:00+00:00,Running,1,2661.4,10.66,4.81,62.27,46.11,Pump A Running
2026-08-11T13:30:00+00:00,Running,1,2665.4,10.6,4.85,62.45,45.88,Pump A Running
2026-08-11T13:45:00+00:00,Running,1,2759.2,10.39,4.95,61.91,46.13,Pump A Running
2026-08-11T14:00:00+00:00,Running,1,2762.1,10.51,4.71,61.96,46.14,Pump A Running
2026-08-11T14:15:00+00:00,Running,1,2624.0,10.58,4.86,62.11,46.48,Pump A Running
2026-08-11T14:30:00+00:00,Running,1,2613.9,10.6,4.93,62.96,46.24,Pump A Running
2026-08-11T14:45:00+00:00,Running,1,2540.8,10.6,4.78,63.81,46.45,Pump A Running
2026-08-11T15:00:00+00:00,Running,1,2769.8,10.43,4.68,62.63,45.86,Pump A Running
2026-08-11T15:15:00+00:00,Running,1,2617.1,10.61,4.84,60.91,46.17,Pump A Running
2026-08-11T15:30:00+00:00,Running,1,2682.4,10.58,4.94,62.07,45.71,Pump A Running
2026-08-11T15:45:00+00:00,Running,1,2747.9,10.61,4.87,61.93,45.27,Pump A Running
2026-08-11T16:00:00+00:00,Running,1,2848.8,10.58,4.91,63.19,46.51,Pump A Running
2026-08-11T16:15:00+00:00,Running,1,2869.7,10.55,4.85,61.82,46.03,Pump A Running
2026-08-11T16:30:00+00:00,Running,1,2713.7,10.52,4.88,62.03,46.52,Pump A Running
2026-08-11T16:45:00+00:00,Running,1,2809.4,10.54,4.96,62.49,46.75,Pump A Running
2026-08-11T17:00:00+00:00,Running,1,2701.3,10.58,4.99,63.43,46.31,Pump A Running
2026-08-11T17:15:00+00:00,Running,1,2695.7,10.6,4.76,61.06,45.77,Pump A Running
2026-08-11T17:30:00+00:00,Running,1,2818.4,10.55,4.93,60.87,46.0,Pump A Running
2026-08-11T17:45:00+00:00,Running,1,2666.9,10.61,4.81,60.95,45.81,Pump A Running
2026-08-11T18:00:00+00:00,Running,1,2639.8,10.8,4.79,62.03,46.6,Pump A Running
2026-08-11T18:15:00+00:00,Running,1,2583.4,10.69,4.79,62.58,46.35,Pump A Running
2026-08-11T18:30:00+00:00,Running,1,2840.0,10.6,4.81,61.86,46.22,Pump A Running
2026-08-11T18:45:00+00:00,Running,1,2873.0,10.55,4.89,63.56,46.67,Pump A Running
2026-08-11T19:00:00+00:00,Running,1,2758.3,10.54,4.98,60.07,45.71,Pump A Running
2026-08-11T19:15:00+00:00,Running,1,2657.0,10.77,4.81,63.8,45.21,Pump A Running
2026-08-11T19:30:00+00:00,Running,1,2539.3,10.66,4.9,61.42,46.19,Pump A Running
2026-08-11T19:45:00+00:00,Running,1,2634.2,10.71,4.92,61.06,46.61,Pump A Running
2026-08-11T20:00:00+00:00,Running,1,2726.9,10.61,4.85,62.96,46.05,Pump A Running
2026-08-11T20:15:00+00:00,Running,1,2637.5,10.53,4.9,63.5,46.55,Pump A Running
2026-08-11T20:30:00+00:00,Running,1,2577.3,10.6,4.72,62.32,45.66,Pump A Running
2026-08-11T20:45:00+00:00,Running,1,2763.8,10.53,4.89,62.56,45.76,Pump A Running
2026-08-11T21:00:00+00:00,Running,1,2737.8,10.51,4.82,62.21,46.6,Pump A Running
2026-08-11T21:15:00+00:00,Running,1,2751.8,10.46,4.91,62.85,46.27,Pump A Running
2026-08-11T21:30:00+00:00,Running,1,2739.2,10.46,4.91,63.2,45.11,Pump A Running
2026-08-11T21:45:00+00:00,Running,1,2671.7,10.66,4.87,62.31,46.53,Pump A Running
2026-08-11T22:00:00+00:00,Running,1,2801.1,10.55,4.91,61.21,46.83,Pump A Running
2026-08-11T22:15:00+00:00,Running,1,2835.8,10.56,4.73,63.74,46.41,Pump A Running
2026-08-11T22:30:00+00:00,Running,1,2570.1,10.61,4.64,61.38,45.39,Pump A Running
2026-08-11T22:45:00+00:00,Running,1,2586.3,10.63,4.99,62.7,45.8,Pump A Running
2026-08-11T23:00:00+00:00,Running,1,2431.6,10.6,4.76,63.3,46.32,Pump A Running
2026-08-11T23:15:00+00:00,Running,1,2679.6,10.61,4.88,62.18,45.64,Pump A Running
2026-08-11T23:30:00+00:00,Running,1,2395.0,10.66,4.97,62.05,46.3,Pump A Running
2026-08-11T23:45:00+00:00,Running,1,2678.0,10.72,4.81,62.42,46.98,Pump A Running
2026-08-12T00:00:00+00:00,Running,1,2626.7,10.63,4.87,62.53,45.37,Pump A Running
2026-08-12T00:15:00+00:00,Running,1,2710.1,10.66,4.94,61.9,45.28,Pump A Running
2026-08-12T00:30:00+00:00,Running,1,2521.0,10.64,4.7,63.61,45.19,Pump A Running
2026-08-12T00:45:00+00:00,Running,1,2716.0,10.49,4.84,61.8,45.78,Pump A Running
2026-08-12T01:00:00+00:00,Running,1,2781.7,10.73,4.75,62.63,46.08,Pump A Running
2026-08-12T01:15:00+00:00,Running,1,2656.9,10.57,4.87,63.23,46.1,Pump A Running
2026-08-12T01:30:00+00:00,Running,1,2726.8,10.73,4.76,61.67,45.48,Pump A Running
2026-08-12T01:45:00+00:00,Running,1,2641.8,10.67,4.91,61.88,45.44,Pump A Running
2026-08-12T02:00:00+00:00,Stopped,0,0.0,0.0,0.12,0.0,29.11,Pumps Stopped
2026-08-12T02:15:00+00:00,Stopped,0,0.0,0.0,0.13,0.0,29.25,Pumps Stopped
2026-08-12T02:30:00+00:00,Stopped,0,0.0,0.0,0.18,0.0,29.35,Pumps Stopped
2026-08-12T02:45:00+00:00,Stopped,0,0.0,0.0,0.13,0.0,28.96,Pumps Stopped
2026-08-12T03:00:00+00:00,Stopped,0,0.0,0.0,0.14,0.0,29.22,Pumps Stopped
2026-08-12T03:15:00+00:00,Stopped,0,0.0,0.0,0.1,0.0,28.76,Pumps Stopped
2026-08-12T03:30:00+00:00,Running,1,2472.1,10.57,4.75,63.51,46.15,Pump A Running
2026-08-12T03:45:00+00:00,Running,1,2587.2,10.52,4.92,62.85,45.51,Pump A Running
2026-08-12T04:00:00+00:00,Running,1,2583.7,10.53,5.05,60.79,46.06,Pump A Running
2026-08-12T04:15:00+00:00,Running,1,2581.6,10.68,4.78,60.48,45.94,Pump A Running
2026-08-12T04:30:00+00:00,Running,1,2479.9,10.54,4.94,63.17,45.89,Pump A Running
2026-08-12T04:45:00+00:00,Running,1,2487.8,10.65,4.82,63.89,46.16,Pump A Running
2026-08-12T05:00:00+00:00,Running,1,2447.8,10.43,4.86,63.45,45.48,Pump A Running
2026-08-12T05:15:00+00:00,Running,1,2678.0,10.49,4.93,63.85,45.63,Pump A Running
2026-08-12T05:30:00+00:00,Running,1,2595.9,10.61,4.82,62.1,45.95,Pump A Running
2026-08-12T05:45:00+00:00,Running,1,2492.7,10.53,4.83,62.62,45.67,Pump A Running
2026-08-12T06:00:00+00:00,Running,1,2360.1,10.56,4.88,61.24,46.1,Pump A Running
2026-08-12T06:15:00+00:00,Running,1,2442.4,10.57,4.79,62.93,46.27,Pump A Running
2026-08-12T06:30:00+00:00,Running,1,2622.4,10.63,4.93,62.51,46.2,Pump A Running
2026-08-12T06:45:00+00:00,Running,1,2480.7,10.57,4.97,61.97,45.57,Pump A Running
2026-08-12T07:00:00+00:00,Running,1,2416.2,10.58,4.85,62.91,45.84,Pump A Running
2026-08-12T07:15:00+00:00,Running,1,2446.7,10.61,4.96,61.88,45.71,Pump A Running
2026-08-12T07:30:00+00:00,Running,1,2457.9,10.58,4.87,62.14,46.29,Pump A Running
2026-08-12T07:45:00+00:00,Running,1,2346.8,10.79,5.08,62.65,45.88,Pump A Running
2026-08-12T08:00:00+00:00,Running,1,2469.2,10.64,4.83,61.33,46.3,Pump A Running
2026-08-12T08:15:00+00:00,Running,1,2444.6,10.57,4.81,61.17,46.34,Pump A Running
2026-08-12T08:30:00+00:00,Running,1,2449.6,10.64,4.67,62.45,46.87,Pump A Running
2026-08-12T08:45:00+00:00,Running,1,2349.9,10.56,4.91,61.09,45.81,Pump A Running
2026-08-12T09:00:00+00:00,Running,1,2389.8,10.7,4.91,60.62,46.43,Pump A Running
2026-08-12T09:15:00+00:00,Running,1,2359.8,10.54,4.91,63.42,45.81,Pump A Running
2026-08-12T09:30:00+00:00,Running,1,2458.5,10.78,4.89,60.79,45.48,Pump A Running
2026-08-12T09:45:00+00:00,Running,1,2326.2,10.67,4.8,61.93,45.08,Pump A Running
2026-08-12T10:00:00+00:00,Running,1,2436.6,10.65,4.73,62.2,46.83,Pump A Running
2026-08-12T10:15:00+00:00,Running,1,2403.9,10.75,4.9,63.61,45.73,Pump A Running
2026-08-12T10:30:00+00:00,Running,1,2221.8,10.68,4.76,61.71,46.02,Pump A Running
2026-08-12T10:45:00+00:00,Running,1,2438.3,10.6,4.85,61.12,46.16,Pump A Running
2026-08-12T11:00:00+00:00,Running,1,2361.4,10.54,4.74,61.63,46.04,Pump A Running
2026-08-12T11:15:00+00:00,Running,1,2435.6,10.58,4.81,62.31,46.35,Pump A Running
2026-08-12T11:30:00+00:00,Running,1,2434.3,10.44,4.85,60.33,45.18,Pump A Running
2026-08-12T11:45:00+00:00,Running,1,2389.6,10.75,4.91,61.13,45.59,Pump A Running
2026-08-12T12:00:00+00:00,Running,1,2343.2,10.61,5.07,61.4,46.9,Pump A Running
2026-08-12T12:15:00+00:00,Running,1,2238.3,10.67,4.9,60.77,46.35,Pump A Running
2026-08-12T12:30:00+00:00,Running,1,2426.7,10.8,4.79,61.94,45.77,Pump A Running
2026-08-12T12:45:00+00:00,Running,1,2288.9,10.56,4.69,62.24,45.82,Pump A Running
2026-08-12T13:00:00+00:00,Running,1,2265.0,10.63,4.81,63.11,46.83,Pump A Running
2026-08-12T13:15:00+00:00,Running,1,2378.2,10.51,4.98,63.72,45.64,Pump A Running
2026-08-12T13:30:00+00:00,Running,1,2354.1,10.62,4.94,64.0,45.18,Pump A Running
2026-08-12T13:45:00+00:00,Running,1,2410.6,10.56,4.93,63.62,45.72,Pump A Running
2026-08-12T14:00:00+00:00,Running,1,2340.5,10.73,4.74,62.74,46.34,Pump A Running
2026-08-12T14:15:00+00:00,Running,1,2374.4,10.51,5.01,61.18,46.53,Pump A Running
2026-08-12T14:30:00+00:00,Running,1,2321.1,10.58,4.82,62.5,45.97,Pump A Running
2026-08-12T14:45:00+00:00,Running,1,2304.1,10.57,4.8,60.19,45.15,Pump A Running
2026-08-12T15:00:00+00:00,Running,1,2303.9,10.62,5.04,60.75,46.15,Pump A Running
2026-08-12T15:15:00+00:00,Running,1,2101.9,10.49,4.9,62.63,46.08,Pump A Running
2026-08-12T15:30:00+00:00,Running,1,2412.5,10.53,4.78,59.82,47.07,Pump A Running
2026-08-12T15:45:00+00:00,Running,1,2202.3,10.59,5.0,61.39,46.28,Pump A Running
2026-08-12T16:00:00+00:00,Running,1,2426.6,10.71,4.84,61.56,47.3,Pump A Running
2026-08-12T16:15:00+00:00,Running,1,2373.5,10.64,4.78,62.8,45.81,Pump A Running
2026-08-12T16:30:00+00:00,Running,1,2236.0,10.7,4.87,63.71,45.82,Pump A Running
2026-08-12T16:45:00+00:00,Running,1,2406.3,10.59,4.86,64.3,46.27,Pump A Running
2026-08-12T17:00:00+00:00,Running,1,2267.2,10.64,4.82,63.57,45.36,Pump A Running
2026-08-12T17:15:00+00:00,Running,1,2309.4,10.65,4.89,60.85,46.68,Pump A Running
2026-08-12T17:30:00+00:00,Running,1,2192.9,10.63,4.88,60.01,45.66,Pump A Running
2026-08-12T17:45:00+00:00,Running,1,2391.2,10.71,4.79,59.48,46.26,Pump A Running
2026-08-12T18:00:00+00:00,Running,1,2294.9,10.72,5.1,61.89,46.51,Pump A Running
2026-08-12T18:15:00+00:00,Running,1,2365.8,10.67,5.01,62.55,46.45,Pump A Running
2026-08-12T18:30:00+00:00,Running,1,2141.1,10.55,4.86,61.54,46.14,Pump A Running
2026-08-12T18:45:00+00:00,Running,1,2329.7,10.57,4.88,63.53,46.1,Pump A Running
2026-08-12T19:00:00+00:00,Running,1,2244.1,10.68,4.75,63.38,45.35,Pump A Running
2026-08-12T19:15:00+00:00,Running,1,2311.1,10.69,4.76,61.45,45.83,Pump A Running
2026-08-12T19:30:00+00:00,Running,1,2354.1,10.69,4.78,63.84,46.5,Pump A Running
2026-08-12T19:45:00+00:00,Running,1,2279.4,10.54,4.84,60.94,46.17,Pump A Running
2026-08-12T20:00:00+00:00,Running,1,2169.7,10.6,4.9,62.67,46.52,Pump A Running
2026-08-12T20:15:00+00:00,Running,1,2176.4,10.57,4.87,62.61,45.97,Pump A Running
2026-08-12T20:30:00+00:00,Running,1,2338.2,10.59,4.76,62.06,46.54,Pump A Running
2026-08-12T20:45:00+00:00,Running,1,2101.1,10.54,4.72,61.08,45.55,Pump A Running
2026-08-12T21:00:00+00:00,Running,1,2126.3,10.68,4.88,62.45,46.13,Pump A Running
2026-08-12T21:15:00+00:00,Running,1,2386.6,10.62,4.95,64.87,45.81,Pump A Running
2026-08-12T21:30:00+00:00,Running,1,2316.4,10.63,4.93,61.65,45.21,Pump A Running
2026-08-12T21:45:00+00:00,Running,1,2339.5,10.56,4.89,63.84,46.4,Pump A Running
2026-08-12T22:00:00+00:00,Running,1,2189.7,10.56,4.8,60.73,45.87,Pump A Running
2026-08-12T22:15:00+00:00,Running,1,2111.9,10.62,4.82,61.5,45.85,Pump A Running
2026-08-12T22:30:00+00:00,Running,1,2277.4,10.66,4.98,61.45,45.98,Pump A Running
2026-08-12T22:45:00+00:00,Running,1,2067.4,10.57,4.93,61.31,46.36,Pump A Running
2026-08-12T23:00:00+00:00,Running,1,2201.7,10.6,4.89,61.88,46.12,Pump A Running
2026-08-12T23:15:00+00:00,Running,1,2191.8,10.77,5.03,62.75,45.77,Pump A Running
2026-08-12T23:30:00+00:00,Running,1,2281.4,10.64,4.96,61.66,46.61,Pump A Running
2026-08-12T23:45:00+00:00,Running,1,2064.6,10.63,4.87,62.89,45.62,Pump A Running
2026-08-13T00:00:00+00:00,Running,1,2266.0,10.58,4.76,61.42,45.49,Pump A Running
2026-08-13T00:15:00+00:00,Running,1,2135.4,10.59,4.79,64.08,46.42,Pump A Running
2026-08-13T00:30:00+00:00,Running,1,2247.6,10.62,4.85,62.7,46.16,Pump A Running
2026-08-13T00:45:00+00:00,Running,1,2208.2,10.62,4.78,59.76,46.56,Pump A Running
2026-08-13T01:00:00+00:00,Running,1,2207.6,10.67,4.92,61.52,46.47,Pump A Running
2026-08-13T01:15:00+00:00,Running,1,2294.2,10.58,4.9,62.07,45.54,Pump A Running
2026-08-13T01:30:00+00:00,Running,1,2035.0,10.5,4.87,61.51,45.76,Pump A Running
2026-08-13T01:45:00+00:00,Running,1,2269.7,10.56,4.95,62.99,46.13,Pump A Running
2026-08-13T02:00:00+00:00,Stopped,0,0.0,0.0,0.16,0.0,29.15,Pumps Stopped
2026-08-13T02:15:00+00:00,Stopped,0,0.0,0.0,0.11,0.0,29.28,Pumps Stopped
2026-08-13T02:30:00+00:00,Stopped,0,0.0,0.0,0.08,0.0,28.3,Pumps Stopped
2026-08-13T02:45:00+00:00,Stopped,0,0.0,0.0,0.13,0.0,29.19,Pumps Stopped
2026-08-13T03:00:00+00:00,Stopped,0,0.0,0.0,0.14,0.0,29.25,Pumps Stopped
2026-08-13T03:15:00+00:00,Stopped,0,0.0,0.0,0.13,0.0,29.24,Pumps Stopped
2026-08-13T03:30:00+00:00,Running,1,2237.0,10.7,4.76,59.89,45.49,Pump A Running
2026-08-13T03:45:00+00:00,Running,1,2095.7,10.63,4.85,61.13,46.49,Pump A Running
2026-08-13T04:00:00+00:00,Running,1,2170.0,10.68,4.81,62.9,46.33,Pump A Running
2026-08-13T04:15:00+00:00,Running,1,2102.8,10.5,4.86,62.83,45.58,Pump A Running
2026-08-13T04:30:00+00:00,Running,1,2021.9,10.48,4.83,60.44,46.96,Pump A Running
2026-08-13T04:45:00+00:00,Running,1,2234.5,10.71,4.87,64.93,45.56,Pump A Running
2026-08-13T05:00:00+00:00,Running,1,2265.9,10.6,4.94,60.38,46.42,Pump A Running
2026-08-13T05:15:00+00:00,Running,1,2273.2,10.54,4.79,61.06,45.78,Pump A Running
2026-08-13T05:30:00+00:00,Running,1,2222.3,10.61,5.02,61.41,45.87,Pump A Running
2026-08-13T05:45:00+00:00,Running,1,2241.1,10.63,4.71,61.89,45.66,Pump A Running
2026-08-13T06:00:00+00:00,Running,1,2187.0,10.63,4.95,60.14,45.85,Pump A Running
2026-08-13T06:15:00+00:00,Running,1,2105.9,10.59,4.91,66.54,46.46,Pump A Running
2026-08-13T06:30:00+00:00,Running,1,2363.8,10.76,4.75,61.6,46.08,Pump A Running
2026-08-13T06:45:00+00:00,Running,1,2237.5,10.74,4.95,62.3,46.17,Pump A Running
2026-08-13T07:00:00+00:00,Running,1,2122.3,10.56,4.82,63.75,46.35,Pump A Running
2026-08-13T07:15:00+00:00,Running,1,2044.9,10.49,4.82,61.92,45.86,Pump A Running
2026-08-13T07:30:00+00:00,Running,1,2255.2,10.46,4.88,61.75,46.21,Pump A Running
2026-08-13T07:45:00+00:00,Running,1,2222.0,10.68,4.88,63.86,46.0,Pump A Running
2026-08-13T08:00:00+00:00,Running,1,2115.3,10.61,4.87,63.58,46.74,Pump A Running
2026-08-13T08:15:00+00:00,Running,1,2217.3,10.5,4.82,60.87,46.15,Pump A Running
2026-08-13T08:30:00+00:00,Running,1,2198.3,10.63,4.89,62.29,44.88,Pump A Running
2026-08-13T08:45:00+00:00,Running,1,2182.7,10.5,4.9,61.35,46.37,Pump A Running
2026-08-13T09:00:00+00:00,Running,1,2239.1,10.54,4.99,62.48,46.03,Pump A Running
2026-08-13T09:15:00+00:00,Running,1,2200.6,10.49,4.88,63.72,45.32,Pump A Running
2026-08-13T09:30:00+00:00,Running,1,2122.1,10.69,4.87,62.49,45.81,Pump A Running
2026-08-13T09:45:00+00:00,Running,1,2256.1,10.6,4.75,60.07,45.45,Pump A Running
2026-08-13T10:00:00+00:00,Running,1,2252.9,10.74,4.85,63.53,46.06,Pump A Running
2026-08-13T10:15:00+00:00,Running,1,2317.6,10.49,4.79,61.18,45.49,Pump A Running
2026-08-13T10:30:00+00:00,Running,1,2246.6,10.6,5.12,63.57,45.51,Pump A Running
2026-08-13T10:45:00+00:00,Running,1,2059.2,10.53,4.8,63.64,46.14,Pump A Running
2026-08-13T11:00:00+00:00,Running,1,2114.1,10.6,4.96,62.58,46.17,Pump A Running
2026-08-13T11:15:00+00:00,Running,1,2157.8,10.6,4.91,62.71,46.24,Pump A Running
2026-08-13T11:30:00+00:00,Running,1,2217.8,10.57,4.98,61.65,46.39,Pump A Running
2026-08-13T11:45:00+00:00,Running,1,2474.4,10.54,4.76,62.47,46.11,Pump A Running
2026-08-13T12:00:00+00:00,Running,1,2263.8,10.58,4.93,60.65,46.09,Pump A Running
2026-08-13T12:15:00+00:00,Running,1,2297.1,10.7,4.87,61.63,45.49,Pump A Running
2026-08-13T12:30:00+00:00,Running,1,2118.9,10.57,4.9,62.25,45.93,Pump A Running
2026-08-13T12:45:00+00:00,Running,1,2327.2,10.55,4.88,62.44,46.38,Pump A Running
2026-08-13T13:00:00+00:00,Running,1,2231.6,10.51,5.0,63.48,46.28,Pump A Running
2026-08-13T13:15:00+00:00,Running,1,2239.0,10.64,4.89,63.02,45.76,Pump A Running
2026-08-13T13:30:00+00:00,Running,1,2309.0,10.66,4.76,61.94,45.39,Pump A Running
2026-08-13T13:45:00+00:00,Running,1,2246.2,10.62,4.93,63.62,45.76,Pump A Running
2026-08-13T14:00:00+00:00,Running,1,2266.1,10.6,4.71,63.75,45.96,Pump A Running
2026-08-13T14:15:00+00:00,Running,1,2349.1,10.59,4.95,62.6,45.81,Pump A Running
2026-08-13T14:30:00+00:00,Running,1,2173.4,10.7,4.83,64.19,46.14,Pump A Running
2026-08-13T14:45:00+00:00,Running,1,2305.1,10.62,4.82,61.46,46.04,Pump A Running
2026-08-13T15:00:00+00:00,Running,1,2208.9,10.49,4.77,63.17,45.24,Pump A Running
2026-08-13T15:15:00+00:00,Running,1,2193.7,10.52,4.78,60.96,46.51,Pump A Running
2026-08-13T15:30:00+00:00,Running,1,2288.9,10.55,4.89,63.71,45.73,Pump A Running
2026-08-13T15:45:00+00:00,Running,1,2198.2,10.61,4.84,60.76,45.91,Pump A Running
2026-08-13T16:00:00+00:00,Running,1,2202.7,10.54,4.77,59.87,46.49,Pump A Running
2026-08-13T16:15:00+00:00,Running,1,2247.1,10.66,4.83,61.14,45.49,Pump A Running
2026-08-13T16:30:00+00:00,Running,1,2096.1,10.53,4.86,61.91,46.7,Pump A Running
2026-08-13T16:45:00+00:00,Running,1,2407.6,10.73,4.85,60.69,45.23,Pump A Running
2026-08-13T17:00:00+00:00,Running,1,2298.6,10.52,4.93,62.06,45.21,Pump A Running
2026-08-13T17:15:00+00:00,Running,1,2395.5,10.53,4.83,62.15,46.02,Pump A Running
2026-08-13T17:30:00+00:00,Running,1,2364.0,10.59,4.88,63.29,45.65,Pump A Running
2026-08-13T17:45:00+00:00,Running,1,2322.4,10.68,4.93,63.18,45.22,Pump A Running
2026-08-13T18:00:00+00:00,Running,1,2417.7,10.44,4.88,61.6,46.33,Pump A Running
2026-08-13T18:15:00+00:00,Running,1,2328.4,10.67,4.84,61.75,45.66,Pump A Running
2026-08-13T18:30:00+00:00,Running,1,2317.0,10.57,4.78,61.44,46.04,Pump A Running
2026-08-13T18:45:00+00:00,Running,1,2204.2,10.66,4.91,62.08,45.59,Pump A Running
2026-08-13T19:00:00+00:00,Running,1,2276.2,10.63,4.75,63.07,45.85,Pump A Running
2026-08-13T19:15:00+00:00,Running,1,2570.1,10.56,5.03,63.73,46.1,Pump A Running
2026-08-13T19:30:00+00:00,Running,1,2350.3,10.71,4.62,61.7,45.82,Pump A Running
2026-08-13T19:45:00+00:00,Running,1,2385.7,10.59,4.86,60.88,45.33,Pump A Running
2026-08-13T20:00:00+00:00,Running,1,2405.4,10.58,4.88,62.75,46.02,Pump A Running
2026-08-13T20:15:00+00:00,Running,1,2570.0,10.65,4.83,64.61,46.58,Pump A Running
2026-08-13T20:30:00+00:00,Running,1,2407.2,10.55,4.9,62.67,46.17,Pump A Running
2026-08-13T20:45:00+00:00,Running,1,2391.4,10.59,4.95,62.93,45.54,Pump A Running
2026-08-13T21:00:00+00:00,Running,1,2469.4,10.69,5.0,61.74,46.09,Pump A Running
2026-08-13T21:15:00+00:00,Running,1,2486.5,10.64,4.75,61.47,46.22,Pump A Running
2026-08-13T21:30:00+00:00,Running,1,2489.5,10.65,4.96,61.97,46.07,Pump A Running
2026-08-13T21:45:00+00:00,Running,1,2232.9,10.65,4.88,63.96,46.23,Pump A Running
2026-08-13T22:00:00+00:00,Running,1,2373.6,10.71,4.73,62.97,46.23,Pump A Running
2026-08-13T22:15:00+00:00,Running,1,2226.2,10.56,4.78,62.0,45.69,Pump A Running
2026-08-13T22:30:00+00:00,Running,1,2295.8,10.55,4.74,62.96,45.92,Pump A Running
2026-08-13T22:45:00+00:00,Running,1,2470.3,10.58,4.9,62.73,46.43,Pump A Running
2026-08-13T23:00:00+00:00,Running,1,2506.5,10.59,4.83,64.6,45.9,Pump A Running
2026-08-13T23:15:00+00:00,Running,1,2491.4,10.59,4.86,63.82,46.64,Pump A Running
2026-08-13T23:30:00+00:00,Running,1,2458.0,10.64,4.61,65.14,46.52,Pump A Running
2026-08-13T23:45:00+00:00,Running,1,2394.1,10.63,4.84,61.06,46.59,Pump A Running
2026-08-14T00:00:00+00:00,Running,1,2428.4,10.71,5.04,61.64,46.29,Pump A Running
2026-08-14T00:15:00+00:00,Running,1,2616.8,10.6,4.9,61.44,45.75,Pump A Running
2026-08-14T00:30:00+00:00,Running,1,2545.5,10.7,4.88,61.98,46.15,Pump A Running
2026-08-14T00:45:00+00:00,Running,1,2597.3,10.61,4.95,63.32,46.12,Pump A Running
2026-08-14T01:00:00+00:00,Running,1,2424.2,10.67,4.87,63.52,46.31,Pump A Running
2026-08-14T01:15:00+00:00,Running,1,2352.1,10.6,4.76,63.18,45.66,Pump A Running
2026-08-14T01:30:00+00:00,Running,1,2404.7,10.6,4.95,64.13,46.13,Pump A Running
2026-08-14T01:45:00+00:00,Running,1,2426.0,10.75,4.88,61.95,45.32,Pump A Running
2026-08-14T02:00:00+00:00,Stopped,0,0.0,0.0,0.11,0.0,28.89,Pumps Stopped
2026-08-14T02:15:00+00:00,Stopped,0,0.0,0.0,0.13,0.0,28.94,Pumps Stopped
2026-08-14T02:30:00+00:00,Stopped,0,0.0,0.0,0.09,0.0,29.02,Pumps Stopped
2026-08-14T02:45:00+00:00,Stopped,0,0.0,0.0,0.12,0.0,28.82,Pumps Stopped
2026-08-14T03:00:00+00:00,Stopped,0,0.0,0.0,0.14,0.0,29.7,Pumps Stopped
2026-08-14T03:15:00+00:00,Stopped,0,0.0,0.0,0.1,0.0,28.79,Pumps Stopped
2026-08-14T03:30:00+00:00,Running,1,2584.0,10.54,4.89,62.82,45.43,Pump A Running
2026-08-14T03:45:00+00:00,Running,1,2580.2,10.55,4.85,62.27,45.88,Pump A Running
2026-08-14T04:00:00+00:00,Running,1,2694.8,10.54,4.8,63.53,46.16,Pump A Running
2026-08-14T04:15:00+00:00,Running,1,2500.2,10.5,4.88,61.88,45.45,Pump A Running
2026-08-14T04:30:00+00:00,Running,1,2445.1,10.71,4.76,62.86,46.27,Pump A Running
2026-08-14T04:45:00+00:00,Running,1,2460.9,10.61,4.9,60.77,46.45,Pump A Running
2026-08-14T05:00:00+00:00,Running,1,2725.0,10.7,4.75,61.18,46.48,Pump A Running
2026-08-14T05:15:00+00:00,Running,1,2563.9,10.7,4.9,62.82,45.23,Pump A Running
2026-08-14T05:30:00+00:00,Running,1,2612.5,10.46,4.65,63.28,46.33,Pump A Running
2026-08-14T05:45:00+00:00,Running,1,2442.1,10.67,4.74,61.05,45.82,Pump A Running
2026-08-14T06:00:00+00:00,Running,1,2394.9,10.63,4.85,61.61,45.86,Pump A Running
2026-08-14T06:15:00+00:00,Running,1,2507.9,10.53,4.85,64.13,46.34,Pump A Running
2026-08-14T06:30:00+00:00,Running,1,2669.9,10.67,4.83,61.28,45.75,Pump A Running
2026-08-14T06:45:00+00:00,Running,1,2605.8,10.68,4.75,61.92,46.61,Pump A Running
2026-08-14T07:00:00+00:00,Running,1,2490.4,10.53,4.85,60.89,46.13,Pump A Running
2026-08-14T07:15:00+00:00,Running,1,2739.5,10.48,4.79,64.5,46.32,Pump A Running
2026-08-14T07:30:00+00:00,Running,1,2528.9,10.51,4.87,60.66,45.61,Pump A Running
2026-08-14T07:45:00+00:00,Running,1,2579.5,10.62,4.86,62.63,46.31,Pump A Running
2026-08-14T08:00:00+00:00,Running,1,2621.7,10.63,4.82,60.71,46.39,Pump A Running
2026-08-14T08:15:00+00:00,Running,1,2624.7,10.68,4.84,61.55,46.4,Pump A Running
2026-08-14T08:30:00+00:00,Running,1,2688.4,10.5,4.84,60.82,46.4,Pump A Running
2026-08-14T08:45:00+00:00,Running,1,2563.9,10.6,4.86,62.6,45.7,Pump A Running
2026-08-14T09:00:00+00:00,Running,1,2660.3,10.59,4.91,63.77,45.95,Pump A Running
2026-08-14T09:15:00+00:00,Running,1,2689.2,10.51,4.88,63.81,45.62,Pump A Running
2026-08-14T09:30:00+00:00,Running,1,2787.8,10.58,4.88,61.88,45.62,Pump A Running
2026-08-14T09:45:00+00:00,Running,1,2591.0,10.65,4.83,62.66,45.86,Pump A Running
2026-08-14T10:00:00+00:00,Running,1,2734.0,10.56,4.71,62.18,45.67,Pump A Running
2026-08-14T10:15:00+00:00,Running,1,2676.8,10.66,4.76,63.61,45.97,Pump A Running
2026-08-14T10:30:00+00:00,Running,1,2679.4,10.59,4.86,63.0,45.22,Pump A Running
2026-08-14T10:45:00+00:00,Running,1,2577.1,10.57,4.9,60.99,46.11,Pump A Running
2026-08-14T11:00:00+00:00,Running,1,2666.2,10.68,4.88,63.1,45.5,Pump A Running
2026-08-14T11:15:00+00:00,Running,1,2702.5,10.53,4.94,62.09,46.05,Pump A Running
2026-08-14T11:30:00+00:00,Running,1,2580.0,10.49,4.84,62.21,46.37,Pump A Running
2026-08-14T11:45:00+00:00,Running,1,2681.8,10.74,4.81,60.76,46.39,Pump A Running
2026-08-14T12:00:00+00:00,Running,1,2659.8,10.47,4.89,62.13,46.04,Pump A Running
2026-08-14T12:15:00+00:00,Running,1,2740.5,10.5,4.82,60.35,45.41,Pump A Running
2026-08-14T12:30:00+00:00,Running,1,2676.5,10.59,4.79,61.18,46.98,Pump A Running
2026-08-14T12:45:00+00:00,Running,1,2670.4,10.53,4.74,62.43,46.02,Pump A Running
2026-08-14T13:00:00+00:00,Running,1,2541.3,10.66,4.69,60.35,46.74,Pump A Running
2026-08-14T13:15:00+00:00,Running,1,2768.4,10.7,4.73,60.1,45.59,Pump A Running
2026-08-14T13:30:00+00:00,Running,1,2752.8,10.51,5.02,61.36,46.67,Pump A Running
2026-08-14T13:45:00+00:00,Running,1,2713.3,10.66,4.92,62.13,46.34,Pump A Running
2026-08-14T14:00:00+00:00,Running,1,2667.7,10.62,4.95,60.94,46.64,Pump A Running
2026-08-14T14:15:00+00:00,Running,1,2691.1,10.6,4.79,63.13,45.67,Pump A Running
2026-08-14T14:30:00+00:00,Running,1,2781.8,10.55,4.97,64.74,45.69,Pump A Running
2026-08-14T14:45:00+00:00,Running,1,2832.8,10.5,4.84,62.64,46.51,Pump A Running
2026-08-14T15:00:00+00:00,Running,1,2859.7,10.61,4.98,62.48,46.72,Pump A Running
2026-08-14T15:15:00+00:00,Running,1,2651.3,10.48,4.85,61.57,45.38,Pump A Running
2026-08-14T15:30:00+00:00,Running,1,2696.8,10.64,4.87,62.22,46.41,Pump A Running
2026-08-14T15:45:00+00:00,Running,1,2885.1,10.57,4.77,61.62,46.31,Pump A Running
2026-08-14T16:00:00+00:00,Running,1,2661.9,10.58,4.78,62.03,45.86,Pump A Running
2026-08-14T16:15:00+00:00,Running,1,2541.9,10.59,4.89,61.1,45.96,Pump A Running
2026-08-14T16:30:00+00:00,Running,1,2620.5,10.61,4.85,62.15,45.66,Pump A Running
2026-08-14T16:45:00+00:00,Running,1,2655.5,10.76,4.75,61.21,46.77,Pump A Running
2026-08-14T17:00:00+00:00,Running,1,2692.2,10.67,4.97,61.3,45.93,Pump A Running
2026-08-14T17:15:00+00:00,Running,1,2663.4,10.52,4.61,62.89,46.25,Pump A Running
2026-08-14T17:30:00+00:00,Running,1,2682.6,10.6,4.78,63.63,46.72,Pump A Running
2026-08-14T17:45:00+00:00,Running,1,2770.1,10.59,4.82,61.57,46.08,Pump A Running
2026-08-14T18:00:00+00:00,Running,1,2913.1,10.67,4.77,61.69,46.38,Pump A Running
2026-08-14T18:15:00+00:00,Running,1,2811.6,10.63,4.75,61.86,45.91,Pump A Running
2026-08-14T18:30:00+00:00,Running,1,2817.1,10.62,4.83,61.35,45.73,Pump A Running
2026-08-14T18:45:00+00:00,Running,1,2793.8,10.64,4.96,60.73,45.86,Pump A Running
2026-08-14T19:00:00+00:00,Running,1,2695.6,10.53,4.8,61.48,45.9,Pump A Running
2026-08-14T19:15:00+00:00,Running,1,2656.3,10.54,4.89,63.3,45.45,Pump A Running
2026-08-14T19:30:00+00:00,Running,1,2713.5,10.54,4.84,63.62,45.67,Pump A Running
2026-08-14T19:45:00+00:00,Running,1,2924.8,10.68,4.89,63.03,46.32,Pump A Running
2026-08-14T20:00:00+00:00,Running,1,2650.8,10.68,4.83,62.06,45.65,Pump A Running
2026-08-14T20:15:00+00:00,Running,1,2569.7,10.52,4.84,63.45,45.74,Pump A Running
2026-08-14T20:30:00+00:00,Running,1,2587.2,10.64,4.98,62.14,46.48,Pump A Running
2026-08-14T20:45:00+00:00,Running,1,2637.3,10.66,4.67,62.06,46.56,Pump A Running
2026-08-14T21:00:00+00:00,Running,1,2636.8,10.74,4.84,61.54,45.71,Pump A Running
2026-08-14T21:15:00+00:00,Running,1,2823.0,10.61,4.78,60.77,46.75,Pump A Running
2026-08-14T21:30:00+00:00,Running,1,2788.4,10.5,4.81,62.29,46.08,Pump A Running
2026-08-14T21:45:00+00:00,Running,1,2772.9,10.56,4.86,61.91,45.88,Pump A Running
2026-08-14T22:00:00+00:00,Running,1,2656.8,10.62,4.91,61.4,46.28,Pump A Running
2026-08-14T22:15:00+00:00,Running,1,2615.5,10.52,4.9,64.27,45.86,Pump A Running
2026-08-14T22:30:00+00:00,Running,1,2759.1,10.56,4.8,62.33,45.67,Pump A Running
2026-08-14T22:45:00+00:00,Running,1,2693.5,10.7,4.85,61.79,45.4,Pump A Running
2026-08-14T23:00:00+00:00,Running,1,2585.9,10.52,4.8,62.41,46.15,Pump A Running
2026-08-14T23:15:00+00:00,Running,1,2849.7,10.7,4.86,61.93,45.72,Pump A Running
2026-08-14T23:30:00+00:00,Running,1,2591.4,10.58,4.86,60.79,46.11,Pump A Running
2026-08-14T23:45:00+00:00,Running,1,2849.4,10.58,4.89,61.29,46.23,Pump A Running
2026-08-15T00:00:00+00:00,Running,1,2858.5,10.67,4.93,62.14,45.27,Pump A Running
2026-08-15T00:15:00+00:00,Running,1,2715.2,10.58,4.94,62.33,46.25,Pump A Running
2026-08-15T00:30:00+00:00,Running,1,2889.7,10.61,4.9,61.68,46.1,Pump A Running
2026-08-15T00:45:00+00:00,Running,1,2589.3,10.63,4.9,62.03,46.56,Pump A Running
2026-08-15T01:00:00+00:00,Running,1,2773.3,10.68,4.85,61.71,46.02,Pump A Running
2026-08-15T01:15:00+00:00,Running,1,2687.3,10.65,4.85,61.46,46.44,Pump A Running
2026-08-15T01:30:00+00:00,Running,1,2749.8,10.58,4.95,61.26,46.63,Pump A Running
2026-08-15T01:45:00+00:00,Running,1,2711.8,10.59,4.94,61.55,45.82,Pump A Running
2026-08-15T02:00:00+00:00,Stopped,0,0.0,0.0,0.11,0.0,28.79,Pumps Stopped
2026-08-15T02:15:00+00:00,Stopped,0,0.0,0.0,0.14,0.0,29.1,Pumps Stopped
2026-08-15T02:30:00+00:00,Stopped,0,0.0,0.0,0.1,0.0,29.08,Pumps Stopped
2026-08-15T02:45:00+00:00,Stopped,0,0.0,0.0,0.1,0.0,29.07,Pumps Stopped
2026-08-15T03:00:00+00:00,Stopped,0,0.0,0.0,0.14,0.0,28.99,Pumps Stopped
2026-08-15T03:15:00+00:00,Stopped,0,0.0,0.0,0.07,0.0,28.99,Pumps Stopped
2026-08-15T03:30:00+00:00,Running,1,2654.2,10.64,4.8,62.18,46.15,Pump A Running
2026-08-15T03:45:00+00:00,Running,1,2831.8,10.59,4.72,61.89,45.62,Pump A Running
2026-08-15T04:00:00+00:00,Running,1,2563.0,10.73,4.78,63.08,46.03,Pump A Running
2026-08-15T04:15:00+00:00,Running,1,2578.2,10.68,4.92,62.97,45.34,Pump A Running
2026-08-15T04:30:00+00:00,Running,1,2570.1,10.67,4.64,61.69,46.53,Pump A Running
2026-08-15T04:45:00+00:00,Running,1,2660.4,10.6,4.77,60.48,45.74,Pump A Running
2026-08-15T05:00:00+00:00,Running,1,2646.4,10.66,5.06,62.56,45.85,Pump A Running
2026-08-15T05:15:00+00:00,Running,1,2729.5,10.7,4.75,60.34,45.61,Pump A Running
2026-08-15T05:30:00+00:00,Running,1,2681.8,10.59,4.79,62.18,45.95,Pump A Running
2026-08-15T05:45:00+00:00,Running,1,2696.2,10.59,5.03,59.87,46.69,Pump A Running
2026-08-15T06:00:00+00:00,Running,1,2685.1,10.7,4.73,61.46,46.05,Pump A Running
2026-08-15T06:15:00+00:00,Running,1,2672.2,10.45,4.95,63.62,46.05,Pump A Running
2026-08-15T06:30:00+00:00,Running,1,2699.7,10.51,4.73,62.18,45.77,Pump A Running
2026-08-15T06:45:00+00:00,Running,1,2649.3,10.58,4.9,60.95,46.11,Pump A Running
2026-08-15T07:00:00+00:00,Running,1,2556.3,10.78,4.85,61.83,45.12,Pump A Running
2026-08-15T07:15:00+00:00,Running,1,2797.1,10.63,4.89,61.96,45.58,Pump A Running
2026-08-15T07:30:00+00:00,Running,1,2521.0,10.62,4.8,61.94,45.91,Pump A Running
2026-08-15T07:45:00+00:00,Running,1,2584.9,10.76,4.88,62.34,45.3,Pump A Running
2026-08-15T08:00:00+00:00,Running,1,2596.6,10.57,4.71,64.62,45.66,Pump A Running
2026-08-15T08:15:00+00:00,Running,1,2642.4,10.65,4.85,59.32,45.46,Pump A Running
2026-08-15T08:30:00+00:00,Running,1,2512.0,10.63,4.74,60.83,46.15,Pump A Running
2026-08-15T08:45:00+00:00,Running,1,2571.3,10.64,4.78,61.52,46.32,Pump A Running
2026-08-15T09:00:00+00:00,Running,1,2563.0,10.55,4.88,61.58,45.66,Pump A Running
2026-08-15T09:15:00+00:00,Running,1,2513.3,10.69,4.72,60.46,45.45,Pump A Running
2026-08-15T09:30:00+00:00,Running,1,2543.0,10.49,4.85,61.32,44.7,Pump A Running
2026-08-15T09:45:00+00:00,Running,1,2746.2,10.54,4.77,62.11,46.31,Pump A Running
2026-08-15T10:00:00+00:00,Running,1,2733.7,10.59,4.75,64.33,46.23,Pump A Running
2026-08-15T10:15:00+00:00,Stopped,0,0.0,0.0,0.18,0.0,28.32,Pumps Stopped
2026-08-15T10:30:00+00:00,Stopped,0,0.0,0.0,0.12,0.0,29.37,Pumps Stopped
2026-08-15T10:45:00+00:00,Stopped,0,0.0,0.0,0.09,0.0,29.1,Pumps Stopped
2026-08-15T11:00:00+00:00,Stopped,0,0.0,0.0,0.11,0.0,28.61,Pumps Stopped
2026-08-15T11:15:00+00:00,Stopped,0,0.0,0.0,0.11,0.0,29.19,Pumps Stopped
2026-08-15T11:30:00+00:00,Running,1,2594.2,10.56,4.97,59.75,45.79,Pump A Running
2026-08-15T11:45:00+00:00,Running,1,2436.2,10.6,4.67,63.55,45.32,Pump A Running
2026-08-15T12:00:00+00:00,Running,1,2648.6,10.72,4.86,60.54,45.21,Pump A Running
2026-08-15T12:15:00+00:00,Running,1,2399.1,10.7,4.8,62.05,45.47,Pump A Running
2026-08-15T12:30:00+00:00,Running,1,2379.9,10.6,4.83,64.18,46.2,Pump A Running
2026-08-15T12:45:00+00:00,Running,1,2586.4,10.6,4.77,61.3,45.36,Pump A Running
2026-08-15T13:00:00+00:00,Running,1,2679.5,10.54,4.81,61.89,46.28,Pump A Running
2026-08-15T13:15:00+00:00,Running,1,2370.6,10.63,4.9,60.75,46.69,Pump A Running
2026-08-15T13:30:00+00:00,Running,1,2689.4,10.57,4.92,60.09,45.83,Pump A Running
2026-08-15T13:45:00+00:00,Running,1,2496.1,10.65,4.77,61.7,45.85,Pump A Running
2026-08-15T14:00:00+00:00,Running,1,2540.7,10.6,4.8,59.99,45.72,Pump A Running
2026-08-15T14:15:00+00:00,Running,1,2524.7,10.59,4.87,63.31,45.8,Pump A Running
2026-08-15T14:30:00+00:00,Running,1,2518.8,10.54,4.73,59.04,45.41,Pump A Running
2026-08-15T14:45:00+00:00,Running,1,2575.6,10.58,4.98,61.53,46.68,Pump A Running
2026-08-15T15:00:00+00:00,Running,1,2576.0,10.62,4.87,60.0,46.21,Pump A Running
2026-08-15T15:15:00+00:00,Running,1,2551.1,10.61,4.76,60.9,46.55,Pump A Running
2026-08-15T15:30:00+00:00,Running,1,2669.8,10.57,4.81,59.85,46.37,Pump A Running
2026-08-15T15:45:00+00:00,Running,1,2382.6,10.54,4.85,60.7,46.14,Pump A Running
2026-08-15T16:00:00+00:00,Running,1,2588.5,10.68,4.79,60.58,46.07,Pump A Running
2026-08-15T16:15:00+00:00,Running,1,2512.1,10.76,4.8,61.66,46.63,Pump A Running
2026-08-15T16:30:00+00:00,Running,1,2546.3,10.55,4.64,60.28,45.41,Pump A Running
2026-08-15T16:45:00+00:00,Running,1,2413.2,10.74,4.73,60.87,45.88,Pump A Running
2026-08-15T17:00:00+00:00,Running,1,2453.2,10.68,4.94,59.21,46.06,Pump A Running
2026-08-15T17:15:00+00:00,Running,1,2503.4,10.58,4.87,61.15,46.35,Pump A Running
2026-08-15T17:30:00+00:00,Running,1,2499.4,10.63,4.82,62.71,45.66,Pump A Running
2026-08-15T17:45:00+00:00,Running,1,2517.6,10.54,4.72,60.21,46.36,Pump A Running
2026-08-15T18:00:00+00:00,Running,1,2306.7,10.58,4.88,61.31,45.65,Pump A Running
2026-08-15T18:15:00+00:00,Running,1,2580.5,10.75,4.8,60.97,45.42,Pump A Running
2026-08-15T18:30:00+00:00,Running,1,2477.1,10.64,4.88,62.85,46.7,Pump A Running
2026-08-15T18:45:00+00:00,Running,1,2422.3,10.6,4.77,61.46,46.53,Pump A Running
2026-08-15T19:00:00+00:00,Running,1,2326.3,10.63,4.78,60.84,45.77,Pump A Running
2026-08-15T19:15:00+00:00,Running,1,2323.7,10.63,4.94,62.53,46.3,Pump A Running
2026-08-15T19:30:00+00:00,Running,1,2288.4,10.66,4.81,63.33,46.19,Pump A Running
2026-08-15T19:45:00+00:00,Running,1,2420.3,10.62,4.91,62.4,46.79,Pump A Running
2026-08-15T20:00:00+00:00,Running,1,2446.1,10.53,4.83,60.98,45.22,Pump A Running
2026-08-15T20:15:00+00:00,Running,1,2439.7,10.48,4.9,60.84,45.94,Pump A Running
2026-08-15T20:30:00+00:00,Running,1,2358.3,10.68,4.91,63.02,45.43,Pump A Running
2026-08-15T20:45:00+00:00,Running,1,2365.2,10.63,4.87,60.75,46.6,Pump A Running
2026-08-15T21:00:00+00:00,Running,1,2496.4,10.67,4.93,62.39,45.92,Pump A Running
2026-08-15T21:15:00+00:00,Running,1,2364.2,10.58,4.72,63.96,46.12,Pump A Running
2026-08-15T21:30:00+00:00,Running,1,2336.4,10.54,4.78,61.13,45.96,Pump A Running
2026-08-15T21:45:00+00:00,Running,1,2266.4,10.68,4.91,63.96,45.86,Pump A Running
2026-08-15T22:00:00+00:00,Running,1,2383.9,10.56,4.98,62.36,45.1,Pump A Running
2026-08-15T22:15:00+00:00,Running,1,2253.9,10.63,4.83,62.28,45.44,Pump A Running
2026-08-15T22:30:00+00:00,Running,1,2421.5,10.71,4.9,61.86,45.85,Pump A Running
2026-08-15T22:45:00+00:00,Running,1,2197.0,10.48,4.89,61.73,45.54,Pump A Running
2026-08-15T23:00:00+00:00,Running,1,2332.9,10.61,4.8,61.32,46.63,Pump A Running
2026-08-15T23:15:00+00:00,Running,1,2395.5,10.5,4.74,61.91,46.65,Pump A Running
2026-08-15T23:30:00+00:00,Running,1,2260.8,10.66,4.93,60.29,46.94,Pump A Running
2026-08-15T23:45:00+00:00,Running,1,2266.6,10.68,4.79,58.7,45.71,Pump A Running
2026-08-16T00:00:00+00:00,Running,1,2257.8,10.58,5.01,60.91,47.05,Pump A Running
2026-08-16T00:15:00+00:00,Running,1,2303.8,10.6,4.78,63.63,47.08,Pump A Running
2026-08-16T00:30:00+00:00,Running,1,2245.6,10.49,4.89,61.32,45.91,Pump A Running
2026-08-16T00:45:00+00:00,Running,1,2213.3,10.75,4.67,64.29,46.5,Pump A Running
2026-08-16T01:00:00+00:00,Running,1,2383.9,10.62,4.82,60.24,45.83,Pump A Running
2026-08-16T01:15:00+00:00,Running,1,2250.7,10.54,4.77,60.16,46.15,Pump A Running
2026-08-16T01:30:00+00:00,Running,1,2550.4,10.6,4.84,62.79,46.47,Pump A Running
2026-08-16T01:45:00+00:00,Running,1,2210.8,10.69,4.86,62.44,46.06,Pump A Running
2026-08-16T02:00:00+00:00,Stopped,0,0.0,0.0,0.13,0.0,29.24,Pumps Stopped
2026-08-16T02:15:00+00:00,Stopped,0,0.0,0.0,0.13,0.0,29.07,Pumps Stopped
2026-08-16T02:30:00+00:00,Stopped,0,0.0,0.0,0.09,0.0,29.09,Pumps Stopped
2026-08-16T02:45:00+00:00,Stopped,0,0.0,0.0,0.11,0.0,29.27,Pumps Stopped
2026-08-16T03:00:00+00:00,Stopped,0,0.0,0.0,0.13,0.0,29.36,Pumps Stopped
2026-08-16T03:15:00+00:00,Stopped,0,0.0,0.0,0.16,0.0,29.07,Pumps Stopped
2026-08-16T03:30:00+00:00,Running,1,2347.2,10.65,4.65,62.29,45.85,Pump A Running
2026-08-16T03:45:00+00:00,Running,1,2217.3,10.64,4.81,63.22,46.07,Pump A Running
2026-08-16T04:00:00+00:00,Running,1,2254.0,10.59,4.7,63.13,46.56,Pump A Running
2026-08-16T04:15:00+00:00,Running,1,2127.6,10.64,4.95,60.61,46.73,Pump A Running
2026-08-16T04:30:00+00:00,Running,1,2187.6,10.54,4.87,60.5,46.86,Pump A Running
2026-08-16T04:45:00+00:00,Running,1,2254.2,10.61,4.74,60.93,46.03,Pump A Running
2026-08-16T05:00:00+00:00,Running,1,2069.3,10.63,4.86,61.01,45.48,Pump A Running
2026-08-16T05:15:00+00:00,Running,1,2327.7,10.62,4.81,62.53,46.15,Pump A Running
2026-08-16T05:30:00+00:00,Running,1,2148.0,10.61,4.85,62.51,46.23,Pump A Running
2026-08-16T05:45:00+00:00,Running,1,2292.9,10.62,4.82,61.92,46.44,Pump A Running
2026-08-16T06:00:00+00:00,Running,1,2126.9,10.52,4.79,60.81,47.0,Pump A Running
2026-08-16T06:15:00+00:00,Running,1,2228.4,10.45,4.98,63.83,46.4,Pump A Running
2026-08-16T06:30:00+00:00,Running,1,2168.4,10.6,4.76,62.1,46.29,Pump A Running
2026-08-16T06:45:00+00:00,Running,1,2289.0,10.61,4.9,62.07,45.63,Pump A Running
2026-08-16T07:00:00+00:00,Running,1,2309.5,10.6,4.88,63.25,46.18,Pump A Running
2026-08-16T07:15:00+00:00,Running,1,2376.3,10.57,4.73,61.99,46.08,Pump A Running
2026-08-16T07:30:00+00:00,Running,1,2066.7,10.57,4.86,62.0,45.83,Pump A Running
2026-08-16T07:45:00+00:00,Running,1,2314.4,10.61,4.91,60.45,47.02,Pump A Running
2026-08-16T08:00:00+00:00,Running,1,2227.2,10.68,4.95,60.6,46.28,Pump A Running
2026-08-16T08:15:00+00:00,Running,1,2353.2,10.57,4.82,62.28,46.25,Pump A Running
2026-08-16T08:30:00+00:00,Running,1,2008.0,10.68,4.71,60.15,46.74,Pump A Running
2026-08-16T08:45:00+00:00,Running,1,2139.9,10.62,4.84,61.12,46.74,Pump A Running
2026-08-16T09:00:00+00:00,Running,1,2211.9,10.46,4.87,60.18,46.53,Pump A Running
2026-08-16T09:15:00+00:00,Running,1,2177.6,10.67,4.86,62.42,46.08,Pump A Running
2026-08-16T09:30:00+00:00,Running,1,2200.3,10.44,4.78,60.58,46.96,Pump A Running
2026-08-16T09:45:00+00:00,Running,1,2105.8,10.7,4.76,61.84,46.44,Pump A Running
2026-08-16T10:00:00+00:00,Running,1,2183.8,10.59,4.95,61.81,45.82,Pump A Running
2026-08-16T10:15:00+00:00,Running,1,2009.0,10.59,4.84,61.81,46.29,Pump A Running
2026-08-16T10:30:00+00:00,Running,1,2012.0,10.52,4.89,61.4,45.76,Pump A Running
2026-08-16T10:45:00+00:00,Running,1,2123.1,10.58,4.87,61.3,45.87,Pump A Running
2026-08-16T11:00:00+00:00,Running,1,2345.3,10.51,4.68,60.99,46.82,Pump A Running
2026-08-16T11:15:00+00:00,Running,1,2162.2,10.63,4.75,61.03,46.47,Pump A Running
2026-08-16T11:30:00+00:00,Running,1,2106.5,10.66,4.67,62.97,46.57,Pump A Running
2026-08-16T11:45:00+00:00,Running,1,2189.1,10.68,4.8,62.37,46.21,Pump A Running
2026-08-16T12:00:00+00:00,Running,1,2112.6,10.5,4.79,61.9,47.26,Pump A Running
2026-08-16T12:15:00+00:00,Running,1,2103.8,10.59,4.88,61.16,46.76,Pump A Running
2026-08-16T12:30:00+00:00,Running,1,2116.5,10.6,4.8,61.2,45.98,Pump A Running
2026-08-16T12:45:00+00:00,Running,1,1996.7,10.53,5.0,62.07,46.83,Pump A Running
2026-08-16T13:00:00+00:00,Running,1,2145.7,10.54,4.9,61.3,46.12,Pump A Running
2026-08-16T13:15:00+00:00,Running,1,2218.5,10.69,4.82,62.3,46.19,Pump A Running
2026-08-16T13:30:00+00:00,Running,1,2124.3,10.64,4.89,60.69,46.7,Pump A Running
2026-08-16T13:45:00+00:00,Running,1,2274.9,10.61,4.64,60.67,45.55,Pump A Running
2026-08-16T14:00:00+00:00,Running,1,2184.4,10.67,4.8,64.73,45.49,Pump A Running
2026-08-16T14:15:00+00:00,Running,1,2149.1,10.65,5.02,62.55,46.35,Pump A Running
2026-08-16T14:30:00+00:00,Running,1,2083.0,10.6,4.83,58.68,46.39,Pump A Running
2026-08-16T14:45:00+00:00,Running,1,2175.4,10.49,4.75,61.52,46.55,Pump A Running
2026-08-16T15:00:00+00:00,Running,1,2159.2,10.49,4.85,62.3,46.66,Pump A Running
2026-08-16T15:15:00+00:00,Running,1,2199.7,10.61,4.7,61.45,46.69,Pump A Running
2026-08-16T15:30:00+00:00,Running,1,2116.0,10.62,4.76,60.15,45.74,Pump A Running
2026-08-16T15:45:00+00:00,Running,1,2179.2,10.72,4.76,60.15,46.11,Pump A Running
2026-08-16T16:00:00+00:00,Running,1,2281.4,10.65,4.78,59.63,45.94,Pump A Running
2026-08-16T16:15:00+00:00,Running,1,2284.4,10.69,4.72,63.48,46.34,Pump A Running
2026-08-16T16:30:00+00:00,Running,1,2127.9,10.58,4.63,61.32,47.35,Pump A Running
2026-08-16T16:45:00+00:00,Running,1,2158.8,10.55,4.75,61.3,46.19,Pump A Running
2026-08-16T17:00:00+00:00,Running,1,2204.3,10.59,4.89,59.28,46.34,Pump A Running
2026-08-16T17:15:00+00:00,Running,1,2412.8,10.54,4.77,62.44,45.46,Pump A Running
2026-08-16T17:30:00+00:00,Running,1,2292.9,10.63,4.74,60.55,45.66,Pump A Running
2026-08-16T17:45:00+00:00,Running,1,2175.6,10.63,4.84,62.32,46.2,Pump A Running
2026-08-16T18:00:00+00:00,Running,1,2209.6,10.65,4.78,62.04,46.84,Pump A Running
2026-08-16T18:15:00+00:00,Running,1,2343.5,10.49,5.06,61.88,46.1,Pump A Running
2026-08-16T18:30:00+00:00,Running,1,2082.8,10.45,4.87,59.16,45.84,Pump A Running
2026-08-16T18:45:00+00:00,Running,1,2001.1,10.62,4.76,60.02,46.02,Pump A Running
2026-08-16T19:00:00+00:00,Running,1,2249.2,10.62,4.64,60.31,46.16,Pump A Running
2026-08-16T19:15:00+00:00,Running,1,2186.0,10.67,4.76,60.42,46.22,Pump A Running
2026-08-16T19:30:00+00:00,Running,1,2217.5,10.56,4.93,59.76,46.22,Pump A Running
2026-08-16T19:45:00+00:00,Running,1,2202.8,10.53,4.86,60.8,45.96,Pump A Running
2026-08-16T20:00:00+00:00,Running,1,2283.6,10.52,4.82,61.65,46.59,Pump A Running
2026-08-16T20:15:00+00:00,Running,1,2028.8,10.56,4.76,60.24,46.11,Pump A Running
2026-08-16T20:30:00+00:00,Running,1,2298.1,10.48,4.76,62.51,47.1,Pump A Running
2026-08-16T20:45:00+00:00,Running,1,2215.9,10.58,4.71,58.04,46.54,Pump A Running
2026-08-16T21:00:00+00:00,Running,1,2250.4,10.58,4.87,63.2,46.4,Pump A Running
2026-08-16T21:15:00+00:00,Running,1,2210.3,10.6,4.93,60.99,46.87,Pump A Running
2026-08-16T21:30:00+00:00,Running,1,2234.0,10.69,4.87,60.58,47.57,Pump A Running
2026-08-16T21:45:00+00:00,Running,1,2255.3,10.59,4.79,59.95,46.4,Pump A Running
2026-08-16T22:00:00+00:00,Running,1,2099.9,10.61,4.77,61.88,46.23,Pump A Running
2026-08-16T22:15:00+00:00,Running,1,2180.9,10.5,4.82,62.06,45.95,Pump A Running
2026-08-16T22:30:00+00:00,Running,1,2263.6,10.58,4.85,60.62,46.24,Pump A Running
2026-08-16T22:45:00+00:00,Running,1,2376.1,10.56,4.81,60.83,46.23,Pump A Running
2026-08-16T23:00:00+00:00,Running,1,2272.4,10.57,4.9,59.32,46.18,Pump A Running
2026-08-16T23:15:00+00:00,Running,1,2111.9,10.57,4.91,60.71,46.1,Pump A Running
2026-08-16T23:30:00+00:00,Running,1,2387.1,10.66,4.84,59.87,46.11,Pump A Running
2026-08-16T23:45:00+00:00,Running,1,2229.8,10.72,4.73,60.78,46.1,Pump A Running
2026-08-17T00:00:00+00:00,Running,1,2270.0,10.64,4.83,61.76,46.25,Pump A Running
2026-08-17T00:15:00+00:00,Running,1,2379.8,10.6,4.8,61.81,46.89,Pump A Running
2026-08-17T00:30:00+00:00,Running,1,2424.1,10.5,4.81,61.98,46.59,Pump A Running
2026-08-17T00:45:00+00:00,Running,1,2278.2,10.63,4.66,61.63,46.45,Pump A Running
2026-08-17T01:00:00+00:00,Running,1,2476.8,10.58,4.86,59.18,45.34,Pump A Running
2026-08-17T01:15:00+00:00,Running,1,2406.1,10.5,4.79,61.34,45.64,Pump A Running
2026-08-17T01:30:00+00:00,Running,1,2176.0,10.55,4.93,60.48,46.53,Pump A Running
2026-08-17T01:45:00+00:00,Running,1,2135.4,10.5,4.58,60.83,46.39,Pump A Running
2026-08-17T02:00:00+00:00,Stopped,0,0.0,0.0,0.13,0.0,28.89,Pumps Stopped
2026-08-17T02:15:00+00:00,Stopped,0,0.0,0.0,0.06,0.0,28.96,Pumps Stopped
2026-08-17T02:30:00+00:00,Stopped,0,0.0,0.0,0.09,0.0,28.53,Pumps Stopped
2026-08-17T02:45:00+00:00,Stopped,0,0.0,0.0,0.12,0.0,28.66,Pumps Stopped
2026-08-17T03:00:00+00:00,Stopped,0,0.0,0.0,0.11,0.0,28.93,Pumps Stopped
2026-08-17T03:15:00+00:00,Stopped,0,0.0,0.0,0.17,0.0,28.71,Pumps Stopped
2026-08-17T03:30:00+00:00,Running,1,2405.9,10.53,4.72,61.93,46.15,Pump A Running
2026-08-17T03:45:00+00:00,Running,1,2332.8,10.46,4.9,60.16,46.7,Pump A Running
2026-08-17T04:00:00+00:00,Running,1,2402.7,10.66,4.74,61.46,45.99,Pump A Running
2026-08-17T04:15:00+00:00,Running,1,2333.2,10.54,4.8,62.03,46.29,Pump A Running
2026-08-17T04:30:00+00:00,Running,1,2201.3,10.54,4.69,60.77,46.9,Pump A Running
2026-08-17T04:45:00+00:00,Running,1,2380.9,10.48,4.8,62.51,45.85,Pump A Running
2026-08-17T05:00:00+00:00,Running,1,2361.2,10.54,4.71,59.83,46.0,Pump A Running
2026-08-17T05:15:00+00:00,Running,1,2345.8,10.65,4.65,61.38,45.82,Pump A Running
2026-08-17T05:30:00+00:00,Running,1,2265.5,10.7,4.7,63.01,46.26,Pump A Running
2026-08-17T05:45:00+00:00,Running,1,2359.0,10.67,4.81,61.11,46.08,Pump A Running
2026-08-17T06:00:00+00:00,Running,1,2313.3,10.62,4.78,61.47,46.76,Pump A Running
2026-08-17T06:15:00+00:00,Running,1,2117.5,10.63,4.77,61.93,46.23,Pump A Running
2026-08-17T06:30:00+00:00,Running,1,2416.8,10.51,4.83,60.15,46.8,Pump A Running
2026-08-17T06:45:00+00:00,Running,1,2340.6,10.63,4.6,62.92,45.75,Pump A Running
2026-08-17T07:00:00+00:00,Running,1,2365.3,10.63,4.95,64.07,46.09,Pump A Running
2026-08-17T07:15:00+00:00,Running,1,2468.8,10.61,4.8,59.52,46.04,Pump A Running
2026-08-17T07:30:00+00:00,Running,1,2415.2,10.55,4.67,60.28,46.38,Pump A Running
2026-08-17T07:45:00+00:00,Running,1,2481.9,10.73,4.67,62.15,47.15,Pump A Running
2026-08-17T08:00:00+00:00,Running,1,2442.9,10.69,4.93,60.38,46.23,Pump A Running
2026-08-17T08:15:00+00:00,Running,1,2363.0,10.67,4.87,59.7,46.47,Pump A Running
2026-08-17T08:30:00+00:00,Running,1,2425.1,10.62,4.85,61.27,46.29,Pump A Running
2026-08-17T08:45:00+00:00,Running,1,2292.8,10.63,4.77,59.88,46.59,Pump A Running
2026-08-17T09:00:00+00:00,Running,1,2370.4,10.69,4.67,59.31,46.06,Pump A Running
2026-08-17T09:15:00+00:00,Running,1,2510.2,10.5,4.8,61.6,46.09,Pump A Running
2026-08-17T09:30:00+00:00,Running,1,2479.5,10.54,4.84,62.85,46.07,Pump A Running
2026-08-17T09:45:00+00:00,Running,1,2470.9,10.6,4.96,59.56,46.21,Pump A Running
2026-08-17T10:00:00+00:00,Running,1,2305.8,10.64,4.63,62.17,46.27,Pump A Running
2026-08-17T10:15:00+00:00,Running,1,2388.2,10.62,4.84,60.26,46.56,Pump A Running
2026-08-17T10:30:00+00:00,Running,1,2357.2,10.51,4.73,59.69,46.16,Pump A Running
2026-08-17T10:45:00+00:00,Running,1,2579.0,10.58,4.83,62.74,46.15,Pump A Running
2026-08-17T11:00:00+00:00,Running,1,2451.4,10.48,4.67,59.45,46.72,Pump A Running
2026-08-17T11:15:00+00:00,Running,1,2498.7,10.66,4.82,60.2,46.3,Pump A Running
2026-08-17T11:30:00+00:00,Running,1,2383.6,10.6,4.84,62.42,45.94,Pump A Running
2026-08-17T11:45:00+00:00,Running,1,2526.9,10.58,4.85,61.19,47.19,Pump A Running
2026-08-17T12:00:00+00:00,Running,1,2448.9,10.66,4.76,60.65,45.98,Pump A Running
2026-08-17T12:15:00+00:00,Running,1,2549.1,10.61,4.89,59.83,46.84,Pump A Running
2026-08-17T12:30:00+00:00,Running,1,2607.9,10.6,4.79,60.78,46.77,Pump A Running
2026-08-17T12:45:00+00:00,Running,1,2638.1,10.64,4.82,59.96,46.24,Pump A Running
2026-08-17T13:00:00+00:00,Running,1,2473.1,10.5,4.77,61.08,46.41,Pump A Running
2026-08-17T13:15:00+00:00,Running,1,2548.9,10.52,4.91,59.02,46.24,Pump A Running
2026-08-17T13:30:00+00:00,Running,1,2647.7,10.6,4.77,62.48,46.78,Pump A Running
2026-08-17T13:45:00+00:00,Running,1,2566.1,10.64,4.97,61.29,46.72,Pump A Running
2026-08-17T14:00:00+00:00,Running,1,2542.8,10.51,4.92,61.32,46.26,Pump A Running
2026-08-17T14:15:00+00:00,Running,1,2485.5,10.65,4.71,61.89,46.54,Pump A Running
2026-08-17T14:30:00+00:00,Running,1,2465.9,10.62,4.74,60.11,46.14,Pump A Running
2026-08-17T14:45:00+00:00,Running,1,2498.6,10.66,4.94,61.7,46.05,Pump A Running
2026-08-17T15:00:00+00:00,Running,1,2488.1,10.55,4.91,59.97,46.92,Pump A Running
2026-08-17T15:15:00+00:00,Running,1,2527.2,10.53,4.76,62.02,46.74,Pump A Running
2026-08-17T15:30:00+00:00,Running,1,2557.0,10.52,4.77,62.45,46.61,Pump A Running
2026-08-17T15:45:00+00:00,Running,1,2608.7,10.56,4.84,59.47,46.98,Pump A Running
2026-08-17T16:00:00+00:00,Running,1,2670.7,10.59,4.79,63.55,46.46,Pump A Running
2026-08-17T16:15:00+00:00,Running,1,2829.6,10.78,4.8,62.42,46.21,Pump A Running
2026-08-17T16:30:00+00:00,Running,1,2730.3,10.49,4.74,59.7,46.33,Pump A Running
2026-08-17T16:45:00+00:00,Running,1,2651.5,10.59,4.68,60.27,45.68,Pump A Running
2026-08-17T17:00:00+00:00,Running,1,2804.2,10.47,4.73,61.58,46.03,Pump A Running
2026-08-17T17:15:00+00:00,Running,1,2506.0,10.67,4.78,60.61,46.33,Pump A Running
2026-08-17T17:30:00+00:00,Running,1,2571.6,10.46,5.0,60.5,46.93,Pump A Running
2026-08-17T17:45:00+00:00,Running,1,2601.5,10.6,4.71,60.71,46.74,Pump A Running
2026-08-17T18:00:00+00:00,Running,1,2602.6,10.74,4.72,60.27,47.23,Pump A Running
2026-08-17T18:15:00+00:00,Running,1,2743.7,10.62,4.61,62.72,47.07,Pump A Running
2026-08-17T18:30:00+00:00,Running,1,2596.6,10.58,4.87,63.27,46.69,Pump A Running
2026-08-17T18:45:00+00:00,Running,1,2785.0,10.54,4.64,62.81,46.71,Pump A Running
2026-08-17T19:00:00+00:00,Running,1,2522.0,10.53,4.85,59.72,46.94,Pump A Running
2026-08-17T19:15:00+00:00,Running,1,2544.6,10.68,4.6,61.08,46.43,Pump A Running
2026-08-17T19:30:00+00:00,Running,1,2819.1,10.69,4.8,60.54,46.64,Pump A Running
2026-08-17T19:45:00+00:00,Running,1,2757.2,10.51,4.76,61.46,46.95,Pump A Running
2026-08-17T20:00:00+00:00,Running,1,2641.3,10.48,4.63,60.87,46.15,Pump A Running
2026-08-17T20:15:00+00:00,Running,1,2577.1,10.68,4.91,62.05,45.66,Pump A Running
2026-08-17T20:30:00+00:00,Running,1,2645.7,10.66,4.71,60.7,47.44,Pump A Running
2026-08-17T20:45:00+00:00,Running,1,2533.6,10.61,4.84,61.39,46.3,Pump A Running
2026-08-17T21:00:00+00:00,Running,1,2704.6,10.63,4.89,60.69,45.9,Pump A Running
2026-08-17T21:15:00+00:00,Running,1,2662.1,10.51,4.8,62.19,46.42,Pump A Running
2026-08-17T21:30:00+00:00,Running,1,2855.4,10.65,4.72,60.54,46.05,Pump A Running
2026-08-17T21:45:00+00:00,Running,1,2722.6,10.55,4.76,60.63,47.05,Pump A Running
2026-08-17T22:00:00+00:00,Running,1,2801.4,10.59,4.69,60.44,46.12,Pump A Running
2026-08-17T22:15:00+00:00,Running,1,2753.1,10.39,4.75,60.63,46.73,Pump A Running
2026-08-17T22:30:00+00:00,Running,1,2724.1,10.63,4.91,60.64,46.15,Pump A Running
2026-08-17T22:45:00+00:00,Running,1,2567.6,10.66,4.84,60.77,46.73,Pump A Running
2026-08-17T23:00:00+00:00,Running,1,2565.2,10.58,4.73,63.2,46.98,Pump A Running
2026-08-17T23:15:00+00:00,Running,1,2675.5,10.72,4.65,59.56,45.99,Pump A Running
2026-08-17T23:30:00+00:00,Running,1,2673.8,10.66,4.79,60.5,46.45,Pump A Running
2026-08-17T23:45:00+00:00,Running,1,2672.0,10.61,4.7,62.77,46.14,Pump A Running
2026-08-18T00:00:00+00:00,Running,1,2728.2,10.49,4.76,62.3,46.19,Pump A Running
2026-08-18T00:15:00+00:00,Running,1,2765.6,10.69,4.97,59.52,46.14,Pump A Running
2026-08-18T00:30:00+00:00,Running,1,2592.3,10.6,4.89,59.8,46.38,Pump A Running
2026-08-18T00:45:00+00:00,Running,1,2481.1,10.64,4.81,61.88,45.6,Pump A Running
2026-08-18T01:00:00+00:00,Running,1,2849.4,10.55,4.89,61.33,46.63,Pump A Running
2026-08-18T01:15:00+00:00,Running,1,2730.1,10.65,4.64,59.55,45.93,Pump A Running
2026-08-18T01:30:00+00:00,Running,1,2754.6,10.47,4.76,60.72,46.88,Pump A Running
2026-08-18T01:45:00+00:00,Running,1,2677.4,10.62,4.71,60.97,45.62,Pump A Running
2026-08-18T02:00:00+00:00,Stopped,0,0.0,0.0,0.12,0.0,28.76,Pumps Stopped
2026-08-18T02:15:00+00:00,Stopped,0,0.0,0.0,0.12,0.0,28.42,Pumps Stopped
2026-08-18T02:30:00+00:00,Stopped,0,0.0,0.0,0.13,0.0,29.49,Pumps Stopped
2026-08-18T02:45:00+00:00,Stopped,0,0.0,0.0,0.15,0.0,28.48,Pumps Stopped
2026-08-18T03:00:00+00:00,Stopped,0,0.0,0.0,0.16,0.0,28.96,Pumps Stopped
2026-08-18T03:15:00+00:00,Stopped,0,0.0,0.0,0.16,0.0,28.74,Pumps Stopped
2026-08-18T03:30:00+00:00,Running,1,2743.1,10.61,4.79,57.85,47.0,Pump A Running
2026-08-18T03:45:00+00:00,Running,1,2779.0,10.61,4.74,59.82,46.08,Pump A Running
2026-08-18T04:00:00+00:00,Running,1,2599.5,10.62,4.67,59.29,46.98,Pump A Running
2026-08-18T04:15:00+00:00,Running,1,2762.2,10.53,4.84,62.09,46.77,Pump A Running
2026-08-18T04:30:00+00:00,Running,1,2729.5,10.6,4.75,60.95,45.79,Pump A Running
2026-08-18T04:45:00+00:00,Running,1,2536.9,10.67,4.78,58.49,46.31,Pump A Running
2026-08-18T05:00:00+00:00,Running,1,2770.3,10.49,4.74,61.04,47.16,Pump A Running
2026-08-18T05:15:00+00:00,Running,1,2959.2,10.66,4.89,58.69,47.05,Pump A Running
2026-08-18T05:30:00+00:00,Running,1,2817.2,10.56,4.76,61.48,46.7,Pump A Running
2026-08-18T05:45:00+00:00,Running,1,2734.8,10.64,4.69,60.62,46.1,Pump A Running
2026-08-18T06:00:00+00:00,Running,1,2565.9,10.73,4.64,62.27,46.62,Pump A Running
2026-08-18T06:15:00+00:00,Running,1,2707.9,10.66,4.7,58.33,46.39,Pump A Running
2026-08-18T06:30:00+00:00,Running,1,2723.7,10.67,4.66,61.77,45.22,Pump A Running
2026-08-18T06:45:00+00:00,Running,1,2834.5,10.48,4.76,62.05,45.21,Pump A Running
2026-08-18T07:00:00+00:00,Running,1,2840.3,10.6,4.8,59.64,45.61,Pump A Running
2026-08-18T07:15:00+00:00,Running,1,2793.4,10.62,4.74,58.47,47.04,Pump A Running
2026-08-18T07:30:00+00:00,Running,1,2647.7,10.62,4.76,60.09,46.86,Pump A Running
2026-08-18T07:45:00+00:00,Running,1,2669.2,10.53,4.69,61.02,45.93,Pump A Running
2026-08-18T08:00:00+00:00,Running,1,2745.8,10.6,4.93,62.44,47.21,Pump A Running
2026-08-18T08:15:00+00:00,Running,1,2854.3,10.67,4.79,60.64,46.42,Pump A Running
2026-08-18T08:30:00+00:00,Running,1,2766.0,10.7,4.77,60.59,46.03,Pump A Running
2026-08-18T08:45:00+00:00,Running,1,2805.6,10.48,4.89,60.24,46.97,Pump A Running
2026-08-18T09:00:00+00:00,Running,1,2833.7,10.66,4.75,61.24,45.9,Pump A Running
2026-08-18T09:15:00+00:00,Running,1,2684.0,10.72,4.8,60.34,46.45,Pump A Running
2026-08-18T09:30:00+00:00,Running,1,2747.4,10.6,4.71,59.84,46.01,Pump A Running
2026-08-18T09:45:00+00:00,Running,1,2749.3,10.68,4.79,59.87,46.3,Pump A Running
2026-08-18T10:00:00+00:00,Running,1,2622.5,10.63,4.89,61.03,45.71,Pump A Running
2026-08-18T10:15:00+00:00,Running,1,2614.9,10.61,4.89,59.09,47.34,Pump A Running
2026-08-18T10:30:00+00:00,Running,1,2735.0,10.72,4.67,60.85,46.24,Pump A Running
2026-08-18T10:45:00+00:00,Running,1,2734.7,10.56,4.76,60.65,46.33,Pump A Running
2026-08-18T11:00:00+00:00,Running,1,2721.9,10.56,4.84,62.09,45.73,Pump A Running
2026-08-18T11:15:00+00:00,Running,1,2724.6,10.61,4.84,57.99,46.37,Pump A Running
2026-08-18T11:30:00+00:00,Running,1,2897.7,10.56,4.73,61.5,46.62,Pump A Running
2026-08-18T11:45:00+00:00,Running,1,2641.9,10.75,4.73,62.77,46.47,Pump A Running
2026-08-18T12:00:00+00:00,Running,1,2560.7,10.67,4.85,62.1,46.75,Pump A Running
2026-08-18T12:15:00+00:00,Running,1,2764.4,10.5,4.72,59.26,46.87,Pump A Running
2026-08-18T12:30:00+00:00,Running,1,2716.8,10.67,4.77,59.55,45.81,Pump A Running
2026-08-18T12:45:00+00:00,Running,1,2737.0,10.6,4.71,61.25,46.43,Pump A Running
2026-08-18T13:00:00+00:00,Running,1,2701.9,10.63,4.59,59.27,47.38,Pump A Running
2026-08-18T13:15:00+00:00,Running,1,2734.5,10.72,4.71,60.84,47.32,Pump A Running
2026-08-18T13:30:00+00:00,Running,1,2759.8,10.63,4.76,60.05,46.03,Pump A Running
2026-08-18T13:45:00+00:00,Running,1,2537.0,10.51,4.79,61.26,45.48,Pump A Running
2026-08-18T14:00:00+00:00,Running,1,2812.1,10.52,4.77,61.33,46.52,Pump A Running
2026-08-18T14:15:00+00:00,Running,1,2657.1,10.61,4.54,62.05,47.44,Pump A Running
2026-08-18T14:30:00+00:00,Running,1,2616.4,10.66,4.74,59.07,46.45,Pump A Running
2026-08-18T14:45:00+00:00,Running,1,2588.6,10.52,4.8,62.75,46.62,Pump A Running
2026-08-18T15:00:00+00:00,Running,1,2599.0,10.62,4.77,60.83,46.28,Pump A Running
2026-08-18T15:15:00+00:00,Running,1,2624.0,10.55,4.74,60.89,46.51,Pump A Running
2026-08-18T15:30:00+00:00,Running,1,2683.7,10.51,4.74,59.66,46.07,Pump A Running
2026-08-18T15:45:00+00:00,Running,1,2693.0,10.47,4.76,60.22,45.34,Pump A Running
2026-08-18T16:00:00+00:00,Running,1,2824.0,10.46,4.86,58.58,47.12,Pump A Running
2026-08-18T16:15:00+00:00,Running,1,2673.4,10.64,4.75,60.35,47.32,Pump A Running
2026-08-18T16:30:00+00:00,Running,1,2703.4,10.56,4.85,59.17,46.59,Pump A Running
2026-08-18T16:45:00+00:00,Running,1,2590.6,10.58,4.87,61.21,45.83,Pump A Running
2026-08-18T17:00:00+00:00,Running,1,2713.4,10.63,4.72,59.65,45.63,Pump A Running
2026-08-18T17:15:00+00:00,Running,1,2564.6,10.67,4.84,60.53,46.28,Pump A Running
2026-08-18T17:30:00+00:00,Running,1,2530.9,10.53,4.77,59.61,46.37,Pump A Running
2026-08-18T17:45:00+00:00,Running,1,2696.8,10.62,4.57,60.72,46.69,Pump A Running
2026-08-18T18:00:00+00:00,Running,1,2814.5,10.56,4.86,61.26,46.62,Pump A Running
2026-08-18T18:15:00+00:00,Running,1,2689.2,10.5,4.82,60.62,46.64,Pump A Running
2026-08-18T18:30:00+00:00,Running,1,2585.8,10.59,4.67,60.13,46.6,Pump A Running
2026-08-18T18:45:00+00:00,Running,1,2491.4,10.68,4.65,60.84,45.43,Pump A Running
2026-08-18T19:00:00+00:00,Running,1,2526.6,10.52,4.88,63.86,46.77,Pump A Running
2026-08-18T19:15:00+00:00,Running,1,2616.9,10.69,4.81,61.92,46.84,Pump A Running
2026-08-18T19:30:00+00:00,Running,1,2530.9,10.65,4.85,59.52,46.37,Pump A Running
2026-08-18T19:45:00+00:00,Running,1,2598.7,10.59,4.75,60.81,46.51,Pump A Running
2026-08-18T20:00:00+00:00,Running,1,2462.4,10.69,4.76,59.42,46.09,Pump A Running
2026-08-18T20:15:00+00:00,Running,1,2595.2,10.69,4.88,58.48,46.75,Pump A Running
2026-08-18T20:30:00+00:00,Running,1,2714.8,10.67,4.79,59.64,46.36,Pump A Running
2026-08-18T20:45:00+00:00,Running,1,2601.5,10.61,4.77,61.92,46.03,Pump A Running
2026-08-18T21:00:00+00:00,Running,1,2461.3,10.61,4.77,61.25,45.97,Pump A Running
2026-08-18T21:15:00+00:00,Running,1,2480.0,10.61,4.74,61.58,46.11,Pump A Running
2026-08-18T21:30:00+00:00,Running,1,2632.9,10.55,4.8,62.98,46.35,Pump A Running
2026-08-18T21:45:00+00:00,Running,1,2500.2,10.48,4.78,58.7,46.9,Pump A Running
2026-08-18T22:00:00+00:00,Running,1,2477.4,10.7,4.79,60.68,46.58,Pump A Running
2026-08-18T22:15:00+00:00,Running,1,2613.9,10.64,4.72,61.56,46.17,Pump A Running
2026-08-18T22:30:00+00:00,Running,1,2459.6,10.69,4.9,58.4,46.84,Pump A Running
2026-08-18T22:45:00+00:00,Running,1,2466.7,10.56,4.84,60.83,46.71,Pump A Running
2026-08-18T23:00:00+00:00,Running,1,2748.3,10.6,4.58,60.33,46.62,Pump A Running
2026-08-18T23:15:00+00:00,Running,1,2584.0,10.65,4.73,62.26,46.85,Pump A Running
2026-08-18T23:30:00+00:00,Running,1,2513.2,10.68,4.84,62.83,46.06,Pump A Running
2026-08-18T23:45:00+00:00,Running,1,2533.4,10.53,4.8,59.6,46.81,Pump A Running
2026-08-19T00:00:00+00:00,Running,1,2508.4,10.46,4.9,61.3,46.26,Pump A Running
2026-08-19T00:15:00+00:00,Running,1,2624.5,10.43,4.9,58.79,46.83,Pump A Running
2026-08-19T00:30:00+00:00,Running,1,2465.4,10.62,4.74,59.6,46.56,Pump A Running
2026-08-19T00:45:00+00:00,Running,1,2623.1,10.57,4.78,58.2,46.9,Pump A Running
2026-08-19T01:00:00+00:00,Running,1,2575.6,10.59,4.78,59.15,47.12,Pump A Running
2026-08-19T01:15:00+00:00,Running,1,2581.6,10.67,4.74,60.37,46.03,Pump A Running
2026-08-19T01:30:00+00:00,Running,1,2470.0,10.58,4.66,62.96,45.63,Pump A Running
2026-08-19T01:45:00+00:00,Running,1,2365.7,10.68,4.75,58.43,46.71,Pump A Running
2026-08-19T02:00:00+00:00,Stopped,0,0.0,0.0,0.13,0.0,29.64,Pumps Stopped
2026-08-19T02:15:00+00:00,Stopped,0,0.0,0.0,0.17,0.0,29.33,Pumps Stopped
2026-08-19T02:30:00+00:00,Stopped,0,0.0,0.0,0.1,0.0,29.02,Pumps Stopped
2026-08-19T02:45:00+00:00,Stopped,0,0.0,0.0,0.1,0.0,29.11,Pumps Stopped
2026-08-19T03:00:00+00:00,Stopped,0,0.0,0.0,0.14,0.0,29.17,Pumps Stopped
2026-08-19T03:15:00+00:00,Stopped,0,0.0,0.0,0.14,0.0,29.2,Pumps Stopped
2026-08-19T03:30:00+00:00,Running,1,2511.8,10.65,4.67,62.41,46.4,Pump A Running
2026-08-19T03:45:00+00:00,Running,1,2354.9,10.65,4.91,57.72,46.22,Pump A Running
2026-08-19T04:00:00+00:00,Running,1,2365.0,10.62,4.74,57.97,46.73,Pump A Running
2026-08-19T04:15:00+00:00,Running,1,2355.9,10.53,4.73,61.91,46.39,Pump A Running
2026-08-19T04:30:00+00:00,Running,1,2305.0,10.46,4.74,60.21,47.48,Pump A Running
2026-08-19T04:45:00+00:00,Running,1,2458.3,10.65,4.82,59.89,46.83,Pump A Running
2026-08-19T05:00:00+00:00,Running,1,2405.6,10.66,4.73,61.46,46.18,Pump A Running
2026-08-19T05:15:00+00:00,Running,1,2516.8,10.51,4.93,58.78,46.57,Pump A Running
2026-08-19T05:30:00+00:00,Running,1,2372.0,10.57,4.73,61.25,47.2,Pump A Running
2026-08-19T05:45:00+00:00,Running,1,2475.9,10.52,4.89,62.04,46.36,Pump A Running
2026-08-19T06:00:00+00:00,Running,1,2365.9,10.47,4.71,58.89,46.88,Pump A Running
2026-08-19T06:15:00+00:00,Running,1,2340.3,10.59,4.89,57.21,47.02,Pump A Running
2026-08-19T06:30:00+00:00,Running,1,2275.0,10.72,4.74,58.83,46.5,Pump A Running
2026-08-19T06:45:00+00:00,Running,1,2358.7,10.63,4.77,59.54,46.11,Pump A Running
2026-08-19T07:00:00+00:00,Running,1,2447.6,10.66,4.76,61.61,46.95,Pump A Running
2026-08-19T07:15:00+00:00,Running,1,2117.7,10.68,4.9,60.92,46.08,Pump A Running
2026-08-19T07:30:00+00:00,Running,1,2285.9,10.6,4.85,58.57,46.58,Pump A Running
2026-08-19T07:45:00+00:00,Running,1,2229.9,10.58,4.57,57.8,46.37,Pump A Running
2026-08-19T08:00:00+00:00,Running,1,2476.4,10.61,4.85,60.59,46.58,Pump A Running
2026-08-19T08:15:00+00:00,Running,1,2329.2,10.68,4.81,60.05,46.74,Pump A Running
2026-08-19T08:30:00+00:00,Running,1,2209.3,10.66,4.82,58.79,46.7,Pump A Running
2026-08-19T08:45:00+00:00,Running,1,2205.0,10.62,4.66,60.57,46.52,Pump A Running
2026-08-19T09:00:00+00:00,Running,1,2291.0,10.71,4.78,59.67,46.55,Pump A Running
2026-08-19T09:15:00+00:00,Running,1,2301.6,10.54,4.56,58.7,46.46,Pump A Running
2026-08-19T09:30:00+00:00,Running,1,2292.9,10.71,4.8,59.91,46.15,Pump A Running
2026-08-19T09:45:00+00:00,Running,1,2343.0,10.69,4.71,61.0,46.78,Pump A Running
2026-08-19T10:00:00+00:00,Running,1,2299.5,10.66,4.83,55.83,46.54,Pump A Running
2026-08-19T10:15:00+00:00,Running,1,2344.5,10.75,4.78,60.62,46.66,Pump A Running
2026-08-19T10:30:00+00:00,Running,1,2247.6,10.51,4.75,62.08,47.05,Pump A Running
2026-08-19T10:45:00+00:00,Running,1,2280.6,10.53,4.82,61.24,46.45,Pump A Running
2026-08-19T11:00:00+00:00,Running,1,2203.2,10.58,4.76,59.65,46.06,Pump A Running
2026-08-19T11:15:00+00:00,Running,1,2327.7,10.63,4.76,62.45,46.11,Pump A Running
2026-08-19T11:30:00+00:00,Running,1,2332.7,10.63,4.81,62.85,46.7,Pump A Running
2026-08-19T11:45:00+00:00,Running,1,2384.5,10.62,4.84,60.58,46.45,Pump A Running
2026-08-19T12:00:00+00:00,Running,1,2221.1,10.56,4.62,59.05,46.79,Pump A Running
2026-08-19T12:15:00+00:00,Running,1,2344.9,10.64,4.66,58.55,46.75,Pump A Running
2026-08-19T12:30:00+00:00,Running,1,2136.8,10.58,4.59,59.52,46.94,Pump A Running
2026-08-19T12:45:00+00:00,Running,1,2378.1,10.65,4.62,61.73,46.5,Pump A Running
2026-08-19T13:00:00+00:00,Running,1,2451.9,10.58,4.66,60.92,46.24,Pump A Running
2026-08-19T13:15:00+00:00,Running,1,2249.0,10.51,4.89,59.06,45.67,Pump A Running
2026-08-19T13:30:00+00:00,Running,1,2226.9,10.7,4.81,59.91,46.68,Pump A Running
2026-08-19T13:45:00+00:00,Running,1,2402.1,10.59,4.76,60.85,47.06,Pump A Running
2026-08-19T14:00:00+00:00,Running,1,2225.9,10.58,4.75,58.76,46.19,Pump A Running
2026-08-19T14:15:00+00:00,Running,1,2152.0,10.64,4.7,59.21,46.99,Pump A Running
2026-08-19T14:30:00+00:00,Running,1,2244.8,10.71,4.73,57.91,46.63,Pump A Running
2026-08-19T14:45:00+00:00,Running,1,2137.7,10.58,4.67,59.46,45.73,Pump A Running
2026-08-19T15:00:00+00:00,Running,1,2484.1,10.56,4.79,61.65,46.95,Pump A Running
2026-08-19T15:15:00+00:00,Running,1,2184.6,10.53,4.72,59.31,45.74,Pump A Running
2026-08-19T15:30:00+00:00,Running,1,2233.8,10.56,4.6,57.82,46.47,Pump A Running
2026-08-19T15:45:00+00:00,Running,1,2168.6,10.6,4.74,62.87,46.29,Pump A Running
2026-08-19T16:00:00+00:00,Running,1,2097.3,10.53,4.64,61.44,46.29,Pump A Running
2026-08-19T16:15:00+00:00,Running,1,2117.1,10.67,4.77,59.17,46.43,Pump A Running
2026-08-19T16:30:00+00:00,Running,1,2236.5,10.68,4.67,60.54,46.36,Pump A Running
2026-08-19T16:45:00+00:00,Running,1,2162.3,10.54,4.62,61.65,46.85,Pump A Running
2026-08-19T17:00:00+00:00,Running,1,2254.1,10.6,4.7,59.97,46.75,Pump A Running
2026-08-19T17:15:00+00:00,Running,1,2297.3,10.63,4.62,58.02,46.55,Pump A Running
2026-08-19T17:30:00+00:00,Running,1,2226.2,10.5,4.87,60.73,46.66,Pump A Running
2026-08-19T17:45:00+00:00,Running,1,2120.1,10.56,4.76,57.28,46.11,Pump A Running
2026-08-19T18:00:00+00:00,Running,1,2228.9,10.64,4.84,59.6,46.35,Pump A Running
2026-08-19T18:15:00+00:00,Running,1,2278.7,10.56,4.63,59.3,47.49,Pump A Running
2026-08-19T18:30:00+00:00,Running,1,2281.8,10.53,4.91,59.98,46.75,Pump A Running
2026-08-19T18:45:00+00:00,Running,1,2231.3,10.63,4.85,60.83,46.8,Pump A Running
2026-08-19T19:00:00+00:00,Running,1,2179.2,10.63,4.66,61.04,46.7,Pump A Running
2026-08-19T19:15:00+00:00,Running,1,2202.6,10.55,4.73,60.76,46.09,Pump A Running
2026-08-19T19:30:00+00:00,Running,1,2193.7,10.53,4.86,60.19,46.75,Pump A Running
2026-08-19T19:45:00+00:00,Running,1,2017.9,10.55,4.72,59.79,47.01,Pump A Running
2026-08-19T20:00:00+00:00,Running,1,2201.2,10.65,4.71,61.35,46.44,Pump A Running
2026-08-19T20:15:00+00:00,Running,1,2195.8,10.64,4.87,58.11,46.99,Pump A Running
2026-08-19T20:30:00+00:00,Running,1,2023.0,10.61,4.76,59.24,45.48,Pump A Running
2026-08-19T20:45:00+00:00,Running,1,2163.9,10.59,4.74,61.33,47.03,Pump A Running
2026-08-19T21:00:00+00:00,Running,1,2288.3,10.65,4.75,59.07,46.59,Pump A Running
2026-08-19T21:15:00+00:00,Running,1,2203.5,10.63,4.79,59.69,47.05,Pump A Running
2026-08-19T21:30:00+00:00,Running,1,2067.5,10.57,4.9,58.02,46.9,Pump A Running
2026-08-19T21:45:00+00:00,Running,1,2161.2,10.7,4.72,60.9,46.48,Pump A Running
2026-08-19T22:00:00+00:00,Running,1,2121.7,10.65,4.81,58.77,46.51,Pump A Running
2026-08-19T22:15:00+00:00,Running,1,2103.4,10.57,4.74,60.46,46.58,Pump A Running
2026-08-19T22:30:00+00:00,Running,1,2113.1,10.59,4.65,58.56,46.96,Pump A Running
2026-08-19T22:45:00+00:00,Running,1,2109.3,10.63,4.69,61.78,47.32,Pump A Running
2026-08-19T23:00:00+00:00,Running,1,2124.5,10.63,4.84,58.57,46.56,Pump A Running
2026-08-19T23:15:00+00:00,Running,1,2136.6,10.54,4.97,56.77,46.71,Pump A Running
2026-08-19T23:30:00+00:00,Running,1,2157.6,10.58,4.75,60.35,46.41,Pump A Running
2026-08-19T23:45:00+00:00,Running,1,2208.7,10.59,4.68,59.61,46.53,Pump A Running
2026-08-20T00:00:00+00:00,Running,1,2042.5,10.77,4.75,60.05,47.36,Pump A Running
2026-08-20T00:15:00+00:00,Running,1,2169.7,10.48,4.62,58.84,47.48,Pump A Running
2026-08-20T00:30:00+00:00,Running,1,2110.4,10.46,4.77,59.98,46.87,Pump A Running
2026-08-20T00:45:00+00:00,Running,1,2206.6,10.66,4.64,59.22,46.38,Pump A Running
2026-08-20T01:00:00+00:00,Running,1,2201.9,10.51,4.77,60.93,47.24,Pump A Running
2026-08-20T01:15:00+00:00,Running,1,2265.8,10.58,4.83,58.24,45.87,Pump A Running
2026-08-20T01:30:00+00:00,Running,1,2333.8,10.45,4.82,56.42,46.26,Pump A Running
2026-08-20T01:45:00+00:00,Running,1,2275.3,10.57,4.73,60.02,46.21,Pump A Running
2026-08-20T02:00:00+00:00,Stopped,0,0.0,0.0,0.14,0.0,28.55,Pumps Stopped
2026-08-20T02:15:00+00:00,Stopped,0,0.0,0.0,0.13,0.0,28.55,Pumps Stopped
2026-08-20T02:30:00+00:00,Stopped,0,0.0,0.0,0.1,0.0,29.16,Pumps Stopped
2026-08-20T02:45:00+00:00,Stopped,0,0.0,0.0,0.1,0.0,29.14,Pumps Stopped
2026-08-20T03:00:00+00:00,Stopped,0,0.0,0.0,0.1,0.0,28.83,Pumps Stopped
2026-08-20T03:15:00+00:00,Stopped,0,0.0,0.0,0.1,0.0,29.1,Pumps Stopped
2026-08-20T03:30:00+00:00,Running,1,2088.3,10.62,4.74,61.56,47.01,Pump A Running
2026-08-20T03:45:00+00:00,Running,1,2061.2,10.49,4.74,60.91,46.76,Pump A Running
2026-08-20T04:00:00+00:00,Running,1,2069.3,10.52,4.73,59.98,46.41,Pump A Running
2026-08-20T04:15:00+00:00,Running,1,2152.3,10.65,4.78,58.03,46.47,Pump A Running
2026-08-20T04:30:00+00:00,Running,1,2119.7,10.61,4.76,60.55,47.02,Pump A Running
2026-08-20T04:45:00+00:00,Running,1,2195.2,10.65,4.78,61.45,46.2,Pump A Running
2026-08-20T05:00:00+00:00,Running,1,2164.9,10.57,4.75,57.79,47.26,Pump A Running
2026-08-20T05:15:00+00:00,Running,1,2184.2,10.64,4.73,58.34,46.87,Pump A Running
2026-08-20T05:30:00+00:00,Running,1,2007.6,10.58,4.72,59.03,47.37,Pump A Running
2026-08-20T05:45:00+00:00,Running,1,2284.6,10.64,4.81,61.16,46.35,Pump A Running
2026-08-20T06:00:00+00:00,Running,1,2081.3,10.58,4.97,58.92,46.64,Pump A Running
2026-08-20T06:15:00+00:00,Running,1,2431.8,10.5,4.55,62.13,46.58,Pump A Running
2026-08-20T06:30:00+00:00,Running,1,2312.7,10.66,4.61,58.52,46.41,Pump A Running
2026-08-20T06:45:00+00:00,Running,1,2303.4,10.58,4.66,59.83,46.24,Pump A Running
2026-08-20T07:00:00+00:00,Running,1,2107.0,10.58,4.81,59.62,46.27,Pump A Running
2026-08-20T07:15:00+00:00,Running,1,2208.8,10.67,4.62,60.94,47.34,Pump A Running
2026-08-20T07:30:00+00:00,Running,1,2239.2,10.52,4.64,60.84,46.88,Pump A Running
2026-08-20T07:45:00+00:00,Running,1,2260.4,10.55,4.68,60.09,46.27,Pump A Running
2026-08-20T08:00:00+00:00,Running,1,2309.6,10.63,4.89,61.7,46.57,Pump A Running
2026-08-20T08:15:00+00:00,Running,1,2269.0,10.65,4.74,58.24,46.26,Pump A Running
2026-08-20T08:30:00+00:00,Running,1,2335.8,10.6,4.89,60.04,46.92,Pump A Running
2026-08-20T08:45:00+00:00,Running,1,2284.5,10.74,4.65,60.56,46.97,Pump A Running
2026-08-20T09:00:00+00:00,Running,1,2308.7,10.48,4.82,63.62,46.61,Pump A Running
2026-08-20T09:15:00+00:00,Running,1,2267.7,10.49,4.78,61.44,46.8,Pump A Running
2026-08-20T09:30:00+00:00,Running,1,2250.7,10.52,4.6,60.29,47.09,Pump A Running
2026-08-20T09:45:00+00:00,Running,1,2346.6,10.64,4.79,60.05,47.15,Pump A Running
2026-08-20T10:00:00+00:00,Running,1,2261.7,10.71,4.8,60.19,46.66,Pump A Running
2026-08-20T10:15:00+00:00,Running,1,2303.2,10.76,4.71,56.8,47.57,Pump A Running
2026-08-20T10:30:00+00:00,Running,1,2333.2,10.55,4.54,61.03,46.53,Pump A Running
2026-08-20T10:45:00+00:00,Running,1,2233.0,10.59,4.66,61.07,46.67,Pump A Running
2026-08-20T11:00:00+00:00,Running,1,2177.2,10.56,4.64,59.24,46.15,Pump A Running
2026-08-20T11:15:00+00:00,Running,1,2176.5,10.63,4.67,58.27,46.63,Pump A Running
2026-08-20T11:30:00+00:00,Running,1,2272.4,10.6,4.76,60.58,46.22,Pump A Running
2026-08-20T11:45:00+00:00,Running,1,2420.3,10.6,4.69,61.38,46.68,Pump A Running
2026-08-20T12:00:00+00:00,Running,1,2382.0,10.49,4.7,60.62,47.12,Pump A Running
2026-08-20T12:15:00+00:00,Running,1,2116.5,10.53,4.87,59.86,46.37,Pump A Running
2026-08-20T12:30:00+00:00,Running,1,2227.9,10.71,4.74,59.21,46.63,Pump A Running
2026-08-20T12:45:00+00:00,Running,1,2373.9,10.57,4.84,58.1,46.96,Pump A Running
2026-08-20T13:00:00+00:00,Running,1,2304.0,10.58,4.75,59.68,46.79,Pump A Running
2026-08-20T13:15:00+00:00,Running,1,2319.9,10.52,4.66,60.94,46.48,Pump A Running
2026-08-20T13:30:00+00:00,Running,1,2379.6,10.7,4.79,60.31,47.07,Pump A Running
2026-08-20T13:45:00+00:00,Running,1,2469.4,10.66,4.74,61.37,47.21,Pump A Running
2026-08-20T14:00:00+00:00,Running,1,2345.0,10.56,4.63,59.91,46.39,Pump A Running
2026-08-20T14:15:00+00:00,Running,1,2378.5,10.5,4.83,62.24,47.66,Pump A Running
2026-08-20T14:30:00+00:00,Running,1,2275.9,10.56,4.74,58.42,46.48,Pump A Running
2026-08-20T14:45:00+00:00,Running,1,2345.9,10.68,4.86,56.01,46.93,Pump A Running
2026-08-20T15:00:00+00:00,Running,1,2472.3,10.63,4.7,59.02,46.69,Pump A Running
2026-08-20T15:15:00+00:00,Running,1,2497.7,10.63,4.81,59.54,46.17,Pump A Running
2026-08-20T15:30:00+00:00,Running,1,2286.0,10.52,4.82,57.46,46.06,Pump A Running
2026-08-20T15:45:00+00:00,Running,1,2472.2,10.56,4.78,57.26,46.9,Pump A Running
2026-08-20T16:00:00+00:00,Running,1,2483.7,10.59,4.77,59.73,46.68,Pump A Running
2026-08-20T16:15:00+00:00,Running,1,2441.4,10.51,4.62,57.52,46.44,Pump A Running
2026-08-20T16:30:00+00:00,Running,1,2326.1,10.52,4.61,60.21,47.2,Pump A Running
2026-08-20T16:45:00+00:00,Running,1,2501.8,10.68,4.61,58.62,47.11,Pump A Running
2026-08-20T17:00:00+00:00,Running,1,2510.9,10.67,4.65,60.41,47.14,Pump A Running
2026-08-20T17:15:00+00:00,Running,1,2407.0,10.48,4.47,58.44,46.7,Pump A Running
2026-08-20T17:30:00+00:00,Running,1,2502.3,10.64,4.72,61.23,47.52,Pump A Running
2026-08-20T17:45:00+00:00,Running,1,2486.7,10.6,4.69,58.32,46.78,Pump A Running
2026-08-20T18:00:00+00:00,Running,1,2507.2,10.67,4.74,57.1,47.28,Pump A Running
2026-08-20T18:15:00+00:00,Running,1,2385.1,10.57,4.76,60.08,46.9,Pump A Running
2026-08-20T18:30:00+00:00,Running,1,2459.5,10.52,4.76,60.07,46.77,Pump A Running
2026-08-20T18:45:00+00:00,Running,1,2352.7,10.61,4.79,59.43,46.62,Pump A Running
2026-08-20T19:00:00+00:00,Running,1,2475.3,10.57,4.79,56.61,46.69,Pump A Running
2026-08-20T19:15:00+00:00,Running,1,2509.7,10.46,4.62,59.55,46.33,Pump A Running
2026-08-20T19:30:00+00:00,Running,1,2469.9,10.5,4.84,58.87,46.11,Pump A Running
2026-08-20T19:45:00+00:00,Running,1,2477.6,10.61,4.82,58.69,47.25,Pump A Running
2026-08-20T20:00:00+00:00,Running,1,2487.0,10.49,4.83,60.24,46.09,Pump A Running
2026-08-20T20:15:00+00:00,Running,1,2602.4,10.58,4.85,59.11,46.46,Pump A Running
2026-08-20T20:30:00+00:00,Running,1,2439.4,10.63,4.86,59.89,46.16,Pump A Running
2026-08-20T20:45:00+00:00,Running,1,2471.2,10.59,4.78,59.43,47.34,Pump A Running
2026-08-20T21:00:00+00:00,Running,1,2582.3,10.77,4.54,57.27,46.7,Pump A Running
2026-08-20T21:15:00+00:00,Running,1,2541.8,10.62,4.82,59.91,46.52,Pump A Running
2026-08-20T21:30:00+00:00,Running,1,2456.3,10.62,4.81,61.16,47.4,Pump A Running
2026-08-20T21:45:00+00:00,Running,1,2355.8,10.59,4.84,60.94,46.42,Pump A Running
2026-08-20T22:00:00+00:00,Running,1,2555.2,10.49,4.65,58.13,47.27,Pump A Running
2026-08-20T22:15:00+00:00,Running,1,2367.3,10.53,4.7,58.87,45.74,Pump A Running
2026-08-20T22:30:00+00:00,Running,1,2512.5,10.59,4.76,57.3,46.96,Pump A Running
2026-08-20T22:45:00+00:00,Running,1,2471.9,10.51,4.75,58.08,47.73,Pump A Running
2026-08-20T23:00:00+00:00,Running,1,2473.5,10.51,4.78,58.36,47.25,Pump A Running
2026-08-20T23:15:00+00:00,Running,1,2612.3,10.57,4.77,57.52,46.7,Pump A Running
2026-08-20T23:30:00+00:00,Running,1,2544.2,10.65,4.66,60.83,47.23,Pump A Running
2026-08-20T23:45:00+00:00,Running,1,2450.8,10.54,4.62,61.84,47.34,Pump A Running
2026-08-21T00:00:00+00:00,Running,1,2484.6,10.5,4.83,59.48,46.88,Pump A Running
2026-08-21T00:15:00+00:00,Running,1,2732.7,10.68,4.73,59.64,46.68,Pump A Running
2026-08-21T00:30:00+00:00,Running,1,2542.5,10.53,4.73,61.16,47.69,Pump A Running
2026-08-21T00:45:00+00:00,Running,1,2624.7,10.55,4.75,59.51,46.7,Pump A Running
2026-08-21T01:00:00+00:00,Running,1,2549.2,10.46,4.76,59.78,45.67,Pump A Running
2026-08-21T01:15:00+00:00,Running,1,2712.5,10.58,4.77,58.63,46.63,Pump A Running
2026-08-21T01:30:00+00:00,Running,1,2505.7,10.64,4.56,59.41,45.96,Pump A Running
2026-08-21T01:45:00+00:00,Running,1,2699.9,10.63,4.69,58.91,46.66,Pump A Running
2026-08-21T02:00:00+00:00,Stopped,0,0.0,0.0,0.13,0.0,29.32,Pumps Stopped
2026-08-21T02:15:00+00:00,Stopped,0,0.0,0.0,0.13,0.0,29.01,Pumps Stopped
2026-08-21T02:30:00+00:00,Stopped,0,0.0,0.0,0.07,0.0,28.71,Pumps Stopped
2026-08-21T02:45:00+00:00,Stopped,0,0.0,0.0,0.12,0.0,29.51,Pumps Stopped
2026-08-21T03:00:00+00:00,Stopped,0,0.0,0.0,0.13,0.0,28.93,Pumps Stopped
2026-08-21T03:15:00+00:00,Stopped,0,0.0,0.0,0.09,0.0,29.42,Pumps Stopped
2026-08-21T03:30:00+00:00,Running,1,2661.0,10.6,4.73,61.35,46.51,Pump A Running
2026-08-21T03:45:00+00:00,Running,1,2615.2,10.55,4.8,59.38,46.49,Pump A Running
2026-08-21T04:00:00+00:00,Running,1,2619.0,10.69,4.85,59.26,45.42,Pump A Running
2026-08-21T04:15:00+00:00,Running,1,2692.3,10.56,4.71,60.38,46.51,Pump A Running
2026-08-21T04:30:00+00:00,Running,1,2513.0,10.66,4.75,57.2,47.02,Pump A Running
2026-08-21T04:45:00+00:00,Running,1,2487.0,10.55,4.7,61.05,46.95,Pump A Running
2026-08-21T05:00:00+00:00,Running,1,2642.0,10.59,4.78,57.51,46.75,Pump A Running
2026-08-21T05:15:00+00:00,Running,1,2794.0,10.53,4.71,59.42,46.81,Pump A Running
2026-08-21T05:30:00+00:00,Running,1,2730.9,10.62,4.75,61.58,46.59,Pump A Running
2026-08-21T05:45:00+00:00,Running,1,2494.6,10.7,4.66,58.73,46.94,Pump A Running
2026-08-21T06:00:00+00:00,Running,1,2720.6,10.65,4.72,59.1,46.71,Pump A Running
2026-08-21T06:15:00+00:00,Running,1,2552.0,10.65,4.69,57.54,45.94,Pump A Running
2026-08-21T06:30:00+00:00,Running,1,2654.8,10.58,4.79,59.76,46.69,Pump A Running
2026-08-21T06:45:00+00:00,Running,1,2419.6,10.6,4.72,59.83,46.96,Pump A Running
2026-08-21T07:00:00+00:00,Running,1,2577.4,10.48,4.81,59.79,46.99,Pump A Running
2026-08-21T07:15:00+00:00,Running,1,2629.8,10.69,4.75,60.78,46.49,Pump A Running
2026-08-21T07:30:00+00:00,Running,1,2634.5,10.59,4.72,60.24,46.88,Pump A Running
2026-08-21T07:45:00+00:00,Running,1,2615.8,10.59,4.78,60.05,46.84,Pump A Running
2026-08-21T08:00:00+00:00,Running,1,2706.2,10.58,4.72,59.58,46.56,Pump A Running
2026-08-21T08:15:00+00:00,Running,1,2768.3,10.53,4.62,58.2,46.14,Pump A Running
2026-08-21T08:30:00+00:00,Running,1,2654.4,10.65,4.71,56.31,46.69,Pump A Running
2026-08-21T08:45:00+00:00,Running,1,2603.8,10.6,4.73,61.04,47.07,Pump A Running
2026-08-21T09:00:00+00:00,Running,1,2675.6,10.68,4.73,59.31,47.02,Pump A Running
2026-08-21T09:15:00+00:00,Running,1,2727.6,10.64,4.71,60.19,46.27,Pump A Running
2026-08-21T09:30:00+00:00,Running,1,2708.6,10.55,4.56,60.32,46.78,Pump A Running
2026-08-21T09:45:00+00:00,Running,1,2647.6,10.62,4.84,60.0,47.49,Pump A Running
2026-08-21T10:00:00+00:00,Running,1,2688.7,10.62,4.58,57.3,47.14,Pump A Running
2026-08-21T10:15:00+00:00,Running,1,2642.3,10.61,4.66,59.9,47.37,Pump A Running
2026-08-21T10:30:00+00:00,Running,1,2578.5,10.47,4.72,59.15,46.71,Pump A Running
2026-08-21T10:45:00+00:00,Running,1,2704.3,10.6,4.8,56.97,47.37,Pump A Running
2026-08-21T11:00:00+00:00,Running,1,2569.9,10.52,4.7,57.98,46.83,Pump A Running
2026-08-21T11:15:00+00:00,Running,1,2700.4,10.54,4.64,56.8,47.12,Pump A Running
2026-08-21T11:30:00+00:00,Running,1,2633.1,10.66,4.9,58.67,47.32,Pump A Running
2026-08-21T11:45:00+00:00,Running,1,2785.3,10.56,4.91,58.88,47.17,Pump A Running
2026-08-21T12:00:00+00:00,Running,1,2805.1,10.5,4.7,62.55,47.45,Pump A Running
2026-08-21T12:15:00+00:00,Running,1,2805.9,10.67,4.59,57.83,47.01,Pump A Running
2026-08-21T12:30:00+00:00,Running,1,2632.3,10.68,4.71,60.28,46.0,Pump A Running
2026-08-21T12:45:00+00:00,Running,1,2634.5,10.6,4.74,60.31,47.07,Pump A Running
2026-08-21T13:00:00+00:00,Running,1,2687.6,10.61,4.57,59.82,46.29,Pump A Running
2026-08-21T13:15:00+00:00,Running,1,2816.1,10.58,4.65,59.84,46.65,Pump A Running
2026-08-21T13:30:00+00:00,Running,1,2855.5,10.53,4.75,59.74,47.08,Pump A Running
2026-08-21T13:45:00+00:00,Running,1,2715.1,10.55,4.8,59.34,46.67,Pump A Running
2026-08-21T14:00:00+00:00,Running,1,2746.1,10.66,4.73,60.15,46.21,Pump A Running
2026-08-21T14:15:00+00:00,Running,1,2775.8,10.63,4.72,59.45,46.84,Pump A Running
2026-08-21T14:30:00+00:00,Running,1,2753.4,10.71,4.74,58.92,46.76,Pump A Running
2026-08-21T14:45:00+00:00,Running,1,2782.7,10.49,4.67,58.39,46.19,Pump A Running
2026-08-21T15:00:00+00:00,Running,1,2842.3,10.65,4.58,60.61,47.85,Pump A Running
2026-08-21T15:15:00+00:00,Running,1,2796.0,10.66,4.73,58.18,47.08,Pump A Running
2026-08-21T15:30:00+00:00,Running,1,2862.7,10.52,4.58,56.19,47.25,Pump A Running
2026-08-21T15:45:00+00:00,Running,1,2889.5,10.58,4.69,58.33,46.44,Pump A Running
2026-08-21T16:00:00+00:00,Running,1,2777.0,10.51,4.66,58.08,46.29,Pump A Running
2026-08-21T16:15:00+00:00,Running,1,2592.0,10.58,4.85,61.49,46.86,Pump A Running
2026-08-21T16:30:00+00:00,Running,1,2619.9,10.57,4.71,59.02,46.89,Pump A Running
2026-08-21T16:45:00+00:00,Running,1,2641.0,10.58,4.73,58.6,47.28,Pump A Running
2026-08-21T17:00:00+00:00,Running,1,2930.9,10.6,4.7,58.65,46.98,Pump A Running
2026-08-21T17:15:00+00:00,Running,1,2820.8,10.54,4.62,59.92,46.77,Pump A Running
2026-08-21T17:30:00+00:00,Running,1,2575.1,10.49,4.6,60.56,47.23,Pump A Running
2026-08-21T17:45:00+00:00,Running,1,2732.2,10.71,4.73,57.72,47.25,Pump A Running
2026-08-21T18:00:00+00:00,Running,1,2712.5,10.66,4.81,61.55,47.31,Pump A Running
2026-08-21T18:15:00+00:00,Running,1,2608.7,10.69,4.83,61.2,46.64,Pump A Running
2026-08-21T18:30:00+00:00,Running,1,2858.8,10.56,4.66,57.5,47.43,Pump A Running
2026-08-21T18:45:00+00:00,Running,1,2835.4,10.59,4.72,59.38,46.74,Pump A Running
2026-08-21T19:00:00+00:00,Running,1,2825.2,10.64,4.57,59.25,47.25,Pump A Running
2026-08-21T19:15:00+00:00,Running,1,2862.6,10.63,4.49,59.26,45.96,Pump A Running
2026-08-21T19:30:00+00:00,Running,1,2773.5,10.65,4.54,58.69,46.15,Pump A Running
2026-08-21T19:45:00+00:00,Running,1,2700.4,10.7,4.89,58.5,46.69,Pump A Running
2026-08-21T20:00:00+00:00,Running,1,2823.7,10.61,4.63,60.93,46.95,Pump A Running
2026-08-21T20:15:00+00:00,Running,1,2522.9,10.69,4.78,58.81,47.61,Pump A Running
2026-08-21T20:30:00+00:00,Running,1,2519.8,10.55,4.64,57.06,47.39,Pump A Running
2026-08-21T20:45:00+00:00,Running,1,2856.8,10.64,4.55,58.95,46.9,Pump A Running
2026-08-21T21:00:00+00:00,Running,1,2483.5,10.58,4.71,60.29,46.84,Pump A Running
2026-08-21T21:15:00+00:00,Running,1,2749.8,10.59,4.52,60.23,47.73,Pump A Running
2026-08-21T21:30:00+00:00,Running,1,2613.6,10.56,4.81,62.78,47.28,Pump A Running
2026-08-21T21:45:00+00:00,Running,1,2689.7,10.63,4.62,57.71,46.84,Pump A Running
2026-08-21T22:00:00+00:00,Running,1,2609.8,10.66,4.8,58.78,47.27,Pump A Running
2026-08-21T22:15:00+00:00,Running,1,2750.9,10.65,4.66,60.3,46.27,Pump A Running
2026-08-21T22:30:00+00:00,Running,1,2757.6,10.52,4.72,59.55,46.53,Pump A Running
2026-08-21T22:45:00+00:00,Running,1,2729.1,10.61,4.56,59.24,46.91,Pump A Running
2026-08-21T23:00:00+00:00,Running,1,2671.3,10.59,4.73,58.08,46.38,Pump A Running
2026-08-21T23:15:00+00:00,Running,1,2517.3,10.6,4.69,60.54,46.53,Pump A Running
2026-08-21T23:30:00+00:00,Running,1,2558.3,10.59,4.51,60.58,46.72,Pump A Running
2026-08-21T23:45:00+00:00,Running,1,2702.1,10.66,4.74,60.12,46.86,Pump A Running
2026-08-22T00:00:00+00:00,Running,1,2577.0,10.72,4.57,58.43,46.12,Pump A Running
2026-08-22T00:15:00+00:00,Running,1,2607.0,10.45,4.82,59.87,46.66,Pump A Running
2026-08-22T00:30:00+00:00,Running,1,2709.8,10.58,4.71,60.16,46.76,Pump A Running
2026-08-22T00:45:00+00:00,Running,1,2527.7,10.59,4.65,57.52,46.53,Pump A Running
2026-08-22T01:00:00+00:00,Running,1,2848.6,10.65,4.87,59.43,47.08,Pump A Running
2026-08-22T01:15:00+00:00,Running,1,2516.1,10.63,4.7,60.17,46.93,Pump A Running
2026-08-22T01:30:00+00:00,Running,1,2623.5,10.53,4.62,56.74,46.72,Pump A Running
2026-08-22T01:45:00+00:00,Running,1,2580.5,10.55,4.8,58.45,46.92,Pump A Running
2026-08-22T02:00:00+00:00,Stopped,0,0.0,0.0,0.08,0.0,28.85,Pumps Stopped
2026-08-22T02:15:00+00:00,Stopped,0,0.0,0.0,0.08,0.0,29.11,Pumps Stopped
2026-08-22T02:30:00+00:00,Stopped,0,0.0,0.0,0.12,0.0,29.25,Pumps Stopped
2026-08-22T02:45:00+00:00,Stopped,0,0.0,0.0,0.11,0.0,29.2,Pumps Stopped
2026-08-22T03:00:00+00:00,Stopped,0,0.0,0.0,0.13,0.0,28.83,Pumps Stopped
2026-08-22T03:15:00+00:00,Stopped,0,0.0,0.0,0.11,0.0,29.55,Pumps Stopped
2026-08-22T03:30:00+00:00,Running,1,2762.0,10.62,4.86,58.12,45.92,Pump A Running
2026-08-22T03:45:00+00:00,Running,1,2609.1,10.5,4.93,57.06,47.09,Pump A Running
2026-08-22T04:00:00+00:00,Running,1,2612.5,10.62,4.9,59.5,46.61,Pump A Running
2026-08-22T04:15:00+00:00,Running,1,2624.5,10.57,4.59,59.83,47.03,Pump A Running
2026-08-22T04:30:00+00:00,Running,1,2698.6,10.52,4.85,56.8,46.66,Pump A Running
2026-08-22T04:45:00+00:00,Running,1,2700.6,10.58,4.75,58.73,46.79,Pump A Running
2026-08-22T05:00:00+00:00,Running,1,2853.1,10.64,4.76,60.27,47.4,Pump A Running
2026-08-22T05:15:00+00:00,Running,1,2623.2,10.41,4.84,58.66,47.25,Pump A Running
2026-08-22T05:30:00+00:00,Running,1,2577.4,10.55,4.88,56.88,47.11,Pump A Running
2026-08-22T05:45:00+00:00,Running,1,2741.9,10.67,4.7,57.33,47.3,Pump A Running
2026-08-22T06:00:00+00:00,Running,1,2417.2,10.66,4.76,58.28,47.76,Pump A Running
2026-08-22T06:15:00+00:00,Running,1,2648.4,10.49,4.7,61.61,46.76,Pump A Running
2026-08-22T06:30:00+00:00,Running,1,2572.9,10.61,4.64,58.47,47.44,Pump A Running
2026-08-22T06:45:00+00:00,Running,1,2493.7,10.6,4.56,59.32,46.53,Pump A Running
2026-08-22T07:00:00+00:00,Running,1,2585.0,10.45,4.62,58.99,46.56,Pump A Running
2026-08-22T07:15:00+00:00,Running,1,2488.5,10.58,4.8,59.47,46.87,Pump A Running
2026-08-22T07:30:00+00:00,Running,1,2491.2,10.57,4.72,58.55,46.86,Pump A Running
2026-08-22T07:45:00+00:00,Running,1,2615.7,10.62,4.68,60.39,47.47,Pump A Running
2026-08-22T08:00:00+00:00,Running,1,2744.2,10.6,4.65,56.72,46.94,Pump A Running
2026-08-22T08:15:00+00:00,Running,1,2403.0,10.63,4.71,56.84,46.75,Pump A Running
2026-08-22T08:30:00+00:00,Running,1,2554.3,10.54,4.64,58.08,47.1,Pump A Running
2026-08-22T08:45:00+00:00,Running,1,2599.3,10.68,4.59,56.29,47.84,Pump A Running
2026-08-22T09:00:00+00:00,Running,1,2581.7,10.64,4.74,58.7,46.9,Pump A Running
2026-08-22T09:15:00+00:00,Running,1,2712.7,10.56,4.69,57.49,46.57,Pump A Running
2026-08-22T09:30:00+00:00,Running,1,2446.1,10.43,4.76,59.06,46.8,Pump A Running
2026-08-22T09:45:00+00:00,Running,1,2519.0,10.73,4.71,58.48,47.41,Pump A Running
2026-08-22T10:00:00+00:00,Running,1,2449.8,10.52,4.76,57.06,47.09,Pump A Running
2026-08-22T10:15:00+00:00,Running,1,2654.1,10.66,4.57,60.07,46.3,Pump A Running
2026-08-22T10:30:00+00:00,Running,1,2554.0,10.59,4.7,57.84,46.61,Pump A Running
2026-08-22T10:45:00+00:00,Running,1,2530.4,10.67,4.64,59.59,47.34,Pump A Running
2026-08-22T11:00:00+00:00,Running,1,2385.4,10.65,4.69,58.76,46.92,Pump A Running
2026-08-22T11:15:00+00:00,Running,1,2448.4,10.58,4.79,55.72,46.41,Pump A Running
2026-08-22T11:30:00+00:00,Running,1,2340.9,10.58,4.65,60.16,47.64,Pump A Running
2026-08-22T11:45:00+00:00,Running,1,2510.3,10.47,4.68,59.48,47.05,Pump A Running
2026-08-22T12:00:00+00:00,Running,1,2633.2,10.64,4.65,62.36,46.99,Pump A Running
2026-08-22T12:15:00+00:00,Running,1,2465.1,10.6,4.65,59.88,46.59,Pump A Running
2026-08-22T12:30:00+00:00,Running,1,2548.7,10.68,4.73,58.99,46.3,Pump A Running
2026-08-22T12:45:00+00:00,Running,1,2439.3,10.6,4.75,57.17,47.47,Pump A Running
2026-08-22T13:00:00+00:00,Running,1,2443.4,10.64,4.68,56.49,47.01,Pump A Running
2026-08-22T13:15:00+00:00,Running,1,2539.4,10.57,4.45,60.77,47.07,Pump A Running
2026-08-22T13:30:00+00:00,Running,1,2526.6,10.54,4.79,59.18,46.72,Pump A Running
2026-08-22T13:45:00+00:00,Running,1,2303.0,10.66,4.66,56.0,47.46,Pump A Running
2026-08-22T14:00:00+00:00,Running,1,2373.2,10.49,4.69,59.95,46.47,Pump A Running
2026-08-22T14:15:00+00:00,Running,1,2354.0,10.48,4.67,57.2,47.59,Pump A Running
2026-08-22T14:30:00+00:00,Running,1,2312.6,10.71,4.83,56.95,46.9,Pump A Running
2026-08-22T14:45:00+00:00,Running,1,2378.3,10.58,4.58,57.19,45.75,Pump A Running
2026-08-22T15:00:00+00:00,Running,1,2552.7,10.43,4.64,54.9,47.8,Pump A Running
2026-08-22T15:15:00+00:00,Running,1,2455.1,10.67,4.72,56.86,47.16,Pump A Running
2026-08-22T15:30:00+00:00,Running,1,2229.6,10.62,4.66,58.93,47.18,Pump A Running
2026-08-22T15:45:00+00:00,Running,1,2539.8,10.63,4.61,57.98,47.47,Pump A Running
2026-08-22T16:00:00+00:00,Running,1,2455.1,10.61,4.75,60.36,46.01,Pump A Running
2026-08-22T16:15:00+00:00,Running,1,2273.1,10.58,4.59,59.68,46.55,Pump A Running
2026-08-22T16:30:00+00:00,Running,1,2449.7,10.67,4.58,61.89,47.08,Pump A Running
2026-08-22T16:45:00+00:00,Running,1,2450.6,10.54,4.72,59.41,47.31,Pump A Running
2026-08-22T17:00:00+00:00,Running,1,2473.3,10.53,4.74,58.9,47.37,Pump A Running
2026-08-22T17:15:00+00:00,Running,1,2200.5,10.66,4.69,59.88,47.3,Pump A Running
2026-08-22T17:30:00+00:00,Running,1,2360.2,10.57,4.7,60.28,47.36,Pump A Running
2026-08-22T17:45:00+00:00,Running,1,2303.2,10.55,4.65,57.84,47.12,Pump A Running
2026-08-22T18:00:00+00:00,Running,1,2480.5,10.67,4.67,61.28,47.07,Pump A Running
2026-08-22T18:15:00+00:00,Running,1,2334.8,10.46,4.64,59.37,47.62,Pump A Running
2026-08-22T18:30:00+00:00,Running,1,2292.9,10.62,4.63,60.06,46.2,Pump A Running
2026-08-22T18:45:00+00:00,Running,1,2375.2,10.5,4.59,57.12,46.93,Pump A Running
2026-08-22T19:00:00+00:00,Running,1,2380.6,10.58,4.6,60.04,46.85,Pump A Running
2026-08-22T19:15:00+00:00,Running,1,2284.3,10.68,4.73,59.15,46.88,Pump A Running
2026-08-22T19:30:00+00:00,Running,1,2274.6,10.66,4.58,57.27,46.33,Pump A Running
2026-08-22T19:45:00+00:00,Running,1,2353.8,10.53,4.77,56.28,47.21,Pump A Running
2026-08-22T20:00:00+00:00,Running,1,2496.4,10.57,4.71,58.68,46.64,Pump A Running
2026-08-22T20:15:00+00:00,Running,1,2346.9,10.64,4.49,56.07,46.88,Pump A Running
2026-08-22T20:30:00+00:00,Running,1,2350.9,10.59,4.86,61.05,46.49,Pump A Running
2026-08-22T20:45:00+00:00,Running,1,2200.2,10.7,4.77,59.54,46.96,Pump A Running
2026-08-22T21:00:00+00:00,Running,1,2419.8,10.7,4.56,59.39,47.16,Pump A Running
2026-08-22T21:15:00+00:00,Running,1,2351.6,10.57,4.68,57.46,46.59,Pump A Running
2026-08-22T21:30:00+00:00,Running,1,2114.5,10.54,4.57,57.61,46.62,Pump A Running
2026-08-22T21:45:00+00:00,Running,1,2215.0,10.45,4.67,58.15,47.38,Pump A Running
2026-08-22T22:00:00+00:00,Running,1,2210.2,10.65,4.94,59.68,47.29,Pump A Running
2026-08-22T22:15:00+00:00,Running,1,2240.9,10.6,4.61,58.88,47.34,Pump A Running
2026-08-22T22:30:00+00:00,Running,1,2321.7,10.63,4.77,57.45,46.73,Pump A Running
2026-08-22T22:45:00+00:00,Running,1,2076.9,10.61,4.62,56.99,47.02,Pump A Running
2026-08-22T23:00:00+00:00,Running,1,2242.5,10.57,4.81,57.78,47.53,Pump A Running
2026-08-22T23:15:00+00:00,Running,1,2411.7,10.62,4.69,60.27,47.44,Pump A Running
2026-08-22T23:30:00+00:00,Running,1,2226.8,10.67,4.77,60.89,47.01,Pump A Running
2026-08-22T23:45:00+00:00,Running,1,2134.0,10.59,4.56,59.8,46.46,Pump A Running
2026-08-23T00:00:00+00:00,Running,1,2217.4,10.61,4.66,54.65,47.0,Pump A Running
2026-08-23T00:15:00+00:00,Running,1,2212.1,10.74,4.65,60.65,47.59,Pump A Running
2026-08-23T00:30:00+00:00,Running,1,2100.6,10.53,4.78,58.75,47.4,Pump A Running
2026-08-23T00:45:00+00:00,Running,1,2254.9,10.67,4.65,58.22,46.85,Pump A Running
2026-08-23T01:00:00+00:00,Running,1,2353.3,10.63,4.59,60.23,46.18,Pump A Running
2026-08-23T01:15:00+00:00,Running,1,2350.0,10.69,4.74,58.67,46.57,Pump A Running
2026-08-23T01:30:00+00:00,Running,1,2260.2,10.7,4.74,59.12,46.59,Pump A Running
2026-08-23T01:45:00+00:00,Running,1,2160.5,10.58,4.62,59.7,47.29,Pump A Running
2026-08-23T02:00:00+00:00,Stopped,0,0.0,0.0,0.13,0.0,28.56,Pumps Stopped
2026-08-23T02:15:00+00:00,Stopped,0,0.0,0.0,0.21,0.0,28.55,Pumps Stopped
2026-08-23T02:30:00+00:00,Stopped,0,0.0,0.0,0.11,0.0,28.62,Pumps Stopped
2026-08-23T02:45:00+00:00,Stopped,0,0.0,0.0,0.1,0.0,29.64,Pumps Stopped
2026-08-23T03:00:00+00:00,Stopped,0,0.0,0.0,0.09,0.0,29.07,Pumps Stopped
2026-08-23T03:15:00+00:00,Stopped,0,0.0,0.0,0.11,0.0,28.93,Pumps Stopped
2026-08-23T03:30:00+00:00,Running,1,2281.6,10.65,4.8,56.98,46.89,Pump A Running
2026-08-23T03:45:00+00:00,Running,1,2275.3,10.51,4.68,60.74,47.23,Pump A Running
2026-08-23T04:00:00+00:00,Running,1,2073.3,10.57,4.68,59.17,46.76,Pump A Running
2026-08-23T04:15:00+00:00,Running,1,2079.0,10.45,4.61,59.4,47.27,Pump A Running
2026-08-23T04:30:00+00:00,Running,1,2175.7,10.76,4.73,58.46,47.91,Pump A Running
2026-08-23T04:45:00+00:00,Running,1,2233.2,10.54,4.73,57.92,47.06,Pump A Running
2026-08-23T05:00:00+00:00,Running,1,2179.6,10.72,4.78,57.85,46.42,Pump A Running
2026-08-23T05:15:00+00:00,Running,1,2361.5,10.64,4.64,58.68,47.01,Pump A Running
2026-08-23T05:30:00+00:00,Running,1,2108.5,10.56,4.68,58.7,47.14,Pump A Running
2026-08-23T05:45:00+00:00,Running,1,2287.9,10.61,4.45,59.55,46.92,Pump A Running
2026-08-23T06:00:00+00:00,Running,1,2126.3,10.55,4.62,58.55,46.87,Pump A Running
2026-08-23T06:15:00+00:00,Running,1,2218.0,10.6,4.64,56.87,46.74,Pump A Running
2026-08-23T06:30:00+00:00,Running,1,2106.2,10.54,4.68,60.34,47.15,Pump A Running
2026-08-23T06:45:00+00:00,Running,1,2234.3,10.48,4.73,58.54,46.98,Pump A Running
2026-08-23T07:00:00+00:00,Running,1,2266.5,10.6,4.69,59.0,46.79,Pump A Running
2026-08-23T07:15:00+00:00,Running,1,2127.2,10.63,4.54,57.4,47.15,Pump A Running
2026-08-23T07:30:00+00:00,Running,1,2051.5,10.59,4.74,55.73,46.85,Pump A Running
2026-08-23T07:45:00+00:00,Running,1,2182.4,10.58,4.68,58.77,46.79,Pump A Running
2026-08-23T08:00:00+00:00,Running,1,2154.1,10.66,4.52,61.16,47.39,Pump A Running
2026-08-23T08:15:00+00:00,Running,1,2163.3,10.57,4.7,57.16,47.16,Pump A Running
2026-08-23T08:30:00+00:00,Running,1,2149.8,10.62,4.64,59.71,46.74,Pump A Running
2026-08-23T08:45:00+00:00,Running,1,2095.9,10.46,4.67,58.35,46.73,Pump A Running
2026-08-23T09:00:00+00:00,Running,1,2061.0,10.53,4.68,57.04,47.04,Pump A Running
2026-08-23T09:15:00+00:00,Running,1,2151.1,10.59,4.7,57.05,46.83,Pump A Running
2026-08-23T09:30:00+00:00,Running,1,2239.6,10.67,4.75,58.27,46.63,Pump A Running
2026-08-23T09:45:00+00:00,Running,1,2181.6,10.63,4.8,58.33,47.9,Pump A Running
2026-08-23T10:00:00+00:00,Running,1,2158.0,10.52,4.52,57.85,46.74,Pump A Running
2026-08-23T10:15:00+00:00,Running,1,2268.8,10.52,4.67,57.1,47.37,Pump A Running
2026-08-23T10:30:00+00:00,Running,1,2183.4,10.53,4.56,61.0,47.36,Pump A Running
2026-08-23T10:45:00+00:00,Running,1,2286.3,10.61,4.64,58.82,46.68,Pump A Running
2026-08-23T11:00:00+00:00,Running,1,2078.8,10.63,4.73,58.54,46.14,Pump A Running
2026-08-23T11:15:00+00:00,Running,1,2262.0,10.64,4.54,59.7,47.24,Pump A Running
2026-08-23T11:30:00+00:00,Running,1,2196.7,10.65,4.65,61.87,46.76,Pump A Running
2026-08-23T11:45:00+00:00,Running,1,2044.8,10.67,4.55,59.95,46.65,Pump A Running
2026-08-23T12:00:00+00:00,Running,1,2264.0,10.68,4.51,56.9,47.33,Pump A Running
2026-08-23T12:15:00+00:00,Running,1,2159.5,10.66,4.85,60.31,47.11,Pump A Running
2026-08-23T12:30:00+00:00,Running,1,2133.3,10.67,4.61,58.98,46.47,Pump A Running
2026-08-23T12:45:00+00:00,Running,1,2163.2,10.43,4.67,57.76,46.49,Pump A Running
2026-08-23T13:00:00+00:00,Running,1,2266.3,10.58,4.63,57.16,46.81,Pump A Running
2026-08-23T13:15:00+00:00,Running,1,2090.3,10.48,4.61,57.22,46.33,Pump A Running
2026-08-23T13:30:00+00:00,Running,1,2167.2,10.61,4.7,60.37,47.15,Pump A Running
2026-08-23T13:45:00+00:00,Running,1,2236.4,10.65,4.64,58.72,47.27,Pump A Running
2026-08-23T14:00:00+00:00,Running,1,2216.0,10.57,4.73,56.76,47.44,Pump A Running
2026-08-23T14:15:00+00:00,Running,1,2275.3,10.61,4.54,61.16,46.81,Pump A Running
2026-08-23T14:30:00+00:00,Running,1,2142.2,10.61,4.63,58.88,46.52,Pump A Running
2026-08-23T14:45:00+00:00,Running,1,2150.6,10.54,4.54,59.07,46.45,Pump A Running
2026-08-23T15:00:00+00:00,Running,1,2170.8,10.63,4.74,59.42,46.39,Pump A Running
2026-08-23T15:15:00+00:00,Running,1,2196.8,10.62,4.68,56.9,46.99,Pump A Running
2026-08-23T15:30:00+00:00,Running,1,2158.8,10.56,4.75,58.15,47.08,Pump A Running
2026-08-23T15:45:00+00:00,Running,1,2315.0,10.48,4.7,60.6,47.14,Pump A Running
2026-08-23T16:00:00+00:00,Running,1,2326.8,10.54,4.7,58.66,46.91,Pump A Running
2026-08-23T16:15:00+00:00,Running,1,2157.4,10.6,4.79,58.77,46.98,Pump A Running
2026-08-23T16:30:00+00:00,Running,1,2148.9,10.55,4.66,57.87,47.12,Pump A Running
2026-08-23T16:45:00+00:00,Running,1,2167.1,10.65,4.53,56.63,46.79,Pump A Running
2026-08-23T17:00:00+00:00,Running,1,2132.2,10.51,4.68,56.8,47.41,Pump A Running
2026-08-23T17:15:00+00:00,Running,1,2250.1,10.54,4.72,54.2,46.88,Pump A Running
2026-08-23T17:30:00+00:00,Running,1,2289.3,10.7,4.61,59.42,47.83,Pump A Running
2026-08-23T17:45:00+00:00,Running,1,2131.3,10.57,4.63,58.56,47.18,Pump A Running
2026-08-23T18:00:00+00:00,Running,1,2361.2,10.57,4.67,57.85,47.34,Pump A Running
2026-08-23T18:15:00+00:00,Running,1,2283.1,10.54,4.54,57.48,47.56,Pump A Running
2026-08-23T18:30:00+00:00,Running,1,2080.1,10.69,4.64,59.45,47.61,Pump A Running
2026-08-23T18:45:00+00:00,Running,1,2286.3,10.59,4.6,57.71,46.8,Pump A Running
2026-08-23T19:00:00+00:00,Running,1,2133.6,10.6,4.72,59.76,47.22,Pump A Running
2026-08-23T19:15:00+00:00,Running,1,2312.5,10.52,4.69,58.89,48.05,Pump A Running
2026-08-23T19:30:00+00:00,Running,1,2162.3,10.65,4.6,58.14,47.02,Pump A Running
2026-08-23T19:45:00+00:00,Running,1,2276.9,10.65,4.54,57.76,46.49,Pump A Running
2026-08-23T20:00:00+00:00,Running,1,2270.2,10.66,4.68,57.97,48.41,Pump A Running
2026-08-23T20:15:00+00:00,Running,1,2198.4,10.57,4.75,57.43,47.36,Pump A Running
2026-08-23T20:30:00+00:00,Running,1,2236.3,10.61,4.77,60.36,47.09,Pump A Running
2026-08-23T20:45:00+00:00,Running,1,2339.7,10.66,4.72,57.92,47.87,Pump A Running
2026-08-23T21:00:00+00:00,Running,1,2355.1,10.55,4.66,58.82,46.57,Pump A Running
2026-08-23T21:15:00+00:00,Running,1,2219.7,10.56,4.73,60.59,47.31,Pump A Running
2026-08-23T21:30:00+00:00,Running,1,2271.6,10.56,4.57,59.93,47.48,Pump A Running
2026-08-23T21:45:00+00:00,Running,1,2490.8,10.57,4.76,58.37,47.51,Pump A Running
2026-08-23T22:00:00+00:00,Running,1,2497.6,10.64,4.69,56.31,46.85,Pump A Running
2026-08-23T22:15:00+00:00,Running,1,2325.5,10.64,4.53,58.0,46.83,Pump A Running
2026-08-23T22:30:00+00:00,Running,1,2377.6,10.53,4.55,56.27,47.52,Pump A Running
2026-08-23T22:45:00+00:00,Running,1,2311.8,10.67,4.74,56.59,47.24,Pump A Running
2026-08-23T23:00:00+00:00,Running,1,2187.4,10.57,4.71,60.22,47.54,Pump A Running
2026-08-23T23:15:00+00:00,Running,1,2179.7,10.62,4.85,54.94,46.65,Pump A Running
2026-08-23T23:30:00+00:00,Running,1,2261.4,10.59,4.59,56.76,47.2,Pump A Running
2026-08-23T23:45:00+00:00,Running,1,2563.9,10.58,4.72,58.68,47.37,Pump A Running
2026-08-24T00:00:00+00:00,Running,1,2166.3,10.6,4.65,55.16,47.03,Pump A Running
2026-08-24T00:15:00+00:00,Running,1,2293.5,10.54,4.62,58.87,46.89,Pump A Running
2026-08-24T00:30:00+00:00,Running,1,2320.6,10.6,4.81,59.31,46.26,Pump A Running
2026-08-24T00:45:00+00:00,Running,1,2316.4,10.65,4.77,60.05,46.75,Pump A Running
2026-08-24T01:00:00+00:00,Running,1,2386.7,10.65,4.61,59.4,46.94,Pump A Running
2026-08-24T01:15:00+00:00,Running,1,2405.1,10.49,4.6,59.31,48.08,Pump A Running
2026-08-24T01:30:00+00:00,Running,1,2383.6,10.58,4.67,56.08,47.11,Pump A Running
2026-08-24T01:45:00+00:00,Running,1,2580.3,10.66,4.79,57.81,47.58,Pump A Running
2026-08-24T02:00:00+00:00,Stopped,0,0.0,0.0,0.12,0.0,29.07,Pumps Stopped
2026-08-24T02:15:00+00:00,Stopped,0,0.0,0.0,0.11,0.0,28.73,Pumps Stopped
2026-08-24T02:30:00+00:00,Stopped,0,0.0,0.0,0.16,0.0,29.24,Pumps Stopped
2026-08-24T02:45:00+00:00,Stopped,0,0.0,0.0,0.16,0.0,29.49,Pumps Stopped
2026-08-24T03:00:00+00:00,Stopped,0,0.0,0.0,0.11,0.0,29.12,Pumps Stopped
2026-08-24T03:15:00+00:00,Stopped,0,0.0,0.0,0.1,0.0,28.98,Pumps Stopped
2026-08-24T03:30:00+00:00,Running,1,2448.4,10.65,4.8,59.02,46.7,Pump A Running
2026-08-24T03:45:00+00:00,Running,1,2278.1,10.59,4.79,57.87,47.65,Pump A Running
2026-08-24T04:00:00+00:00,Running,1,2468.7,10.58,4.67,56.94,46.4,Pump A Running
2026-08-24T04:15:00+00:00,Running,1,2555.9,10.52,4.54,58.72,47.87,Pump A Running
2026-08-24T04:30:00+00:00,Running,1,2445.7,10.6,4.59,59.32,47.54,Pump A Running
2026-08-24T04:45:00+00:00,Running,1,2501.7,10.54,4.6,55.87,46.78,Pump A Running
2026-08-24T05:00:00+00:00,Running,1,2345.8,10.6,4.61,59.27,47.62,Pump A Running
2026-08-24T05:15:00+00:00,Running,1,2448.0,10.53,4.59,56.67,47.15,Pump A Running
2026-08-24T05:30:00+00:00,Running,1,2431.1,10.57,4.8,57.04,47.42,Pump A Running
2026-08-24T05:45:00+00:00,Running,1,2405.8,10.55,4.63,58.2,47.34,Pump A Running
2026-08-24T06:00:00+00:00,Running,1,2504.6,10.59,4.56,58.78,47.13,Pump A Running
2026-08-24T06:15:00+00:00,Running,1,2573.2,10.49,4.5,56.21,46.81,Pump A Running
2026-08-24T06:30:00+00:00,Running,1,2596.6,10.55,4.65,57.98,47.49,Pump A Running
2026-08-24T06:45:00+00:00,Running,1,2420.5,10.71,4.64,57.42,47.2,Pump A Running
2026-08-24T07:00:00+00:00,Running,1,2611.3,10.6,4.55,56.33,47.65,Pump A Running
2026-08-24T07:15:00+00:00,Running,1,2466.3,10.68,4.66,59.0,46.44,Pump A Running
2026-08-24T07:30:00+00:00,Running,1,2556.6,10.56,4.7,55.31,46.47,Pump A Running
2026-08-24T07:45:00+00:00,Running,1,2755.6,10.67,4.72,56.99,47.55,Pump A Running
2026-08-24T08:00:00+00:00,Running,1,2537.2,10.61,4.75,60.41,47.25,Pump A Running
2026-08-24T08:15:00+00:00,Running,1,2488.8,10.68,4.66,59.45,47.21,Pump A Running
2026-08-24T08:30:00+00:00,Running,1,2742.6,10.74,4.64,56.84,47.13,Pump A Running
2026-08-24T08:45:00+00:00,Running,1,2534.1,10.7,4.63,60.61,47.63,Pump A Running
2026-08-24T09:00:00+00:00,Running,1,2439.9,10.45,4.66,59.77,46.9,Pump A Running
2026-08-24T09:15:00+00:00,Running,1,2618.1,10.47,4.49,56.25,47.26,Pump A Running
2026-08-24T09:30:00+00:00,Running,1,2586.6,10.65,4.66,57.94,47.09,Pump A Running
2026-08-24T09:45:00+00:00,Running,1,2579.7,10.55,4.68,55.79,46.99,Pump A Running
2026-08-24T10:00:00+00:00,Running,1,2641.8,10.52,4.78,60.23,47.3,Pump A Running
2026-08-24T10:15:00+00:00,Running,1,2376.8,10.79,4.66,59.65,47.98,Pump A Running
2026-08-24T10:30:00+00:00,Running,1,2537.4,10.65,4.68,55.69,46.58,Pump A Running
2026-08-24T10:45:00+00:00,Running,1,2699.0,10.64,4.53,57.95,47.17,Pump A Running
2026-08-24T11:00:00+00:00,Running,1,2646.3,10.51,4.76,57.8,47.0,Pump A Running
2026-08-24T11:15:00+00:00,Running,1,2648.1,10.73,4.54,57.41,47.25,Pump A Running
2026-08-24T11:30:00+00:00,Running,1,2747.6,10.48,4.79,59.54,47.38,Pump A Running
2026-08-24T11:45:00+00:00,Running,1,2716.1,10.63,4.59,58.12,47.52,Pump A Running
2026-08-24T12:00:00+00:00,Running,1,2697.7,10.57,4.6,57.21,47.58,Pump A Running
2026-08-24T12:15:00+00:00,Running,1,2697.5,10.69,4.74,56.28,46.92,Pump A Running
2026-08-24T12:30:00+00:00,Running,1,2622.8,10.53,4.74,59.52,47.45,Pump A Running
2026-08-24T12:45:00+00:00,Running,1,2779.9,10.57,4.73,57.61,48.0,Pump A Running
2026-08-24T13:00:00+00:00,Running,1,2514.1,10.68,4.58,60.04,47.2,Pump A Running
2026-08-24T13:15:00+00:00,Running,1,2660.0,10.45,4.82,58.67,46.68,Pump A Running
2026-08-24T13:30:00+00:00,Running,1,2569.3,10.67,4.61,61.74,46.91,Pump A Running
2026-08-24T13:45:00+00:00,Running,1,2714.1,10.66,4.7,57.37,47.64,Pump A Running
2026-08-24T14:00:00+00:00,Running,1,2587.1,10.53,4.59,58.11,47.43,Pump A Running
2026-08-24T14:15:00+00:00,Running,1,2503.2,10.38,4.41,57.4,46.9,Pump A Running
2026-08-24T14:30:00+00:00,Running,1,2556.3,10.54,4.58,56.1,46.99,Pump A Running
2026-08-24T14:45:00+00:00,Running,1,2361.6,10.64,4.65,58.7,47.22,Pump A Running
2026-08-24T15:00:00+00:00,Running,1,2520.1,10.6,4.6,60.87,46.95,Pump A Running
2026-08-24T15:15:00+00:00,Running,1,2619.7,10.69,4.75,57.66,47.02,Pump A Running
2026-08-24T15:30:00+00:00,Running,1,2674.4,10.42,4.85,59.69,46.59,Pump A Running
2026-08-24T15:45:00+00:00,Running,1,2541.6,10.69,4.61,57.82,46.86,Pump A Running
2026-08-24T16:00:00+00:00,Running,1,2635.7,10.46,4.6,59.11,47.21,Pump A Running
2026-08-24T16:15:00+00:00,Running,1,2701.3,10.52,4.63,56.66,46.93,Pump A Running
2026-08-24T16:30:00+00:00,Running,1,2562.3,10.58,4.86,58.23,46.66,Pump A Running
2026-08-24T16:45:00+00:00,Running,1,2690.0,10.76,4.73,56.96,47.4,Pump A Running
2026-08-24T17:00:00+00:00,Running,1,2668.1,10.6,4.72,57.95,47.07,Pump A Running
2026-08-24T17:15:00+00:00,Running,1,2613.5,10.63,4.64,59.5,47.45,Pump A Running
2026-08-24T17:30:00+00:00,Running,1,2861.4,10.5,4.6,55.14,47.73,Pump A Running
2026-08-24T17:45:00+00:00,Running,1,2727.3,10.45,4.6,56.84,47.32,Pump A Running
2026-08-24T18:00:00+00:00,Running,1,2692.4,10.68,4.67,57.65,47.3,Pump A Running
2026-08-24T18:15:00+00:00,Running,1,2748.4,10.6,4.76,58.77,46.67,Pump A Running
2026-08-24T18:30:00+00:00,Running,1,2698.9,10.57,4.65,58.04,46.75,Pump A Running
2026-08-24T18:45:00+00:00,Running,1,2700.1,10.64,4.69,57.99,46.93,Pump A Running
2026-08-24T19:00:00+00:00,Running,1,2785.0,10.55,4.64,56.44,46.95,Pump A Running
2026-08-24T19:15:00+00:00,Running,1,2807.0,10.68,4.65,58.97,46.7,Pump A Running
2026-08-24T19:30:00+00:00,Running,1,2825.1,10.61,4.68,57.0,47.54,Pump A Running
2026-08-24T19:45:00+00:00,Running,1,2775.8,10.7,4.7,60.31,47.29,Pump A Running
2026-08-24T20:00:00+00:00,Running,1,2626.0,10.56,4.59,56.37,46.77,Pump A Running
2026-08-24T20:15:00+00:00,Running,1,2770.6,10.63,4.59,57.88,46.99,Pump A Running
2026-08-24T20:30:00+00:00,Running,1,2575.9,10.66,4.62,56.64,47.44,Pump A Running
2026-08-24T20:45:00+00:00,Running,1,2660.5,10.68,4.62,56.96,46.79,Pump A Running
2026-08-24T21:00:00+00:00,Running,1,2489.4,10.54,4.69,58.94,46.92,Pump A Running
2026-08-24T21:15:00+00:00,Running,1,2726.9,10.51,4.62,56.4,47.05,Pump A Running
2026-08-24T21:30:00+00:00,Running,1,2663.6,10.66,4.63,59.45,47.27,Pump A Running
2026-08-24T21:45:00+00:00,Running,1,2642.8,10.57,4.46,59.24,47.01,Pump A Running
2026-08-24T22:00:00+00:00,Running,1,2736.9,10.63,4.54,59.34,46.89,Pump A Running
2026-08-24T22:15:00+00:00,Running,1,2648.5,10.57,4.65,57.83,47.08,Pump A Running
2026-08-24T22:30:00+00:00,Running,1,2554.3,10.57,4.47,56.19,46.59,Pump A Running
2026-08-24T22:45:00+00:00,Running,1,2703.3,10.61,4.64,58.13,47.38,Pump A Running
2026-08-24T23:00:00+00:00,Running,1,2625.6,10.63,4.71,58.44,47.22,Pump A Running
2026-08-24T23:15:00+00:00,Running,1,2792.7,10.65,4.59,57.94,47.39,Pump A Running
2026-08-24T23:30:00+00:00,Running,1,2682.5,10.54,4.62,59.59,47.19,Pump A Running
2026-08-24T23:45:00+00:00,Running,1,2780.9,10.53,4.71,55.5,47.71,Pump A Running
2026-08-25T00:00:00+00:00,Running,1,2855.4,10.5,4.68,58.5,47.18,Pump A Running
2026-08-25T00:15:00+00:00,Running,1,2754.8,10.6,4.59,56.78,46.51,Pump A Running
2026-08-25T00:30:00+00:00,Running,1,2744.6,10.66,4.7,58.91,46.76,Pump A Running
2026-08-25T00:45:00+00:00,Running,1,2625.7,10.55,4.59,58.16,46.92,Pump A Running
2026-08-25T01:00:00+00:00,Running,1,2681.4,10.61,4.78,56.58,46.37,Pump A Running
2026-08-25T01:15:00+00:00,Running,1,2666.0,10.69,4.65,58.47,46.63,Pump A Running
2026-08-25T01:30:00+00:00,Running,1,2694.1,10.59,4.66,59.31,47.55,Pump A Running
2026-08-25T01:45:00+00:00,Running,1,2792.8,10.68,4.51,56.39,46.53,Pump A Running
2026-08-25T02:00:00+00:00,Stopped,0,0.0,0.0,0.14,0.0,28.72,Pumps Stopped
2026-08-25T02:15:00+00:00,Stopped,0,0.0,0.0,0.12,0.0,28.73,Pumps Stopped
2026-08-25T02:30:00+00:00,Stopped,0,0.0,0.0,0.1,0.0,29.22,Pumps Stopped
2026-08-25T02:45:00+00:00,Stopped,0,0.0,0.0,0.11,0.0,28.62,Pumps Stopped
2026-08-25T03:00:00+00:00,Stopped,0,0.0,0.0,0.1,0.0,28.89,Pumps Stopped
2026-08-25T03:15:00+00:00,Stopped,0,0.0,0.0,0.12,0.0,29.24,Pumps Stopped
2026-08-25T03:30:00+00:00,Running,1,2702.1,10.61,4.66,56.54,46.77,Pump A Running
2026-08-25T03:45:00+00:00,Running,1,2734.7,10.53,4.63,60.62,47.36,Pump A Running
2026-08-25T04:00:00+00:00,Running,1,2803.5,10.51,4.62,57.2,47.28,Pump A Running
2026-08-25T04:15:00+00:00,Running,1,2532.3,10.55,4.69,58.62,47.8,Pump A Running
2026-08-25T04:30:00+00:00,Running,1,2690.8,10.59,4.75,59.75,47.2,Pump A Running
2026-08-25T04:45:00+00:00,Running,1,2799.9,10.59,4.57,57.34,47.56,Pump A Running
2026-08-25T05:00:00+00:00,Running,1,2615.5,10.67,4.73,57.71,47.89,Pump A Running
2026-08-25T05:15:00+00:00,Running,1,2757.0,10.6,4.51,56.1,46.88,Pump A Running
2026-08-25T05:30:00+00:00,Running,1,2543.6,10.51,4.6,55.13,47.57,Pump A Running
2026-08-25T05:45:00+00:00,Running,1,2722.8,10.58,4.53,58.49,47.77,Pump A Running
2026-08-25T06:00:00+00:00,Running,1,2867.3,10.57,4.7,56.53,47.18,Pump A Running
2026-08-25T06:15:00+00:00,Running,1,2660.3,10.65,4.66,61.45,47.64,Pump A Running
2026-08-25T06:30:00+00:00,Running,1,2750.7,10.58,4.53,56.56,46.95,Pump A Running
2026-08-25T06:45:00+00:00,Running,1,2717.8,10.58,4.77,58.88,47.62,Pump A Running
2026-08-25T07:00:00+00:00,Running,1,2747.8,10.57,4.7,56.77,47.39,Pump A Running
2026-08-25T07:15:00+00:00,Running,1,2580.2,10.66,4.49,57.98,47.81,Pump A Running
2026-08-25T07:30:00+00:00,Running,1,2479.4,10.71,4.71,57.17,46.73,Pump A Running
2026-08-25T07:45:00+00:00,Running,1,2746.4,10.54,4.61,57.01,46.2,Pump A Running
2026-08-25T08:00:00+00:00,Running,1,2693.4,10.73,4.62,57.42,47.42,Pump A Running
2026-08-25T08:15:00+00:00,Running,1,2736.3,10.76,4.53,59.34,47.28,Pump A Running
2026-08-25T08:30:00+00:00,Running,1,2724.7,10.53,4.75,59.99,46.5,Pump A Running
2026-08-25T08:45:00+00:00,Running,1,2730.4,10.48,4.72,56.34,47.58,Pump A Running
2026-08-25T09:00:00+00:00,Running,1,2775.1,10.57,4.7,56.8,47.49,Pump A Running
2026-08-25T09:15:00+00:00,Running,1,2645.5,10.62,4.57,58.49,47.25,Pump A Running
2026-08-25T09:30:00+00:00,Running,1,2719.9,10.59,4.56,56.68,47.46,Pump A Running
2026-08-25T09:45:00+00:00,Running,1,2602.4,10.67,4.54,55.64,47.46,Pump A Running
2026-08-25T10:00:00+00:00,Running,1,2571.1,10.54,4.67,55.38,47.93,Pump A Running
2026-08-25T10:15:00+00:00,Running,1,2668.9,10.65,4.65,56.22,47.46,Pump A Running
2026-08-25T10:30:00+00:00,Running,1,2727.9,10.43,4.74,57.15,47.9,Pump A Running
2026-08-25T10:45:00+00:00,Running,1,2563.3,10.59,4.56,57.44,46.93,Pump A Running
2026-08-25T11:00:00+00:00,Running,1,2669.9,10.58,4.5,57.24,47.09,Pump A Running
2026-08-25T11:15:00+00:00,Running,1,2624.8,10.76,4.49,56.52,46.47,Pump A Running
2026-08-25T11:30:00+00:00,Running,1,2656.0,10.63,4.59,57.18,47.07,Pump A Running
2026-08-25T11:45:00+00:00,Running,1,2701.3,10.53,4.69,59.05,47.6,Pump A Running
2026-08-25T12:00:00+00:00,Running,1,2608.3,10.55,4.67,55.97,47.86,Pump A Running
2026-08-25T12:15:00+00:00,Running,1,2644.0,10.59,4.6,63.22,47.31,Pump A Running
2026-08-25T12:30:00+00:00,Running,1,2782.0,10.62,4.77,60.64,47.54,Pump A Running
2026-08-25T12:45:00+00:00,Running,1,2593.8,10.76,4.66,56.62,46.87,Pump A Running
2026-08-25T13:00:00+00:00,Running,1,2651.9,10.6,4.65,57.34,47.88,Pump A Running
2026-08-25T13:15:00+00:00,Running,1,2676.1,10.5,4.73,58.46,47.96,Pump A Running
2026-08-25T13:30:00+00:00,Running,1,2580.7,10.49,4.62,57.05,47.32,Pump A Running
2026-08-25T13:45:00+00:00,Running,1,2577.4,10.69,4.48,57.45,47.06,Pump A Running
2026-08-25T14:00:00+00:00,Running,1,2742.8,10.49,4.61,57.43,46.47,Pump A Running
2026-08-25T14:15:00+00:00,Running,1,2836.8,10.61,4.58,59.43,47.77,Pump A Running
2026-08-25T14:30:00+00:00,Running,1,2510.8,10.54,4.72,56.72,47.75,Pump A Running
2026-08-25T14:45:00+00:00,Running,1,2726.8,10.62,4.61,58.56,46.83,Pump A Running
2026-08-25T15:00:00+00:00,Running,1,2590.4,10.5,4.52,56.4,47.86,Pump A Running
2026-08-25T15:15:00+00:00,Running,1,2520.7,10.57,4.68,57.4,47.49,Pump A Running
2026-08-25T15:30:00+00:00,Running,1,2651.9,10.56,4.3,58.21,47.72,Pump A Running
2026-08-25T15:45:00+00:00,Running,1,2672.6,10.59,4.7,60.69,47.26,Pump A Running
2026-08-25T16:00:00+00:00,Running,1,2486.1,10.74,4.55,56.0,46.72,Pump A Running
2026-08-25T16:15:00+00:00,Running,1,2489.8,10.61,4.65,58.66,47.73,Pump A Running
2026-08-25T16:30:00+00:00,Running,1,2775.9,10.48,4.79,56.46,47.35,Pump A Running
2026-08-25T16:45:00+00:00,Running,1,2441.0,10.61,4.47,58.24,47.02,Pump A Running
2026-08-25T17:00:00+00:00,Running,1,2425.5,10.5,4.53,56.79,47.41,Pump A Running
2026-08-25T17:15:00+00:00,Running,1,2610.1,10.52,4.72,58.62,46.59,Pump A Running
2026-08-25T17:30:00+00:00,Running,1,2567.1,10.71,4.52,57.69,47.27,Pump A Running
2026-08-25T17:45:00+00:00,Running,1,2517.0,10.5,4.72,56.89,47.12,Pump A Running
2026-08-25T18:00:00+00:00,Running,1,2388.5,10.61,4.66,57.74,48.21,Pump A Running
2026-08-25T18:15:00+00:00,Running,1,2565.2,10.66,4.64,57.67,46.72,Pump A Running
2026-08-25T18:30:00+00:00,Running,1,2626.1,10.63,4.52,55.12,47.54,Pump A Running
2026-08-25T18:45:00+00:00,Running,1,2490.4,10.82,4.55,60.96,47.78,Pump A Running
2026-08-25T19:00:00+00:00,Running,1,2491.3,10.6,4.73,55.97,48.05,Pump A Running
2026-08-25T19:15:00+00:00,Running,1,2436.9,10.58,4.66,58.31,47.42,Pump A Running
2026-08-25T19:30:00+00:00,Running,1,2583.4,10.56,4.76,54.6,47.58,Pump A Running
2026-08-25T19:45:00+00:00,Running,1,2471.2,10.49,4.45,58.48,46.82,Pump A Running
2026-08-25T20:00:00+00:00,Running,1,2596.5,10.57,4.65,54.77,48.17,Pump A Running
2026-08-25T20:15:00+00:00,Running,1,2483.4,10.68,4.76,60.14,47.29,Pump A Running
2026-08-25T20:30:00+00:00,Running,1,2599.9,10.6,4.57,56.0,47.72,Pump A Running
2026-08-25T20:45:00+00:00,Running,1,2488.6,10.62,4.51,55.55,46.9,Pump A Running
2026-08-25T21:00:00+00:00,Running,1,2345.5,10.4,4.7,57.11,48.27,Pump A Running
2026-08-25T21:15:00+00:00,Running,1,2357.3,10.52,4.68,58.38,47.02,Pump A Running
2026-08-25T21:30:00+00:00,Running,1,2439.4,10.57,4.57,57.19,47.04,Pump A Running
2026-08-25T21:45:00+00:00,Running,1,2568.9,10.54,4.58,56.51,48.1,Pump A Running
2026-08-25T22:00:00+00:00,Running,1,2578.5,10.64,4.67,56.73,47.9,Pump A Running
2026-08-25T22:15:00+00:00,Running,1,2474.8,10.45,4.62,57.55,46.93,Pump A Running
2026-08-25T22:30:00+00:00,Running,1,2408.0,10.49,4.59,56.38,47.41,Pump A Running
2026-08-25T22:45:00+00:00,Running,1,2490.3,10.64,4.64,58.04,47.68,Pump A Running
2026-08-25T23:00:00+00:00,Running,1,2464.1,10.65,4.63,56.48,47.26,Pump A Running
2026-08-25T23:15:00+00:00,Running,1,2568.8,10.61,4.72,58.42,46.55,Pump A Running
2026-08-25T23:30:00+00:00,Running,1,2454.4,10.54,4.75,58.83,47.13,Pump A Running
2026-08-25T23:45:00+00:00,Running,1,2416.9,10.58,4.62,56.67,47.88,Pump A Running
2026-08-26T00:00:00+00:00,Running,1,2201.3,10.6,4.6,56.74,47.47,Pump A Running
2026-08-26T00:15:00+00:00,Running,1,2386.3,10.56,4.64,59.02,47.11,Pump A Running
2026-08-26T00:30:00+00:00,Running,1,2558.2,10.66,4.62,55.96,47.56,Pump A Running
2026-08-26T00:45:00+00:00,Running,1,2355.9,10.55,4.66,57.25,46.64,Pump A Running
2026-08-26T01:00:00+00:00,Running,1,2318.7,10.58,4.59,56.87,47.83,Pump A Running
2026-08-26T01:15:00+00:00,Running,1,2410.3,10.65,4.79,58.31,48.01,Pump A Running
2026-08-26T01:30:00+00:00,Running,1,2399.9,10.54,4.79,56.93,47.77,Pump A Running
2026-08-26T01:45:00+00:00,Running,1,2228.4,10.59,4.61,57.49,47.06,Pump A Running
2026-08-26T02:00:00+00:00,Stopped,0,0.0,0.0,0.15,0.0,28.78,Pumps Stopped
2026-08-26T02:15:00+00:00,Stopped,0,0.0,0.0,0.12,0.0,29.09,Pumps Stopped
2026-08-26T02:30:00+00:00,Stopped,0,0.0,0.0,0.11,0.0,28.59,Pumps Stopped
2026-08-26T02:45:00+00:00,Stopped,0,0.0,0.0,0.1,0.0,28.85,Pumps Stopped
2026-08-26T03:00:00+00:00,Stopped,0,0.0,0.0,0.17,0.0,28.33,Pumps Stopped
2026-08-26T03:15:00+00:00,Stopped,0,0.0,0.0,0.15,0.0,28.75,Pumps Stopped
2026-08-26T03:30:00+00:00,Running,1,2441.6,10.61,4.7,58.09,46.86,Pump A Running
2026-08-26T03:45:00+00:00,Running,1,2341.6,10.49,4.64,54.87,47.54,Pump A Running
2026-08-26T04:00:00+00:00,Running,1,2372.3,10.65,4.64,58.8,47.42,Pump A Running
2026-08-26T04:15:00+00:00,Running,1,2288.0,10.75,4.71,55.66,47.5,Pump A Running
2026-08-26T04:30:00+00:00,Running,1,2371.7,10.59,4.6,55.76,47.37,Pump A Running
2026-08-26T04:45:00+00:00,Running,1,2349.4,10.58,4.61,55.67,47.44,Pump A Running
2026-08-26T05:00:00+00:00,Running,1,2431.9,10.66,4.56,58.59,46.69,Pump A Running
2026-08-26T05:15:00+00:00,Running,1,2307.6,10.62,4.68,59.39,47.68,Pump A Running
2026-08-26T05:30:00+00:00,Running,1,2211.6,10.61,4.6,57.38,47.31,Pump A Running
2026-08-26T05:45:00+00:00,Running,1,2313.9,10.6,4.53,58.77,47.67,Pump A Running
2026-08-26T06:00:00+00:00,Running,1,2195.9,10.62,4.79,58.07,47.31,Pump A Running
2026-08-26T06:15:00+00:00,Running,1,2366.9,10.72,4.56,57.54,47.69,Pump A Running
2026-08-26T06:30:00+00:00,Running,1,2226.7,10.63,4.69,59.26,47.65,Pump A Running
2026-08-26T06:45:00+00:00,Running,1,2325.7,10.54,4.71,57.43,47.78,Pump A Running
2026-08-26T07:00:00+00:00,Running,1,2272.8,10.64,4.76,56.25,47.08,Pump A Running
2026-08-26T07:15:00+00:00,Running,1,2324.7,10.58,4.44,58.01,47.74,Pump A Running
2026-08-26T07:30:00+00:00,Running,1,2319.1,10.61,4.52,55.55,47.52,Pump A Running
2026-08-26T07:45:00+00:00,Running,1,2263.0,10.58,4.58,57.05,47.27,Pump A Running
2026-08-26T08:00:00+00:00,Running,1,2266.9,10.68,4.63,55.6,47.25,Pump A Running
2026-08-26T08:15:00+00:00,Running,1,2274.8,10.66,4.69,56.87,46.84,Pump A Running
2026-08-26T08:30:00+00:00,Running,1,2338.6,10.62,4.69,58.13,47.4,Pump A Running
2026-08-26T08:45:00+00:00,Running,1,2335.4,10.6,4.68,54.37,47.61,Pump A Running
2026-08-26T09:00:00+00:00,Running,1,2353.6,10.5,4.51,59.08,47.19,Pump A Running
2026-08-26T09:15:00+00:00,Running,1,2337.6,10.59,4.63,59.08,47.28,Pump A Running
2026-08-26T09:30:00+00:00,Running,1,2234.2,10.58,4.6,56.59,46.98,Pump A Running
2026-08-26T09:45:00+00:00,Running,1,2269.9,10.54,4.55,56.9,47.46,Pump A Running
2026-08-26T10:00:00+00:00,Running,1,2282.5,10.5,4.68,55.85,48.49,Pump A Running
2026-08-26T10:15:00+00:00,Running,1,2401.9,10.71,4.71,54.99,47.68,Pump A Running
2026-08-26T10:30:00+00:00,Running,1,2280.5,10.56,4.61,56.52,47.94,Pump A Running
2026-08-26T10:45:00+00:00,Running,1,2303.3,10.66,4.61,58.47,47.77,Pump A Running
2026-08-26T11:00:00+00:00,Running,1,2270.2,10.46,4.56,55.48,47.86,Pump A Running
2026-08-26T11:15:00+00:00,Running,1,2384.0,10.69,4.54,58.87,47.38,Pump A Running
2026-08-26T11:30:00+00:00,Running,1,2199.6,10.63,4.47,55.69,47.54,Pump A Running
2026-08-26T11:45:00+00:00,Running,1,2243.3,10.47,4.46,58.36,47.37,Pump A Running
2026-08-26T12:00:00+00:00,Running,1,2052.1,10.6,4.61,58.18,47.08,Pump A Running
2026-08-26T12:15:00+00:00,Running,1,2155.7,10.65,4.63,58.08,48.04,Pump A Running
2026-08-26T12:30:00+00:00,Running,1,2153.8,10.67,4.61,57.24,47.14,Pump A Running
2026-08-26T12:45:00+00:00,Running,1,2155.3,10.58,4.64,57.1,47.82,Pump A Running
2026-08-26T13:00:00+00:00,Running,1,2220.7,10.53,4.71,56.71,47.48,Pump A Running
2026-08-26T13:15:00+00:00,Running,1,2356.0,10.6,4.65,56.37,47.16,Pump A Running
2026-08-26T13:30:00+00:00,Running,1,2084.8,10.62,4.5,57.52,47.39,Pump A Running
2026-08-26T13:45:00+00:00,Running,1,2093.9,10.62,4.72,55.81,46.89,Pump A Running
2026-08-26T14:00:00+00:00,Running,1,2284.3,10.6,4.57,57.1,47.06,Pump A Running
2026-08-26T14:15:00+00:00,Running,1,2221.3,10.63,4.63,57.52,47.16,Pump A Running
2026-08-26T14:30:00+00:00,Running,1,2276.9,10.62,4.68,55.95,47.32,Pump A Running
2026-08-26T14:45:00+00:00,Running,1,2009.4,10.51,4.64,53.61,47.59,Pump A Running
2026-08-26T15:00:00+00:00,Running,1,2063.5,10.69,4.56,58.89,47.54,Pump A Running
2026-08-26T15:15:00+00:00,Running,1,2294.6,10.54,4.64,56.03,47.62,Pump A Running
2026-08-26T15:30:00+00:00,Running,1,2325.0,10.46,4.7,57.65,48.16,Pump A Running
2026-08-26T15:45:00+00:00,Running,1,2017.9,10.66,4.59,56.79,47.52,Pump A Running
2026-08-26T16:00:00+00:00,Running,1,2327.7,10.69,4.62,55.54,46.84,Pump A Running
2026-08-26T16:15:00+00:00,Running,1,2161.6,10.6,4.47,57.49,47.54,Pump A Running
2026-08-26T16:30:00+00:00,Running,1,2263.8,10.5,4.6,56.88,47.37,Pump A Running
2026-08-26T16:45:00+00:00,Running,1,2347.7,10.55,4.53,57.26,47.68,Pump A Running
2026-08-26T17:00:00+00:00,Running,1,2136.3,10.56,4.57,58.54,47.68,Pump A Running
2026-08-26T17:15:00+00:00,Running,1,2207.9,10.63,4.61,59.44,46.79,Pump A Running
2026-08-26T17:30:00+00:00,Running,1,2168.1,10.67,4.68,56.74,47.78,Pump A Running
2026-08-26T17:45:00+00:00,Running,1,2220.7,10.76,4.51,58.47,46.87,Pump A Running
2026-08-26T18:00:00+00:00,Running,1,2090.1,10.59,4.75,56.54,47.34,Pump A Running
2026-08-26T18:15:00+00:00,Running,1,2197.1,10.57,4.68,55.73,47.13,Pump A Running
2026-08-26T18:30:00+00:00,Running,1,2209.3,10.58,4.69,56.11,47.55,Pump A Running
2026-08-26T18:45:00+00:00,Running,1,2209.7,10.74,4.59,56.58,47.7,Pump A Running
2026-08-26T19:00:00+00:00,Running,1,2263.4,10.63,4.68,54.35,47.16,Pump A Running
2026-08-26T19:15:00+00:00,Running,1,1929.1,10.64,4.5,54.73,47.29,Pump A Running
2026-08-26T19:30:00+00:00,Running,1,2076.5,10.72,4.62,56.21,47.03,Pump A Running
2026-08-26T19:45:00+00:00,Running,1,2068.2,10.6,4.61,54.86,47.85,Pump A Running
2026-08-26T20:00:00+00:00,Running,1,2214.8,10.62,4.71,57.78,47.85,Pump A Running
2026-08-26T20:15:00+00:00,Running,1,2014.5,10.69,4.62,56.67,47.7,Pump A Running
2026-08-26T20:30:00+00:00,Running,1,2196.0,10.64,4.53,55.22,47.36,Pump A Running
2026-08-26T20:45:00+00:00,Running,1,2173.2,10.62,4.52,55.89,47.48,Pump A Running
2026-08-26T21:00:00+00:00,Running,1,2162.0,10.54,4.64,57.7,46.96,Pump A Running
2026-08-26T21:15:00+00:00,Running,1,2051.7,10.6,4.78,55.77,47.49,Pump A Running
2026-08-26T21:30:00+00:00,Running,1,2059.7,10.55,4.52,58.9,48.09,Pump A Running
2026-08-26T21:45:00+00:00,Running,1,2044.7,10.55,4.57,57.32,47.57,Pump A Running
2026-08-26T22:00:00+00:00,Running,1,2241.9,10.54,4.56,56.74,47.44,Pump A Running
2026-08-26T22:15:00+00:00,Running,1,2188.9,10.6,4.52,57.49,47.39,Pump A Running
2026-08-26T22:30:00+00:00,Running,1,2322.8,10.66,4.69,56.86,47.67,Pump A Running
2026-08-26T22:45:00+00:00,Running,1,2140.0,10.62,4.69,57.27,48.16,Pump A Running
2026-08-26T23:00:00+00:00,Running,1,2128.0,10.62,4.48,56.03,47.24,Pump A Running
2026-08-26T23:15:00+00:00,Running,1,2148.5,10.61,4.53,57.41,47.88,Pump A Running
2026-08-26T23:30:00+00:00,Running,1,2209.3,10.63,4.59,57.21,47.35,Pump A Running
2026-08-26T23:45:00+00:00,Running,1,2190.4,10.62,4.68,57.04,47.97,Pump A Running
2026-08-27T00:00:00+00:00,Running,1,2131.2,10.61,4.71,55.34,47.37,Pump A Running
2026-08-27T00:15:00+00:00,Running,1,2285.3,10.68,4.68,59.52,47.99,Pump A Running
2026-08-27T00:30:00+00:00,Running,1,2161.9,10.56,4.48,54.47,47.59,Pump A Running
2026-08-27T00:45:00+00:00,Running,1,2350.9,10.48,4.78,59.59,46.95,Pump A Running
2026-08-27T01:00:00+00:00,Running,1,2345.4,10.63,4.62,55.12,47.26,Pump A Running
2026-08-27T01:15:00+00:00,Running,1,2306.2,10.59,4.7,56.28,47.2,Pump A Running
2026-08-27T01:30:00+00:00,Running,1,2225.7,10.59,4.72,58.49,47.81,Pump A Running
2026-08-27T01:45:00+00:00,Running,1,2186.0,10.63,4.7,55.1,47.79,Pump A Running
2026-08-27T02:00:00+00:00,Stopped,0,0.0,0.0,0.11,0.0,29.2,Pumps Stopped
2026-08-27T02:15:00+00:00,Stopped,0,0.0,0.0,0.1,0.0,28.95,Pumps Stopped
2026-08-27T02:30:00+00:00,Stopped,0,0.0,0.0,0.08,0.0,28.88,Pumps Stopped
2026-08-27T02:45:00+00:00,Stopped,0,0.0,0.0,0.15,0.0,29.27,Pumps Stopped
2026-08-27T03:00:00+00:00,Stopped,0,0.0,0.0,0.11,0.0,29.02,Pumps Stopped
2026-08-27T03:15:00+00:00,Stopped,0,0.0,0.0,0.14,0.0,28.52,Pumps Stopped
2026-08-27T03:30:00+00:00,Running,1,2281.9,10.67,4.76,59.3,47.67,Pump A Running
2026-08-27T03:45:00+00:00,Running,1,2082.8,10.5,4.65,57.25,48.42,Pump A Running
2026-08-27T04:00:00+00:00,Running,1,2277.2,10.65,4.7,53.73,48.57,Pump A Running
2026-08-27T04:15:00+00:00,Running,1,2287.6,10.54,4.82,57.31,47.19,Pump A Running
2026-08-27T04:30:00+00:00,Running,1,2047.6,10.53,4.46,58.26,47.63,Pump A Running
2026-08-27T04:45:00+00:00,Running,1,2144.1,10.76,4.47,57.74,47.96,Pump A Running
2026-08-27T05:00:00+00:00,Running,1,2089.9,10.81,4.65,55.52,46.74,Pump A Running
2026-08-27T05:15:00+00:00,Running,1,2198.2,10.58,4.66,57.11,48.05,Pump A Running
2026-08-27T05:30:00+00:00,Running,1,2349.5,10.56,4.7,55.41,46.97,Pump A Running
2026-08-27T05:45:00+00:00,Running,1,2131.5,10.61,4.56,57.24,47.62,Pump A Running
2026-08-27T06:00:00+00:00,Running,1,2333.2,10.73,4.56,56.55,47.42,Pump A Running
2026-08-27T06:15:00+00:00,Running,1,2204.2,10.58,4.66,56.69,47.72,Pump A Running
2026-08-27T06:30:00+00:00,Running,1,2238.1,10.68,4.53,57.41,47.82,Pump A Running
2026-08-27T06:45:00+00:00,Running,1,2288.4,10.76,4.57,54.7,48.31,Pump A Running
2026-08-27T07:00:00+00:00,Running,1,2380.6,10.6,4.61,57.55,48.22,Pump A Running
2026-08-27T07:15:00+00:00,Running,1,2173.9,10.64,4.56,54.99,47.87,Pump A Running
2026-08-27T07:30:00+00:00,Running,1,2118.7,10.65,4.8,56.91,47.38,Pump A Running
2026-08-27T07:45:00+00:00,Running,1,2281.7,10.69,4.57,56.23,47.82,Pump A Running
2026-08-27T08:00:00+00:00,Running,1,2242.8,10.53,4.6,53.92,47.68,Pump A Running
2026-08-27T08:15:00+00:00,Running,1,2211.0,10.64,4.65,58.71,46.69,Pump A Running
2026-08-27T08:30:00+00:00,Running,1,2377.9,10.6,4.82,56.33,47.23,Pump A Running
2026-08-27T08:45:00+00:00,Running,1,2357.8,10.65,4.6,57.09,48.14,Pump A Running
2026-08-27T09:00:00+00:00,Running,1,2395.9,10.62,4.72,58.07,47.15,Pump A Running
2026-08-27T09:15:00+00:00,Running,1,2411.1,10.6,4.63,58.4,47.26,Pump A Running
2026-08-27T09:30:00+00:00,Running,1,2307.7,10.7,4.74,53.97,48.06,Pump A Running
2026-08-27T09:45:00+00:00,Running,1,2302.2,10.63,4.56,55.73,47.49,Pump A Running
2026-08-27T10:00:00+00:00,Running,1,2468.9,10.59,4.77,57.15,48.33,Pump A Running
2026-08-27T10:15:00+00:00,Running,1,2288.7,10.65,4.53,54.69,47.47,Pump A Running
2026-08-27T10:30:00+00:00,Running,1,2381.8,10.59,4.58,56.26,48.44,Pump A Running
2026-08-27T10:45:00+00:00,Running,1,2393.2,10.62,4.68,57.96,48.33,Pump A Running
2026-08-27T11:00:00+00:00,Running,1,2313.9,10.6,4.6,56.1,47.64,Pump A Running
2026-08-27T11:15:00+00:00,Running,1,2530.7,10.68,4.72,57.35,47.73,Pump A Running
2026-08-27T11:30:00+00:00,Running,1,2499.3,10.65,4.68,58.09,47.67,Pump A Running
2026-08-27T11:45:00+00:00,Running,1,2285.7,10.52,4.79,55.98,47.39,Pump A Running
2026-08-27T12:00:00+00:00,Running,1,2349.4,10.5,4.62,52.44,47.85,Pump A Running
2026-08-27T12:15:00+00:00,Running,1,2291.6,10.68,4.62,61.88,47.0,Pump A Running
2026-08-27T12:30:00+00:00,Running,1,2448.9,10.59,4.45,55.37,48.16,Pump A Running
2026-08-27T12:45:00+00:00,Running,1,2434.6,10.59,4.71,59.77,46.99,Pump A Running
2026-08-27T13:00:00+00:00,Running,1,2355.4,10.49,4.55,55.03,47.47,Pump A Running
2026-08-27T13:15:00+00:00,Running,1,2277.7,10.5,4.68,57.84,48.11,Pump A Running
2026-08-27T13:30:00+00:00,Running,1,2378.7,10.6,4.5,53.4,47.53,Pump A Running
2026-08-27T13:45:00+00:00,Running,1,2244.2,10.59,4.63,58.51,47.18,Pump A Running
2026-08-27T14:00:00+00:00,Running,1,2474.4,10.72,4.4,55.95,47.46,Pump A Running
2026-08-27T14:15:00+00:00,Running,1,2423.6,10.6,4.7,57.42,47.39,Pump A Running
2026-08-27T14:30:00+00:00,Running,1,2376.0,10.5,4.59,57.83,47.12,Pump A Running
2026-08-27T14:45:00+00:00,Running,1,2436.7,10.55,4.67,57.27,46.94,Pump A Running
2026-08-27T15:00:00+00:00,Running,1,2432.7,10.61,4.48,56.04,48.29,Pump A Running
2026-08-27T15:15:00+00:00,Running,1,2458.9,10.68,4.57,56.19,47.85,Pump A Running
2026-08-27T15:30:00+00:00,Running,1,2471.7,10.53,4.65,54.22,46.94,Pump A Running
2026-08-27T15:45:00+00:00,Running,1,2544.6,10.69,4.72,55.67,48.44,Pump A Running
2026-08-27T16:00:00+00:00,Running,1,2517.1,10.68,4.66,56.95,47.57,Pump A Running
2026-08-27T16:15:00+00:00,Running,1,2611.0,10.55,4.48,54.71,47.69,Pump A Running
2026-08-27T16:30:00+00:00,Running,1,2677.3,10.6,4.67,56.81,48.58,Pump A Running
2026-08-27T16:45:00+00:00,Running,1,2687.9,10.67,4.61,55.57,47.88,Pump A Running
2026-08-27T17:00:00+00:00,Running,1,2330.9,10.64,4.52,57.02,47.41,Pump A Running
2026-08-27T17:15:00+00:00,Running,1,2480.0,10.67,4.57,55.86,47.4,Pump A Running
2026-08-27T17:30:00+00:00,Running,1,2519.1,10.58,4.55,54.14,47.69,Pump A Running
2026-08-27T17:45:00+00:00,Running,1,2627.5,10.6,4.54,55.33,47.72,Pump A Running
2026-08-27T18:00:00+00:00,Running,1,2482.9,10.57,4.66,57.08,48.06,Pump A Running
2026-08-27T18:15:00+00:00,Running,1,2615.5,10.8,4.47,59.0,47.99,Pump A Running
2026-08-27T18:30:00+00:00,Running,1,2574.9,10.54,4.45,57.13,48.37,Pump A Running
2026-08-27T18:45:00+00:00,Running,1,2467.6,10.59,4.7,57.24,47.61,Pump A Running
2026-08-27T19:00:00+00:00,Running,1,2516.1,10.69,4.64,57.53,47.05,Pump A Running
2026-08-27T19:15:00+00:00,Running,1,2690.8,10.56,4.52,59.29,46.97,Pump A Running
2026-08-27T19:30:00+00:00,Running,1,2600.9,10.66,4.54,55.32,48.0,Pump A Running
2026-08-27T19:45:00+00:00,Running,1,2407.7,10.6,4.59,58.32,47.11,Pump A Running
2026-08-27T20:00:00+00:00,Running,1,2657.8,10.54,4.64,56.66,47.94,Pump A Running
2026-08-27T20:15:00+00:00,Running,1,2528.1,10.57,4.47,55.14,47.01,Pump A Running
2026-08-27T20:30:00+00:00,Running,1,2585.2,10.6,4.52,55.04,47.56,Pump A Running
2026-08-27T20:45:00+00:00,Running,1,2490.6,10.44,4.56,55.73,47.75,Pump A Running
2026-08-27T21:00:00+00:00,Running,1,2601.7,10.65,4.53,57.66,47.38,Pump A Running
2026-08-27T21:15:00+00:00,Running,1,2631.8,10.62,4.52,57.38,48.32,Pump A Running
2026-08-27T21:30:00+00:00,Running,1,2560.1,10.66,4.65,57.08,47.63,Pump A Running
2026-08-27T21:45:00+00:00,Running,1,2597.5,10.6,4.62,56.51,47.71,Pump A Running
2026-08-27T22:00:00+00:00,Running,1,2814.3,10.54,4.55,52.34,47.3,Pump A Running
2026-08-27T22:15:00+00:00,Running,1,2648.1,10.45,4.47,56.73,48.21,Pump A Running
2026-08-27T22:30:00+00:00,Running,1,2501.1,10.61,4.51,57.1,47.51,Pump A Running
2026-08-27T22:45:00+00:00,Running,1,2628.0,10.73,4.57,57.25,46.84,Pump A Running
2026-08-27T23:00:00+00:00,Running,1,2692.0,10.55,4.53,56.27,47.78,Pump A Running
2026-08-27T23:15:00+00:00,Running,1,2531.5,10.58,4.63,55.75,48.1,Pump A Running
2026-08-27T23:30:00+00:00,Running,1,2633.3,10.68,4.68,58.4,48.38,Pump A Running
2026-08-27T23:45:00+00:00,Running,1,2728.2,10.64,4.6,58.25,47.52,Pump A Running
2026-08-28T00:00:00+00:00,Running,1,2595.9,10.55,4.62,53.99,47.42,Pump A Running
2026-08-28T00:15:00+00:00,Running,1,2526.2,10.7,4.63,55.88,47.98,Pump A Running
2026-08-28T00:30:00+00:00,Running,1,2630.7,10.49,4.65,57.81,47.92,Pump A Running
2026-08-28T00:45:00+00:00,Running,1,2751.2,10.54,4.64,56.72,47.99,Pump A Running
2026-08-28T01:00:00+00:00,Running,1,2445.3,10.56,4.67,57.12,48.13,Pump A Running
2026-08-28T01:15:00+00:00,Running,1,2625.7,10.64,4.51,59.59,47.04,Pump A Running
2026-08-28T01:30:00+00:00,Running,1,2735.2,10.73,4.45,54.5,47.5,Pump A Running
2026-08-28T01:45:00+00:00,Running,1,2587.7,10.62,4.62,58.04,47.28,Pump A Running
2026-08-28T02:00:00+00:00,Stopped,0,0.0,0.0,0.16,0.0,28.79,Pumps Stopped
2026-08-28T02:15:00+00:00,Stopped,0,0.0,0.0,0.17,0.0,29.17,Pumps Stopped
2026-08-28T02:30:00+00:00,Stopped,0,0.0,0.0,0.11,0.0,29.38,Pumps Stopped
2026-08-28T02:45:00+00:00,Stopped,0,0.0,0.0,0.14,0.0,29.13,Pumps Stopped
2026-08-28T03:00:00+00:00,Stopped,0,0.0,0.0,0.11,0.0,28.99,Pumps Stopped
2026-08-28T03:15:00+00:00,Stopped,0,0.0,0.0,0.11,0.0,28.97,Pumps Stopped
2026-08-28T03:30:00+00:00,Running,1,2721.8,10.64,4.38,54.4,48.04,Pump A Running
2026-08-28T03:45:00+00:00,Running,1,2590.6,10.73,4.67,58.16,48.32,Pump A Running
2026-08-28T04:00:00+00:00,Running,1,2686.0,10.65,4.52,57.04,48.26,Pump A Running
2026-08-28T04:15:00+00:00,Running,1,2636.5,10.62,4.55,53.46,48.12,Pump A Running
2026-08-28T04:30:00+00:00,Running,1,2672.4,10.62,4.49,53.84,48.14,Pump A Running
2026-08-28T04:45:00+00:00,Running,1,2700.1,10.7,4.52,54.38,47.99,Pump A Running
2026-08-28T05:00:00+00:00,Running,1,2649.5,10.55,4.62,55.27,47.68,Pump A Running
2026-08-28T05:15:00+00:00,Running,1,2825.5,10.68,4.68,54.71,47.74,Pump A Running
2026-08-28T05:30:00+00:00,Running,1,2677.7,10.64,4.45,56.39,47.88,Pump A Running
2026-08-28T05:45:00+00:00,Running,1,2646.5,10.64,4.5,57.75,48.11,Pump A Running
2026-08-28T06:00:00+00:00,Running,1,2752.6,10.62,4.52,56.65,48.35,Pump A Running
2026-08-28T06:15:00+00:00,Running,1,2818.9,10.57,4.52,56.47,48.08,Pump A Running
2026-08-28T06:30:00+00:00,Running,1,2618.9,10.55,4.46,57.44,48.32,Pump A Running
2026-08-28T06:45:00+00:00,Running,1,2777.9,10.73,4.65,56.23,48.47,Pump A Running
2026-08-28T07:00:00+00:00,Running,1,2820.4,10.73,4.45,58.09,47.99,Pump A Running
2026-08-28T07:15:00+00:00,Running,1,2629.3,10.64,4.62,57.52,47.75,Pump A Running
2026-08-28T07:30:00+00:00,Running,1,2681.3,10.62,4.59,56.05,47.61,Pump A Running
2026-08-28T07:45:00+00:00,Running,1,2539.2,10.59,4.62,57.14,48.03,Pump A Running
2026-08-28T08:00:00+00:00,Running,1,2879.4,10.65,4.62,52.34,48.14,Pump A Running
2026-08-28T08:15:00+00:00,Running,1,2895.1,10.64,4.57,57.39,47.94,Pump A Running
2026-08-28T08:30:00+00:00,Running,1,2924.5,10.65,4.43,56.46,47.21,Pump A Running
2026-08-28T08:45:00+00:00,Running,1,2793.9,10.64,4.51,55.65,47.38,Pump A Running
2026-08-28T09:00:00+00:00,Running,1,2728.0,10.62,4.57,55.3,47.39,Pump A Running
2026-08-28T09:15:00+00:00,Running,1,2722.0,10.62,4.61,55.86,47.57,Pump A Running
2026-08-28T09:30:00+00:00,Running,1,2872.2,10.51,4.37,58.7,48.09,Pump A Running
2026-08-28T09:45:00+00:00,Running,1,2739.1,10.68,4.47,57.12,48.37,Pump A Running
2026-08-28T10:00:00+00:00,Running,1,2701.6,10.71,4.6,56.69,47.38,Pump A Running
2026-08-28T10:15:00+00:00,Running,1,2779.4,10.59,4.67,54.42,47.59,Pump A Running
2026-08-28T10:30:00+00:00,Running,1,2656.0,10.53,4.48,56.52,48.06,Pump A Running
2026-08-28T10:45:00+00:00,Running,1,2873.1,10.61,4.65,56.15,47.44,Pump A Running
2026-08-28T11:00:00+00:00,Running,1,2685.1,10.54,4.56,55.73,47.48,Pump A Running
2026-08-28T11:15:00+00:00,Running,1,2675.9,10.62,4.56,55.39,48.05,Pump A Running
2026-08-28T11:30:00+00:00,Running,1,2786.2,10.51,4.5,56.65,46.94,Pump A Running
2026-08-28T11:45:00+00:00,Running,1,2611.9,10.72,4.57,55.77,48.04,Pump A Running
2026-08-28T12:00:00+00:00,Running,1,2752.2,10.61,4.53,55.8,48.11,Pump A Running
2026-08-28T12:15:00+00:00,Running,1,2680.1,10.7,4.55,56.41,48.31,Pump A Running
2026-08-28T12:30:00+00:00,Running,1,2801.0,10.6,4.66,55.96,46.9,Pump A Running
2026-08-28T12:45:00+00:00,Running,1,2729.1,10.6,4.52,58.43,47.94,Pump A Running
2026-08-28T13:00:00+00:00,Running,1,2807.5,10.57,4.55,52.44,48.21,Pump A Running
2026-08-28T13:15:00+00:00,Running,1,2611.6,10.63,4.53,55.83,47.69,Pump A Running
2026-08-28T13:30:00+00:00,Running,1,2719.4,10.65,4.48,57.85,47.44,Pump A Running
2026-08-28T13:45:00+00:00,Running,1,2792.4,10.53,4.6,55.91,47.77,Pump A Running
2026-08-28T14:00:00+00:00,Running,1,2787.5,10.65,4.43,56.88,47.07,Pump A Running
2026-08-28T14:15:00+00:00,Running,1,2743.8,10.64,4.51,53.69,48.36,Pump A Running
2026-08-28T14:30:00+00:00,Running,1,2659.3,10.72,4.53,54.86,47.02,Pump A Running
2026-08-28T14:45:00+00:00,Running,1,2657.0,10.57,4.45,56.89,49.05,Pump A Running
2026-08-28T15:00:00+00:00,Running,1,2811.0,10.63,4.6,56.75,48.17,Pump A Running
2026-08-28T15:15:00+00:00,Running,1,2741.6,10.62,4.52,54.46,47.81,Pump A Running
2026-08-28T15:30:00+00:00,Running,1,2809.2,10.7,4.76,56.02,46.83,Pump A Running
2026-08-28T15:45:00+00:00,Running,1,2701.7,10.6,4.68,56.92,46.87,Pump A Running
2026-08-28T16:00:00+00:00,Running,1,2761.5,10.54,4.59,57.51,47.48,Pump A Running
2026-08-28T16:15:00+00:00,Running,1,2911.7,10.67,4.76,55.74,47.31,Pump A Running
2026-08-28T16:30:00+00:00,Running,1,2760.5,10.6,4.56,58.25,47.44,Pump A Running
2026-08-28T16:45:00+00:00,Running,1,2732.0,10.64,4.54,54.19,47.56,Pump A Running
2026-08-28T17:00:00+00:00,Running,1,2933.5,10.51,4.53,55.68,48.0,Pump A Running
2026-08-28T17:15:00+00:00,Running,1,2647.2,10.64,4.41,58.5,47.97,Pump A Running
2026-08-28T17:30:00+00:00,Running,1,2725.3,10.64,4.57,54.78,48.19,Pump A Running
2026-08-28T17:45:00+00:00,Running,1,2669.4,10.59,4.47,55.14,47.28,Pump A Running
2026-08-28T18:00:00+00:00,Running,1,2673.6,10.57,4.57,53.11,46.67,Pump A Running
2026-08-28T18:15:00+00:00,Running,1,2896.9,10.56,4.63,56.71,47.44,Pump A Running
2026-08-28T18:30:00+00:00,Running,1,2762.9,10.59,4.66,56.74,48.39,Pump A Running
2026-08-28T18:45:00+00:00,Running,1,2631.0,10.6,4.64,54.78,47.4,Pump A Running
2026-08-28T19:00:00+00:00,Running,1,2773.2,10.66,4.59,55.22,48.09,Pump A Running
2026-08-28T19:15:00+00:00,Running,1,2729.8,10.45,4.49,57.37,47.77,Pump A Running
2026-08-28T19:30:00+00:00,Running,1,2691.4,10.48,4.49,54.81,47.87,Pump A Running
2026-08-28T19:45:00+00:00,Running,1,2879.5,10.62,4.45,56.87,48.01,Pump A Running
2026-08-28T20:00:00+00:00,Running,1,2779.5,10.61,4.64,57.54,47.42,Pump A Running
2026-08-28T20:15:00+00:00,Running,1,2633.2,10.45,4.51,57.12,47.67,Pump A Running
2026-08-28T20:30:00+00:00,Running,1,2668.4,10.67,4.65,57.01,47.56,Pump A Running
2026-08-28T20:45:00+00:00,Running,1,2592.9,10.67,4.49,57.08,47.6,Pump A Running
2026-08-28T21:00:00+00:00,Running,1,2555.8,10.54,4.48,56.8,48.14,Pump A Running
2026-08-28T21:15:00+00:00,Running,1,2634.4,10.56,4.62,55.73,47.71,Pump A Running
2026-08-28T21:30:00+00:00,Running,1,2618.5,10.73,4.31,55.69,47.84,Pump A Running
2026-08-28T21:45:00+00:00,Running,1,2618.4,10.67,4.41,56.22,47.24,Pump A Running
2026-08-28T22:00:00+00:00,Running,1,2703.3,10.5,4.59,54.93,47.58,Pump A Running
2026-08-28T22:15:00+00:00,Running,1,2562.1,10.57,4.59,57.75,47.16,Pump A Running
2026-08-28T22:30:00+00:00,Running,1,2729.5,10.65,4.73,56.05,48.54,Pump A Running
2026-08-28T22:45:00+00:00,Running,1,2591.4,10.62,4.48,55.26,48.51,Pump A Running
2026-08-28T23:00:00+00:00,Running,1,2652.8,10.68,4.58,56.25,47.74,Pump A Running
2026-08-28T23:15:00+00:00,Running,1,2548.9,10.56,4.61,57.08,48.36,Pump A Running
2026-08-28T23:30:00+00:00,Running,1,2618.1,10.6,4.65,57.59,47.46,Pump A Running
2026-08-28T23:45:00+00:00,Running,1,2848.5,10.64,4.56,57.01,47.46,Pump A Running
2026-08-29T00:00:00+00:00,Running,1,2413.5,10.67,4.72,57.0,48.06,Pump A Running
2026-08-29T00:15:00+00:00,Running,1,2505.7,10.62,4.63,53.75,48.75,Pump A Running
2026-08-29T00:30:00+00:00,Running,1,2483.6,10.53,4.55,52.39,47.87,Pump A Running
2026-08-29T00:45:00+00:00,Running,1,2692.5,10.58,4.64,55.15,47.05,Pump A Running
2026-08-29T01:00:00+00:00,Running,1,2582.1,10.68,4.56,57.38,47.28,Pump A Running
2026-08-29T01:15:00+00:00,Running,1,2664.1,10.6,4.54,55.68,47.09,Pump A Running
2026-08-29T01:30:00+00:00,Running,1,2571.4,10.6,4.5,55.47,47.93,Pump A Running
2026-08-29T01:45:00+00:00,Running,1,2568.2,10.52,4.55,54.72,47.68,Pump A Running
2026-08-29T02:00:00+00:00,Stopped,0,0.0,0.0,0.06,0.0,29.28,Pumps Stopped
2026-08-29T02:15:00+00:00,Stopped,0,0.0,0.0,0.1,0.0,29.41,Pumps Stopped
2026-08-29T02:30:00+00:00,Stopped,0,0.0,0.0,0.17,0.0,29.34,Pumps Stopped
2026-08-29T02:45:00+00:00,Stopped,0,0.0,0.0,0.1,0.0,28.59,Pumps Stopped
2026-08-29T03:00:00+00:00,Stopped,0,0.0,0.0,0.16,0.0,29.25,Pumps Stopped
2026-08-29T03:15:00+00:00,Stopped,0,0.0,0.0,0.14,0.0,28.88,Pumps Stopped
2026-08-29T03:30:00+00:00,Running,1,2459.9,10.69,4.48,55.27,47.49,Pump A Running
2026-08-29T03:45:00+00:00,Running,1,2614.2,10.52,4.64,55.08,47.2,Pump A Running
2026-08-29T04:00:00+00:00,Running,1,2606.8,10.56,4.67,56.77,48.22,Pump A Running
2026-08-29T04:15:00+00:00,Running,1,2665.3,10.65,4.58,57.51,48.2,Pump A Running
2026-08-29T04:30:00+00:00,Running,1,2575.1,10.45,4.69,59.87,47.78,Pump A Running
2026-08-29T04:45:00+00:00,Running,1,2564.1,10.52,4.72,55.24,47.35,Pump A Running
2026-08-29T05:00:00+00:00,Running,1,2711.0,10.65,4.47,55.87,47.68,Pump A Running
2026-08-29T05:15:00+00:00,Running,1,2518.6,10.5,4.56,55.06,48.19,Pump A Running
2026-08-29T05:30:00+00:00,Running,1,2455.0,10.59,4.57,55.03,48.98,Pump A Running
2026-08-29T05:45:00+00:00,Running,1,2451.1,10.61,4.71,58.36,48.1,Pump A Running
2026-08-29T06:00:00+00:00,Running,1,2368.4,10.62,4.42,52.62,47.79,Pump A Running
2026-08-29T06:15:00+00:00,Running,1,2420.4,10.57,4.7,56.67,47.7,Pump A Running
2026-08-29T06:30:00+00:00,Running,1,2389.1,10.58,4.6,55.61,47.3,Pump A Running
2026-08-29T06:45:00+00:00,Running,1,2473.7,10.54,4.5,55.0,47.53,Pump A Running
2026-08-29T07:00:00+00:00,Running,1,2483.4,10.62,4.59,56.22,47.78,Pump A Running
2026-08-29T07:15:00+00:00,Running,1,2449.1,10.55,4.59,56.3,47.21,Pump A Running
2026-08-29T07:30:00+00:00,Running,1,2308.1,10.66,4.66,55.38,47.95,Pump A Running
2026-08-29T07:45:00+00:00,Running,1,2538.7,10.52,4.71,55.25,47.18,Pump A Running
2026-08-29T08:00:00+00:00,Running,1,2433.6,10.6,4.53,57.06,48.38,Pump A Running
2026-08-29T08:15:00+00:00,Running,1,2380.2,10.62,4.6,55.69,48.01,Pump A Running
2026-08-29T08:30:00+00:00,Running,1,2414.3,10.7,4.57,54.93,48.68,Pump A Running
2026-08-29T08:45:00+00:00,Running,1,2552.4,10.62,4.69,56.77,48.36,Pump A Running
2026-08-29T09:00:00+00:00,Running,1,2333.7,10.48,4.53,55.34,48.14,Pump A Running
2026-08-29T09:15:00+00:00,Running,1,2225.7,10.65,4.78,53.76,48.1,Pump A Running
2026-08-29T09:30:00+00:00,Running,1,2349.9,10.65,4.58,57.18,47.8,Pump A Running
2026-08-29T09:45:00+00:00,Running,1,2305.8,10.59,4.57,56.47,48.09,Pump A Running
2026-08-29T10:00:00+00:00,Running,1,2364.1,10.56,4.56,58.1,48.32,Pump A Running
2026-08-29T10:15:00+00:00,Running,1,2368.3,10.5,4.8,54.37,47.56,Pump A Running
2026-08-29T10:30:00+00:00,Running,1,2358.1,10.64,4.66,56.43,48.46,Pump A Running
2026-08-29T10:45:00+00:00,Running,1,2355.0,10.61,4.38,58.14,49.23,Pump A Running
2026-08-29T11:00:00+00:00,Running,1,2331.1,10.58,4.69,56.12,47.96,Pump A Running
2026-08-29T11:15:00+00:00,Running,1,2303.2,10.55,4.45,57.82,48.01,Pump A Running
2026-08-29T11:30:00+00:00,Running,1,2377.2,10.59,4.46,57.27,48.01,Pump A Running
2026-08-29T11:45:00+00:00,Running,1,2331.3,10.64,4.5,58.37,48.04,Pump A Running
2026-08-29T12:00:00+00:00,Running,1,2386.7,10.71,4.46,57.9,47.72,Pump A Running
2026-08-29T12:15:00+00:00,Running,1,2559.1,10.67,4.55,55.9,48.07,Pump A Running
2026-08-29T12:30:00+00:00,Running,1,2368.2,10.69,4.65,56.29,46.55,Pump A Running
2026-08-29T12:45:00+00:00,Running,1,2221.6,10.66,4.55,56.39,47.31,Pump A Running
2026-08-29T13:00:00+00:00,Running,1,2249.9,10.78,4.55,54.66,48.71,Pump A Running
2026-08-29T13:15:00+00:00,Running,1,2406.6,10.59,4.7,57.32,47.76,Pump A Running
2026-08-29T13:30:00+00:00,Running,1,2317.1,10.54,4.43,57.06,48.07,Pump A Running
2026-08-29T13:45:00+00:00,Running,1,2254.0,10.61,4.6,57.09,47.67,Pump A Running
2026-08-29T14:00:00+00:00,Running,1,2330.2,10.54,4.56,56.08,47.88,Pump A Running
2026-08-29T14:15:00+00:00,Running,1,2188.0,10.58,4.66,53.73,47.71,Pump A Running
2026-08-29T14:30:00+00:00,Running,1,2226.6,10.73,4.55,54.55,48.58,Pump A Running
2026-08-29T14:45:00+00:00,Running,1,2293.9,10.57,4.5,57.15,47.78,Pump A Running
2026-08-29T15:00:00+00:00,Running,1,2290.1,10.61,4.5,53.67,48.56,Pump A Running
2026-08-29T15:15:00+00:00,Running,1,2278.9,10.54,4.51,56.64,47.71,Pump A Running
2026-08-29T15:30:00+00:00,Running,1,2460.9,10.57,4.61,55.54,47.75,Pump A Running
2026-08-29T15:45:00+00:00,Running,1,2284.7,10.66,4.52,56.74,47.22,Pump A Running
2026-08-29T16:00:00+00:00,Running,1,2197.6,10.6,4.55,58.39,47.77,Pump A Running
2026-08-29T16:15:00+00:00,Running,1,2308.3,10.64,4.56,53.61,47.9,Pump A Running
2026-08-29T16:30:00+00:00,Running,1,2295.8,10.66,4.42,56.44,48.13,Pump A Running
2026-08-29T16:45:00+00:00,Running,1,2192.0,10.64,4.52,57.96,47.45,Pump A Running
2026-08-29T17:00:00+00:00,Running,1,2306.7,10.63,4.43,57.56,47.93,Pump A Running
2026-08-29T17:15:00+00:00,Running,1,2253.9,10.58,4.52,53.46,46.92,Pump A Running
2026-08-29T17:30:00+00:00,Running,1,2216.6,10.58,4.64,56.27,47.79,Pump A Running
2026-08-29T17:45:00+00:00,Running,1,2299.0,10.64,4.58,57.38,48.8,Pump A Running
2026-08-29T18:00:00+00:00,Running,1,2303.7,10.5,4.47,58.95,47.61,Pump A Running
2026-08-29T18:15:00+00:00,Running,1,2212.6,10.61,4.53,57.52,47.96,Pump A Running
2026-08-29T18:30:00+00:00,Running,1,2314.8,10.67,4.58,55.72,47.35,Pump A Running
2026-08-29T18:45:00+00:00,Running,1,2139.7,10.67,4.58,56.56,47.86,Pump A Running
2026-08-29T19:00:00+00:00,Running,1,2140.2,10.65,4.41,54.88,47.78,Pump A Running
2026-08-29T19:15:00+00:00,Running,1,2238.0,10.57,4.59,54.92,47.31,Pump A Running
2026-08-29T19:30:00+00:00,Running,1,2433.7,10.68,4.48,52.81,47.4,Pump A Running
2026-08-29T19:45:00+00:00,Running,1,2074.1,10.52,4.42,55.07,48.8,Pump A Running
2026-08-29T20:00:00+00:00,Running,1,2289.3,10.6,4.59,55.85,47.87,Pump A Running
2026-08-29T20:15:00+00:00,Running,1,2171.2,10.64,4.55,57.48,48.11,Pump A Running
2026-08-29T20:30:00+00:00,Running,1,2338.5,10.55,4.56,57.89,47.53,Pump A Running
2026-08-29T20:45:00+00:00,Running,1,2280.9,10.53,4.56,54.68,47.51,Pump A Running
2026-08-29T21:00:00+00:00,Running,1,2198.3,10.54,4.53,56.24,47.64,Pump A Running
2026-08-29T21:15:00+00:00,Running,1,2263.1,10.54,4.37,53.31,47.8,Pump A Running
2026-08-29T21:30:00+00:00,Running,1,2343.6,10.59,4.41,57.29,48.0,Pump A Running
2026-08-29T21:45:00+00:00,Running,1,2332.5,10.67,4.69,57.7,48.73,Pump A Running
2026-08-29T22:00:00+00:00,Running,1,2053.2,10.49,4.41,53.95,48.38,Pump A Running
2026-08-29T22:15:00+00:00,Running,1,1985.4,10.48,4.46,56.2,47.23,Pump A Running
2026-08-29T22:30:00+00:00,Running,1,2196.4,10.56,4.45,56.1,48.12,Pump A Running
2026-08-29T22:45:00+00:00,Running,1,2170.7,10.72,4.51,55.08,48.09,Pump A Running
2026-08-29T23:00:00+00:00,Running,1,2180.3,10.55,4.39,56.46,47.6,Pump A Running
2026-08-29T23:15:00+00:00,Running,1,2283.0,10.57,4.53,54.98,48.07,Pump A Running
2026-08-29T23:30:00+00:00,Running,1,2181.4,10.56,4.46,54.07,47.18,Pump A Running
2026-08-29T23:45:00+00:00,Running,1,2190.1,10.55,4.44,56.84,47.19,Pump A Running
2026-08-30T00:00:00+00:00,Running,1,2365.9,10.56,4.58,58.34,48.0,Pump A Running
2026-08-30T00:15:00+00:00,Running,1,2156.4,10.43,4.48,56.07,48.58,Pump A Running
2026-08-30T00:30:00+00:00,Running,1,2151.3,10.77,4.55,55.05,48.6,Pump A Running
2026-08-30T00:45:00+00:00,Running,1,2376.8,10.57,4.51,57.07,47.55,Pump A Running
2026-08-30T01:00:00+00:00,Running,1,2144.6,10.71,4.67,55.73,47.62,Pump A Running
2026-08-30T01:15:00+00:00,Running,1,2108.4,10.68,4.59,55.72,47.39,Pump A Running
2026-08-30T01:30:00+00:00,Running,1,2094.1,10.58,4.5,58.28,47.67,Pump A Running
2026-08-30T01:45:00+00:00,Running,1,2221.0,10.64,4.53,57.05,47.58,Pump A Running
2026-08-30T02:00:00+00:00,Stopped,0,0.0,0.0,0.14,0.0,28.71,Pumps Stopped
2026-08-30T02:15:00+00:00,Stopped,0,0.0,0.0,0.13,0.0,28.51,Pumps Stopped
2026-08-30T02:30:00+00:00,Stopped,0,0.0,0.0,0.16,0.0,28.64,Pumps Stopped
2026-08-30T02:45:00+00:00,Stopped,0,0.0,0.0,0.14,0.0,28.71,Pumps Stopped
2026-08-30T03:00:00+00:00,Stopped,0,0.0,0.0,0.12,0.0,28.74,Pumps Stopped
2026-08-30T03:15:00+00:00,Stopped,0,0.0,0.0,0.09,0.0,29.21,Pumps Stopped
2026-08-30T03:30:00+00:00,Running,1,2223.8,10.5,4.59,54.98,48.37,Pump A Running
2026-08-30T03:45:00+00:00,Running,1,2166.5,10.56,4.55,56.26,48.27,Pump A Running
2026-08-30T04:00:00+00:00,Running,1,2117.6,10.55,4.45,55.69,48.11,Pump A Running
2026-08-30T04:15:00+00:00,Running,1,2338.1,10.63,4.4,55.61,47.81,Pump A Running
2026-08-30T04:30:00+00:00,Running,1,2265.0,10.68,4.61,57.63,47.84,Pump A Running
2026-08-30T04:45:00+00:00,Running,1,2242.4,10.69,4.5,54.38,47.43,Pump A Running
2026-08-30T05:00:00+00:00,Running,1,2126.5,10.6,4.45,52.78,46.52,Pump A Running
2026-08-30T05:15:00+00:00,Running,1,2141.3,10.64,4.64,56.53,48.34,Pump A Running
2026-08-30T05:30:00+00:00,Running,1,2235.5,10.59,4.42,53.42,48.56,Pump A Running
2026-08-30T05:45:00+00:00,Running,1,2158.9,10.6,4.61,58.64,48.44,Pump A Running
2026-08-30T06:00:00+00:00,Running,1,2201.7,10.59,4.63,58.69,47.25,Pump A Running
2026-08-30T06:15:00+00:00,Running,1,2063.9,10.68,4.63,53.68,48.41,Pump A Running
2026-08-30T06:30:00+00:00,Running,1,2148.4,10.65,4.62,55.05,48.12,Pump A Running
2026-08-30T06:45:00+00:00,Running,1,2037.8,10.71,4.43,57.84,47.7,Pump A Running
2026-08-30T07:00:00+00:00,Running,1,2290.7,10.63,4.49,52.63,47.81,Pump A Running
2026-08-30T07:15:00+00:00,Running,1,2220.2,10.54,4.55,56.34,48.03,Pump A Running
2026-08-30T07:30:00+00:00,Running,1,2188.6,10.65,4.55,55.19,47.73,Pump A Running
2026-08-30T07:45:00+00:00,Running,1,2209.3,10.6,4.57,54.94,48.83,Pump A Running
2026-08-30T08:00:00+00:00,Running,1,2187.6,10.64,4.7,54.83,48.23,Pump A Running
2026-08-30T08:15:00+00:00,Running,1,2158.4,10.52,4.48,57.5,47.49,Pump A Running
2026-08-30T08:30:00+00:00,Running,1,2396.1,10.67,4.58,56.78,47.72,Pump A Running
2026-08-30T08:45:00+00:00,Running,1,2167.2,10.52,4.4,53.09,48.0,Pump A Running
2026-08-30T09:00:00+00:00,Running,1,2075.3,10.5,4.45,53.7,48.11,Pump A Running
2026-08-30T09:15:00+00:00,Running,1,2362.9,10.57,4.39,53.3,47.95,Pump A Running
2026-08-30T09:30:00+00:00,Running,1,2263.2,10.7,4.34,53.99,47.44,Pump A Running
2026-08-30T09:45:00+00:00,Running,1,2377.7,10.67,4.36,56.22,47.61,Pump A Running
2026-08-30T10:00:00+00:00,Running,1,2228.7,10.61,4.54,58.13,48.2,Pump A Running
2026-08-30T10:15:00+00:00,Stopped,0,0.0,0.0,0.08,0.0,29.46,Pumps Stopped
2026-08-30T10:30:00+00:00,Stopped,0,0.0,0.0,0.11,0.0,29.3,Pumps Stopped
2026-08-30T10:45:00+00:00,Stopped,0,0.0,0.0,0.12,0.0,28.99,Pumps Stopped
2026-08-30T11:00:00+00:00,Stopped,0,0.0,0.0,0.11,0.0,29.53,Pumps Stopped
2026-08-30T11:15:00+00:00,Stopped,0,0.0,0.0,0.12,0.0,28.88,Pumps Stopped
2026-08-30T11:30:00+00:00,Running,1,2215.2,10.65,4.62,56.24,47.89,Pump A Running
2026-08-30T11:45:00+00:00,Running,1,2162.7,10.68,4.41,54.79,48.28,Pump A Running
2026-08-30T12:00:00+00:00,Running,1,2243.4,10.65,4.47,57.01,49.18,Pump A Running
2026-08-30T12:15:00+00:00,Running,1,2197.5,10.65,4.54,54.98,47.72,Pump A Running
2026-08-30T12:30:00+00:00,Running,1,2215.5,10.76,4.38,54.04,47.89,Pump A Running
2026-08-30T12:45:00+00:00,Running,1,2218.5,10.66,4.65,55.57,47.79,Pump A Running
2026-08-30T13:00:00+00:00,Running,1,2303.6,10.53,4.56,55.31,47.6,Pump A Running
2026-08-30T13:15:00+00:00,Running,1,2186.5,10.47,4.52,55.81,48.61,Pump A Running
2026-08-30T13:30:00+00:00,Running,1,2224.6,10.62,4.66,58.61,48.02,Pump A Running
2026-08-30T13:45:00+00:00,Running,1,2369.2,10.71,4.48,53.29,47.65,Pump A Running
2026-08-30T14:00:00+00:00,Running,1,2078.6,10.56,4.57,57.87,47.36,Pump A Running
2026-08-30T14:15:00+00:00,Running,1,2336.3,10.65,4.52,55.98,48.19,Pump A Running
2026-08-30T14:30:00+00:00,Running,1,2304.1,10.63,4.53,55.3,48.13,Pump A Running
2026-08-30T14:45:00+00:00,Running,1,2163.9,10.65,4.51,55.41,47.83,Pump A Running
2026-08-30T15:00:00+00:00,Running,1,2186.9,10.53,4.47,54.23,47.07,Pump A Running
2026-08-30T15:15:00+00:00,Running,1,2344.7,10.68,4.55,57.05,48.29,Pump A Running
2026-08-30T15:30:00+00:00,Running,1,2206.2,10.58,4.34,57.91,48.56,Pump A Running
2026-08-30T15:45:00+00:00,Running,1,2107.9,10.64,4.61,55.3,48.04,Pump A Running
2026-08-30T16:00:00+00:00,Running,1,2199.3,10.67,4.46,53.0,48.35,Pump A Running
2026-08-30T16:15:00+00:00,Running,1,2336.7,10.6,4.63,56.53,48.34,Pump A Running
2026-08-30T16:30:00+00:00,Running,1,2177.6,10.7,4.51,55.34,48.06,Pump A Running
2026-08-30T16:45:00+00:00,Running,1,2309.9,10.62,4.52,58.36,47.98,Pump A Running
2026-08-30T17:00:00+00:00,Running,1,2074.1,10.54,4.46,56.86,47.3,Pump A Running
2026-08-30T17:15:00+00:00,Running,1,2253.2,10.64,4.5,55.47,47.36,Pump A Running
2026-08-30T17:30:00+00:00,Running,1,2423.2,10.65,4.57,57.02,48.18,Pump A Running
2026-08-30T17:45:00+00:00,Running,1,2307.6,10.61,4.53,55.06,48.53,Pump A Running
2026-08-30T18:00:00+00:00,Running,1,2469.1,10.66,4.49,53.65,47.77,Pump A Running
2026-08-30T18:15:00+00:00,Running,1,2324.5,10.62,4.5,53.11,48.61,Pump A Running
2026-08-30T18:30:00+00:00,Running,1,2427.4,10.58,4.54,56.47,47.67,Pump A Running
2026-08-30T18:45:00+00:00,Running,1,2305.9,10.63,4.5,56.79,47.57,Pump A Running
2026-08-30T19:00:00+00:00,Running,1,2374.7,10.54,4.51,54.16,48.66,Pump A Running
2026-08-30T19:15:00+00:00,Running,1,2438.5,10.48,4.59,56.29,48.08,Pump A Running
2026-08-30T19:30:00+00:00,Running,1,2440.3,10.49,4.56,55.86,48.72,Pump A Running
2026-08-30T19:45:00+00:00,Running,1,2387.7,10.75,4.56,54.56,47.81,Pump A Running
2026-08-30T20:00:00+00:00,Running,1,2411.2,10.61,4.44,54.91,47.64,Pump A Running
2026-08-30T20:15:00+00:00,Running,1,2223.3,10.52,4.48,53.5,48.0,Pump A Running
2026-08-30T20:30:00+00:00,Running,1,2589.7,10.66,4.5,54.32,48.31,Pump A Running
2026-08-30T20:45:00+00:00,Running,1,2294.7,10.56,4.51,52.32,47.79,Pump A Running
2026-08-30T21:00:00+00:00,Running,1,2422.4,10.76,4.65,55.58,48.5,Pump A Running
2026-08-30T21:15:00+00:00,Running,1,2393.0,10.58,4.36,54.77,47.75,Pump A Running
2026-08-30T21:30:00+00:00,Running,1,2311.9,10.56,4.59,54.63,48.2,Pump A Running
2026-08-30T21:45:00+00:00,Running,1,2433.7,10.53,4.43,53.02,48.7,Pump A Running
2026-08-30T22:00:00+00:00,Running,1,2330.3,10.58,4.53,53.31,47.87,Pump A Running
2026-08-30T22:15:00+00:00,Running,1,2347.2,10.63,4.49,56.39,48.08,Pump A Running
2026-08-30T22:30:00+00:00,Running,1,2393.3,10.66,4.42,56.0,48.49,Pump A Running
2026-08-30T22:45:00+00:00,Running,1,2385.3,10.59,4.48,54.58,48.71,Pump A Running
2026-08-30T23:00:00+00:00,Running,1,2317.9,10.52,4.53,55.11,48.61,Pump A Running
2026-08-30T23:15:00+00:00,Running,1,2359.3,10.67,4.58,54.49,48.19,Pump A Running
2026-08-30T23:30:00+00:00,Running,1,2321.5,10.54,4.6,52.85,47.7,Pump A Running
2026-08-30T23:45:00+00:00,Running,1,2447.6,10.5,4.55,55.73,47.93,Pump A Running
2026-08-31T00:00:00+00:00,Running,1,2411.6,10.67,4.45,51.48,47.36,Pump A Running
2026-08-31T00:15:00+00:00,Running,1,2474.0,10.58,4.38,58.99,47.66,Pump A Running
2026-08-31T00:30:00+00:00,Running,1,2604.4,10.51,4.49,53.09,48.27,Pump A Running
2026-08-31T00:45:00+00:00,Running,1,2430.3,10.56,4.5,55.54,47.56,Pump A Running
2026-08-31T01:00:00+00:00,Running,1,2632.9,10.57,4.62,54.93,47.66,Pump A Running
2026-08-31T01:15:00+00:00,Running,1,2530.2,10.72,4.6,54.8,48.03,Pump A Running
2026-08-31T01:30:00+00:00,Running,1,2475.7,10.62,4.46,52.97,47.85,Pump A Running
2026-08-31T01:45:00+00:00,Running,1,2516.4,10.5,4.37,56.9,48.42,Pump A Running
2026-08-31T02:00:00+00:00,Stopped,0,0.0,0.0,0.14,0.0,29.0,Pumps Stopped
2026-08-31T02:15:00+00:00,Stopped,0,0.0,0.0,0.17,0.0,28.64,Pumps Stopped
2026-08-31T02:30:00+00:00,Stopped,0,0.0,0.0,0.14,0.0,29.01,Pumps Stopped
2026-08-31T02:45:00+00:00,Stopped,0,0.0,0.0,0.08,0.0,29.11,Pumps Stopped
2026-08-31T03:00:00+00:00,Stopped,0,0.0,0.0,0.09,0.0,29.11,Pumps Stopped
2026-08-31T03:15:00+00:00,Stopped,0,0.0,0.0,0.11,0.0,29.11,Pumps Stopped
2026-08-31T03:30:00+00:00,Running,1,2451.1,10.53,4.52,54.18,48.26,Pump A Running
2026-08-31T03:45:00+00:00,Running,1,2468.4,10.55,4.48,53.51,48.35,Pump A Running
2026-08-31T04:00:00+00:00,Running,1,2534.2,10.64,4.49,57.07,48.48,Pump A Running
2026-08-31T04:15:00+00:00,Running,1,2529.8,10.5,4.6,51.81,47.96,Pump A Running
2026-08-31T04:30:00+00:00,Running,1,2673.2,10.5,4.57,54.3,47.3,Pump A Running
2026-08-31T04:45:00+00:00,Running,1,2535.7,10.67,4.59,54.33,48.43,Pump A Running
2026-08-31T05:00:00+00:00,Running,1,2637.3,10.55,4.6,54.7,48.61,Pump A Running
2026-08-31T05:15:00+00:00,Running,1,2538.1,10.54,4.44,53.79,48.0,Pump A Running
2026-08-31T05:30:00+00:00,Running,1,2566.1,10.58,4.61,55.34,48.19,Pump A Running
2026-08-31T05:45:00+00:00,Running,1,2562.7,10.63,4.64,54.95,47.97,Pump A Running
2026-08-31T06:00:00+00:00,Running,1,2496.8,10.61,4.45,55.41,48.08,Pump A Running
2026-08-31T06:15:00+00:00,Running,1,2713.7,10.55,4.66,53.19,48.14,Pump A Running
2026-08-31T06:30:00+00:00,Running,1,2490.1,10.64,4.52,56.79,47.96,Pump A Running
2026-08-31T06:45:00+00:00,Running,1,2595.2,10.69,4.63,55.25,47.85,Pump A Running
2026-08-31T07:00:00+00:00,Running,1,2549.0,10.58,4.47,54.47,47.75,Pump A Running
2026-08-31T07:15:00+00:00,Running,1,2612.5,10.57,4.66,56.44,48.02,Pump A Running
2026-08-31T07:30:00+00:00,Running,1,2652.4,10.62,4.51,53.14,48.51,Pump A Running
2026-08-31T07:45:00+00:00,Running,1,2588.3,10.52,4.48,54.2,48.24,Pump A Running
2026-08-31T08:00:00+00:00,Running,1,2484.7,10.63,4.43,56.84,47.83,Pump A Running
2026-08-31T08:15:00+00:00,Running,1,2583.2,10.61,4.57,55.62,48.63,Pump A Running
2026-08-31T08:30:00+00:00,Running,1,2664.8,10.67,4.56,55.09,48.18,Pump A Running
2026-08-31T08:45:00+00:00,Running,1,2518.1,10.54,4.53,53.74,48.54,Pump A Running
2026-08-31T09:00:00+00:00,Running,1,2582.7,10.56,4.62,50.54,47.88,Pump A Running
2026-08-31T09:15:00+00:00,Running,1,2565.9,10.78,4.45,54.22,48.48,Pump A Running
2026-08-31T09:30:00+00:00,Running,1,2691.3,10.68,4.5,56.55,48.12,Pump A Running
2026-08-31T09:45:00+00:00,Running,1,2592.3,10.49,4.58,57.07,48.16,Pump A Running
2026-08-31T10:00:00+00:00,Running,1,2742.3,10.47,4.63,53.26,47.61,Pump A Running
2026-08-31T10:15:00+00:00,Running,1,2747.6,10.52,4.49,56.04,48.12,Pump A Running
2026-08-31T10:30:00+00:00,Running,1,2605.8,10.64,4.59,54.94,48.07,Pump A Running
2026-08-31T10:45:00+00:00,Running,1,2504.8,10.55,4.48,53.93,48.34,Pump A Running
2026-08-31T11:00:00+00:00,Running,1,2781.6,10.69,4.55,54.16,48.83,Pump A Running
2026-08-31T11:15:00+00:00,Running,1,2741.1,10.68,4.5,53.57,47.85,Pump A Running
2026-08-31T11:30:00+00:00,Running,1,2586.9,10.65,4.47,54.39,49.1,Pump A Running
2026-08-31T11:45:00+00:00,Running,1,2530.7,10.59,4.52,54.23,47.67,Pump A Running
2026-08-31T12:00:00+00:00,Running,1,2776.8,10.7,4.46,56.15,47.69,Pump A Running
2026-08-31T12:15:00+00:00,Running,1,2897.5,10.57,4.41,55.32,48.03,Pump A Running
2026-08-31T12:30:00+00:00,Running,1,2612.6,10.58,4.38,56.89,47.72,Pump A Running
2026-08-31T12:45:00+00:00,Running,1,2682.5,10.61,4.38,52.39,48.04,Pump A Running
2026-08-31T13:00:00+00:00,Running,1,2734.2,10.59,4.55,54.1,47.34,Pump A Running
2026-08-31T13:15:00+00:00,Running,1,2635.6,10.57,4.6,56.04,48.11,Pump A Running
2026-08-31T13:30:00+00:00,Running,1,2745.0,10.63,4.39,56.21,47.98,Pump A Running
2026-08-31T13:45:00+00:00,Running,1,2762.1,10.73,4.53,52.59,47.87,Pump A Running
2026-08-31T14:00:00+00:00,Running,1,2625.8,10.65,4.53,55.39,48.36,Pump A Running
2026-08-31T14:15:00+00:00,Running,1,2790.9,10.55,4.57,53.1,47.67,Pump A Running
2026-08-31T14:30:00+00:00,Running,1,2759.9,10.59,4.6,56.12,47.92,Pump A Running
2026-08-31T14:45:00+00:00,Running,1,2681.9,10.52,4.44,53.05,48.36,Pump A Running
2026-08-31T15:00:00+00:00,Running,1,2715.8,10.62,4.52,57.35,48.58,Pump A Running
2026-08-31T15:15:00+00:00,Running,1,2780.7,10.62,4.37,54.78,47.44,Pump A Running
2026-08-31T15:30:00+00:00,Running,1,2761.3,10.6,4.52,55.98,47.67,Pump A Running
2026-08-31T15:45:00+00:00,Running,1,2673.3,10.56,4.57,52.72,47.51,Pump A Running
2026-08-31T16:00:00+00:00,Running,1,2715.5,10.61,4.57,53.5,48.05,Pump A Running
2026-08-31T16:15:00+00:00,Running,1,2907.2,10.6,4.56,57.5,47.47,Pump A Running
2026-08-31T16:30:00+00:00,Running,1,2784.2,10.6,4.58,52.77,48.43,Pump A Running
2026-08-31T16:45:00+00:00,Running,1,2555.2,10.6,4.38,55.28,47.7,Pump A Running
2026-08-31T17:00:00+00:00,Running,1,2785.2,10.63,4.63,55.56,48.34,Pump A Running
2026-08-31T17:15:00+00:00,Running,1,2761.7,10.57,4.51,52.97,48.3,Pump A Running
2026-08-31T17:30:00+00:00,Running,1,2771.9,10.67,4.5,53.51,47.98,Pump A Running
2026-08-31T17:45:00+00:00,Running,1,2632.5,10.6,4.51,52.95,49.23,Pump A Running
2026-08-31T18:00:00+00:00,Running,1,2721.0,10.5,4.48,55.85,48.27,Pump A Running
2026-08-31T18:15:00+00:00,Running,1,2794.5,10.63,4.53,56.51,48.6,Pump A Running
2026-08-31T18:30:00+00:00,Running,1,2788.7,10.56,4.45,56.19,48.52,Pump A Running
2026-08-31T18:45:00+00:00,Running,1,2686.1,10.58,4.54,56.34,47.98,Pump A Running
2026-08-31T19:00:00+00:00,Running,1,2710.5,10.61,4.37,54.1,47.81,Pump A Running
2026-08-31T19:15:00+00:00,Running,1,2748.7,10.58,4.46,53.72,47.96,Pump A Running
2026-08-31T19:30:00+00:00,Running,1,2676.3,10.58,4.42,53.58,47.97,Pump A Running
2026-08-31T19:45:00+00:00,Running,1,2716.3,10.65,4.52,54.36,48.16,Pump A Running
2026-08-31T20:00:00+00:00,Running,1,2784.9,10.59,4.38,52.77,47.91,Pump A Running
2026-08-31T20:15:00+00:00,Running,1,2742.5,10.69,4.47,54.21,47.95,Pump A Running
2026-08-31T20:30:00+00:00,Running,1,2612.3,10.51,4.5,52.03,48.49,Pump A Running
2026-08-31T20:45:00+00:00,Running,1,2670.9,10.56,4.4,51.77,47.89,Pump A Running
2026-08-31T21:00:00+00:00,Running,1,2734.4,10.52,4.38,57.04,47.92,Pump A Running
2026-08-31T21:15:00+00:00,Running,1,2756.6,10.68,4.59,53.94,48.49,Pump A Running
2026-08-31T21:30:00+00:00,Running,1,2760.5,10.54,4.42,55.1,48.14,Pump A Running
2026-08-31T21:45:00+00:00,Running,1,2805.8,10.74,4.48,55.4,47.83,Pump A Running
2026-08-31T22:00:00+00:00,Running,1,2748.3,10.55,4.34,55.31,48.56,Pump A Running
2026-08-31T22:15:00+00:00,Running,1,2783.6,10.63,4.53,53.15,48.55,Pump A Running
2026-08-31T22:30:00+00:00,Running,1,2702.3,10.62,4.63,53.89,48.26,Pump A Running
2026-08-31T22:45:00+00:00,Running,1,2722.6,10.65,4.39,52.97,47.9,Pump A Running
2026-08-31T23:00:00+00:00,Running,1,2702.6,10.44,4.52,55.07,47.8,Pump A Running
2026-08-31T23:15:00+00:00,Running,1,2766.1,10.53,4.41,52.04,47.67,Pump A Running
2026-08-31T23:30:00+00:00,Running,1,2711.9,10.49,4.55,52.86,48.4,Pump A Running
2026-08-31T23:45:00+00:00,Running,1,2566.3,10.45,4.39,54.68,47.26,Pump A Running
2026-09-01T00:00:00+00:00,Running,1,2898.4,10.67,4.34,54.57,48.35,Pump A Running
2026-09-01T00:15:00+00:00,Running,1,2739.8,10.6,4.56,55.89,48.1,Pump A Running
2026-09-01T00:30:00+00:00,Running,1,2637.5,10.57,4.56,54.2,47.55,Pump A Running
2026-09-01T00:45:00+00:00,Running,1,2660.6,10.61,4.23,56.93,47.74,Pump A Running
2026-09-01T01:00:00+00:00,Running,1,2516.0,10.43,4.46,54.99,48.78,Pump A Running
2026-09-01T01:15:00+00:00,Running,1,2729.8,10.68,4.44,53.59,47.95,Pump A Running
2026-09-01T01:30:00+00:00,Running,1,2493.1,10.7,4.37,52.69,48.23,Pump A Running
2026-09-01T01:45:00+00:00,Running,1,2687.6,10.53,4.36,52.57,48.09,Pump A Running
2026-09-01T02:00:00+00:00,Stopped,0,0.0,0.0,0.11,0.0,28.39,Pumps Stopped
2026-09-01T02:15:00+00:00,Stopped,0,0.0,0.0,0.13,0.0,28.97,Pumps Stopped
2026-09-01T02:30:00+00:00,Stopped,0,0.0,0.0,0.07,0.0,28.99,Pumps Stopped
2026-09-01T02:45:00+00:00,Stopped,0,0.0,0.0,0.18,0.0,29.27,Pumps Stopped
2026-09-01T03:00:00+00:00,Stopped,0,0.0,0.0,0.11,0.0,28.03,Pumps Stopped
2026-09-01T03:15:00+00:00,Stopped,0,0.0,0.0,0.09,0.0,29.07,Pumps Stopped
2026-09-01T03:30:00+00:00,Running,1,2656.5,10.56,4.41,52.41,48.39,Pump A Running
2026-09-01T03:45:00+00:00,Running,1,2747.2,10.45,4.48,54.4,48.96,Pump A Running
2026-09-01T04:00:00+00:00,Running,1,2817.2,10.6,4.36,56.52,47.95,Pump A Running
2026-09-01T04:15:00+00:00,Running,1,2765.7,10.57,4.45,55.54,48.1,Pump A Running
2026-09-01T04:30:00+00:00,Running,1,2671.3,10.49,4.38,54.33,48.26,Pump A Running
2026-09-01T04:45:00+00:00,Running,1,2676.6,10.65,4.47,53.72,48.25,Pump A Running
2026-09-01T05:00:00+00:00,Running,1,2681.4,10.63,4.52,53.7,48.66,Pump A Running
2026-09-01T05:15:00+00:00,Running,1,2639.9,10.73,4.45,55.22,47.85,Pump A Running
2026-09-01T05:30:00+00:00,Running,1,2631.6,10.54,4.44,57.14,48.42,Pump A Running
2026-09-01T05:45:00+00:00,Running,1,2568.3,10.51,4.51,53.98,48.94,Pump A Running
2026-09-01T06:00:00+00:00,Running,1,2674.8,10.56,4.58,55.38,48.57,Pump A Running
2026-09-01T06:15:00+00:00,Running,1,2798.3,10.63,4.47,54.06,48.53,Pump A Running
2026-09-01T06:30:00+00:00,Running,1,2680.5,10.49,4.49,53.1,48.54,Pump A Running
2026-09-01T06:45:00+00:00,Running,1,2639.8,10.57,4.65,55.61,47.84,Pump A Running
2026-09-01T07:00:00+00:00,Running,1,2728.2,10.56,4.42,55.08,48.7,Pump A Running
2026-09-01T07:15:00+00:00,Running,1,2553.9,10.62,4.57,56.01,47.85,Pump A Running
2026-09-01T07:30:00+00:00,Running,1,2667.7,10.64,4.4,55.36,47.57,Pump A Running
2026-09-01T07:45:00+00:00,Running,1,2564.9,10.55,4.42,57.11,48.08,Pump A Running
2026-09-01T08:00:00+00:00,Running,1,2630.8,10.66,4.4,54.76,47.96,Pump A Running
2026-09-01T08:15:00+00:00,Running,1,2533.0,10.48,4.49,53.54,47.12,Pump A Running
2026-09-01T08:30:00+00:00,Running,1,2602.7,10.55,4.49,53.03,48.2,Pump A Running
2026-09-01T08:45:00+00:00,Running,1,2672.9,10.59,4.38,54.48,48.23,Pump A Running
2026-09-01T09:00:00+00:00,Running,1,2680.5,10.55,4.63,54.31,47.97,Pump A Running
2026-09-01T09:15:00+00:00,Running,1,2621.6,10.55,4.51,55.62,47.69,Pump A Running
2026-09-01T09:30:00+00:00,Running,1,2575.9,10.59,4.4,52.89,48.49,Pump A Running
2026-09-01T09:45:00+00:00,Running,1,2627.3,10.63,4.55,53.07,48.14,Pump A Running
2026-09-01T10:00:00+00:00,Running,1,2547.4,10.57,4.67,54.4,48.51,Pump A Running
2026-09-01T10:15:00+00:00,Running,1,2553.1,10.73,4.5,51.78,48.38,Pump A Running
2026-09-01T10:30:00+00:00,Running,1,2489.7,10.58,4.44,58.22,47.86,Pump A Running
2026-09-01T10:45:00+00:00,Running,1,2578.0,10.71,4.55,57.58,48.61,Pump A Running
2026-09-01T11:00:00+00:00,Running,1,2576.6,10.48,4.39,54.57,48.68,Pump A Running
2026-09-01T11:15:00+00:00,Running,1,2601.8,10.59,4.35,56.16,48.23,Pump A Running
2026-09-01T11:30:00+00:00,Running,1,2765.0,10.67,4.36,57.51,47.85,Pump A Running
2026-09-01T11:45:00+00:00,Running,1,2520.1,10.53,4.35,54.91,47.17,Pump A Running
2026-09-01T12:00:00+00:00,Running,1,2272.5,10.51,4.54,53.51,48.89,Pump A Running
2026-09-01T12:15:00+00:00,Running,1,2533.1,10.63,4.36,54.45,47.99,Pump A Running
2026-09-01T12:30:00+00:00,Running,1,2440.2,10.59,4.52,53.88,48.02,Pump A Running
2026-09-01T12:45:00+00:00,Running,1,2575.5,10.67,4.49,55.29,48.24,Pump A Running
2026-09-01T13:00:00+00:00,Running,1,2584.2,10.51,4.53,51.61,48.3,Pump A Running
2026-09-01T13:15:00+00:00,Running,1,2461.2,10.57,4.38,55.62,49.21,Pump A Running
2026-09-01T13:30:00+00:00,Running,1,2484.3,10.7,4.44,54.27,48.29,Pump A Running
2026-09-01T13:45:00+00:00,Running,1,2356.7,10.52,4.54,54.2,47.67,Pump A Running
2026-09-01T14:00:00+00:00,Running,1,2436.3,10.62,4.46,53.95,47.64,Pump A Running
2026-09-01T14:15:00+00:00,Running,1,2540.5,10.62,4.49,52.77,48.41,Pump A Running
2026-09-01T14:30:00+00:00,Running,1,2528.5,10.55,4.58,56.0,48.37,Pump A Running
2026-09-01T14:45:00+00:00,Running,1,2424.9,10.53,4.44,57.19,48.11,Pump A Running
2026-09-01T15:00:00+00:00,Running,1,2516.1,10.69,4.5,54.9,48.06,Pump A Running
2026-09-01T15:15:00+00:00,Running,1,2608.3,10.48,4.66,54.26,49.03,Pump A Running
2026-09-01T15:30:00+00:00,Running,1,2364.8,10.65,4.38,58.92,48.42,Pump A Running
2026-09-01T15:45:00+00:00,Running,1,2383.8,10.67,4.47,52.54,47.6,Pump A Running
2026-09-01T16:00:00+00:00,Running,1,2462.5,10.66,4.52,52.82,47.95,Pump A Running
2026-09-01T16:15:00+00:00,Running,1,2544.7,10.63,4.48,54.45,48.44,Pump A Running
2026-09-01T16:30:00+00:00,Running,1,2289.5,10.54,4.44,54.12,48.12,Pump A Running
2026-09-01T16:45:00+00:00,Running,1,2386.2,10.55,4.24,55.64,48.16,Pump A Running
2026-09-01T17:00:00+00:00,Running,1,2542.4,10.63,4.24,54.75,48.09,Pump A Running
2026-09-01T17:15:00+00:00,Running,1,2564.5,10.67,4.4,54.62,48.4,Pump A Running
2026-09-01T17:30:00+00:00,Running,1,2413.0,10.64,4.44,56.89,48.8,Pump A Running
2026-09-01T17:45:00+00:00,Running,1,2374.8,10.54,4.48,53.97,48.26,Pump A Running
2026-09-01T18:00:00+00:00,Running,1,2407.8,10.63,4.4,56.03,48.45,Pump A Running
2026-09-01T18:15:00+00:00,Running,1,2252.7,10.52,4.31,53.51,48.54,Pump A Running
2026-09-01T18:30:00+00:00,Running,1,2315.5,10.58,4.46,57.45,47.6,Pump A Running
2026-09-01T18:45:00+00:00,Running,1,2477.8,10.51,4.61,54.62,47.55,Pump A Running
2026-09-01T19:00:00+00:00,Running,1,2372.3,10.59,4.62,55.64,48.21,Pump A Running
2026-09-01T19:15:00+00:00,Running,1,2414.2,10.55,4.4,56.99,48.15,Pump A Running
2026-09-01T19:30:00+00:00,Running,1,2347.1,10.57,4.44,54.66,47.9,Pump A Running
2026-09-01T19:45:00+00:00,Running,1,2184.8,10.64,4.34,54.51,48.82,Pump A Running
2026-09-01T20:00:00+00:00,Running,1,2390.8,10.59,4.46,54.3,48.65,Pump A Running
2026-09-01T20:15:00+00:00,Running,1,2481.7,10.59,4.59,53.77,48.61,Pump A Running
2026-09-01T20:30:00+00:00,Running,1,2443.2,10.49,4.38,53.98,47.64,Pump A Running
2026-09-01T20:45:00+00:00,Running,1,2253.7,10.59,4.46,54.22,48.69,Pump A Running
2026-09-01T21:00:00+00:00,Running,1,2372.7,10.5,4.43,55.94,48.76,Pump A Running
2026-09-01T21:15:00+00:00,Running,1,2410.7,10.5,4.36,53.05,48.88,Pump A Running
2026-09-01T21:30:00+00:00,Running,1,2214.0,10.67,4.26,52.66,48.27,Pump A Running
2026-09-01T21:45:00+00:00,Running,1,2469.4,10.65,4.54,51.96,48.6,Pump A Running
2026-09-01T22:00:00+00:00,Running,1,2315.2,10.66,4.41,52.58,48.1,Pump A Running
2026-09-01T22:15:00+00:00,Running,1,2326.2,10.6,4.64,51.81,48.67,Pump A Running
2026-09-01T22:30:00+00:00,Running,1,2342.8,10.57,4.36,54.37,48.95,Pump A Running
2026-09-01T22:45:00+00:00,Running,1,2388.9,10.57,4.44,54.98,48.55,Pump A Running
2026-09-01T23:00:00+00:00,Running,1,2248.8,10.53,4.55,54.02,48.39,Pump A Running
2026-09-01T23:15:00+00:00,Running,1,2400.0,10.59,4.54,55.03,47.88,Pump A Running
2026-09-01T23:30:00+00:00,Running,1,2388.7,10.6,4.6,53.25,48.84,Pump A Running
2026-09-01T23:45:00+00:00,Running,1,2398.3,10.47,4.38,54.69,48.66,Pump A Running
2026-09-02T00:00:00+00:00,Running,1,2218.8,10.65,4.5,51.95,48.61,Pump A Running
2026-09-02T00:15:00+00:00,Running,1,2323.7,10.65,4.35,52.06,47.97,Pump A Running
2026-09-02T00:30:00+00:00,Running,1,2279.0,10.65,4.45,55.49,48.0,Pump A Running
2026-09-02T00:45:00+00:00,Running,1,2186.9,10.64,4.49,56.72,48.24,Pump A Running
2026-09-02T01:00:00+00:00,Running,1,2232.8,10.71,4.46,50.2,48.53,Pump A Running
2026-09-02T01:15:00+00:00,Running,1,2014.3,10.66,4.58,52.24,48.8,Pump A Running
2026-09-02T01:30:00+00:00,Running,1,2452.2,10.58,4.52,52.07,48.82,Pump A Running
2026-09-02T01:45:00+00:00,Running,1,2426.1,10.58,4.55,55.4,47.92,Pump A Running
2026-09-02T02:00:00+00:00,Stopped,0,0.0,0.0,0.12,0.0,28.77,Pumps Stopped
2026-09-02T02:15:00+00:00,Stopped,0,0.0,0.0,0.14,0.0,28.74,Pumps Stopped
2026-09-02T02:30:00+00:00,Stopped,0,0.0,0.0,0.08,0.0,28.57,Pumps Stopped
2026-09-02T02:45:00+00:00,Stopped,0,0.0,0.0,0.1,0.0,29.01,Pumps Stopped
2026-09-02T03:00:00+00:00,Stopped,0,0.0,0.0,0.14,0.0,28.8,Pumps Stopped
2026-09-02T03:15:00+00:00,Stopped,0,0.0,0.0,0.13,0.0,28.55,Pumps Stopped
2026-09-02T03:30:00+00:00,Running,1,2269.2,10.55,4.48,52.03,48.51,Pump A Running
2026-09-02T03:45:00+00:00,Running,1,2236.6,10.5,4.57,55.39,48.14,Pump A Running
2026-09-02T04:00:00+00:00,Running,1,2176.0,10.59,4.5,51.38,49.36,Pump A Running
2026-09-02T04:15:00+00:00,Running,1,2194.5,10.74,4.4,51.36,48.29,Pump A Running
2026-09-02T04:30:00+00:00,Running,1,2214.3,10.58,4.46,54.96,48.7,Pump A Running
2026-09-02T04:45:00+00:00,Running,1,2149.6,10.58,4.39,54.13,48.55,Pump A Running
2026-09-02T05:00:00+00:00,Running,1,2137.0,10.58,4.57,54.26,47.83,Pump A Running
2026-09-02T05:15:00+00:00,Running,1,2291.0,10.66,4.46,54.67,47.82,Pump A Running
2026-09-02T05:30:00+00:00,Running,1,2261.4,10.61,4.38,52.33,48.15,Pump A Running
2026-09-02T05:45:00+00:00,Running,1,2407.7,10.6,4.37,51.59,47.89,Pump A Running
2026-09-02T06:00:00+00:00,Running,1,2366.2,10.6,4.51,53.61,48.06,Pump A Running
2026-09-02T06:15:00+00:00,Running,1,2185.1,10.61,4.39,58.14,48.22,Pump A Running
2026-09-02T06:30:00+00:00,Running,1,2361.5,10.6,4.48,56.26,47.75,Pump A Running
2026-09-02T06:45:00+00:00,Running,1,2131.2,10.59,4.4,56.35,48.59,Pump A Running
2026-09-02T07:00:00+00:00,Running,1,2200.6,10.56,4.38,54.39,47.75,Pump A Running
2026-09-02T07:15:00+00:00,Running,1,2194.7,10.54,4.46,53.09,48.9,Pump A Running
2026-09-02T07:30:00+00:00,Running,1,2197.0,10.65,4.37,54.36,48.34,Pump A Running
2026-09-02T07:45:00+00:00,Running,1,2137.2,10.56,4.42,54.23,48.22,Pump A Running
2026-09-02T08:00:00+00:00,Running,1,2129.6,10.51,4.43,52.44,47.8,Pump A Running
2026-09-02T08:15:00+00:00,Running,1,2227.5,10.63,4.51,52.72,47.94,Pump A Running
2026-09-02T08:30:00+00:00,Running,1,2088.3,10.61,4.51,51.69,47.86,Pump A Running
2026-09-02T08:45:00+00:00,Running,1,2243.1,10.57,4.43,51.94,48.04,Pump A Running
2026-09-02T09:00:00+00:00,Running,1,2301.6,10.68,4.3,53.33,47.67,Pump A Running
2026-09-02T09:15:00+00:00,Running,1,2134.5,10.7,4.41,54.03,47.95,Pump A Running
2026-09-02T09:30:00+00:00,Running,1,2093.3,10.67,4.34,51.97,48.48,Pump A Running
2026-09-02T09:45:00+00:00,Running,1,2082.4,10.53,4.44,50.34,47.76,Pump A Running
2026-09-02T10:00:00+00:00,Running,1,2042.7,10.57,4.31,54.53,49.14,Pump A Running
2026-09-02T10:15:00+00:00,Running,1,2071.1,10.56,4.43,53.34,48.44,Pump A Running
2026-09-02T10:30:00+00:00,Running,1,2235.7,10.65,4.43,53.39,47.8,Pump A Running
2026-09-02T10:45:00+00:00,Running,1,2124.9,10.51,4.49,59.28,48.5,Pump A Running
2026-09-02T11:00:00+00:00,Running,1,2119.6,10.47,4.49,55.78,48.29,Pump A Running
2026-09-02T11:15:00+00:00,Running,1,2124.8,10.55,4.37,54.98,47.72,Pump A Running
2026-09-02T11:30:00+00:00,Running,1,2174.9,10.68,4.5,55.44,47.94,Pump A Running
2026-09-02T11:45:00+00:00,Running,1,2157.4,10.62,4.44,54.26,48.34,Pump A Running
2026-09-02T12:00:00+00:00,Running,1,2191.5,10.62,4.35,53.01,48.46,Pump A Running
2026-09-02T12:15:00+00:00,Running,1,2165.8,10.51,4.42,52.54,49.41,Pump A Running
2026-09-02T12:30:00+00:00,Running,1,2173.6,10.64,4.4,55.89,48.88,Pump A Running
2026-09-02T12:45:00+00:00,Running,1,2078.5,10.59,4.53,57.53,48.04,Pump A Running
2026-09-02T13:00:00+00:00,Running,1,2210.4,10.7,4.42,53.29,48.37,Pump A Running
2026-09-02T13:15:00+00:00,Running,1,2104.6,10.69,4.25,59.07,48.56,Pump A Running
2026-09-02T13:30:00+00:00,Running,1,2242.9,10.53,4.48,53.29,48.29,Pump A Running
2026-09-02T13:45:00+00:00,Running,1,2032.9,10.55,4.45,53.8,48.71,Pump A Running
2026-09-02T14:00:00+00:00,Running,1,2134.7,10.53,4.34,53.66,48.91,Pump A Running
2026-09-02T14:15:00+00:00,Running,1,2113.3,10.54,4.47,52.27,49.09,Pump A Running
2026-09-02T14:30:00+00:00,Running,1,2110.9,10.62,4.42,54.02,48.59,Pump A Running
2026-09-02T14:45:00+00:00,Running,1,2203.7,10.51,4.48,56.98,48.3,Pump A Running
2026-09-02T15:00:00+00:00,Running,1,2173.4,10.68,4.28,53.4,48.28,Pump A Running
2026-09-02T15:15:00+00:00,Running,1,2289.2,10.65,4.37,53.47,47.88,Pump A Running
2026-09-02T15:30:00+00:00,Running,1,2343.9,10.63,4.44,52.7,48.9,Pump A Running
2026-09-02T15:45:00+00:00,Running,1,2196.7,10.57,4.4,52.03,48.59,Pump A Running
2026-09-02T16:00:00+00:00,Running,1,2101.1,10.51,4.29,52.11,48.47,Pump A Running
2026-09-02T16:15:00+00:00,Running,1,2047.2,10.67,4.53,56.06,48.27,Pump A Running
2026-09-02T16:30:00+00:00,Running,1,2013.3,10.61,4.55,56.15,48.18,Pump A Running
2026-09-02T16:45:00+00:00,Running,1,2132.9,10.57,4.24,54.29,48.67,Pump A Running
2026-09-02T17:00:00+00:00,Running,1,2172.9,10.61,4.37,54.07,47.82,Pump A Running
2026-09-02T17:15:00+00:00,Running,1,2220.1,10.57,4.47,54.09,48.63,Pump A Running
2026-09-02T17:30:00+00:00,Running,1,2159.0,10.56,4.56,56.02,48.67,Pump A Running
2026-09-02T17:45:00+00:00,Running,1,2031.9,10.62,4.56,52.34,47.61,Pump A Running
2026-09-02T18:00:00+00:00,Running,1,2199.3,10.55,4.41,53.84,48.08,Pump A Running
2026-09-02T18:15:00+00:00,Running,1,2330.3,10.59,4.44,50.04,47.86,Pump A Running
2026-09-02T18:30:00+00:00,Running,1,2339.7,10.58,4.47,52.34,48.58,Pump A Running
2026-09-02T18:45:00+00:00,Running,1,2261.9,10.65,4.49,55.68,47.77,Pump A Running
2026-09-02T19:00:00+00:00,Running,1,2069.2,10.49,4.47,52.31,48.54,Pump A Running
2026-09-02T19:15:00+00:00,Running,1,2132.9,10.67,4.35,54.91,48.31,Pump A Running
2026-09-02T19:30:00+00:00,Running,1,2053.1,10.64,4.4,50.22,48.66,Pump A Running
2026-09-02T19:45:00+00:00,Running,1,2229.0,10.57,4.35,53.32,48.27,Pump A Running
2026-09-02T20:00:00+00:00,Running,1,2324.5,10.65,4.54,54.17,47.95,Pump A Running
2026-09-02T20:15:00+00:00,Running,1,2079.6,10.61,4.33,52.33,48.71,Pump A Running
2026-09-02T20:30:00+00:00,Running,1,2144.7,10.63,4.45,53.87,48.51,Pump A Running
2026-09-02T20:45:00+00:00,Running,1,2309.0,10.56,4.53,54.48,48.46,Pump A Running
2026-09-02T21:00:00+00:00,Running,1,2297.2,10.66,4.45,54.31,48.68,Pump A Running
2026-09-02T21:15:00+00:00,Running,1,2243.6,10.66,4.41,52.86,48.64,Pump A Running
2026-09-02T21:30:00+00:00,Running,1,2088.9,10.68,4.32,54.96,48.69,Pump A Running
2026-09-02T21:45:00+00:00,Running,1,2341.3,10.63,4.42,52.13,47.9,Pump A Running
2026-09-02T22:00:00+00:00,Running,1,2147.1,10.59,4.41,52.65,48.19,Pump A Running
2026-09-02T22:15:00+00:00,Running,1,2201.5,10.6,4.48,54.09,48.34,Pump A Running
2026-09-02T22:30:00+00:00,Running,1,2147.4,10.51,4.63,55.41,48.65,Pump A Running
2026-09-02T22:45:00+00:00,Running,1,2115.1,10.68,4.55,57.84,48.59,Pump A Running
2026-09-02T23:00:00+00:00,Running,1,2339.2,10.6,4.65,54.05,47.36,Pump A Running
2026-09-02T23:15:00+00:00,Running,1,2206.8,10.49,4.29,56.05,48.94,Pump A Running
2026-09-02T23:30:00+00:00,Running,1,2301.1,10.58,4.44,53.88,48.89,Pump A Running
2026-09-02T23:45:00+00:00,Running,1,2148.1,10.62,4.44,51.66,48.75,Pump A Running
2026-09-03T00:00:00+00:00,Running,1,2276.9,10.6,4.49,50.99,47.73,Pump A Running
2026-09-03T00:15:00+00:00,Running,1,2151.6,10.62,4.44,54.37,48.91,Pump A Running
2026-09-03T00:30:00+00:00,Running,1,2157.7,10.55,4.35,53.98,48.32,Pump A Running
2026-09-03T00:45:00+00:00,Running,1,2334.7,10.58,4.4,56.47,48.69,Pump A Running
2026-09-03T01:00:00+00:00,Running,1,2396.3,10.49,4.39,53.31,48.53,Pump A Running
2026-09-03T01:15:00+00:00,Running,1,2351.2,10.5,4.46,53.21,48.55,Pump A Running
2026-09-03T01:30:00+00:00,Running,1,2263.5,10.59,4.37,52.98,48.32,Pump A Running
2026-09-03T01:45:00+00:00,Running,1,2233.4,10.56,4.53,59.15,49.07,Pump A Running
2026-09-03T02:00:00+00:00,Stopped,0,0.0,0.0,0.11,0.0,29.01,Pumps Stopped
2026-09-03T02:15:00+00:00,Stopped,0,0.0,0.0,0.13,0.0,29.15,Pumps Stopped
2026-09-03T02:30:00+00:00,Stopped,0,0.0,0.0,0.13,0.0,28.75,Pumps Stopped
2026-09-03T02:45:00+00:00,Stopped,0,0.0,0.0,0.12,0.0,28.62,Pumps Stopped
2026-09-03T03:00:00+00:00,Stopped,0,0.0,0.0,0.08,0.0,28.89,Pumps Stopped
2026-09-03T03:15:00+00:00,Stopped,0,0.0,0.0,0.06,0.0,29.34,Pumps Stopped
2026-09-03T03:30:00+00:00,Running,1,2348.9,10.58,4.3,54.06,48.23,Pump A Running
2026-09-03T03:45:00+00:00,Running,1,2310.2,10.62,4.36,52.81,47.67,Pump A Running
2026-09-03T04:00:00+00:00,Running,1,2319.0,10.55,4.49,52.97,48.41,Pump A Running
2026-09-03T04:15:00+00:00,Running,1,2311.5,10.66,4.55,50.93,49.09,Pump A Running
2026-09-03T04:30:00+00:00,Running,1,2256.5,10.6,4.49,53.73,47.63,Pump A Running
2026-09-03T04:45:00+00:00,Running,1,2151.4,10.6,4.46,53.63,49.29,Pump A Running
2026-09-03T05:00:00+00:00,Running,1,2498.4,10.52,4.4,51.67,48.11,Pump A Running
2026-09-03T05:15:00+00:00,Running,1,2229.7,10.6,4.23,52.85,48.83,Pump A Running
2026-09-03T05:30:00+00:00,Running,1,2391.6,10.47,4.45,55.32,48.03,Pump A Running
2026-09-03T05:45:00+00:00,Running,1,2308.5,10.6,4.43,55.82,48.36,Pump A Running
2026-09-03T06:00:00+00:00,Running,1,2356.2,10.65,4.44,54.81,47.99,Pump A Running
2026-09-03T06:15:00+00:00,Running,1,2474.4,10.59,4.53,54.73,47.21,Pump A Running
2026-09-03T06:30:00+00:00,Running,1,2261.2,10.54,4.48,54.01,48.53,Pump A Running
2026-09-03T06:45:00+00:00,Running,1,2327.9,10.69,4.45,54.61,48.39,Pump A Running
2026-09-03T07:00:00+00:00,Running,1,2528.4,10.57,4.36,55.82,48.87,Pump A Running
2026-09-03T07:15:00+00:00,Running,1,2432.4,10.61,4.4,56.2,49.14,Pump A Running
2026-09-03T07:30:00+00:00,Running,1,2557.0,10.61,4.42,53.2,48.49,Pump A Running
2026-09-03T07:45:00+00:00,Running,1,2329.5,10.64,4.49,56.55,47.82,Pump A Running
2026-09-03T08:00:00+00:00,Running,1,2413.1,10.73,4.49,54.5,48.89,Pump A Running
2026-09-03T08:15:00+00:00,Running,1,2496.5,10.57,4.48,53.25,47.37,Pump A Running
2026-09-03T08:30:00+00:00,Running,1,2405.6,10.5,4.64,56.32,48.56,Pump A Running
2026-09-03T08:45:00+00:00,Running,1,2415.8,10.67,4.33,51.79,48.19,Pump A Running
2026-09-03T09:00:00+00:00,Running,1,2350.7,10.56,4.46,54.61,48.75,Pump A Running
2026-09-03T09:15:00+00:00,Running,1,2582.1,10.55,4.39,54.97,48.79,Pump A Running
2026-09-03T09:30:00+00:00,Running,1,2518.8,10.59,4.45,54.02,48.7,Pump A Running
2026-09-03T09:45:00+00:00,Running,1,2438.5,10.52,4.46,53.89,48.4,Pump A Running
2026-09-03T10:00:00+00:00,Running,1,2437.7,10.61,4.44,53.83,48.39,Pump A Running
2026-09-03T10:15:00+00:00,Running,1,2631.9,10.52,4.36,54.3,48.26,Pump A Running
2026-09-03T10:30:00+00:00,Running,1,2383.3,10.49,4.43,56.62,48.91,Pump A Running
2026-09-03T10:45:00+00:00,Running,1,2543.7,10.52,4.51,54.03,48.34,Pump A Running
2026-09-03T11:00:00+00:00,Running,1,2456.6,10.52,4.39,52.65,49.35,Pump A Running
2026-09-03T11:15:00+00:00,Running,1,2652.7,10.66,4.54,53.37,48.22,Pump A Running
2026-09-03T11:30:00+00:00,Running,1,2516.0,10.66,4.26,52.16,48.99,Pump A Running
2026-09-03T11:45:00+00:00,Running,1,2575.1,10.64,4.39,55.08,48.41,Pump A Running
2026-09-03T12:00:00+00:00,Running,1,2389.4,10.66,4.49,50.9,49.14,Pump A Running
2026-09-03T12:15:00+00:00,Running,1,2548.8,10.59,4.31,53.19,48.82,Pump A Running
2026-09-03T12:30:00+00:00,Running,1,2653.8,10.53,4.4,53.59,47.93,Pump A Running
2026-09-03T12:45:00+00:00,Running,1,2519.9,10.76,4.37,53.51,49.06,Pump A Running
2026-09-03T13:00:00+00:00,Running,1,2485.2,10.61,4.42,53.35,48.6,Pump A Running
2026-09-03T13:15:00+00:00,Running,1,2601.9,10.47,4.5,52.69,47.84,Pump A Running
2026-09-03T13:30:00+00:00,Running,1,2650.3,10.68,4.42,50.64,49.5,Pump A Running
2026-09-03T13:45:00+00:00,Running,1,2545.7,10.52,4.47,56.57,48.3,Pump A Running
2026-09-03T14:00:00+00:00,Running,1,2700.9,10.59,4.29,55.55,48.89,Pump A Running
2026-09-03T14:15:00+00:00,Running,1,2581.6,10.61,4.33,53.98,48.46,Pump A Running
2026-09-03T14:30:00+00:00,Running,1,2521.5,10.62,4.34,52.17,48.57,Pump A Running
2026-09-03T14:45:00+00:00,Running,1,2673.8,10.52,4.27,53.06,48.15,Pump A Running
2026-09-03T15:00:00+00:00,Running,1,2373.6,10.7,4.51,52.22,48.85,Pump A Running
2026-09-03T15:15:00+00:00,Running,1,2523.7,10.54,4.29,55.62,49.4,Pump A Running
2026-09-03T15:30:00+00:00,Running,1,2591.3,10.52,4.29,53.21,48.73,Pump A Running
2026-09-03T15:45:00+00:00,Running,1,2510.0,10.58,4.46,54.48,48.01,Pump A Running
2026-09-03T16:00:00+00:00,Running,1,2603.9,10.55,4.47,53.32,48.57,Pump A Running
2026-09-03T16:15:00+00:00,Running,1,2692.0,10.47,4.4,54.54,48.28,Pump A Running
2026-09-03T16:30:00+00:00,Running,1,2482.2,10.56,4.35,55.89,48.52,Pump A Running
2026-09-03T16:45:00+00:00,Running,1,2795.8,10.71,4.45,55.81,49.22,Pump A Running
2026-09-03T17:00:00+00:00,Running,1,2476.8,10.6,4.42,54.42,48.52,Pump A Running
2026-09-03T17:15:00+00:00,Running,1,2748.6,10.61,4.3,54.07,48.47,Pump A Running
2026-09-03T17:30:00+00:00,Running,1,2815.2,10.7,4.36,54.96,47.98,Pump A Running
2026-09-03T17:45:00+00:00,Running,1,2662.8,10.58,4.33,53.05,47.76,Pump A Running
2026-09-03T18:00:00+00:00,Running,1,2608.5,10.58,4.44,53.87,48.29,Pump A Running
2026-09-03T18:15:00+00:00,Running,1,2576.4,10.65,4.46,57.5,48.69,Pump A Running
2026-09-03T18:30:00+00:00,Running,1,2670.9,10.54,4.44,54.63,48.99,Pump A Running
2026-09-03T18:45:00+00:00,Running,1,2639.1,10.68,4.39,50.57,49.02,Pump A Running
2026-09-03T19:00:00+00:00,Running,1,2626.2,10.49,4.45,53.44,48.28,Pump A Running
2026-09-03T19:15:00+00:00,Running,1,2720.0,10.63,4.29,51.41,48.99,Pump A Running
2026-09-03T19:30:00+00:00,Running,1,2701.1,10.62,4.31,54.68,49.26,Pump A Running
2026-09-03T19:45:00+00:00,Running,1,2737.5,10.63,4.45,53.71,48.32,Pump A Running
2026-09-03T20:00:00+00:00,Running,1,2831.8,10.63,4.44,52.32,49.01,Pump A Running
2026-09-03T20:15:00+00:00,Running,1,2713.9,10.74,4.38,54.74,48.85,Pump A Running
2026-09-03T20:30:00+00:00,Running,1,2596.0,10.7,4.37,53.99,47.62,Pump A Running
2026-09-03T20:45:00+00:00,Running,1,2759.6,10.62,4.47,51.77,48.1,Pump A Running
2026-09-03T21:00:00+00:00,Running,1,2756.0,10.72,4.42,53.14,48.59,Pump A Running
2026-09-03T21:15:00+00:00,Running,1,2581.8,10.49,4.45,53.1,48.8,Pump A Running
2026-09-03T21:30:00+00:00,Running,1,2686.8,10.48,4.45,56.02,48.25,Pump A Running
2026-09-03T21:45:00+00:00,Running,1,2429.9,10.57,4.43,57.4,48.34,Pump A Running
2026-09-03T22:00:00+00:00,Running,1,2745.3,10.61,4.56,52.64,48.74,Pump A Running
2026-09-03T22:15:00+00:00,Running,1,2604.5,10.53,4.48,52.72,47.26,Pump A Running
2026-09-03T22:30:00+00:00,Running,1,2736.5,10.57,4.45,51.74,48.46,Pump A Running
2026-09-03T22:45:00+00:00,Running,1,2650.3,10.59,4.51,52.61,48.33,Pump A Running
2026-09-03T23:00:00+00:00,Running,1,2697.0,10.7,4.59,54.0,48.24,Pump A Running
2026-09-03T23:15:00+00:00,Running,1,2652.1,10.69,4.3,51.71,48.17,Pump A Running
2026-09-03T23:30:00+00:00,Running,1,2871.0,10.62,4.55,53.76,48.43,Pump A Running
2026-09-03T23:45:00+00:00,Running,1,2693.6,10.57,4.57,53.88,48.55,Pump A Running
2026-09-04T00:00:00+00:00,Running,1,2717.9,10.65,4.42,53.08,48.73,Pump A Running
2026-09-04T00:15:00+00:00,Running,1,2827.7,10.74,4.47,51.45,49.05,Pump A Running
2026-09-04T00:30:00+00:00,Running,1,2616.5,10.64,4.34,52.63,48.27,Pump A Running
2026-09-04T00:45:00+00:00,Running,1,2849.4,10.64,4.39,52.23,48.63,Pump A Running
2026-09-04T01:00:00+00:00,Running,1,2689.6,10.75,4.36,51.01,48.48,Pump A Running
2026-09-04T01:15:00+00:00,Running,1,2655.3,10.69,4.46,53.56,48.74,Pump A Running
2026-09-04T01:30:00+00:00,Running,1,2948.9,10.61,4.52,52.63,48.73,Pump A Running
2026-09-04T01:45:00+00:00,Running,1,2685.8,10.58,4.38,51.93,48.07,Pump A Running
2026-09-04T02:00:00+00:00,Stopped,0,0.0,0.0,0.15,0.0,29.28,Pumps Stopped
2026-09-04T02:15:00+00:00,Stopped,0,0.0,0.0,0.07,0.0,28.69,Pumps Stopped
2026-09-04T02:30:00+00:00,Stopped,0,0.0,0.0,0.08,0.0,28.96,Pumps Stopped
2026-09-04T02:45:00+00:00,Stopped,0,0.0,0.0,0.1,0.0,29.07,Pumps Stopped
2026-09-04T03:00:00+00:00,Stopped,0,0.0,0.0,0.11,0.0,29.04,Pumps Stopped
2026-09-04T03:15:00+00:00,Stopped,0,0.0,0.0,0.04,0.0,29.08,Pumps Stopped
2026-09-04T03:30:00+00:00,Running,1,2804.4,10.67,4.3,56.35,48.77,Pump A Running
2026-09-04T03:45:00+00:00,Running,1,2565.5,10.54,4.52,58.59,48.23,Pump A Running
2026-09-04T04:00:00+00:00,Running,1,2795.4,10.61,4.44,53.04,48.09,Pump A Running
2026-09-04T04:15:00+00:00,Running,1,2816.1,10.59,4.41,54.46,48.18,Pump A Running
2026-09-04T04:30:00+00:00,Running,1,2802.4,10.54,4.27,52.65,48.46,Pump A Running
2026-09-04T04:45:00+00:00,Running,1,2703.8,10.55,4.27,52.45,48.97,Pump A Running
2026-09-04T05:00:00+00:00,Running,1,2770.6,10.57,4.43,54.49,48.19,Pump A Running
2026-09-04T05:15:00+00:00,Running,1,2779.7,10.57,4.64,56.63,47.69,Pump A Running
2026-09-04T05:30:00+00:00,Running,1,2582.9,10.63,4.37,53.51,48.87,Pump A Running
2026-09-04T05:45:00+00:00,Running,1,2672.3,10.49,4.34,53.44,48.92,Pump A Running
2026-09-04T06:00:00+00:00,Running,1,2781.1,10.65,4.45,53.13,48.06,Pump A Running
2026-09-04T06:15:00+00:00,Running,1,2724.8,10.54,4.31,54.65,49.15,Pump A Running
2026-09-04T06:30:00+00:00,Running,1,2752.8,10.62,4.35,55.0,47.79,Pump A Running
2026-09-04T06:45:00+00:00,Running,1,2722.5,10.48,4.33,55.51,49.28,Pump A Running
2026-09-04T07:00:00+00:00,Running,1,2881.0,10.62,4.38,54.26,49.17,Pump A Running
2026-09-04T07:15:00+00:00,Running,1,2728.1,10.64,4.4,55.2,47.97,Pump A Running
2026-09-04T07:30:00+00:00,Running,1,2616.0,10.56,4.44,52.28,49.19,Pump A Running
2026-09-04T07:45:00+00:00,Running,1,2727.1,10.57,4.4,53.86,49.03,Pump A Running
2026-09-04T08:00:00+00:00,Running,1,2610.6,10.47,4.36,51.95,49.04,Pump A Running
2026-09-04T08:15:00+00:00,Running,1,2714.1,10.67,4.31,55.7,48.11,Pump A Running
2026-09-04T08:30:00+00:00,Running,1,2923.6,10.67,4.38,55.18,48.25,Pump A Running
2026-09-04T08:45:00+00:00,Running,1,2676.4,10.55,4.42,52.48,48.39,Pump A Running
2026-09-04T09:00:00+00:00,Running,1,2937.4,10.57,4.51,53.06,47.83,Pump A Running
2026-09-04T09:15:00+00:00,Running,1,2796.5,10.49,4.38,57.74,48.7,Pump A Running
2026-09-04T09:30:00+00:00,Running,1,2768.4,10.54,4.43,54.59,49.09,Pump A Running
2026-09-04T09:45:00+00:00,Running,1,2769.0,10.57,4.47,54.0,48.01,Pump A Running
2026-09-04T10:00:00+00:00,Running,1,2763.1,10.49,4.41,53.23,49.24,Pump A Running
2026-09-04T10:15:00+00:00,Running,1,2669.0,10.55,4.35,51.03,48.59,Pump A Running
2026-09-04T10:30:00+00:00,Running,1,2620.7,10.59,4.48,55.95,47.96,Pump A Running
2026-09-04T10:45:00+00:00,Running,1,2749.1,10.6,4.39,54.56,47.56,Pump A Running
2026-09-04T11:00:00+00:00,Running,1,2768.7,10.58,4.6,50.62,48.33,Pump A Running
2026-09-04T11:15:00+00:00,Running,1,2718.2,10.52,4.35,54.38,48.12,Pump A Running
2026-09-04T11:30:00+00:00,Running,1,2661.6,10.53,4.39,55.61,47.78,Pump A Running
2026-09-04T11:45:00+00:00,Running,1,2643.2,10.76,4.49,51.91,48.5,Pump A Running
2026-09-04T12:00:00+00:00,Running,1,2606.6,10.6,4.41,53.85,48.64,Pump A Running
2026-09-04T12:15:00+00:00,Running,1,2789.0,10.57,4.34,49.5,48.66,Pump A Running
2026-09-04T12:30:00+00:00,Running,1,2786.2,10.57,4.6,51.52,48.36,Pump A Running
2026-09-04T12:45:00+00:00,Running,1,2891.7,10.53,4.38,50.16,48.84,Pump A Running
2026-09-04T13:00:00+00:00,Running,1,2663.7,10.56,4.4,52.61,49.84,Pump A Running
2026-09-04T13:15:00+00:00,Running,1,2685.1,10.67,4.37,55.2,48.21,Pump A Running
2026-09-04T13:30:00+00:00,Running,1,2811.0,10.55,4.49,48.94,48.31,Pump A Running
2026-09-04T13:45:00+00:00,Running,1,2618.2,10.54,4.41,55.32,48.44,Pump A Running
2026-09-04T14:00:00+00:00,Running,1,2609.2,10.65,4.39,53.71,49.21,Pump A Running
2026-09-04T14:15:00+00:00,Running,1,2679.7,10.7,4.32,49.48,48.87,Pump A Running
2026-09-04T14:30:00+00:00,Running,1,2580.3,10.61,4.35,54.73,48.31,Pump A Running
2026-09-04T14:45:00+00:00,Running,1,2688.2,10.65,4.51,53.78,48.42,Pump A Running
2026-09-04T15:00:00+00:00,Running,1,2700.6,10.59,4.45,52.71,48.55,Pump A Running
2026-09-04T15:15:00+00:00,Running,1,2545.3,10.53,4.52,52.74,47.95,Pump A Running
2026-09-04T15:30:00+00:00,Running,1,2624.8,10.59,4.47,54.35,49.18,Pump A Running
2026-09-04T15:45:00+00:00,Running,1,2592.8,10.68,4.4,54.2,48.91,Pump A Running
2026-09-04T16:00:00+00:00,Running,1,2642.1,10.62,4.51,53.01,48.46,Pump A Running
2026-09-04T16:15:00+00:00,Running,1,2641.0,10.48,4.4,56.43,48.86,Pump A Running
2026-09-04T16:30:00+00:00,Running,1,2520.6,10.5,4.56,51.78,48.76,Pump A Running
2026-09-04T16:45:00+00:00,Running,1,2668.8,10.68,4.47,56.22,48.73,Pump A Running
2026-09-04T17:00:00+00:00,Running,1,2645.5,10.65,4.37,52.69,48.19,Pump A Running
2026-09-04T17:15:00+00:00,Running,1,2609.9,10.64,4.38,53.91,49.18,Pump A Running
2026-09-04T17:30:00+00:00,Running,1,2760.3,10.58,4.29,56.05,48.79,Pump A Running
2026-09-04T17:45:00+00:00,Running,1,2704.0,10.57,4.46,49.6,48.87,Pump A Running
2026-09-04T18:00:00+00:00,Running,1,2657.9,10.59,4.43,53.43,48.79,Pump A Running
2026-09-04T18:15:00+00:00,Running,1,2725.7,10.58,4.41,54.05,48.72,Pump A Running
2026-09-04T18:30:00+00:00,Running,1,2664.9,10.64,4.45,51.46,47.83,Pump A Running
2026-09-04T18:45:00+00:00,Running,1,2572.8,10.71,4.39,52.45,49.06,Pump A Running
2026-09-04T19:00:00+00:00,Running,1,2531.9,10.56,4.26,51.77,47.91,Pump A Running
2026-09-04T19:15:00+00:00,Running,1,2403.1,10.5,4.28,53.38,48.83,Pump A Running
2026-09-04T19:30:00+00:00,Running,1,2648.9,10.63,4.31,54.62,48.59,Pump A Running
2026-09-04T19:45:00+00:00,Running,1,2548.9,10.56,4.47,51.82,48.69,Pump A Running
2026-09-04T20:00:00+00:00,Running,1,2563.5,10.71,4.38,52.94,48.12,Pump A Running
2026-09-04T20:15:00+00:00,Running,1,2589.9,10.49,4.37,54.4,48.71,Pump A Running
2026-09-04T20:30:00+00:00,Running,1,2468.1,10.65,4.33,51.52,48.5,Pump A Running
2026-09-04T20:45:00+00:00,Running,1,2509.8,10.66,4.4,52.58,48.57,Pump A Running
2026-09-04T21:00:00+00:00,Running,1,2507.7,10.5,4.59,56.31,48.92,Pump A Running
2026-09-04T21:15:00+00:00,Running,1,2658.5,10.59,4.49,54.45,48.68,Pump A Running
2026-09-04T21:30:00+00:00,Running,1,2553.9,10.55,4.43,55.14,48.91,Pump A Running
2026-09-04T21:45:00+00:00,Running,1,2549.2,10.66,4.52,53.61,48.57,Pump A Running
2026-09-04T22:00:00+00:00,Running,1,2490.7,10.62,4.21,52.58,49.46,Pump A Running
2026-09-04T22:15:00+00:00,Running,1,2450.6,10.62,4.39,54.65,49.35,Pump A Running
2026-09-04T22:30:00+00:00,Running,1,2621.1,10.69,4.35,53.77,49.26,Pump A Running
2026-09-04T22:45:00+00:00,Running,1,2444.4,10.54,4.43,54.29,48.7,Pump A Running
2026-09-04T23:00:00+00:00,Running,1,2580.0,10.63,4.4,55.02,48.5,Pump A Running
2026-09-04T23:15:00+00:00,Running,1,2572.6,10.67,4.57,52.06,47.92,Pump A Running
2026-09-04T23:30:00+00:00,Running,1,2485.8,10.62,4.5,53.79,48.42,Pump A Running
2026-09-04T23:45:00+00:00,Running,1,2563.8,10.68,4.34,52.47,48.92,Pump A Running
2026-09-05T00:00:00+00:00,Running,1,2499.2,10.64,4.43,49.53,47.74,Pump A Running
2026-09-05T00:15:00+00:00,Running,1,2387.0,10.67,4.39,50.92,49.35,Pump A Running
2026-09-05T00:30:00+00:00,Running,1,2386.5,10.56,4.36,56.42,48.81,Pump A Running
2026-09-05T00:45:00+00:00,Running,1,2394.3,10.57,4.34,53.0,48.98,Pump A Running
2026-09-05T01:00:00+00:00,Running,1,2483.8,10.66,4.4,54.58,48.61,Pump A Running
2026-09-05T01:15:00+00:00,Running,1,2484.4,10.56,4.31,55.48,48.8,Pump A Running
2026-09-05T01:30:00+00:00,Running,1,2265.2,10.61,4.42,54.93,48.83,Pump A Running
2026-09-05T01:45:00+00:00,Running,1,2486.9,10.71,4.39,56.09,49.14,Pump A Running
2026-09-05T02:00:00+00:00,Stopped,0,0.0,0.0,0.18,0.0,28.86,Pumps Stopped
2026-09-05T02:15:00+00:00,Stopped,0,0.0,0.0,0.1,0.0,28.82,Pumps Stopped
2026-09-05T02:30:00+00:00,Stopped,0,0.0,0.0,0.1,0.0,28.59,Pumps Stopped
2026-09-05T02:45:00+00:00,Stopped,0,0.0,0.0,0.1,0.0,29.43,Pumps Stopped
2026-09-05T03:00:00+00:00,Stopped,0,0.0,0.0,0.16,0.0,29.31,Pumps Stopped
2026-09-05T03:15:00+00:00,Stopped,0,0.0,0.0,0.12,0.0,28.71,Pumps Stopped
2026-09-05T03:30:00+00:00,Running,1,2442.9,10.58,4.27,51.07,48.76,Pump A Running
2026-09-05T03:45:00+00:00,Running,1,2336.4,10.68,4.29,56.04,48.69,Pump A Running
2026-09-05T04:00:00+00:00,Running,1,2562.4,10.56,4.27,51.26,48.91,Pump A Running
2026-09-05T04:15:00+00:00,Running,1,2375.4,10.65,4.4,54.12,48.11,Pump A Running
2026-09-05T04:30:00+00:00,Running,1,2334.1,10.55,4.48,53.45,48.57,Pump A Running
2026-09-05T04:45:00+00:00,Running,1,2399.0,10.66,4.46,50.94,48.25,Pump A Running
2026-09-05T05:00:00+00:00,Running,1,2406.2,10.65,4.44,53.98,48.5,Pump A Running
2026-09-05T05:15:00+00:00,Running,1,2387.3,10.59,4.42,51.52,48.58,Pump A Running
2026-09-05T05:30:00+00:00,Running,1,2526.1,10.59,4.41,51.25,48.97,Pump A Running
2026-09-05T05:45:00+00:00,Running,1,2341.9,10.63,4.38,55.21,48.9,Pump A Running
2026-09-05T06:00:00+00:00,Running,1,2243.8,10.64,4.4,55.41,48.89,Pump A Running
2026-09-05T06:15:00+00:00,Running,1,2504.0,10.62,4.23,53.71,49.21,Pump A Running
2026-09-05T06:30:00+00:00,Running,1,2434.1,10.53,4.26,52.73,48.71,Pump A Running
2026-09-05T06:45:00+00:00,Running,1,2415.9,10.58,4.3,51.85,49.81,Pump A Running
2026-09-05T07:00:00+00:00,Running,1,2308.6,10.75,4.36,54.89,48.86,Pump A Running
2026-09-05T07:15:00+00:00,Running,1,2379.2,10.69,4.38,50.61,48.12,Pump A Running
2026-09-05T07:30:00+00:00,Running,1,2364.2,10.51,4.44,52.81,49.1,Pump A Running
2026-09-05T07:45:00+00:00,Running,1,2470.5,10.6,4.42,52.05,48.35,Pump A Running
2026-09-05T08:00:00+00:00,Running,1,2299.4,10.59,4.33,52.0,48.0,Pump A Running
2026-09-05T08:15:00+00:00,Running,1,2384.7,10.6,4.32,52.77,48.5,Pump A Running
2026-09-05T08:30:00+00:00,Running,1,2302.5,10.53,4.44,53.88,48.91,Pump A Running
2026-09-05T08:45:00+00:00,Running,1,2175.6,10.65,4.49,55.12,49.23,Pump A Running
2026-09-05T09:00:00+00:00,Running,1,2205.9,10.56,4.47,53.94,48.56,Pump A Running
2026-09-05T09:15:00+00:00,Running,1,2316.9,10.56,4.41,53.0,49.12,Pump A Running
2026-09-05T09:30:00+00:00,Running,1,2337.6,10.6,4.56,52.96,49.53,Pump A Running
2026-09-05T09:45:00+00:00,Running,1,2361.2,10.63,4.35,53.21,49.77,Pump A Running
2026-09-05T10:00:00+00:00,Running,1,2474.1,10.61,4.26,53.78,48.76,Pump A Running
2026-09-05T10:15:00+00:00,Running,1,2208.9,10.5,4.33,54.34,48.75,Pump A Running
2026-09-05T10:30:00+00:00,Running,1,2268.9,10.58,4.29,53.13,48.3,Pump A Running
2026-09-05T10:45:00+00:00,Running,1,2359.5,10.55,4.48,50.63,49.41,Pump A Running
2026-09-05T11:00:00+00:00,Running,1,2274.7,10.6,4.33,53.55,49.5,Pump A Running
2026-09-05T11:15:00+00:00,Running,1,2252.3,10.59,4.35,52.05,48.18,Pump A Running
2026-09-05T11:30:00+00:00,Running,1,2163.3,10.75,4.3,53.88,48.54,Pump A Running
2026-09-05T11:45:00+00:00,Running,1,2233.8,10.64,4.27,53.4,48.69,Pump A Running
2026-09-05T12:00:00+00:00,Running,1,2230.3,10.54,4.42,54.42,49.26,Pump A Running
2026-09-05T12:15:00+00:00,Running,1,2313.6,10.65,4.31,47.2,48.33,Pump A Running
2026-09-05T12:30:00+00:00,Running,1,2311.0,10.55,4.39,56.93,49.55,Pump A Running
2026-09-05T12:45:00+00:00,Running,1,2219.9,10.58,4.46,50.49,49.12,Pump A Running
2026-09-05T13:00:00+00:00,Running,1,2095.6,10.63,4.41,52.93,49.36,Pump A Running
2026-09-05T13:15:00+00:00,Running,1,2339.9,10.58,4.33,53.46,48.67,Pump A Running
2026-09-05T13:30:00+00:00,Running,1,2195.6,10.58,4.35,50.75,48.32,Pump A Running
2026-09-05T13:45:00+00:00,Running,1,2379.2,10.71,4.4,51.85,49.51,Pump A Running
2026-09-05T14:00:00+00:00,Running,1,2240.5,10.57,4.29,55.05,48.51,Pump A Running
2026-09-05T14:15:00+00:00,Running,1,2144.2,10.55,4.56,53.83,48.42,Pump A Running
2026-09-05T14:30:00+00:00,Running,1,2263.1,10.57,4.37,53.65,48.2,Pump A Running
2026-09-05T14:45:00+00:00,Running,1,2136.8,10.69,4.47,52.88,48.21,Pump A Running
2026-09-05T15:00:00+00:00,Running,1,2181.4,10.69,4.44,54.94,49.38,Pump A Running
2026-09-05T15:15:00+00:00,Running,1,2142.2,10.54,4.53,50.61,49.35,Pump A Running
2026-09-05T15:30:00+00:00,Running,1,2132.0,10.54,4.31,50.6,49.29,Pump A Running
2026-09-05T15:45:00+00:00,Running,1,2205.1,10.47,4.49,50.41,48.24,Pump A Running
2026-09-05T16:00:00+00:00,Running,1,2175.0,10.54,4.34,52.38,48.68,Pump A Running
2026-09-05T16:15:00+00:00,Running,1,2087.1,10.5,4.27,53.37,49.27,Pump A Running
2026-09-05T16:30:00+00:00,Running,1,2356.1,10.54,4.44,51.62,48.63,Pump A Running
2026-09-05T16:45:00+00:00,Running,1,2045.0,10.57,4.36,52.33,47.93,Pump A Running
2026-09-05T17:00:00+00:00,Running,1,2344.7,10.51,4.57,50.45,49.18,Pump A Running
2026-09-05T17:15:00+00:00,Running,1,2217.4,10.51,4.38,53.08,48.3,Pump A Running
2026-09-05T17:30:00+00:00,Running,1,2081.3,10.65,4.3,55.87,48.7,Pump A Running
2026-09-05T17:45:00+00:00,Running,1,2140.6,10.64,4.52,54.83,48.75,Pump A Running
2026-09-05T18:00:00+00:00,Running,1,2159.7,10.48,4.39,50.22,48.69,Pump A Running
2026-09-05T18:15:00+00:00,Running,1,2195.7,10.51,4.54,51.21,48.56,Pump A Running
2026-09-05T18:30:00+00:00,Running,1,2155.3,10.54,4.5,52.95,48.46,Pump A Running
2026-09-05T18:45:00+00:00,Running,1,2097.9,10.69,4.38,51.54,49.42,Pump A Running
2026-09-05T19:00:00+00:00,Running,1,2148.0,10.56,4.5,52.97,48.46,Pump A Running
2026-09-05T19:15:00+00:00,Running,1,2208.9,10.77,4.3,53.26,48.37,Pump A Running
2026-09-05T19:30:00+00:00,Running,1,2172.2,10.62,4.29,51.18,48.83,Pump A Running
2026-09-05T19:45:00+00:00,Running,1,2191.2,10.54,4.4,50.97,48.73,Pump A Running
2026-09-05T20:00:00+00:00,Running,1,2058.2,10.56,4.35,49.61,48.71,Pump A Running
2026-09-05T20:15:00+00:00,Running,1,2110.5,10.59,4.41,52.39,48.73,Pump A Running
2026-09-05T20:30:00+00:00,Running,1,2130.3,10.61,4.42,55.33,49.37,Pump A Running
2026-09-05T20:45:00+00:00,Running,1,2335.2,10.71,4.33,53.31,48.65,Pump A Running
2026-09-05T21:00:00+00:00,Running,1,2247.8,10.71,4.23,51.81,48.23,Pump A Running
2026-09-05T21:15:00+00:00,Running,1,2319.8,10.71,4.34,51.22,48.66,Pump A Running
2026-09-05T21:30:00+00:00,Running,1,2185.0,10.54,4.41,51.71,49.21,Pump A Running
2026-09-05T21:45:00+00:00,Running,1,2176.0,10.54,4.44,52.63,48.7,Pump A Running
2026-09-05T22:00:00+00:00,Running,1,2115.9,10.58,4.41,51.21,49.76,Pump A Running
2026-09-05T22:15:00+00:00,Running,1,2254.3,10.72,4.32,50.6,48.52,Pump A Running
2026-09-05T22:30:00+00:00,Running,1,1968.2,10.57,4.44,50.91,48.83,Pump A Running
2026-09-05T22:45:00+00:00,Running,1,2142.3,10.56,4.29,53.63,49.92,Pump A Running
2026-09-05T23:00:00+00:00,Running,1,2396.7,10.53,4.24,50.24,49.02,Pump A Running
2026-09-05T23:15:00+00:00,Running,1,2199.4,10.61,4.28,53.37,48.94,Pump A Running
2026-09-05T23:30:00+00:00,Running,1,2149.6,10.55,4.41,52.46,48.92,Pump A Running
2026-09-05T23:45:00+00:00,Running,1,2334.1,10.62,4.3,51.66,49.22,Pump A Running
2026-09-06T00:00:00+00:00,Running,1,2113.1,10.61,4.29,50.98,49.45,Pump A Running
2026-09-06T00:15:00+00:00,Running,1,2321.4,10.62,4.44,52.59,48.92,Pump A Running
2026-09-06T00:30:00+00:00,Running,1,2201.6,10.4,4.31,51.23,48.83,Pump A Running
2026-09-06T00:45:00+00:00,Running,1,2323.1,10.59,4.34,52.55,48.78,Pump A Running
2026-09-06T01:00:00+00:00,Running,1,2127.9,10.61,4.32,52.18,49.5,Pump A Running
2026-09-06T01:15:00+00:00,Running,1,2131.1,10.6,4.47,48.53,49.36,Pump A Running
2026-09-06T01:30:00+00:00,Running,1,2172.7,10.64,4.33,55.76,47.66,Pump A Running
2026-09-06T01:45:00+00:00,Running,1,2239.8,10.57,4.32,54.74,49.12,Pump A Running
2026-09-06T02:00:00+00:00,Stopped,0,0.0,0.0,0.14,0.0,28.83,Pumps Stopped
2026-09-06T02:15:00+00:00,Stopped,0,0.0,0.0,0.06,0.0,28.32,Pumps Stopped
2026-09-06T02:30:00+00:00,Stopped,0,0.0,0.0,0.13,0.0,28.72,Pumps Stopped
2026-09-06T02:45:00+00:00,Stopped,0,0.0,0.0,0.1,0.0,29.18,Pumps Stopped
2026-09-06T03:00:00+00:00,Stopped,0,0.0,0.0,0.13,0.0,28.99,Pumps Stopped
2026-09-06T03:15:00+00:00,Stopped,0,0.0,0.0,0.08,0.0,29.13,Pumps Stopped
2026-09-06T03:30:00+00:00,Running,1,2263.4,10.63,4.25,49.5,48.1,Pump A Running
2026-09-06T03:45:00+00:00,Running,1,2279.4,10.6,4.43,51.88,48.86,Pump A Running
2026-09-06T04:00:00+00:00,Running,1,2252.2,10.65,4.39,53.48,48.65,Pump A Running
2026-09-06T04:15:00+00:00,Running,1,2235.7,10.55,4.36,51.67,49.66,Pump A Running
2026-09-06T04:30:00+00:00,Running,1,2276.2,10.62,4.6,54.69,49.21,Pump A Running
2026-09-06T04:45:00+00:00,Running,1,2190.8,10.61,4.38,53.82,49.19,Pump A Running
2026-09-06T05:00:00+00:00,Running,1,2118.9,10.64,4.4,52.61,48.51,Pump A Running
2026-09-06T05:15:00+00:00,Running,1,2189.6,10.54,4.33,53.89,48.34,Pump A Running
2026-09-06T05:30:00+00:00,Running,1,2251.6,10.78,4.4,51.41,48.57,Pump A Running
2026-09-06T05:45:00+00:00,Running,1,2220.7,10.58,4.38,53.49,48.73,Pump A Running
2026-09-06T06:00:00+00:00,Running,1,2148.7,10.63,4.5,53.38,48.95,Pump A Running
2026-09-06T06:15:00+00:00,Running,1,2175.9,10.55,4.17,54.64,48.83,Pump A Running
2026-09-06T06:30:00+00:00,Running,1,2137.6,10.57,4.36,52.19,49.69,Pump A Running
2026-09-06T06:45:00+00:00,Running,1,2287.1,10.5,4.41,52.21,48.17,Pump A Running
2026-09-06T07:00:00+00:00,Running,1,2191.3,10.62,4.47,52.88,48.29,Pump A Running
2026-09-06T07:15:00+00:00,Running,1,2137.9,10.56,4.28,53.4,48.6,Pump A Running
2026-09-06T07:30:00+00:00,Running,1,2320.7,10.48,4.41,52.37,48.29,Pump A Running
2026-09-06T07:45:00+00:00,Running,1,2287.0,10.62,4.31,52.92,49.6,Pump A Running
2026-09-06T08:00:00+00:00,Stopped,0,0.0,0.0,0.16,0.0,29.0,Pumps Stopped
2026-09-06T08:15:00+00:00,Stopped,0,0.0,0.0,0.08,0.0,28.79,Pumps Stopped
2026-09-06T08:30:00+00:00,Stopped,0,0.0,0.0,0.16,0.0,28.69,Pumps Stopped
2026-09-06T08:45:00+00:00,Running,1,2167.6,10.55,4.35,53.2,47.81,Pump A Running
2026-09-06T09:00:00+00:00,Running,1,2322.0,10.54,4.41,52.28,49.08,Pump A Running
2026-09-06T09:15:00+00:00,Running,1,2278.9,10.55,4.35,51.62,48.45,Pump A Running
2026-09-06T09:30:00+00:00,Running,1,2362.1,10.54,4.37,50.88,49.0,Pump A Running
2026-09-06T09:45:00+00:00,Running,1,2247.5,10.56,4.35,53.44,48.91,Pump A Running
2026-09-06T10:00:00+00:00,Running,1,2184.6,10.63,4.46,53.0,48.11,Pump A Running
2026-09-06T10:15:00+00:00,Running,1,2480.9,10.7,4.34,52.7,49.3,Pump A Running
2026-09-06T10:30:00+00:00,Running,1,2212.5,10.42,4.21,53.8,48.75,Pump A Running
2026-09-06T10:45:00+00:00,Running,1,2277.4,10.58,4.47,49.28,49.78,Pump A Running
2026-09-06T11:00:00+00:00,Running,1,2301.3,10.61,4.51,53.71,48.58,Pump A Running
2026-09-06T11:15:00+00:00,Running,1,2207.8,10.49,4.55,49.92,48.79,Pump A Running
2026-09-06T11:30:00+00:00,Running,1,2406.7,10.65,4.42,48.82,48.3,Pump A Running
2026-09-06T11:45:00+00:00,Running,1,2284.7,10.53,4.41,51.65,48.89,Pump A Running
2026-09-06T12:00:00+00:00,Running,1,2192.8,10.74,4.37,51.84,48.64,Pump A Running
2026-09-06T12:15:00+00:00,Running,1,2129.1,10.61,4.41,55.48,48.71,Pump A Running
2026-09-06T12:30:00+00:00,Running,1,2237.7,10.77,4.51,52.75,48.86,Pump A Running
2026-09-06T12:45:00+00:00,Running,1,2142.4,10.57,4.36,49.29,49.56,Pump A Running
2026-09-06T13:00:00+00:00,Running,1,2385.0,10.7,4.26,53.54,49.22,Pump A Running
2026-09-06T13:15:00+00:00,Running,1,2384.0,10.71,4.42,55.6,48.51,Pump A Running
2026-09-06T13:30:00+00:00,Running,1,2433.4,10.65,4.43,49.19,48.69,Pump A Running
2026-09-06T13:45:00+00:00,Running,1,2248.6,10.73,4.35,48.16,48.84,Pump A Running
2026-09-06T14:00:00+00:00,Running,1,2487.6,10.63,4.38,55.64,49.07,Pump A Running
2026-09-06T14:15:00+00:00,Running,1,2341.4,10.51,4.36,53.25,48.48,Pump A Running
2026-09-06T14:30:00+00:00,Running,1,2280.7,10.59,4.36,53.74,48.99,Pump A Running
2026-09-06T14:45:00+00:00,Running,1,2277.1,10.47,4.39,51.02,48.69,Pump A Running
2026-09-06T15:00:00+00:00,Running,1,2277.2,10.43,4.49,55.34,49.49,Pump A Running
2026-09-06T15:15:00+00:00,Running,1,2497.7,10.52,4.4,50.3,48.36,Pump A Running
2026-09-06T15:30:00+00:00,Running,1,2516.0,10.64,4.45,52.35,48.38,Pump A Running
2026-09-06T15:45:00+00:00,Running,1,2382.8,10.65,4.29,52.32,49.47,Pump A Running
2026-09-06T16:00:00+00:00,Running,1,2192.5,10.59,4.31,53.61,49.56,Pump A Running
2026-09-06T16:15:00+00:00,Running,1,2384.6,10.55,4.42,52.7,49.13,Pump A Running
2026-09-06T16:30:00+00:00,Running,1,2336.8,10.66,4.22,53.21,49.07,Pump A Running
2026-09-06T16:45:00+00:00,Running,1,2553.7,10.63,4.28,52.65,48.08,Pump A Running
2026-09-06T17:00:00+00:00,Running,1,2442.0,10.57,4.41,54.71,49.5,Pump A Running
2026-09-06T17:15:00+00:00,Running,1,2450.6,10.5,4.38,52.9,48.62,Pump A Running
2026-09-06T17:30:00+00:00,Running,1,2446.6,10.55,4.35,52.3,49.43,Pump A Running
2026-09-06T17:45:00+00:00,Running,1,2375.2,10.62,4.38,52.61,49.62,Pump A Running
2026-09-06T18:00:00+00:00,Running,1,2618.1,10.64,4.39,53.43,48.73,Pump A Running
2026-09-06T18:15:00+00:00,Running,1,2365.8,10.66,4.31,50.79,48.69,Pump A Running
2026-09-06T18:30:00+00:00,Running,1,2544.4,10.7,4.24,54.8,48.43,Pump A Running
2026-09-06T18:45:00+00:00,Running,1,2405.4,10.75,4.37,52.44,48.48,Pump A Running
2026-09-06T19:00:00+00:00,Running,1,2301.4,10.55,4.3,52.08,48.67,Pump A Running
2026-09-06T19:15:00+00:00,Running,1,2367.7,10.52,4.4,54.09,48.66,Pump A Running
2026-09-06T19:30:00+00:00,Running,1,2452.0,10.61,4.31,52.36,49.07,Pump A Running
2026-09-06T19:45:00+00:00,Running,1,2546.1,10.57,4.29,51.36,48.77,Pump A Running
2026-09-06T20:00:00+00:00,Running,1,2447.8,10.47,4.25,52.53,48.81,Pump A Running
2026-09-06T20:15:00+00:00,Running,1,2692.9,10.63,4.58,51.19,48.77,Pump A Running
2026-09-06T20:30:00+00:00,Running,1,2448.9,10.55,4.39,49.51,49.49,Pump A Running
2026-09-06T20:45:00+00:00,Running,1,2671.8,10.61,4.22,49.77,48.86,Pump A Running
2026-09-06T21:00:00+00:00,Running,1,2533.3,10.59,4.36,51.82,49.14,Pump A Running
2026-09-06T21:15:00+00:00,Running,1,2481.7,10.56,4.31,52.66,48.95,Pump A Running
2026-09-06T21:30:00+00:00,Running,1,2646.2,10.55,4.47,51.23,49.1,Pump A Running
2026-09-06T21:45:00+00:00,Running,1,2531.2,10.65,4.19,50.24,49.46,Pump A Running
2026-09-06T22:00:00+00:00,Running,1,2598.7,10.64,4.36,52.44,48.91,Pump A Running
2026-09-06T22:15:00+00:00,Running,1,2382.3,10.55,4.54,50.56,48.8,Pump A Running
2026-09-06T22:30:00+00:00,Running,1,2569.8,10.63,4.34,50.25,48.73,Pump A Running
2026-09-06T22:45:00+00:00,Running,1,2561.6,10.62,4.25,50.83,49.34,Pump A Running
2026-09-06T23:00:00+00:00,Running,1,2627.8,10.53,4.37,52.49,48.49,Pump A Running
2026-09-06T23:15:00+00:00,Running,1,2595.1,10.66,4.5,54.57,49.1,Pump A Running
2026-09-06T23:30:00+00:00,Running,1,2472.8,10.66,4.25,54.91,48.93,Pump A Running
2026-09-06T23:45:00+00:00,Running,1,2576.3,10.48,4.32,52.83,47.97,Pump A Running
2026-09-07T00:00:00+00:00,Running,1,2651.3,10.69,4.33,53.8,49.32,Pump A Running
2026-09-07T00:15:00+00:00,Running,1,2566.6,10.57,4.36,52.9,48.38,Pump A Running
2026-09-07T00:30:00+00:00,Running,1,2317.9,10.54,4.32,49.65,48.54,Pump A Running
2026-09-07T00:45:00+00:00,Running,1,2377.2,10.65,4.23,56.34,48.14,Pump A Running
2026-09-07T01:00:00+00:00,Running,1,2527.3,10.62,4.34,53.29,48.49,Pump A Running
2026-09-07T01:15:00+00:00,Running,1,2536.0,10.71,4.24,51.42,49.32,Pump A Running
2026-09-07T01:30:00+00:00,Running,1,2678.9,10.56,4.33,49.83,49.18,Pump A Running
2026-09-07T01:45:00+00:00,Running,1,2678.8,10.56,4.4,53.3,49.21,Pump A Running
2026-09-07T02:00:00+00:00,Stopped,0,0.0,0.0,0.09,0.0,29.02,Pumps Stopped
2026-09-07T02:15:00+00:00,Stopped,0,0.0,0.0,0.11,0.0,29.26,Pumps Stopped
2026-09-07T02:30:00+00:00,Stopped,0,0.0,0.0,0.12,0.0,29.2,Pumps Stopped
2026-09-07T02:45:00+00:00,Stopped,0,0.0,0.0,0.07,0.0,29.22,Pumps Stopped
2026-09-07T03:00:00+00:00,Stopped,0,0.0,0.0,0.13,0.0,29.07,Pumps Stopped
2026-09-07T03:15:00+00:00,Stopped,0,0.0,0.0,0.12,0.0,28.88,Pumps Stopped
2026-09-07T03:30:00+00:00,Running,1,2657.3,10.68,4.41,54.52,48.52,Pump A Running
2026-09-07T03:45:00+00:00,Running,1,2641.9,10.58,4.39,49.61,49.34,Pump A Running
2026-09-07T04:00:00+00:00,Running,1,2656.6,10.56,4.31,48.88,49.4,Pump A Running
2026-09-07T04:15:00+00:00,Running,1,2726.1,10.62,4.22,55.06,48.65,Pump A Running
2026-09-07T04:30:00+00:00,Running,1,2716.2,10.69,4.35,54.55,49.28,Pump A Running
2026-09-07T04:45:00+00:00,Running,1,2573.2,10.58,4.44,53.53,49.69,Pump A Running
2026-09-07T05:00:00+00:00,Running,1,2627.8,10.63,4.27,51.18,48.23,Pump A Running
2026-09-07T05:15:00+00:00,Running,1,2635.0,10.76,4.5,51.49,48.8,Pump A Running
2026-09-07T05:30:00+00:00,Running,1,2536.2,10.63,4.29,53.22,48.9,Pump A Running
2026-09-07T05:45:00+00:00,Running,1,2699.3,10.59,4.43,51.14,50.08,Pump A Running
2026-09-07T06:00:00+00:00,Running,1,2518.3,10.56,4.32,54.12,49.33,Pump A Running
2026-09-07T06:15:00+00:00,Running,1,2742.8,10.56,4.34,53.06,48.63,Pump A Running
2026-09-07T06:30:00+00:00,Running,1,2512.5,10.47,4.35,53.08,48.6,Pump A Running
2026-09-07T06:45:00+00:00,Running,1,2694.3,10.67,4.16,48.15,48.93,Pump A Running
2026-09-07T07:00:00+00:00,Running,1,2646.1,10.68,4.25,50.24,48.34,Pump A Running
2026-09-07T07:15:00+00:00,Running,1,2595.1,10.49,4.41,51.64,48.24,Pump A Running
2026-09-07T07:30:00+00:00,Running,1,2796.2,10.57,4.38,51.17,49.61,Pump A Running
2026-09-07T07:45:00+00:00,Running,1,2710.4,10.63,4.19,47.24,49.34,Pump A Running
2026-09-07T08:00:00+00:00,Running,1,2515.1,10.65,4.4,51.34,48.92,Pump A Running
2026-09-07T08:15:00+00:00,Running,1,2508.7,10.57,4.31,50.18,48.77,Pump A Running
2026-09-07T08:30:00+00:00,Running,1,2698.0,10.73,4.35,52.9,49.42,Pump A Running
2026-09-07T08:45:00+00:00,Running,1,2728.5,10.46,4.19,52.36,49.09,Pump A Running
2026-09-07T09:00:00+00:00,Running,1,2617.4,10.55,4.31,49.44,49.19,Pump A Running
2026-09-07T09:15:00+00:00,Running,1,2611.8,10.63,4.46,49.27,49.09,Pump A Running
2026-09-07T09:30:00+00:00,Running,1,2740.1,10.59,4.33,49.9,47.93,Pump A Running
2026-09-07T09:45:00+00:00,Running,1,2906.0,10.69,4.29,52.88,49.56,Pump A Running
2026-09-07T10:00:00+00:00,Running,1,2801.2,10.55,4.25,50.64,48.3,Pump A Running
2026-09-07T10:15:00+00:00,Running,1,2574.2,10.62,4.23,54.43,48.7,Pump A Running
2026-09-07T10:30:00+00:00,Running,1,2767.3,10.6,4.34,51.74,48.48,Pump A Running
2026-09-07T10:45:00+00:00,Running,1,2590.7,10.6,4.4,50.49,48.57,Pump A Running
2026-09-07T11:00:00+00:00,Running,1,2652.9,10.51,4.38,52.66,48.73,Pump A Running
2026-09-07T11:15:00+00:00,Running,1,2533.5,10.61,4.2,50.68,49.26,Pump A Running
2026-09-07T11:30:00+00:00,Running,1,2618.6,10.59,4.29,52.61,49.42,Pump A Running
2026-09-07T11:45:00+00:00,Running,1,2804.6,10.58,4.26,50.93,49.46,Pump A Running
2026-09-07T12:00:00+00:00,Running,1,2761.5,10.56,4.28,53.66,49.14,Pump A Running
2026-09-07T12:15:00+00:00,Running,1,2747.8,10.68,4.44,48.81,49.53,Pump A Running
2026-09-07T12:30:00+00:00,Running,1,2803.2,10.59,4.23,49.15,48.93,Pump A Running
2026-09-07T12:45:00+00:00,Running,1,2753.2,10.57,4.25,54.98,47.58,Pump A Running
2026-09-07T13:00:00+00:00,Running,1,2796.6,10.62,4.38,51.08,48.82,Pump A Running
2026-09-07T13:15:00+00:00,Running,1,2580.2,10.68,4.3,50.32,49.08,Pump A Running
2026-09-07T13:30:00+00:00,Running,1,2829.9,10.53,4.41,49.85,48.98,Pump A Running
2026-09-07T13:45:00+00:00,Running,1,2823.4,10.64,4.38,49.39,48.43,Pump A Running
2026-09-07T14:00:00+00:00,Running,1,2741.7,10.66,4.5,52.53,49.06,Pump A Running
2026-09-07T14:15:00+00:00,Running,1,2824.6,10.7,4.33,51.04,47.64,Pump A Running
2026-09-07T14:30:00+00:00,Running,1,2635.5,10.72,4.39,50.68,49.13,Pump A Running
2026-09-07T14:45:00+00:00,Running,1,2729.5,10.58,4.55,51.25,48.7,Pump A Running
2026-09-07T15:00:00+00:00,Running,1,2756.6,10.73,4.29,51.98,49.05,Pump A Running
2026-09-07T15:15:00+00:00,Running,1,2692.1,10.61,4.36,52.15,49.28,Pump A Running
2026-09-07T15:30:00+00:00,Running,1,2640.7,10.6,4.39,48.63,48.44,Pump A Running
2026-09-07T15:45:00+00:00,Running,1,2791.7,10.73,4.27,52.75,48.69,Pump A Running
2026-09-07T16:00:00+00:00,Running,1,2754.0,10.64,4.26,51.66,49.52,Pump A Running
2026-09-07T16:15:00+00:00,Running,1,2664.1,10.59,4.43,50.11,49.72,Pump A Running
2026-09-07T16:30:00+00:00,Running,1,2746.8,10.56,4.28,51.86,49.15,Pump A Running
2026-09-07T16:45:00+00:00,Running,1,2751.6,10.59,4.26,52.48,49.27,Pump A Running
2026-09-07T17:00:00+00:00,Running,1,2746.4,10.56,4.23,56.5,49.2,Pump A Running
2026-09-07T17:15:00+00:00,Running,1,2601.7,10.53,4.29,50.73,48.63,Pump A Running
2026-09-07T17:30:00+00:00,Running,1,2609.4,10.68,4.21,53.81,49.88,Pump A Running
2026-09-07T17:45:00+00:00,Running,1,2526.5,10.51,4.32,53.85,48.84,Pump A Running
2026-09-07T18:00:00+00:00,Running,1,2678.6,10.51,4.25,51.3,49.35,Pump A Running
2026-09-07T18:15:00+00:00,Running,1,2699.8,10.53,4.38,51.69,49.07,Pump A Running
2026-09-07T18:30:00+00:00,Running,1,2581.6,10.56,4.22,49.75,49.5,Pump A Running
2026-09-07T18:45:00+00:00,Running,1,2877.1,10.6,4.34,51.92,49.55,Pump A Running
2026-09-07T19:00:00+00:00,Running,1,2843.2,10.5,4.17,51.41,49.32,Pump A Running
2026-09-07T19:15:00+00:00,Running,1,2816.1,10.68,4.36,54.86,47.59,Pump A Running
2026-09-07T19:30:00+00:00,Running,1,2608.0,10.55,4.23,53.35,48.85,Pump A Running
2026-09-07T19:45:00+00:00,Running,1,2810.1,10.59,4.15,50.46,49.51,Pump A Running
2026-09-07T20:00:00+00:00,Running,1,2677.5,10.77,4.2,50.93,49.35,Pump A Running
2026-09-07T20:15:00+00:00,Running,1,2742.7,10.6,4.3,51.64,48.42,Pump A Running
2026-09-07T20:30:00+00:00,Running,1,2752.7,10.55,4.18,51.87,50.12,Pump A Running
2026-09-07T20:45:00+00:00,Running,1,2761.6,10.71,4.4,50.75,48.69,Pump A Running
2026-09-07T21:00:00+00:00,Running,1,2694.1,10.64,4.36,56.41,49.43,Pump A Running
2026-09-07T21:15:00+00:00,Running,1,2707.4,10.77,4.27,50.45,48.3,Pump A Running
2026-09-07T21:30:00+00:00,Running,1,2744.2,10.42,4.38,51.5,49.51,Pump A Running
2026-09-07T21:45:00+00:00,Running,1,2769.9,10.54,4.39,51.66,49.14,Pump A Running
2026-09-07T22:00:00+00:00,Running,1,2515.9,10.61,4.47,48.88,49.07,Pump A Running
2026-09-07T22:15:00+00:00,Running,1,2561.3,10.59,4.55,51.5,48.88,Pump A Running
2026-09-07T22:30:00+00:00,Running,1,2712.6,10.6,4.36,52.19,49.4,Pump A Running
2026-09-07T22:45:00+00:00,Running,1,2525.8,10.68,4.22,49.77,48.74,Pump A Running
2026-09-07T23:00:00+00:00,Running,1,2724.5,10.66,4.35,51.24,48.58,Pump A Running
2026-09-07T23:15:00+00:00,Running,1,2775.8,10.65,4.3,47.38,49.64,Pump A Running
2026-09-07T23:30:00+00:00,Running,1,2658.2,10.56,4.29,51.86,48.89,Pump A Running
2026-09-07T23:45:00+00:00,Running,1,2726.7,10.66,4.23,51.7,49.32,Pump A Running
2026-09-08T00:00:00+00:00,Running,1,2738.3,10.68,4.36,54.21,49.21,Pump A Running
2026-09-08T00:15:00+00:00,Running,1,2643.8,10.52,4.1,50.8,49.29,Pump A Running
2026-09-08T00:30:00+00:00,Running,1,2724.9,10.58,4.29,48.79,49.65,Pump A Running
2026-09-08T00:45:00+00:00,Running,1,2646.6,10.44,4.31,50.69,49.04,Pump A Running
2026-09-08T01:00:00+00:00,Running,1,2505.2,10.56,4.38,51.86,48.62,Pump A Running
2026-09-08T01:15:00+00:00,Running,1,2530.0,10.54,4.19,51.24,49.33,Pump A Running
2026-09-08T01:30:00+00:00,Running,1,2774.5,10.63,4.37,51.37,49.0,Pump A Running
2026-09-08T01:45:00+00:00,Running,1,2561.8,10.58,4.22,48.9,48.69,Pump A Running
2026-09-08T02:00:00+00:00,Stopped,0,0.0,0.0,0.14,0.0,29.36,Pumps Stopped
2026-09-08T02:15:00+00:00,Stopped,0,0.0,0.0,0.12,0.0,28.89,Pumps Stopped
2026-09-08T02:30:00+00:00,Stopped,0,0.0,0.0,0.15,0.0,29.17,Pumps Stopped
2026-09-08T02:45:00+00:00,Stopped,0,0.0,0.0,0.09,0.0,28.52,Pumps Stopped
2026-09-08T03:00:00+00:00,Stopped,0,0.0,0.0,0.08,0.0,29.06,Pumps Stopped
2026-09-08T03:15:00+00:00,Stopped,0,0.0,0.0,0.06,0.0,29.21,Pumps Stopped
2026-09-08T03:30:00+00:00,Running,1,2683.0,10.54,4.43,50.45,48.56,Pump A Running
2026-09-08T03:45:00+00:00,Running,1,2526.6,10.64,4.48,54.14,49.16,Pump A Running
2026-09-08T04:00:00+00:00,Running,1,2661.2,10.62,4.39,50.82,48.63,Pump A Running
2026-09-08T04:15:00+00:00,Running,1,2746.8,10.58,4.44,51.34,49.25,Pump A Running
2026-09-08T04:30:00+00:00,Running,1,2515.2,10.53,4.27,51.13,49.43,Pump A Running
2026-09-08T04:45:00+00:00,Running,1,2540.2,10.52,4.38,50.52,48.77,Pump A Running
2026-09-08T05:00:00+00:00,Running,1,2340.0,10.6,4.29,50.83,49.7,Pump A Running
2026-09-08T05:15:00+00:00,Running,1,2491.7,10.6,4.37,47.46,49.05,Pump A Running
2026-09-08T05:30:00+00:00,Running,1,2472.4,10.56,4.46,50.77,49.6,Pump A Running
2026-09-08T05:45:00+00:00,Running,1,2534.3,10.64,4.33,51.94,48.61,Pump A Running
2026-09-08T06:00:00+00:00,Running,1,2623.9,10.54,4.31,49.17,49.24,Pump A Running
2026-09-08T06:15:00+00:00,Running,1,2569.7,10.57,4.28,50.82,49.76,Pump A Running
2026-09-08T06:30:00+00:00,Running,1,2395.0,10.65,4.32,47.6,49.02,Pump A Running
2026-09-08T06:45:00+00:00,Running,1,2664.5,10.62,4.39,53.88,49.18,Pump A Running
2026-09-08T07:00:00+00:00,Running,1,2506.4,10.56,4.27,53.88,49.28,Pump A Running
2026-09-08T07:15:00+00:00,Running,1,2629.7,10.45,4.34,48.75,49.62,Pump A Running
2026-09-08T07:30:00+00:00,Running,1,2450.3,10.63,4.32,51.93,49.18,Pump A Running
2026-09-08T07:45:00+00:00,Running,1,2408.3,10.54,4.58,50.9,49.15,Pump A Running
2026-09-08T08:00:00+00:00,Running,1,2628.2,10.57,4.34,50.36,48.87,Pump A Running
2026-09-08T08:15:00+00:00,Running,1,2546.9,10.59,4.32,54.04,49.67,Pump A Running
2026-09-08T08:30:00+00:00,Running,1,2645.1,10.63,4.12,48.43,49.53,Pump A Running
2026-09-08T08:45:00+00:00,Running,1,2613.6,10.7,4.26,52.37,49.23,Pump A Running
2026-09-08T09:00:00+00:00,Running,1,2530.8,10.66,4.15,54.22,48.93,Pump A Running
2026-09-08T09:15:00+00:00,Running,1,2556.4,10.6,4.21,49.17,48.8,Pump A Running
2026-09-08T09:30:00+00:00,Running,1,2587.8,10.65,4.24,53.43,48.38,Pump A Running
2026-09-08T09:45:00+00:00,Running,1,2579.4,10.64,4.1,52.11,50.09,Pump A Running
2026-09-08T10:00:00+00:00,Running,1,2361.7,10.57,4.33,50.97,48.6,Pump A Running
2026-09-08T10:15:00+00:00,Running,1,2459.3,10.58,4.17,50.72,49.7,Pump A Running
2026-09-08T10:30:00+00:00,Running,1,2530.9,10.53,4.33,52.02,48.35,Pump A Running
2026-09-08T10:45:00+00:00,Running,1,2616.5,10.6,4.36,48.75,47.63,Pump A Running
2026-09-08T11:00:00+00:00,Running,1,2386.0,10.59,4.32,55.65,49.08,Pump A Running
2026-09-08T11:15:00+00:00,Running,1,2483.9,10.71,4.29,52.75,49.82,Pump A Running
2026-09-08T11:30:00+00:00,Running,1,2376.9,10.59,4.37,57.15,48.42,Pump A Running
2026-09-08T11:45:00+00:00,Running,1,2443.1,10.54,4.39,53.97,49.03,Pump A Running
2026-09-08T12:00:00+00:00,Running,1,2422.0,10.65,4.23,52.14,48.94,Pump A Running
2026-09-08T12:15:00+00:00,Running,1,2523.6,10.68,4.19,49.09,50.07,Pump A Running
2026-09-08T12:30:00+00:00,Running,1,2302.0,10.6,4.28,51.37,49.03,Pump A Running
2026-09-08T12:45:00+00:00,Running,1,2390.0,10.49,4.22,50.82,49.39,Pump A Running
2026-09-08T13:00:00+00:00,Running,1,2540.1,10.56,4.33,50.28,49.56,Pump A Running
2026-09-08T13:15:00+00:00,Running,1,2388.2,10.69,4.34,54.17,48.73,Pump A Running
2026-09-08T13:30:00+00:00,Running,1,2377.8,10.62,4.34,53.36,48.67,Pump A Running
2026-09-08T13:45:00+00:00,Running,1,2408.0,10.56,4.33,49.13,49.25,Pump A Running
2026-09-08T14:00:00+00:00,Running,1,2468.2,10.58,4.3,48.89,49.25,Pump A Running
2026-09-08T14:15:00+00:00,Running,1,2481.2,10.6,4.35,51.05,48.65,Pump A Running
2026-09-08T14:30:00+00:00,Running,1,2391.1,10.68,4.31,54.22,49.28,Pump A Running
2026-09-08T14:45:00+00:00,Running,1,2419.0,10.57,4.46,51.83,49.16,Pump A Running
2026-09-08T15:00:00+00:00,Running,1,2502.6,10.6,4.26,55.84,49.7,Pump A Running
2026-09-08T15:15:00+00:00,Running,1,2367.7,10.7,4.18,48.63,49.62,Pump A Running
2026-09-08T15:30:00+00:00,Running,1,2475.1,10.47,4.43,51.85,49.33,Pump A Running
2026-09-08T15:45:00+00:00,Running,1,2420.7,10.71,4.33,50.7,49.03,Pump A Running
2026-09-08T16:00:00+00:00,Running,1,2449.6,10.53,4.29,50.15,48.84,Pump A Running
2026-09-08T16:15:00+00:00,Running,1,2415.1,10.59,4.22,48.76,48.93,Pump A Running
2026-09-08T16:30:00+00:00,Running,1,2379.5,10.72,4.46,47.31,48.92,Pump A Running
2026-09-08T16:45:00+00:00,Running,1,2268.1,10.48,4.16,53.53,48.98,Pump A Running
2026-09-08T17:00:00+00:00,Running,1,2294.2,10.64,4.35,50.43,48.05,Pump A Running
2026-09-08T17:15:00+00:00,Running,1,2463.3,10.58,4.25,53.32,49.35,Pump A Running
2026-09-08T17:30:00+00:00,Running,1,2324.2,10.56,4.34,48.13,49.02,Pump A Running
2026-09-08T17:45:00+00:00,Running,1,2378.7,10.66,4.37,50.08,49.39,Pump A Running
2026-09-08T18:00:00+00:00,Running,1,2424.3,10.59,4.42,52.99,49.03,Pump A Running
2026-09-08T18:15:00+00:00,Running,1,2282.4,10.59,4.19,52.68,49.31,Pump A Running
2026-09-08T18:30:00+00:00,Running,1,2447.8,10.58,4.34,51.14,49.44,Pump A Running
2026-09-08T18:45:00+00:00,Running,1,2288.1,10.57,4.33,52.5,49.38,Pump A Running
2026-09-08T19:00:00+00:00,Running,1,2155.6,10.56,4.4,52.24,49.7,Pump A Running
2026-09-08T19:15:00+00:00,Running,1,2238.1,10.56,4.23,52.9,49.68,Pump A Running
2026-09-08T19:30:00+00:00,Running,1,2376.8,10.61,4.3,55.8,48.79,Pump A Running
2026-09-08T19:45:00+00:00,Running,1,2268.1,10.63,4.25,51.29,48.9,Pump A Running
2026-09-08T20:00:00+00:00,Running,1,2171.3,10.57,4.39,48.65,49.47,Pump A Running
2026-09-08T20:15:00+00:00,Running,1,2326.1,10.56,4.15,53.69,49.49,Pump A Running
2026-09-08T20:30:00+00:00,Running,1,2367.3,10.62,4.35,54.49,49.54,Pump A Running
2026-09-08T20:45:00+00:00,Running,1,2235.8,10.64,4.39,50.28,49.12,Pump A Running
2026-09-08T21:00:00+00:00,Running,1,2475.5,10.65,4.3,51.19,48.54,Pump A Running
2026-09-08T21:15:00+00:00,Running,1,2274.8,10.61,4.26,50.28,49.05,Pump A Running
2026-09-08T21:30:00+00:00,Running,1,2202.4,10.56,4.27,49.09,50.1,Pump A Running
2026-09-08T21:45:00+00:00,Running,1,2204.3,10.64,4.39,50.93,48.83,Pump A Running
2026-09-08T22:00:00+00:00,Running,1,2319.7,10.6,4.3,54.61,48.71,Pump A Running
2026-09-08T22:15:00+00:00,Running,1,2098.4,10.62,4.23,47.53,48.97,Pump A Running
2026-09-08T22:30:00+00:00,Running,1,2332.5,10.61,4.29,50.93,49.0,Pump A Running
2026-09-08T22:45:00+00:00,Running,1,2172.1,10.68,4.19,51.95,48.89,Pump A Running
2026-09-08T23:00:00+00:00,Running,1,2437.8,10.58,4.2,52.83,49.14,Pump A Running
2026-09-08T23:15:00+00:00,Running,1,2205.5,10.6,4.31,53.48,48.78,Pump A Running
2026-09-08T23:30:00+00:00,Running,1,2286.2,10.68,4.21,53.21,48.81,Pump A Running
2026-09-08T23:45:00+00:00,Running,1,2130.1,10.59,4.33,52.46,49.25,Pump A Running
2026-09-09T00:00:00+00:00,Running,1,2106.2,10.65,4.27,50.53,49.21,Pump A Running
2026-09-09T00:15:00+00:00,Running,1,2226.2,10.58,4.25,51.03,50.04,Pump A Running
2026-09-09T00:30:00+00:00,Running,1,2207.8,10.71,4.27,51.08,49.77,Pump A Running
2026-09-09T00:45:00+00:00,Running,1,2111.3,10.64,4.28,51.29,48.64,Pump A Running
2026-09-09T01:00:00+00:00,Running,1,2086.3,10.6,4.21,54.8,49.01,Pump A Running
2026-09-09T01:15:00+00:00,Running,1,2278.0,10.57,4.13,53.91,49.26,Pump A Running
2026-09-09T01:30:00+00:00,Running,1,2151.7,10.55,4.26,47.08,48.76,Pump A Running
2026-09-09T01:45:00+00:00,Running,1,2237.6,10.67,4.34,51.02,48.67,Pump A Running
2026-09-09T02:00:00+00:00,Stopped,0,0.0,0.0,0.15,0.0,28.94,Pumps Stopped
2026-09-09T02:15:00+00:00,Stopped,0,0.0,0.0,0.1,0.0,29.03,Pumps Stopped
2026-09-09T02:30:00+00:00,Stopped,0,0.0,0.0,0.09,0.0,28.86,Pumps Stopped
2026-09-09T02:45:00+00:00,Stopped,0,0.0,0.0,0.08,0.0,28.31,Pumps Stopped
2026-09-09T03:00:00+00:00,Stopped,0,0.0,0.0,0.14,0.0,29.6,Pumps Stopped
2026-09-09T03:15:00+00:00,Stopped,0,0.0,0.0,0.15,0.0,28.66,Pumps Stopped
2026-09-09T03:30:00+00:00,Running,1,2132.2,10.75,4.39,48.94,49.13,Pump A Running
2026-09-09T03:45:00+00:00,Running,1,2249.9,10.77,4.44,53.07,50.07,Pump A Running
2026-09-09T04:00:00+00:00,Running,1,2244.8,10.61,4.39,54.09,49.36,Pump A Running
2026-09-09T04:15:00+00:00,Running,1,2234.8,10.54,4.3,49.11,48.75,Pump A Running
2026-09-09T04:30:00+00:00,Running,1,2393.9,10.64,4.25,49.87,49.41,Pump A Running
2026-09-09T04:45:00+00:00,Running,1,2225.5,10.64,4.12,50.07,48.49,Pump A Running
2026-09-09T05:00:00+00:00,Running,1,2157.7,10.69,4.32,52.09,49.81,Pump A Running
2026-09-09T05:15:00+00:00,Running,1,2138.2,10.56,4.29,53.74,49.11,Pump A Running
2026-09-09T05:30:00+00:00,Running,1,2109.1,10.56,4.3,56.95,49.04,Pump A Running
2026-09-09T05:45:00+00:00,Running,1,2187.5,10.59,4.14,51.41,49.13,Pump A Running
2026-09-09T06:00:00+00:00,Running,1,2230.5,10.63,4.33,51.61,48.83,Pump A Running
2026-09-09T06:15:00+00:00,Running,1,2044.3,10.65,4.33,50.28,48.82,Pump A Running
2026-09-09T06:30:00+00:00,Running,1,2108.5,10.63,4.39,52.86,48.67,Pump A Running
2026-09-09T06:45:00+00:00,Running,1,2161.0,10.7,4.27,51.8,49.75,Pump A Running
2026-09-09T07:00:00+00:00,Running,1,2079.3,10.58,4.23,51.45,49.25,Pump A Running
2026-09-09T07:15:00+00:00,Running,1,2116.1,10.46,4.32,50.95,49.7,Pump A Running
2026-09-09T07:30:00+00:00,Running,1,2098.4,10.48,4.24,48.65,49.13,Pump A Running
2026-09-09T07:45:00+00:00,Running,1,2206.6,10.71,4.29,50.68,49.59,Pump A Running
2026-09-09T08:00:00+00:00,Running,1,2336.2,10.47,4.39,50.93,48.54,Pump A Running
2026-09-09T08:15:00+00:00,Running,1,2110.4,10.55,4.32,51.13,48.7,Pump A Running
2026-09-09T08:30:00+00:00,Running,1,2394.2,10.65,4.21,52.72,48.76,Pump A Running
2026-09-09T08:45:00+00:00,Running,1,2191.2,10.53,4.28,51.89,49.29,Pump A Running
2026-09-09T09:00:00+00:00,Running,1,2049.9,10.54,4.16,54.94,50.1,Pump A Running
2026-09-09T09:15:00+00:00,Running,1,2232.2,10.64,4.26,49.91,49.52,Pump A Running
2026-09-09T09:30:00+00:00,Running,1,2091.1,10.73,4.19,52.25,48.72,Pump A Running
2026-09-09T09:45:00+00:00,Running,1,2055.2,10.61,4.18,47.02,49.15,Pump A Running
2026-09-09T10:00:00+00:00,Running,1,2068.3,10.7,4.3,53.05,48.45,Pump A Running
2026-09-09T10:15:00+00:00,Running,1,2166.6,10.63,4.41,50.44,49.02,Pump A Running
2026-09-09T10:30:00+00:00,Running,1,2087.4,10.65,4.42,49.26,49.65,Pump A Running
2026-09-09T10:45:00+00:00,Running,1,2122.4,10.61,4.41,55.46,48.98,Pump A Running
2026-09-09T11:00:00+00:00,Running,1,2060.5,10.63,4.28,52.44,48.72,Pump A Running
2026-09-09T11:15:00+00:00,Running,1,2276.0,10.66,4.18,51.26,49.24,Pump A Running
2026-09-09T11:30:00+00:00,Running,1,2267.9,10.64,4.52,52.58,49.65,Pump A Running
2026-09-09T11:45:00+00:00,Running,1,2045.5,10.77,4.12,50.01,48.9,Pump A Running
2026-09-09T12:00:00+00:00,Running,1,2301.5,10.45,4.32,53.37,49.32,Pump A Running
2026-09-09T12:15:00+00:00,Running,1,2212.9,10.47,4.16,52.55,50.3,Pump A Running
2026-09-09T12:30:00+00:00,Running,1,2051.8,10.69,4.39,51.41,48.61,Pump A Running
2026-09-09T12:45:00+00:00,Running,1,2338.3,10.61,4.2,50.97,50.22,Pump A Running
2026-09-09T13:00:00+00:00,Running,1,2151.5,10.69,4.43,48.31,49.5,Pump A Running
2026-09-09T13:15:00+00:00,Running,1,2244.5,10.6,4.47,52.23,49.7,Pump A Running
2026-09-09T13:30:00+00:00,Running,1,2123.7,10.65,4.24,53.15,49.45,Pump A Running
2026-09-09T13:45:00+00:00,Running,1,2394.1,10.6,4.33,48.9,48.94,Pump A Running
2026-09-09T14:00:00+00:00,Running,1,2355.6,10.63,4.27,49.52,48.88,Pump A Running
2026-09-09T14:15:00+00:00,Running,1,2246.9,10.58,4.36,49.3,49.36,Pump A Running
2026-09-09T14:30:00+00:00,Running,1,2185.1,10.56,4.19,51.05,48.93,Pump A Running
2026-09-09T14:45:00+00:00,Running,1,2045.4,10.69,4.27,53.25,48.26,Pump A Running
2026-09-09T15:00:00+00:00,Running,1,2103.8,10.78,4.45,51.47,49.22,Pump A Running
2026-09-09T15:15:00+00:00,Running,1,2165.4,10.67,4.32,50.61,48.54,Pump A Running
2026-09-09T15:30:00+00:00,Running,1,2151.9,10.59,4.21,49.59,48.65,Pump A Running
2026-09-09T15:45:00+00:00,Running,1,2147.4,10.5,4.19,50.77,49.45,Pump A Running
2026-09-09T16:00:00+00:00,Running,1,2177.9,10.57,4.36,50.74,49.31,Pump A Running
2026-09-09T16:15:00+00:00,Running,1,2240.8,10.73,4.39,52.23,49.53,Pump A Running
2026-09-09T16:30:00+00:00,Running,1,2142.8,10.54,4.38,51.34,50.14,Pump A Running
2026-09-09T16:45:00+00:00,Running,1,2258.4,10.68,4.3,51.56,49.33,Pump A Running
2026-09-09T17:00:00+00:00,Running,1,2264.6,10.64,4.28,48.25,48.94,Pump A Running
2026-09-09T17:15:00+00:00,Running,1,2198.4,10.46,4.37,51.02,49.19,Pump A Running
2026-09-09T17:30:00+00:00,Running,1,2020.4,10.57,4.26,51.79,48.81,Pump A Running
2026-09-09T17:45:00+00:00,Running,1,2228.8,10.72,4.4,53.66,49.71,Pump A Running
2026-09-09T18:00:00+00:00,Running,1,2265.3,10.71,4.26,54.23,50.22,Pump A Running
2026-09-09T18:15:00+00:00,Running,1,2198.7,10.55,4.33,47.47,49.77,Pump A Running
2026-09-09T18:30:00+00:00,Running,1,2222.6,10.74,4.23,46.35,48.98,Pump A Running
2026-09-09T18:45:00+00:00,Running,1,2206.3,10.56,4.25,50.85,48.77,Pump A Running
2026-09-09T19:00:00+00:00,Running,1,2279.8,10.55,4.22,51.95,50.0,Pump A Running
2026-09-09T19:15:00+00:00,Running,1,2203.0,10.52,4.19,51.57,50.32,Pump A Running
2026-09-09T19:30:00+00:00,Running,1,2176.1,10.62,4.32,51.82,48.6,Pump A Running
2026-09-09T19:45:00+00:00,Running,1,2360.5,10.49,4.33,50.41,48.91,Pump A Running
2026-09-09T20:00:00+00:00,Running,1,2367.5,10.67,4.14,49.99,50.38,Pump A Running
2026-09-09T20:15:00+00:00,Running,1,2054.4,10.58,4.36,49.73,50.49,Pump A Running
2026-09-09T20:30:00+00:00,Running,1,2421.3,10.64,4.28,56.3,49.28,Pump A Running
2026-09-09T20:45:00+00:00,Running,1,2265.6,10.57,4.25,54.84,50.36,Pump A Running
2026-09-09T21:00:00+00:00,Running,1,2323.2,10.55,4.36,51.14,49.63,Pump A Running
2026-09-09T21:15:00+00:00,Running,1,2103.5,10.54,4.32,50.94,49.3,Pump A Running
2026-09-09T21:30:00+00:00,Running,1,2245.9,10.57,4.37,47.12,49.38,Pump A Running
2026-09-09T21:45:00+00:00,Running,1,2222.3,10.62,4.38,49.42,49.12,Pump A Running
2026-09-09T22:00:00+00:00,Running,1,2229.6,10.63,4.1,51.74,49.44,Pump A Running
2026-09-09T22:15:00+00:00,Running,1,2361.5,10.57,4.19,51.15,49.52,Pump A Running
2026-09-09T22:30:00+00:00,Running,1,2075.7,10.59,4.35,51.15,49.21,Pump A Running
2026-09-09T22:45:00+00:00,Running,1,2124.4,10.63,4.25,53.46,49.26,Pump A Running
2026-09-09T23:00:00+00:00,Running,1,2458.8,10.54,4.39,51.55,49.21,Pump A Running
2026-09-09T23:15:00+00:00,Running,1,2257.8,10.62,4.19,52.42,48.9,Pump A Running
2026-09-09T23:30:00+00:00,Running,1,2393.6,10.65,4.37,50.13,48.75,Pump A Running
2026-09-09T23:45:00+00:00,Running,1,2502.0,10.68,4.22,51.6,49.09,Pump A Running
2026-09-10T00:00:00+00:00,Running,1,2437.8,10.61,4.43,51.51,49.54,Pump A Running
2026-09-10T00:15:00+00:00,Running,1,2376.7,10.57,4.16,48.89,49.33,Pump A Running
2026-09-10T00:30:00+00:00,Running,1,2291.4,10.67,4.33,52.35,48.66,Pump A Running
2026-09-10T00:45:00+00:00,Running,1,2368.6,10.53,4.11,50.41,50.15,Pump A Running
2026-09-10T01:00:00+00:00,Running,1,2559.3,10.63,4.29,51.81,48.9,Pump A Running
2026-09-10T01:15:00+00:00,Running,1,2460.3,10.57,4.33,52.74,50.13,Pump A Running
2026-09-10T01:30:00+00:00,Running,1,2463.4,10.7,4.08,49.7,48.94,Pump A Running
2026-09-10T01:45:00+00:00,Running,1,2364.3,10.64,4.45,49.77,49.16,Pump A Running
2026-09-10T02:00:00+00:00,Stopped,0,0.0,0.0,0.14,0.0,29.28,Pumps Stopped
2026-09-10T02:15:00+00:00,Stopped,0,0.0,0.0,0.09,0.0,29.03,Pumps Stopped
2026-09-10T02:30:00+00:00,Stopped,0,0.0,0.0,0.11,0.0,29.15,Pumps Stopped
2026-09-10T02:45:00+00:00,Stopped,0,0.0,0.0,0.11,0.0,28.98,Pumps Stopped
2026-09-10T03:00:00+00:00,Stopped,0,0.0,0.0,0.12,0.0,29.34,Pumps Stopped
2026-09-10T03:15:00+00:00,Stopped,0,0.0,0.0,0.12,0.0,28.89,Pumps Stopped
2026-09-10T03:30:00+00:00,Running,1,2373.1,10.66,4.15,51.14,48.98,Pump A Running
2026-09-10T03:45:00+00:00,Running,1,2457.7,10.5,4.38,48.23,48.93,Pump A Running
2026-09-10T04:00:00+00:00,Running,1,2418.4,10.54,4.26,42.25,48.46,Pump A Running
2026-09-10T04:15:00+00:00,Running,1,2524.8,10.72,4.25,49.56,49.27,Pump A Running
2026-09-10T04:30:00+00:00,Running,1,2527.7,10.59,4.3,48.33,49.44,Pump A Running
2026-09-10T04:45:00+00:00,Running,1,2498.1,10.55,4.33,50.27,49.51,Pump A Running
2026-09-10T05:00:00+00:00,Running,1,2461.3,10.72,4.37,47.76,49.45,Pump A Running
2026-09-10T05:15:00+00:00,Running,1,2324.5,10.55,4.31,49.01,49.08,Pump A Running
2026-09-10T05:30:00+00:00,Running,1,2531.8,10.6,4.35,46.71,49.82,Pump A Running
2026-09-10T05:45:00+00:00,Running,1,2451.5,10.74,4.23,49.76,49.86,Pump A Running
2026-09-10T06:00:00+00:00,Running,1,2581.7,10.51,4.32,48.08,49.34,Pump A Running
2026-09-10T06:15:00+00:00,Running,1,2452.6,10.61,4.27,50.94,49.89,Pump A Running
2026-09-10T06:30:00+00:00,Running,1,2491.4,10.58,4.23,51.11,49.31,Pump A Running
2026-09-10T06:45:00+00:00,Running,1,2451.9,10.71,4.17,50.96,50.17,Pump A Running
2026-09-10T07:00:00+00:00,Running,1,2583.5,10.63,4.23,53.08,49.66,Pump A Running
2026-09-10T07:15:00+00:00,Running,1,2666.3,10.76,4.28,50.01,48.68,Pump A Running
2026-09-10T07:30:00+00:00,Running,1,2499.2,10.69,4.19,50.23,49.65,Pump A Running
2026-09-10T07:45:00+00:00,Running,1,2511.4,10.59,4.16,51.15,49.7,Pump A Running
2026-09-10T08:00:00+00:00,Running,1,2490.9,10.72,4.45,51.18,49.59,Pump A Running
2026-09-10T08:15:00+00:00,Running,1,2514.1,10.59,4.07,50.34,49.32,Pump A Running
2026-09-10T08:30:00+00:00,Running,1,2670.0,10.71,4.21,50.33,48.37,Pump A Running
2026-09-10T08:45:00+00:00,Running,1,2526.5,10.54,4.28,50.33,49.38,Pump A Running
2026-09-10T09:00:00+00:00,Running,1,2491.2,10.51,4.34,51.25,48.71,Pump A Running
2026-09-10T09:15:00+00:00,Running,1,2475.6,10.56,4.27,49.39,49.27,Pump A Running
2026-09-10T09:30:00+00:00,Running,1,2518.0,10.53,4.31,50.47,49.5,Pump A Running
2026-09-10T09:45:00+00:00,Running,1,2548.3,10.49,4.39,50.83,49.98,Pump A Running
2026-09-10T10:00:00+00:00,Running,1,2566.3,10.55,4.4,49.02,49.51,Pump A Running
2026-09-10T10:15:00+00:00,Running,1,2590.6,10.55,4.32,51.42,48.73,Pump A Running
2026-09-10T10:30:00+00:00,Running,1,2581.5,10.57,4.3,51.01,49.17,Pump A Running
2026-09-10T10:45:00+00:00,Running,1,2523.2,10.61,4.32,51.16,49.59,Pump A Running
2026-09-10T11:00:00+00:00,Running,1,2612.4,10.57,4.23,51.53,49.8,Pump A Running
2026-09-10T11:15:00+00:00,Running,1,2707.9,10.62,4.22,49.82,49.76,Pump A Running
2026-09-10T11:30:00+00:00,Running,1,2636.2,10.47,4.24,51.15,48.91,Pump A Running
2026-09-10T11:45:00+00:00,Running,1,2517.1,10.56,4.31,50.0,49.79,Pump A Running
2026-09-10T12:00:00+00:00,Running,1,2852.5,10.68,4.27,53.48,50.07,Pump A Running
2026-09-10T12:15:00+00:00,Running,1,2645.2,10.52,4.26,51.35,49.01,Pump A Running
2026-09-10T12:30:00+00:00,Running,1,2690.2,10.74,4.37,52.98,49.97,Pump A Running
2026-09-10T12:45:00+00:00,Running,1,2764.2,10.57,4.39,49.53,49.04,Pump A Running
2026-09-10T13:00:00+00:00,Running,1,2664.3,10.56,4.38,53.48,50.15,Pump A Running
2026-09-10T13:15:00+00:00,Running,1,2722.8,10.66,4.07,49.67,48.94,Pump A Running
2026-09-10T13:30:00+00:00,Running,1,2569.9,10.59,4.46,49.52,49.71,Pump A Running
2026-09-10T13:45:00+00:00,Running,1,2620.0,10.62,4.43,50.21,49.32,Pump A Running
2026-09-10T14:00:00+00:00,Running,1,2555.6,10.58,4.36,51.2,50.01,Pump A Running
2026-09-10T14:15:00+00:00,Running,1,2663.3,10.66,4.1,49.28,49.52,Pump A Running
2026-09-10T14:30:00+00:00,Running,1,2702.3,10.64,4.32,50.3,49.18,Pump A Running
2026-09-10T14:45:00+00:00,Running,1,2574.8,10.61,4.3,50.12,49.35,Pump A Running
2026-09-10T15:00:00+00:00,Running,1,2681.5,10.48,4.36,49.9,49.14,Pump A Running
2026-09-10T15:15:00+00:00,Running,1,2583.9,10.66,4.2,50.07,48.85,Pump A Running
2026-09-10T15:30:00+00:00,Running,1,2671.1,10.59,4.17,48.9,49.54,Pump A Running
2026-09-10T15:45:00+00:00,Running,1,2532.2,10.6,4.28,49.04,49.72,Pump A Running
2026-09-10T16:00:00+00:00,Running,1,2599.0,10.51,4.26,51.5,49.68,Pump A Running
2026-09-10T16:15:00+00:00,Running,1,2654.0,10.63,4.28,47.42,48.76,Pump A Running
2026-09-10T16:30:00+00:00,Running,1,2671.5,10.57,4.38,51.21,50.75,Pump A Running
2026-09-10T16:45:00+00:00,Running,1,2799.4,10.54,4.19,48.86,48.69,Pump A Running
2026-09-10T17:00:00+00:00,Running,1,2530.5,10.74,4.32,53.0,48.78,Pump A Running
2026-09-10T17:15:00+00:00,Running,1,2594.5,10.66,4.33,54.5,49.21,Pump A Running
2026-09-10T17:30:00+00:00,Running,1,2596.0,10.58,4.24,51.22,49.72,Pump A Running
2026-09-10T17:45:00+00:00,Running,1,2667.2,10.46,4.18,46.94,50.11,Pump A Running
2026-09-10T18:00:00+00:00,Running,1,2660.6,10.61,4.31,54.58,49.48,Pump A Running
2026-09-10T18:15:00+00:00,Running,1,2571.9,10.67,4.16,50.18,49.62,Pump A Running
2026-09-10T18:30:00+00:00,Running,1,2812.5,10.66,4.56,50.63,49.02,Pump A Running
2026-09-10T18:45:00+00:00,Running,1,2790.5,10.54,4.25,50.41,49.74,Pump A Running
2026-09-10T19:00:00+00:00,Running,1,2722.6,10.69,4.27,52.69,49.14,Pump A Running
2026-09-10T19:15:00+00:00,Running,1,2644.4,10.66,4.22,49.84,49.52,Pump A Running
2026-09-10T19:30:00+00:00,Running,1,2913.1,10.5,4.35,50.33,49.66,Pump A Running
2026-09-10T19:45:00+00:00,Running,1,2762.3,10.54,4.3,51.5,49.88,Pump A Running
2026-09-10T20:00:00+00:00,Running,1,2627.8,10.68,4.31,50.95,48.7,Pump A Running
2026-09-10T20:15:00+00:00,Running,1,2635.7,10.49,4.28,47.0,49.67,Pump A Running
2026-09-10T20:30:00+00:00,Running,1,2691.7,10.58,4.31,48.39,49.42,Pump A Running
2026-09-10T20:45:00+00:00,Running,1,2713.7,10.57,4.29,50.66,49.69,Pump A Running
2026-09-10T21:00:00+00:00,Running,1,2746.4,10.65,4.14,52.81,50.59,Pump A Running
2026-09-10T21:15:00+00:00,Running,1,2781.8,10.53,4.38,53.55,49.7,Pump A Running
2026-09-10T21:30:00+00:00,Running,1,2833.8,10.5,4.25,49.76,49.89,Pump A Running
2026-09-10T21:45:00+00:00,Running,1,2718.7,10.52,4.29,47.45,49.5,Pump A Running
2026-09-10T22:00:00+00:00,Running,1,2737.5,10.62,4.23,49.31,49.66,Pump A Running
2026-09-10T22:15:00+00:00,Running,1,2778.1,10.63,4.11,50.84,48.85,Pump A Running
2026-09-10T22:30:00+00:00,Running,1,2854.6,10.52,4.23,50.82,50.29,Pump A Running
2026-09-10T22:45:00+00:00,Running,1,2700.5,10.51,4.09,51.02,49.81,Pump A Running
2026-09-10T23:00:00+00:00,Running,1,2780.3,10.67,4.2,49.17,50.57,Pump A Running
2026-09-10T23:15:00+00:00,Running,1,2715.3,10.66,4.27,52.71,49.31,Pump A Running
2026-09-10T23:30:00+00:00,Running,1,2754.6,10.65,4.28,50.6,48.64,Pump A Running
2026-09-10T23:45:00+00:00,Running,1,2702.0,10.63,4.38,48.76,49.46,Pump A Running
2026-09-11T00:00:00+00:00,Running,1,2741.4,10.53,4.15,47.72,50.08,Pump A Running
2026-09-11T00:15:00+00:00,Running,1,2675.2,10.61,4.14,51.62,49.81,Pump A Running
2026-09-11T00:30:00+00:00,Running,1,2781.5,10.64,4.26,49.66,49.8,Pump A Running
2026-09-11T00:45:00+00:00,Running,1,2682.8,10.58,4.33,51.46,49.51,Pump A Running
2026-09-11T01:00:00+00:00,Running,1,2781.5,10.61,4.3,52.08,49.13,Pump A Running
2026-09-11T01:15:00+00:00,Running,1,2758.0,10.47,4.08,47.14,49.79,Pump A Running
2026-09-11T01:30:00+00:00,Running,1,2734.2,10.51,4.21,54.06,49.02,Pump A Running
2026-09-11T01:45:00+00:00,Running,1,2782.9,10.51,4.24,49.91,49.01,Pump A Running
2026-09-11T02:00:00+00:00,Stopped,0,0.0,0.0,0.17,0.0,28.96,Pumps Stopped
2026-09-11T02:15:00+00:00,Stopped,0,0.0,0.0,0.1,0.0,29.0,Pumps Stopped
2026-09-11T02:30:00+00:00,Stopped,0,0.0,0.0,0.11,0.0,28.93,Pumps Stopped
2026-09-11T02:45:00+00:00,Stopped,0,0.0,0.0,0.09,0.0,28.92,Pumps Stopped
2026-09-11T03:00:00+00:00,Stopped,0,0.0,0.0,0.13,0.0,29.03,Pumps Stopped
2026-09-11T03:15:00+00:00,Stopped,0,0.0,0.0,0.14,0.0,29.2,Pumps Stopped
2026-09-11T03:30:00+00:00,Running,1,2852.2,10.6,4.33,48.88,50.13,Pump A Running
2026-09-11T03:45:00+00:00,Running,1,2791.3,10.63,4.37,48.59,49.56,Pump A Running
2026-09-11T04:00:00+00:00,Running,1,2720.3,10.56,4.17,51.05,49.07,Pump A Running
2026-09-11T04:15:00+00:00,Running,1,2612.2,10.55,4.31,50.11,49.69,Pump A Running
2026-09-11T04:30:00+00:00,Running,1,2719.4,10.67,4.31,51.93,50.14,Pump A Running
2026-09-11T04:45:00+00:00,Running,1,2675.8,10.62,4.19,50.5,49.77,Pump A Running
2026-09-11T05:00:00+00:00,Running,1,2705.1,10.55,4.11,52.28,49.54,Pump A Running
2026-09-11T05:15:00+00:00,Running,1,2761.8,10.58,4.38,51.72,49.38,Pump A Running
2026-09-11T05:30:00+00:00,Running,1,2642.4,10.61,4.25,53.23,49.1,Pump A Running
2026-09-11T05:45:00+00:00,Running,1,2719.3,10.65,4.23,53.04,49.52,Pump A Running
2026-09-11T06:00:00+00:00,Running,1,2781.7,10.63,4.24,51.88,49.4,Pump A Running
2026-09-11T06:15:00+00:00,Running,1,2829.4,10.5,4.26,52.74,48.24,Pump A Running
2026-09-11T06:30:00+00:00,Running,1,2514.2,10.57,4.29,49.55,49.54,Pump A Running
2026-09-11T06:45:00+00:00,Running,1,2691.7,10.54,4.3,48.37,49.68,Pump A Running
2026-09-11T07:00:00+00:00,Running,1,2744.3,10.65,4.31,47.52,49.17,Pump A Running
2026-09-11T07:15:00+00:00,Running,1,2698.0,10.64,4.19,50.06,48.55,Pump A Running
2026-09-11T07:30:00+00:00,Running,1,2759.0,10.61,4.2,48.63,49.47,Pump A Running
2026-09-11T07:45:00+00:00,Running,1,2648.5,10.6,4.34,49.47,49.26,Pump A Running
2026-09-11T08:00:00+00:00,Running,1,2729.2,10.64,4.24,49.41,49.88,Pump A Running
2026-09-11T08:15:00+00:00,Running,1,2701.0,10.61,4.29,46.12,50.31,Pump A Running
2026-09-11T08:30:00+00:00,Running,1,2861.7,10.7,4.02,50.75,49.63,Pump A Running
2026-09-11T08:45:00+00:00,Running,1,2556.4,10.53,4.3,48.23,49.78,Pump A Running
2026-09-11T09:00:00+00:00,Running,1,2781.9,10.54,4.33,55.94,50.3,Pump A Running
2026-09-11T09:15:00+00:00,Running,1,2770.3,10.83,4.27,49.54,49.28,Pump A Running
2026-09-11T09:30:00+00:00,Running,1,2751.3,10.56,4.24,48.13,49.47,Pump A Running
2026-09-11T09:45:00+00:00,Running,1,2710.3,10.6,4.19,51.07,50.45,Pump A Running
2026-09-11T10:00:00+00:00,Running,1,2848.6,10.77,4.24,49.38,49.78,Pump A Running
2026-09-11T10:15:00+00:00,Running,1,2686.6,10.55,4.05,49.97,50.01,Pump A Running
2026-09-11T10:30:00+00:00,Running,1,2512.3,10.6,4.3,51.77,49.57,Pump A Running
2026-09-11T10:45:00+00:00,Running,1,2632.8,10.52,4.21,50.52,49.83,Pump A Running
2026-09-11T11:00:00+00:00,Running,1,2565.0,10.63,4.14,51.62,48.7,Pump A Running
2026-09-11T11:15:00+00:00,Running,1,2613.3,10.72,4.24,50.8,50.11,Pump A Running
2026-09-11T11:30:00+00:00,Running,1,2656.3,10.77,4.31,49.12,49.9,Pump A Running
2026-09-11T11:45:00+00:00,Running,1,2613.2,10.59,4.03,50.05,49.52,Pump A Running
2026-09-11T12:00:00+00:00,Running,1,2636.8,10.68,4.2,52.1,48.93,Pump A Running
2026-09-11T12:15:00+00:00,Running,1,2593.6,10.51,4.27,48.44,49.53,Pump A Running
2026-09-11T12:30:00+00:00,Running,1,2565.5,10.58,4.38,48.75,49.19,Pump A Running
2026-09-11T12:45:00+00:00,Running,1,2603.2,10.49,4.28,51.16,49.7,Pump A Running
2026-09-11T13:00:00+00:00,Running,1,2768.2,10.43,4.19,47.31,49.01,Pump A Running
2026-09-11T13:15:00+00:00,Running,1,2691.7,10.55,4.27,48.0,49.48,Pump A Running
2026-09-11T13:30:00+00:00,Running,1,2548.1,10.65,4.41,50.78,50.08,Pump A Running
2026-09-11T13:45:00+00:00,Running,1,2567.1,10.47,4.32,49.19,49.05,Pump A Running
2026-09-11T14:00:00+00:00,Running,1,2527.7,10.69,4.37,47.53,48.74,Pump A Running
2026-09-11T14:15:00+00:00,Running,1,2643.4,10.5,4.22,49.91,49.75,Pump A Running
2026-09-11T14:30:00+00:00,Running,1,2638.4,10.55,4.26,53.59,50.06,Pump A Running
2026-09-11T14:45:00+00:00,Running,1,2572.5,10.66,4.2,51.03,50.21,Pump A Running
2026-09-11T15:00:00+00:00,Running,1,2569.2,10.7,4.19,48.92,49.69,Pump A Running
2026-09-11T15:15:00+00:00,Running,1,2531.3,10.57,4.22,51.3,49.53,Pump A Running
2026-09-11T15:30:00+00:00,Running,1,2582.6,10.56,4.27,54.35,49.25,Pump A Running
2026-09-11T15:45:00+00:00,Running,1,2621.4,10.71,4.19,52.12,48.73,Pump A Running
2026-09-11T16:00:00+00:00,Running,1,2574.3,10.6,4.4,49.9,49.51,Pump A Running
2026-09-11T16:15:00+00:00,Running,1,2550.4,10.53,4.29,50.51,49.06,Pump A Running
2026-09-11T16:30:00+00:00,Running,1,2572.0,10.61,4.19,48.64,48.7,Pump A Running
2026-09-11T16:45:00+00:00,Running,1,2472.7,10.63,4.13,52.22,50.03,Pump A Running
2026-09-11T17:00:00+00:00,Running,1,2536.2,10.71,4.19,49.8,49.91,Pump A Running
2026-09-11T17:15:00+00:00,Running,1,2554.8,10.68,4.31,47.44,49.18,Pump A Running
2026-09-11T17:30:00+00:00,Running,1,2542.5,10.55,4.33,49.88,50.32,Pump A Running
2026-09-11T17:45:00+00:00,Running,1,2554.2,10.5,4.21,46.91,49.66,Pump A Running
2026-09-11T18:00:00+00:00,Running,1,2614.3,10.56,4.27,52.08,49.29,Pump A Running
2026-09-11T18:15:00+00:00,Running,1,2635.5,10.62,4.2,51.01,49.14,Pump A Running
2026-09-11T18:30:00+00:00,Running,1,2433.7,10.62,4.38,47.78,50.02,Pump A Running
2026-09-11T18:45:00+00:00,Running,1,2460.4,10.58,4.28,49.91,49.47,Pump A Running
2026-09-11T19:00:00+00:00,Running,1,2556.0,10.74,4.26,50.31,48.79,Pump A Running
2026-09-11T19:15:00+00:00,Running,1,2518.4,10.63,4.25,49.96,49.17,Pump A Running
2026-09-11T19:30:00+00:00,Running,1,2512.4,10.5,4.35,46.22,49.21,Pump A Running
2026-09-11T19:45:00+00:00,Running,1,2467.8,10.6,4.38,49.77,48.62,Pump A Running
2026-09-11T20:00:00+00:00,Running,1,2432.7,10.54,4.23,52.05,49.37,Pump A Running
2026-09-11T20:15:00+00:00,Running,1,2614.0,10.59,4.27,51.44,50.59,Pump A Running
2026-09-11T20:30:00+00:00,Running,1,2495.0,10.61,4.19,46.22,49.43,Pump A Running
2026-09-11T20:45:00+00:00,Running,1,2413.9,10.71,4.23,48.99,49.93,Pump A Running
2026-09-11T21:00:00+00:00,Running,1,2502.0,10.65,4.25,50.48,49.67,Pump A Running
2026-09-11T21:15:00+00:00,Running,1,2648.6,10.42,4.29,49.55,50.0,Pump A Running
2026-09-11T21:30:00+00:00,Running,1,2420.0,10.62,4.22,52.57,49.62,Pump A Running
2026-09-11T21:45:00+00:00,Running,1,2427.3,10.51,4.21,47.79,49.62,Pump A Running
2026-09-11T22:00:00+00:00,Running,1,2440.0,10.57,4.19,51.46,49.82,Pump A Running
2026-09-11T22:15:00+00:00,Running,1,2402.6,10.57,4.18,50.05,49.72,Pump A Running
2026-09-11T22:30:00+00:00,Running,1,2677.2,10.52,4.34,50.56,48.72,Pump A Running
2026-09-11T22:45:00+00:00,Running,1,2426.4,10.5,4.09,53.38,49.61,Pump A Running
2026-09-11T23:00:00+00:00,Running,1,2417.7,10.68,4.05,49.99,48.85,Pump A Running
2026-09-11T23:15:00+00:00,Running,1,2293.7,10.59,4.42,49.94,49.42,Pump A Running
2026-09-11T23:30:00+00:00,Running,1,2460.9,10.69,4.36,47.15,50.28,Pump A Running
2026-09-11T23:45:00+00:00,Running,1,2537.9,10.54,4.38,50.52,49.58,Pump A Running
2026-09-12T00:00:00+00:00,Running,1,2418.5,10.55,4.37,52.38,49.7,Pump A Running
2026-09-12T00:15:00+00:00,Running,1,2351.2,10.59,4.15,47.96,49.9,Pump A Running
2026-09-12T00:30:00+00:00,Running,1,2307.5,10.64,4.38,53.66,49.45,Pump A Running
2026-09-12T00:45:00+00:00,Running,1,2509.3,10.63,3.95,48.88,50.18,Pump A Running
2026-09-12T01:00:00+00:00,Running,1,2327.3,10.58,4.25,52.25,49.59,Pump A Running
2026-09-12T01:15:00+00:00,Running,1,2291.4,10.55,4.27,47.36,49.04,Pump A Running
2026-09-12T01:30:00+00:00,Running,1,2411.7,10.5,4.26,53.34,50.02,Pump A Running
2026-09-12T01:45:00+00:00,Running,1,2414.0,10.64,4.48,48.2,50.23,Pump A Running
2026-09-12T02:00:00+00:00,Stopped,0,0.0,0.0,0.12,0.0,28.26,Pumps Stopped
2026-09-12T02:15:00+00:00,Stopped,0,0.0,0.0,0.12,0.0,29.17,Pumps Stopped
2026-09-12T02:30:00+00:00,Stopped,0,0.0,0.0,0.1,0.0,29.31,Pumps Stopped
2026-09-12T02:45:00+00:00,Stopped,0,0.0,0.0,0.11,0.0,28.61,Pumps Stopped
2026-09-12T03:00:00+00:00,Stopped,0,0.0,0.0,0.11,0.0,29.2,Pumps Stopped
2026-09-12T03:15:00+00:00,Stopped,0,0.0,0.0,0.12,0.0,29.01,Pumps Stopped
2026-09-12T03:30:00+00:00,Running,1,2254.0,10.59,4.04,51.26,49.86,Pump A Running
2026-09-12T03:45:00+00:00,Running,1,2340.2,10.69,4.23,52.06,50.06,Pump A Running
2026-09-12T04:00:00+00:00,Running,1,2207.1,10.75,4.16,48.55,48.82,Pump A Running
2026-09-12T04:15:00+00:00,Running,1,2158.9,10.47,4.42,52.35,49.65,Pump A Running
2026-09-12T04:30:00+00:00,Running,1,2310.3,10.52,4.29,51.79,49.58,Pump A Running
2026-09-12T04:45:00+00:00,Running,1,2367.4,10.59,4.18,50.01,49.7,Pump A Running
2026-09-12T05:00:00+00:00,Running,1,2269.3,10.67,4.28,51.82,50.17,Pump A Running
2026-09-12T05:15:00+00:00,Running,1,2251.0,10.53,4.17,49.74,49.24,Pump A Running
2026-09-12T05:30:00+00:00,Running,1,2417.6,10.71,4.2,53.36,50.74,Pump A Running
2026-09-12T05:45:00+00:00,Running,1,2307.2,10.61,4.32,50.18,49.35,Pump A Running
2026-09-12T06:00:00+00:00,Running,1,2267.1,10.62,4.23,50.52,49.38,Pump A Running
2026-09-12T06:15:00+00:00,Running,1,2207.2,10.65,4.03,48.76,49.25,Pump A Running
2026-09-12T06:30:00+00:00,Running,1,2305.4,10.65,4.21,51.91,49.1,Pump A Running
2026-09-12T06:45:00+00:00,Running,1,2190.9,10.58,4.2,44.83,50.28,Pump A Running
2026-09-12T07:00:00+00:00,Running,1,2228.0,10.52,4.2,50.65,49.94,Pump A Running
2026-09-12T07:15:00+00:00,Running,1,2239.9,10.65,4.25,50.6,50.63,Pump A Running
2026-09-12T07:30:00+00:00,Running,1,2361.6,10.58,4.21,48.67,49.47,Pump A Running
2026-09-12T07:45:00+00:00,Running,1,2306.2,10.63,4.11,49.41,49.3,Pump A Running
2026-09-12T08:00:00+00:00,Running,1,2257.6,10.52,4.25,48.35,49.65,Pump A Running
2026-09-12T08:15:00+00:00,Running,1,2215.7,10.79,4.07,52.31,49.63,Pump A Running
2026-09-12T08:30:00+00:00,Running,1,2370.8,10.45,4.17,49.26,49.22,Pump A Running
2026-09-12T08:45:00+00:00,Running,1,2202.7,10.54,4.23,48.01,48.96,Pump A Running
2026-09-12T09:00:00+00:00,Running,1,2514.8,10.68,4.22,49.14,48.94,Pump A Running
2026-09-12T09:15:00+00:00,Running,1,2260.5,10.71,4.38,48.81,50.09,Pump A Running
2026-09-12T09:30:00+00:00,Running,1,2204.6,10.61,4.22,52.35,49.15,Pump A Running
2026-09-12T09:45:00+00:00,Running,1,2155.9,10.58,4.16,49.56,49.35,Pump A Running
2026-09-12T10:00:00+00:00,Running,1,2148.0,10.52,4.17,52.25,49.63,Pump A Running
2026-09-12T10:15:00+00:00,Running,1,2203.8,10.53,4.16,51.74,49.87,Pump A Running
2026-09-12T10:30:00+00:00,Running,1,2189.5,10.57,4.12,50.21,49.67,Pump A Running
2026-09-12T10:45:00+00:00,Running,1,2108.5,10.56,4.17,49.98,49.92,Pump A Running
2026-09-12T11:00:00+00:00,Running,1,2092.0,10.57,4.23,47.61,49.69,Pump A Running
2026-09-12T11:15:00+00:00,Running,1,2254.2,10.51,4.13,52.23,49.69,Pump A Running
2026-09-12T11:30:00+00:00,Running,1,2189.3,10.53,4.22,52.79,49.8,Pump A Running
2026-09-12T11:45:00+00:00,Running,1,2098.9,10.67,4.31,48.98,49.59,Pump A Running
2026-09-12T12:00:00+00:00,Running,1,2410.1,10.67,4.14,50.23,49.03,Pump A Running
2026-09-12T12:15:00+00:00,Running,1,2194.0,10.67,4.15,48.86,49.24,Pump A Running
2026-09-12T12:30:00+00:00,Running,1,2228.3,10.59,4.2,50.82,49.24,Pump A Running
2026-09-12T12:45:00+00:00,Running,1,2188.8,10.61,4.16,50.68,49.32,Pump A Running
2026-09-12T13:00:00+00:00,Running,1,2164.5,10.63,4.12,46.32,49.47,Pump A Running
2026-09-12T13:15:00+00:00,Running,1,2201.2,10.71,4.08,49.54,50.35,Pump A Running
2026-09-12T13:30:00+00:00,Running,1,2214.2,10.54,4.28,49.84,50.58,Pump A Running
2026-09-12T13:45:00+00:00,Running,1,2218.1,10.62,4.21,46.03,48.87,Pump A Running
2026-09-12T14:00:00+00:00,Running,1,2247.9,10.53,4.4,47.01,49.96,Pump A Running
2026-09-12T14:15:00+00:00,Running,1,2061.1,10.54,4.2,51.53,50.44,Pump A Running
2026-09-12T14:30:00+00:00,Running,1,2152.4,10.6,4.11,45.34,49.36,Pump A Running
2026-09-12T14:45:00+00:00,Running,1,2123.9,10.69,4.06,48.0,50.19,Pump A Running
2026-09-12T15:00:00+00:00,Running,1,2263.8,10.42,4.38,51.37,50.45,Pump A Running
2026-09-12T15:15:00+00:00,Running,1,2086.7,10.63,4.24,49.37,49.98,Pump A Running
2026-09-12T15:30:00+00:00,Running,1,2081.8,10.56,4.33,51.5,50.37,Pump A Running
2026-09-12T15:45:00+00:00,Running,1,2253.7,10.6,4.23,50.51,49.54,Pump A Running
2026-09-12T16:00:00+00:00,Running,1,2091.3,10.55,4.23,51.46,49.0,Pump A Running
2026-09-12T16:15:00+00:00,Running,1,2105.3,10.58,4.22,50.79,49.52,Pump A Running
2026-09-12T16:30:00+00:00,Running,1,2269.3,10.65,4.33,47.87,50.19,Pump A Running
2026-09-12T16:45:00+00:00,Running,1,2133.0,10.64,4.23,50.44,49.92,Pump A Running
2026-09-12T17:00:00+00:00,Running,1,2172.8,10.71,4.18,44.66,49.66,Pump A Running
2026-09-12T17:15:00+00:00,Running,1,2358.1,10.66,4.17,52.7,48.84,Pump A Running
2026-09-12T17:30:00+00:00,Running,1,2142.4,10.55,4.36,49.35,49.93,Pump A Running
2026-09-12T17:45:00+00:00,Running,1,2080.8,10.65,4.33,49.83,50.08,Pump A Running
2026-09-12T18:00:00+00:00,Running,1,2206.4,10.66,4.18,46.22,50.46,Pump A Running
2026-09-12T18:15:00+00:00,Running,1,2148.8,10.64,4.16,51.5,50.36,Pump A Running
2026-09-12T18:30:00+00:00,Running,1,2129.4,10.59,4.09,50.4,49.6,Pump A Running
2026-09-12T18:45:00+00:00,Running,1,2177.3,10.65,4.35,45.03,49.88,Pump A Running
2026-09-12T19:00:00+00:00,Running,1,2183.0,10.61,4.19,53.74,49.51,Pump A Running
2026-09-12T19:15:00+00:00,Running,1,2197.4,10.66,4.41,49.22,49.61,Pump A Running
2026-09-12T19:30:00+00:00,Running,1,2203.1,10.63,4.4,48.68,49.68,Pump A Running
2026-09-12T19:45:00+00:00,Running,1,2174.6,10.62,4.28,50.88,50.46,Pump A Running
2026-09-12T20:00:00+00:00,Running,1,2150.3,10.58,4.34,51.25,49.24,Pump A Running
2026-09-12T20:15:00+00:00,Running,1,2260.0,10.55,4.33,49.53,49.4,Pump A Running
2026-09-12T20:30:00+00:00,Running,1,2224.7,10.62,4.18,49.81,49.94,Pump A Running
2026-09-12T20:45:00+00:00,Running,1,2220.6,10.6,4.26,50.97,50.03,Pump A Running
2026-09-12T21:00:00+00:00,Running,1,2209.9,10.66,4.23,52.54,49.4,Pump A Running
2026-09-12T21:15:00+00:00,Running,1,2442.1,10.52,4.11,49.36,49.41,Pump A Running
2026-09-12T21:30:00+00:00,Running,1,2223.2,10.56,4.21,47.38,49.91,Pump A Running
2026-09-12T21:45:00+00:00,Running,1,2351.8,10.62,4.34,50.81,49.81,Pump A Running
2026-09-12T22:00:00+00:00,Running,1,2158.3,10.62,4.27,45.9,49.45,Pump A Running
2026-09-12T22:15:00+00:00,Running,1,2102.8,10.58,4.38,50.11,48.83,Pump A Running
2026-09-12T22:30:00+00:00,Running,1,2122.0,10.57,4.17,50.67,49.42,Pump A Running
2026-09-12T22:45:00+00:00,Running,1,2038.5,10.6,4.21,48.82,50.2,Pump A Running
2026-09-12T23:00:00+00:00,Running,1,2121.4,10.61,4.32,49.22,49.77,Pump A Running
2026-09-12T23:15:00+00:00,Running,1,2252.8,10.61,4.18,49.93,50.12,Pump A Running
2026-09-12T23:30:00+00:00,Running,1,2222.5,10.72,4.1,50.5,49.19,Pump A Running
2026-09-12T23:45:00+00:00,Running,1,2213.1,10.45,4.35,50.33,49.58,Pump A Running
2026-09-13T00:00:00+00:00,Running,1,2270.3,10.58,4.27,48.54,49.69,Pump A Running
2026-09-13T00:15:00+00:00,Running,1,2120.3,10.64,4.25,52.88,49.45,Pump A Running
2026-09-13T00:30:00+00:00,Running,1,2152.3,10.58,4.25,47.48,49.96,Pump A Running
2026-09-13T00:45:00+00:00,Running,1,2107.2,10.71,4.33,49.05,49.5,Pump A Running
2026-09-13T01:00:00+00:00,Running,1,2132.6,10.53,4.26,54.99,49.19,Pump A Running
2026-09-13T01:15:00+00:00,Running,1,2253.2,10.76,4.08,48.84,50.19,Pump A Running
2026-09-13T01:30:00+00:00,Running,1,2160.3,10.61,4.12,52.87,49.69,Pump A Running
2026-09-13T01:45:00+00:00,Running,1,2239.0,10.59,4.22,49.6,49.18,Pump A Running
2026-09-13T02:00:00+00:00,Stopped,0,0.0,0.0,0.12,0.0,29.07,Pumps Stopped
2026-09-13T02:15:00+00:00,Stopped,0,0.0,0.0,0.13,0.0,28.73,Pumps Stopped
2026-09-13T02:30:00+00:00,Stopped,0,0.0,0.0,0.15,0.0,28.97,Pumps Stopped
2026-09-13T02:45:00+00:00,Stopped,0,0.0,0.0,0.16,0.0,28.63,Pumps Stopped
2026-09-13T03:00:00+00:00,Stopped,0,0.0,0.0,0.12,0.0,28.53,Pumps Stopped
2026-09-13T03:15:00+00:00,Stopped,0,0.0,0.0,0.13,0.0,29.52,Pumps Stopped
2026-09-13T03:30:00+00:00,Running,1,2335.4,10.61,4.16,52.0,50.63,Pump A Running
2026-09-13T03:45:00+00:00,Running,1,2307.6,10.63,4.23,50.65,50.06,Pump A Running
2026-09-13T04:00:00+00:00,Running,1,2282.4,10.64,4.05,47.13,50.06,Pump A Running
2026-09-13T04:15:00+00:00,Running,1,2105.0,10.52,4.24,48.23,50.1,Pump A Running
2026-09-13T04:30:00+00:00,Running,1,2250.9,10.6,4.17,49.73,49.62,Pump A Running
2026-09-13T04:45:00+00:00,Running,1,2287.3,10.6,4.25,46.99,48.95,Pump A Running
2026-09-13T05:00:00+00:00,Running,1,2374.7,10.69,4.22,52.02,49.18,Pump A Running
2026-09-13T05:15:00+00:00,Running,1,2292.2,10.66,4.3,50.63,49.76,Pump A Running
2026-09-13T05:30:00+00:00,Running,1,2300.6,10.63,4.13,48.31,49.37,Pump A Running
2026-09-13T05:45:00+00:00,Running,1,2296.5,10.59,4.16,49.0,49.4,Pump A Running
2026-09-13T06:00:00+00:00,Running,1,2247.3,10.53,4.23,56.57,50.22,Pump A Running
2026-09-13T06:15:00+00:00,Running,1,2337.5,10.7,4.24,49.27,49.52,Pump A Running
2026-09-13T06:30:00+00:00,Running,1,2453.5,10.61,4.45,45.37,49.6,Pump A Running
2026-09-13T06:45:00+00:00,Running,1,2297.1,10.55,4.39,45.67,50.41,Pump A Running
2026-09-13T07:00:00+00:00,Running,1,2366.3,10.48,4.24,50.88,50.14,Pump A Running
2026-09-13T07:15:00+00:00,Running,1,2325.9,10.66,4.13,51.9,49.3,Pump A Running
2026-09-13T07:30:00+00:00,Running,1,2517.2,10.58,4.11,48.85,49.88,Pump A Running
2026-09-13T07:45:00+00:00,Running,1,2283.0,10.62,3.98,53.95,49.73,Pump A Running
2026-09-13T08:00:00+00:00,Running,1,2394.6,10.68,4.05,48.95,50.29,Pump A Running
2026-09-13T08:15:00+00:00,Running,1,2343.4,10.58,4.36,50.4,49.98,Pump A Running
2026-09-13T08:30:00+00:00,Running,1,2450.4,10.7,4.27,51.52,49.45,Pump A Running
2026-09-13T08:45:00+00:00,Running,1,2437.7,10.72,4.22,49.96,50.12,Pump A Running
2026-09-13T09:00:00+00:00,Running,1,2371.4,10.74,4.19,54.92,49.88,Pump A Running
2026-09-13T09:15:00+00:00,Running,1,2480.6,10.62,4.16,51.31,49.93,Pump A Running
2026-09-13T09:30:00+00:00,Running,1,2226.8,10.67,4.24,48.87,50.25,Pump A Running
2026-09-13T09:45:00+00:00,Running,1,2427.2,10.58,4.19,52.42,49.63,Pump A Running
2026-09-13T10:00:00+00:00,Running,1,2354.7,10.39,4.08,50.28,49.82,Pump A Running
2026-09-13T10:15:00+00:00,Running,1,2308.4,10.55,4.19,44.51,50.22,Pump A Running
2026-09-13T10:30:00+00:00,Running,1,2348.8,10.53,4.3,47.12,49.42,Pump A Running
2026-09-13T10:45:00+00:00,Running,1,2410.3,10.55,4.06,48.83,50.15,Pump A Running
2026-09-13T11:00:00+00:00,Running,1,2435.6,10.64,4.2,49.58,49.34,Pump A Running
2026-09-13T11:15:00+00:00,Running,1,2357.9,10.61,4.06,47.34,49.87,Pump A Running
2026-09-13T11:30:00+00:00,Running,1,2485.2,10.62,4.2,51.45,49.94,Pump A Running
2026-09-13T11:45:00+00:00,Running,1,2294.1,10.65,4.4,52.27,49.22,Pump A Running
2026-09-13T12:00:00+00:00,Running,1,2282.6,10.69,4.24,52.81,49.38,Pump A Running
2026-09-13T12:15:00+00:00,Running,1,2437.3,10.62,4.33,47.98,49.39,Pump A Running
2026-09-13T12:30:00+00:00,Running,1,2333.4,10.61,4.35,52.05,50.22,Pump A Running
2026-09-13T12:45:00+00:00,Running,1,2426.9,10.56,4.24,47.98,49.69,Pump A Running
2026-09-13T13:00:00+00:00,Running,1,2456.8,10.63,4.16,47.84,49.69,Pump A Running
2026-09-13T13:15:00+00:00,Running,1,2345.5,10.48,4.36,49.34,50.47,Pump A Running
2026-09-13T13:30:00+00:00,Running,1,2546.7,10.59,4.22,49.08,49.76,Pump A Running
2026-09-13T13:45:00+00:00,Running,1,2368.6,10.62,4.21,49.89,49.79,Pump A Running
2026-09-13T14:00:00+00:00,Running,1,2558.1,10.69,4.33,50.17,49.62,Pump A Running
2026-09-13T14:15:00+00:00,Running,1,2536.9,10.56,4.27,52.69,49.23,Pump A Running
2026-09-13T14:30:00+00:00,Running,1,2410.5,10.55,4.17,48.4,50.02,Pump A Running
2026-09-13T14:45:00+00:00,Running,1,2431.8,10.69,4.37,48.6,50.88,Pump A Running
2026-09-13T15:00:00+00:00,Running,1,2417.0,10.55,4.19,50.53,49.99,Pump A Running
2026-09-13T15:15:00+00:00,Running,1,2508.7,10.52,4.18,49.64,49.92,Pump A Running
2026-09-13T15:30:00+00:00,Running,1,2527.9,10.66,4.1,53.94,49.63,Pump A Running
2026-09-13T15:45:00+00:00,Running,1,2396.3,10.54,4.25,52.45,49.56,Pump A Running
2026-09-13T16:00:00+00:00,Running,1,2654.6,10.55,4.17,52.7,49.67,Pump A Running
2026-09-13T16:15:00+00:00,Running,1,2506.0,10.59,4.27,49.81,48.92,Pump A Running
2026-09-13T16:30:00+00:00,Running,1,2476.3,10.55,4.29,44.36,50.04,Pump A Running
2026-09-13T16:45:00+00:00,Running,1,2476.2,10.57,4.16,48.75,49.68,Pump A Running
2026-09-13T17:00:00+00:00,Running,1,2497.0,10.55,4.31,48.25,49.65,Pump A Running
2026-09-13T17:15:00+00:00,Running,1,2585.4,10.65,4.2,50.7,49.62,Pump A Running
2026-09-13T17:30:00+00:00,Running,1,2538.4,10.6,4.3,45.21,49.86,Pump A Running
2026-09-13T17:45:00+00:00,Running,1,2699.5,10.67,4.25,48.85,49.57,Pump A Running
2026-09-13T18:00:00+00:00,Running,1,2451.9,10.73,4.27,50.77,50.08,Pump A Running
2026-09-13T18:15:00+00:00,Running,1,2612.2,10.55,4.19,45.43,49.59,Pump A Running
2026-09-13T18:30:00+00:00,Running,1,2515.2,10.6,4.19,53.64,49.58,Pump A Running
2026-09-13T18:45:00+00:00,Running,1,2596.3,10.62,4.17,49.33,50.22,Pump A Running
2026-09-13T19:00:00+00:00,Running,1,2483.6,10.57,4.32,50.54,49.6,Pump A Running
2026-09-13T19:15:00+00:00,Running,1,2553.6,10.67,4.16,51.98,49.44,Pump A Running
2026-09-13T19:30:00+00:00,Running,1,2591.8,10.61,4.3,49.69,49.75,Pump A Running
2026-09-13T19:45:00+00:00,Running,1,2441.6,10.66,4.3,48.19,50.54,Pump A Running
2026-09-13T20:00:00+00:00,Running,1,2572.1,10.73,4.32,50.23,49.26,Pump A Running
2026-09-13T20:15:00+00:00,Running,1,2667.3,10.58,4.08,49.06,49.96,Pump A Running
2026-09-13T20:30:00+00:00,Running,1,2627.8,10.65,4.3,52.83,49.25,Pump A Running
2026-09-13T20:45:00+00:00,Running,1,2582.3,10.47,4.19,48.92,49.47,Pump A Running
2026-09-13T21:00:00+00:00,Running,1,2585.9,10.63,4.08,52.2,49.93,Pump A Running
2026-09-13T21:15:00+00:00,Running,1,2655.1,10.55,4.2,49.29,49.63,Pump A Running
2026-09-13T21:30:00+00:00,Running,1,2515.9,10.7,3.98,51.41,49.67,Pump A Running
2026-09-13T21:45:00+00:00,Running,1,2752.8,10.41,4.23,48.03,49.79,Pump A Running
2026-09-13T22:00:00+00:00,Running,1,2532.8,10.61,4.22,49.74,50.15,Pump A Running
2026-09-13T22:15:00+00:00,Running,1,2690.1,10.61,4.21,50.65,50.2,Pump A Running
2026-09-13T22:30:00+00:00,Running,1,2609.1,10.65,4.09,48.84,49.31,Pump A Running
2026-09-13T22:45:00+00:00,Running,1,2680.4,10.69,4.24,49.28,49.84,Pump A Running
2026-09-13T23:00:00+00:00,Running,1,2686.1,10.63,4.07,53.66,50.12,Pump A Running
2026-09-13T23:15:00+00:00,Running,1,2602.8,10.56,4.2,45.77,50.31,Pump A Running
2026-09-13T23:30:00+00:00,Running,1,2523.1,10.61,4.37,48.52,49.76,Pump A Running
2026-09-13T23:45:00+00:00,Running,1,2605.7,10.58,4.2,51.89,49.26,Pump A Running
2026-09-14T00:00:00+00:00,Running,1,2826.0,10.73,4.2,50.01,49.85,Pump A Running
2026-09-14T00:15:00+00:00,Running,1,2540.5,10.57,4.09,48.6,50.8,Pump A Running
2026-09-14T00:30:00+00:00,Running,1,2570.0,10.57,4.28,50.1,49.77,Pump A Running
2026-09-14T00:45:00+00:00,Running,1,2619.4,10.69,4.14,48.49,49.85,Pump A Running
2026-09-14T01:00:00+00:00,Running,1,2662.1,10.54,4.3,49.78,49.96,Pump A Running
2026-09-14T01:15:00+00:00,Running,1,2598.7,10.61,4.32,49.24,50.81,Pump A Running
2026-09-14T01:30:00+00:00,Running,1,2653.9,10.66,4.02,49.93,49.73,Pump A Running
2026-09-14T01:45:00+00:00,Running,1,2548.4,10.53,4.29,49.36,49.92,Pump A Running
2026-09-14T02:00:00+00:00,Stopped,0,0.0,0.0,0.15,0.0,29.14,Pumps Stopped
2026-09-14T02:15:00+00:00,Stopped,0,0.0,0.0,0.09,0.0,28.85,Pumps Stopped
2026-09-14T02:30:00+00:00,Stopped,0,0.0,0.0,0.15,0.0,29.25,Pumps Stopped
2026-09-14T02:45:00+00:00,Stopped,0,0.0,0.0,0.18,0.0,28.94,Pumps Stopped
2026-09-14T03:00:00+00:00,Stopped,0,0.0,0.0,0.14,0.0,28.87,Pumps Stopped
2026-09-14T03:15:00+00:00,Stopped,0,0.0,0.0,0.09,0.0,28.96,Pumps Stopped
2026-09-14T03:30:00+00:00,Running,1,2529.2,10.65,4.09,46.53,50.19,Pump A Running
2026-09-14T03:45:00+00:00,Running,1,2535.0,10.5,4.16,48.38,50.23,Pump A Running
2026-09-14T04:00:00+00:00,Running,1,2583.1,10.6,4.3,47.54,49.32,Pump A Running
2026-09-14T04:15:00+00:00,Running,1,2712.0,10.62,4.2,48.6,49.63,Pump A Running
2026-09-14T04:30:00+00:00,Running,1,2708.2,10.43,4.19,50.04,49.83,Pump A Running
2026-09-14T04:45:00+00:00,Running,1,2850.5,10.6,4.51,48.7,49.02,Pump A Running
2026-09-14T05:00:00+00:00,Running,1,2619.5,10.7,4.03,48.88,49.42,Pump A Running
2026-09-14T05:15:00+00:00,Running,1,2664.6,10.59,4.2,53.32,50.66,Pump A Running
2026-09-14T05:30:00+00:00,Running,1,2715.9,10.67,4.16,47.2,50.17,Pump A Running
2026-09-14T05:45:00+00:00,Running,1,2693.7,10.6,4.29,49.01,50.2,Pump A Running
2026-09-14T06:00:00+00:00,Running,1,2665.5,10.66,4.14,45.41,49.27,Pump A Running
2026-09-14T06:15:00+00:00,Running,1,2821.5,10.6,4.07,48.53,49.86,Pump A Running
2026-09-14T06:30:00+00:00,Running,1,2609.8,10.59,4.06,49.54,49.41,Pump A Running
2026-09-14T06:45:00+00:00,Running,1,2644.6,10.45,4.15,49.64,49.3,Pump A Running
2026-09-14T07:00:00+00:00,Running,1,2981.7,10.68,4.23,52.59,49.28,Pump A Running
2026-09-14T07:15:00+00:00,Running,1,2780.7,10.59,4.18,46.41,49.38,Pump A Running
2026-09-14T07:30:00+00:00,Running,1,2857.1,10.61,4.21,49.39,50.25,Pump A Running
2026-09-14T07:45:00+00:00,Running,1,2777.3,10.63,4.09,49.85,49.64,Pump A Running
2026-09-14T08:00:00+00:00,Running,1,2816.2,10.63,4.38,50.47,49.77,Pump A Running
2026-09-14T08:15:00+00:00,Running,1,2657.3,10.59,4.25,46.29,49.77,Pump A Running
2026-09-14T08:30:00+00:00,Running,1,2753.5,10.6,4.25,50.65,50.73,Pump A Running
2026-09-14T08:45:00+00:00,Running,1,2781.6,10.61,4.15,48.23,49.89,Pump A Running
2026-09-14T09:00:00+00:00,Running,1,2655.4,10.58,4.13,46.02,49.44,Pump A Running
2026-09-14T09:15:00+00:00,Running,1,2705.3,10.51,4.17,47.35,49.45,Pump A Running
2026-09-14T09:30:00+00:00,Running,1,2710.9,10.53,4.14,48.48,49.68,Pump A Running
2026-09-14T09:45:00+00:00,Running,1,2849.4,10.57,4.36,49.63,50.18,Pump A Running
2026-09-14T10:00:00+00:00,Running,1,2916.5,10.58,4.03,51.23,50.31,Pump A Running
2026-09-14T10:15:00+00:00,Running,1,2706.3,10.62,4.08,50.6,49.16,Pump A Running
2026-09-14T10:30:00+00:00,Running,1,2500.9,10.59,4.3,47.11,49.63,Pump A Running
2026-09-14T10:45:00+00:00,Running,1,2800.0,10.57,4.29,49.56,48.75,Pump A Running
2026-09-14T11:00:00+00:00,Running,1,2852.6,10.66,4.08,52.87,49.28,Pump A Running
2026-09-14T11:15:00+00:00,Running,1,2768.6,10.68,4.12,50.8,49.45,Pump A Running
2026-09-14T11:30:00+00:00,Running,1,2578.6,10.67,4.19,50.34,50.21,Pump A Running
2026-09-14T11:45:00+00:00,Running,1,2702.7,10.7,4.15,51.04,50.07,Pump A Running
2026-09-14T12:00:00+00:00,Running,1,2700.1,10.55,4.26,49.82,50.34,Pump A Running
2026-09-14T12:15:00+00:00,Running,1,2748.6,10.69,4.17,47.73,50.12,Pump A Running
2026-09-14T12:30:00+00:00,Running,1,2728.1,10.58,4.26,47.31,50.18,Pump A Running
2026-09-14T12:45:00+00:00,Running,1,2751.6,10.58,4.24,52.83,50.44,Pump A Running
2026-09-14T13:00:00+00:00,Running,1,2740.0,10.55,4.21,47.78,50.22,Pump A Running
2026-09-14T13:15:00+00:00,Running,1,2689.0,10.55,4.2,50.95,49.99,Pump A Running
2026-09-14T13:30:00+00:00,Running,1,2815.0,10.55,4.14,47.52,49.61,Pump A Running
2026-09-14T13:45:00+00:00,Running,1,2507.7,10.6,4.24,50.86,50.16,Pump A Running
2026-09-14T14:00:00+00:00,Running,1,2840.7,10.57,4.13,48.95,49.99,Pump A Running
2026-09-14T14:15:00+00:00,Running,1,2690.8,10.81,4.22,48.21,49.99,Pump A Running
2026-09-14T14:30:00+00:00,Running,1,2816.5,10.6,4.23,50.11,50.87,Pump A Running
2026-09-14T14:45:00+00:00,Running,1,2872.8,10.67,4.35,48.67,50.82,Pump A Running
2026-09-14T15:00:00+00:00,Running,1,2808.9,10.47,4.2,41.5,50.46,Pump A Running
2026-09-14T15:15:00+00:00,Running,1,2574.3,10.59,4.28,49.46,49.92,Pump A Running
2026-09-14T15:30:00+00:00,Running,1,2755.7,10.59,4.13,49.2,50.0,Pump A Running
2026-09-14T15:45:00+00:00,Running,1,2658.2,10.62,4.28,50.32,49.67,Pump A Running
2026-09-14T16:00:00+00:00,Running,1,2684.3,10.63,4.11,47.12,50.4,Pump A Running
2026-09-14T16:15:00+00:00,Running,1,2706.2,10.66,4.2,49.06,49.77,Pump A Running
2026-09-14T16:30:00+00:00,Running,1,2658.9,10.65,4.06,47.08,49.82,Pump A Running
2026-09-14T16:45:00+00:00,Running,1,2712.6,10.57,4.26,52.7,49.99,Pump A Running
2026-09-14T17:00:00+00:00,Running,1,2747.3,10.42,4.27,46.73,49.68,Pump A Running
2026-09-14T17:15:00+00:00,Running,1,2648.4,10.66,4.29,47.83,49.46,Pump A Running
2026-09-14T17:30:00+00:00,Running,1,2626.9,10.61,4.06,48.66,49.7,Pump A Running
2026-09-14T17:45:00+00:00,Running,1,2751.4,10.72,4.18,49.52,50.23,Pump A Running
2026-09-14T18:00:00+00:00,Running,1,2552.1,10.53,4.14,46.86,50.3,Pump A Running
2026-09-14T18:15:00+00:00,Running,1,2758.5,10.61,4.19,49.12,50.52,Pump A Running
2026-09-14T18:30:00+00:00,Running,1,2659.3,10.55,4.2,46.98,49.66,Pump A Running
2026-09-14T18:45:00+00:00,Running,1,2661.5,10.63,4.18,51.18,50.7,Pump A Running
2026-09-14T19:00:00+00:00,Running,1,2675.9,10.55,4.32,47.85,50.39,Pump A Running
2026-09-14T19:15:00+00:00,Running,1,2606.1,10.58,4.36,48.63,50.42,Pump A Running
2026-09-14T19:30:00+00:00,Running,1,2740.2,10.59,4.06,46.13,49.86,Pump A Running
2026-09-14T19:45:00+00:00,Running,1,2646.3,10.74,4.25,48.06,50.16,Pump A Running
2026-09-14T20:00:00+00:00,Running,1,2710.1,10.55,4.21,46.65,49.96,Pump A Running
2026-09-14T20:15:00+00:00,Running,1,2686.9,10.52,4.34,47.1,50.16,Pump A Running
2026-09-14T20:30:00+00:00,Running,1,2577.9,10.62,4.26,46.02,50.41,Pump A Running
2026-09-14T20:45:00+00:00,Running,1,2704.3,10.57,4.15,51.57,49.95,Pump A Running
2026-09-14T21:00:00+00:00,Running,1,2694.6,10.71,4.28,52.68,50.03,Pump A Running
2026-09-14T21:15:00+00:00,Running,1,2538.8,10.48,4.3,46.62,50.05,Pump A Running
2026-09-14T21:30:00+00:00,Running,1,2638.1,10.58,4.21,48.54,50.21,Pump A Running
2026-09-14T21:45:00+00:00,Running,1,2667.1,10.64,4.11,51.78,49.23,Pump A Running
2026-09-14T22:00:00+00:00,Running,1,2678.8,10.71,4.18,46.93,49.95,Pump A Running
2026-09-14T22:15:00+00:00,Running,1,2784.0,10.54,3.99,50.26,49.57,Pump A Running
2026-09-14T22:30:00+00:00,Running,1,2612.7,10.55,4.02,50.66,50.0,Pump A Running
2026-09-14T22:45:00+00:00,Running,1,2561.7,10.6,4.27,51.8,50.96,Pump A Running
2026-09-14T23:00:00+00:00,Running,1,2689.1,10.5,4.15,49.63,50.47,Pump A Running
2026-09-14T23:15:00+00:00,Running,1,2736.8,10.45,4.3,49.63,49.77,Pump A Running
2026-09-14T23:30:00+00:00,Running,1,2693.7,10.54,4.17,51.9,50.27,Pump A Running
2026-09-14T23:45:00+00:00,Running,1,2531.8,10.47,4.3,48.59,50.6,Pump A Running
2026-09-15T00:00:00+00:00,Running,1,2646.9,10.68,4.14,46.91,50.54,Pump A Running
2026-09-15T00:15:00+00:00,Running,1,2719.8,10.65,4.08,49.93,50.68,Pump A Running
2026-09-15T00:30:00+00:00,Running,1,2610.0,10.62,4.14,51.18,50.39,Pump A Running
2026-09-15T00:45:00+00:00,Running,1,2572.8,10.57,4.2,47.44,49.78,Pump A Running
2026-09-15T01:00:00+00:00,Running,1,2627.3,10.53,4.2,50.6,49.61,Pump A Running
2026-09-15T01:15:00+00:00,Running,1,2608.2,10.63,4.18,52.52,49.44,Pump A Running
2026-09-15T01:30:00+00:00,Running,1,2460.9,10.57,4.25,46.36,50.43,Pump A Running
2026-09-15T01:45:00+00:00,Running,1,2749.5,10.6,4.13,50.0,50.76,Pump A Running
2026-09-15T02:00:00+00:00,Stopped,0,0.0,0.0,0.13,0.0,29.31,Pumps Stopped
2026-09-15T02:15:00+00:00,Stopped,0,0.0,0.0,0.11,0.0,28.78,Pumps Stopped
2026-09-15T02:30:00+00:00,Stopped,0,0.0,0.0,0.13,0.0,29.17,Pumps Stopped
2026-09-15T02:45:00+00:00,Stopped,0,0.0,0.0,0.13,0.0,29.85,Pumps Stopped
2026-09-15T03:00:00+00:00,Stopped,0,0.0,0.0,0.14,0.0,29.37,Pumps Stopped
2026-09-15T03:15:00+00:00,Stopped,0,0.0,0.0,0.09,0.0,28.94,Pumps Stopped
2026-09-15T03:30:00+00:00,Running,1,2601.7,10.61,4.11,50.99,49.67,Pump A Running
2026-09-15T03:45:00+00:00,Running,1,2456.4,10.53,4.18,50.37,50.2,Pump A Running
2026-09-15T04:00:00+00:00,Running,1,2510.2,10.6,4.17,50.46,50.67,Pump A Running
2026-09-15T04:15:00+00:00,Running,1,2522.7,10.72,4.17,49.3,49.78,Pump A Running
2026-09-15T04:30:00+00:00,Running,1,2533.2,10.66,4.3,51.08,50.53,Pump A Running
2026-09-15T04:45:00+00:00,Running,1,2475.4,10.63,4.19,46.58,50.39,Pump A Running
2026-09-15T05:00:00+00:00,Running,1,2544.9,10.59,4.21,48.07,50.05,Pump A Running
2026-09-15T05:15:00+00:00,Running,1,2439.6,10.53,4.16,46.59,50.36,Pump A Running
2026-09-15T05:30:00+00:00,Running,1,2379.6,10.59,4.14,50.13,50.46,Pump A Running
2026-09-15T05:45:00+00:00,Running,1,2452.4,10.49,4.27,49.57,49.58,Pump A Running
2026-09-15T06:00:00+00:00,Running,1,2475.8,10.66,4.09,47.87,50.18,Pump A Running
2026-09-15T06:15:00+00:00,Running,1,2534.4,10.64,4.18,48.84,50.06,Pump A Running
2026-09-15T06:30:00+00:00,Running,1,2667.1,10.54,4.16,48.09,50.07,Pump A Running
2026-09-15T06:45:00+00:00,Running,1,2516.4,10.6,4.36,50.37,50.28,Pump A Running
2026-09-15T07:00:00+00:00,Running,1,2355.7,10.61,4.35,49.1,49.85,Pump A Running
2026-09-15T07:15:00+00:00,Running,1,2435.4,10.71,4.19,49.97,50.03,Pump A Running
2026-09-15T07:30:00+00:00,Running,1,2304.8,10.57,4.14,48.9,49.74,Pump A Running
2026-09-15T07:45:00+00:00,Running,1,2510.8,10.69,4.14,49.97,50.68,Pump A Running
2026-09-15T08:00:00+00:00,Running,1,2431.5,10.57,4.3,47.36,49.64,Pump A Running
2026-09-15T08:15:00+00:00,Running,1,2490.5,10.57,4.21,46.95,51.41,Pump A Running
2026-09-15T08:30:00+00:00,Running,1,2427.7,10.68,4.21,47.88,50.76,Pump A Running
2026-09-15T08:45:00+00:00,Running,1,2500.1,10.65,4.13,48.15,49.74,Pump A Running
2026-09-15T09:00:00+00:00,Running,1,2403.8,10.68,4.15,49.51,49.87,Pump A Running
2026-09-15T09:15:00+00:00,Running,1,2463.8,10.47,4.02,48.06,50.16,Pump A Running
2026-09-15T09:30:00+00:00,Running,1,2329.2,10.67,4.22,48.8,50.25,Pump A Running
2026-09-15T09:45:00+00:00,Running,1,2294.4,10.76,4.18,52.2,50.12,Pump A Running
2026-09-15T10:00:00+00:00,Running,1,2360.1,10.62,4.33,47.94,49.43,Pump A Running
2026-09-15T10:15:00+00:00,Running,1,2399.6,10.58,4.07,50.55,49.94,Pump A Running
2026-09-15T10:30:00+00:00,Running,1,2444.1,10.67,4.15,47.39,49.58,Pump A Running
2026-09-15T10:45:00+00:00,Running,1,2455.9,10.61,4.25,49.25,50.13,Pump A Running
2026-09-15T11:00:00+00:00,Running,1,2449.9,10.67,4.11,46.97,49.55,Pump A Running
2026-09-15T11:15:00+00:00,Running,1,2403.8,10.56,4.1,43.52,50.37,Pump A Running
2026-09-15T11:30:00+00:00,Running,1,2307.9,10.48,4.11,46.16,50.7,Pump A Running
2026-09-15T11:45:00+00:00,Running,1,2497.0,10.67,4.29,49.62,49.44,Pump A Running
2026-09-15T12:00:00+00:00,Running,1,2359.3,10.61,4.14,47.72,49.71,Pump A Running
2026-09-15T12:15:00+00:00,Running,1,2321.5,10.68,4.17,49.44,49.94,Pump A Running
2026-09-15T12:30:00+00:00,Running,1,2375.9,10.55,4.23,48.89,49.9,Pump A Running
2026-09-15T12:45:00+00:00,Running,1,2409.7,10.52,4.07,49.08,50.13,Pump A Running
2026-09-15T13:00:00+00:00,Running,1,2396.3,10.61,4.16,47.79,50.39,Pump A Running
2026-09-15T13:15:00+00:00,Running,1,2293.2,10.74,4.29,49.39,49.87,Pump A Running
2026-09-15T13:30:00+00:00,Running,1,2379.2,10.52,4.29,46.59,50.51,Pump A Running
2026-09-15T13:45:00+00:00,Running,1,2491.8,10.61,4.16,49.49,51.13,Pump A Running
2026-09-15T14:00:00+00:00,Running,1,2220.0,10.7,4.27,50.91,50.67,Pump A Running
2026-09-15T14:15:00+00:00,Running,1,2235.6,10.45,4.22,45.19,49.54,Pump A Running
2026-09-15T14:30:00+00:00,Running,1,2461.9,10.53,4.29,48.97,49.86,Pump A Running
2026-09-15T14:45:00+00:00,Running,1,2340.2,10.64,4.18,50.3,50.45,Pump A Running
2026-09-15T15:00:00+00:00,Running,1,2135.8,10.6,4.12,48.32,49.84,Pump A Running
2026-09-15T15:15:00+00:00,Running,1,2234.7,10.56,4.1,51.79,50.29,Pump A Running
2026-09-15T15:30:00+00:00,Running,1,2477.2,10.55,4.08,50.46,50.65,Pump A Running
2026-09-15T15:45:00+00:00,Running,1,2425.1,10.55,4.23,51.23,49.14,Pump A Running
2026-09-15T16:00:00+00:00,Running,1,2277.2,10.64,4.19,49.91,49.6,Pump A Running
2026-09-15T16:15:00+00:00,Running,1,2227.1,10.6,4.02,46.95,49.67,Pump A Running
2026-09-15T16:30:00+00:00,Running,1,2310.4,10.61,4.21,49.17,49.98,Pump A Running
2026-09-15T16:45:00+00:00,Running,1,2203.8,10.59,4.28,48.35,49.57,Pump A Running
2026-09-15T17:00:00+00:00,Running,1,2415.2,10.62,4.1,53.46,49.96,Pump A Running
2026-09-15T17:15:00+00:00,Running,1,2257.5,10.53,4.2,49.09,49.91,Pump A Running
2026-09-15T17:30:00+00:00,Running,1,2216.4,10.71,4.05,47.18,50.82,Pump A Running
2026-09-15T17:45:00+00:00,Running,1,2190.8,10.51,4.18,46.3,50.86,Pump A Running
2026-09-15T18:00:00+00:00,Running,1,2316.5,10.55,4.18,46.97,50.37,Pump A Running
2026-09-15T18:15:00+00:00,Running,1,2303.2,10.75,4.08,46.7,50.61,Pump A Running
2026-09-15T18:30:00+00:00,Running,1,2208.8,10.67,4.12,48.05,50.12,Pump A Running
2026-09-15T18:45:00+00:00,Running,1,2312.7,10.58,4.23,50.82,50.19,Pump A Running
2026-09-15T19:00:00+00:00,Running,1,2293.4,10.54,4.19,50.9,49.77,Pump A Running
2026-09-15T19:15:00+00:00,Running,1,2314.6,10.66,4.2,44.99,49.07,Pump A Running
2026-09-15T19:30:00+00:00,Running,1,2264.1,10.5,4.16,44.09,49.83,Pump A Running
2026-09-15T19:45:00+00:00,Running,1,2299.1,10.61,4.15,51.9,49.6,Pump A Running
2026-09-15T20:00:00+00:00,Running,1,2214.7,10.52,4.04,49.51,50.03,Pump A Running
2026-09-15T20:15:00+00:00,Running,1,2181.6,10.54,4.09,50.05,49.2,Pump A Running
2026-09-15T20:30:00+00:00,Running,1,2272.3,10.53,4.07,47.8,50.77,Pump A Running
2026-09-15T20:45:00+00:00,Running,1,2349.3,10.65,4.13,49.88,49.83,Pump A Running
2026-09-15T21:00:00+00:00,Running,1,2179.3,10.57,4.07,51.06,50.12,Pump A Running
2026-09-15T21:15:00+00:00,Running,1,2224.1,10.54,4.26,49.33,49.97,Pump A Running
2026-09-15T21:30:00+00:00,Running,1,2332.9,10.59,4.22,46.26,50.35,Pump A Running
2026-09-15T21:45:00+00:00,Running,1,2192.6,10.45,4.13,50.33,49.97,Pump A Running
2026-09-15T22:00:00+00:00,Running,1,2236.3,10.68,4.09,44.16,50.23,Pump A Running
2026-09-15T22:15:00+00:00,Running,1,2181.2,10.57,4.19,46.59,49.87,Pump A Running
2026-09-15T22:30:00+00:00,Running,1,2256.9,10.62,4.2,47.51,49.68,Pump A Running
2026-09-15T22:45:00+00:00,Running,1,2168.5,10.6,4.06,45.74,50.02,Pump A Running
2026-09-15T23:00:00+00:00,Running,1,2152.2,10.54,4.18,47.45,49.85,Pump A Running
2026-09-15T23:15:00+00:00,Running,1,2282.2,10.56,4.41,51.08,49.98,Pump A Running
2026-09-15T23:30:00+00:00,Running,1,2090.0,10.55,4.04,48.22,50.17,Pump A Running
2026-09-15T23:45:00+00:00,Running,1,2227.5,10.63,4.24,47.42,50.36,Pump A Running
2026-09-16T00:00:00+00:00,Running,1,2302.0,10.67,4.19,49.0,50.2,Pump A Running
2026-09-16T00:15:00+00:00,Running,1,2400.2,10.61,4.03,49.92,50.72,Pump A Running
2026-09-16T00:30:00+00:00,Running,1,2129.1,10.74,4.19,46.32,49.72,Pump A Running
2026-09-16T00:45:00+00:00,Running,1,2177.9,10.52,4.0,40.67,50.31,Pump A Running
2026-09-16T01:00:00+00:00,Running,1,2482.7,10.64,4.17,50.75,50.36,Pump A Running
2026-09-16T01:15:00+00:00,Running,1,2329.6,10.67,4.13,54.17,49.94,Pump A Running
2026-09-16T01:30:00+00:00,Running,1,2180.2,10.75,4.25,47.33,50.08,Pump A Running
2026-09-16T01:45:00+00:00,Running,1,2059.9,10.51,4.03,49.38,49.43,Pump A Running
2026-09-16T02:00:00+00:00,Stopped,0,0.0,0.0,0.16,0.0,29.74,Pumps Stopped
2026-09-16T02:15:00+00:00,Stopped,0,0.0,0.0,0.14,0.0,28.9,Pumps Stopped
2026-09-16T02:30:00+00:00,Stopped,0,0.0,0.0,0.14,0.0,28.98,Pumps Stopped
2026-09-16T02:45:00+00:00,Stopped,0,0.0,0.0,0.14,0.0,28.85,Pumps Stopped
2026-09-16T03:00:00+00:00,Stopped,0,0.0,0.0,0.16,0.0,29.03,Pumps Stopped
2026-09-16T03:15:00+00:00,Stopped,0,0.0,0.0,0.1,0.0,29.18,Pumps Stopped
2026-09-16T03:30:00+00:00,Running,1,2169.5,10.63,4.08,48.04,50.26,Pump A Running
2026-09-16T03:45:00+00:00,Running,1,2160.4,10.59,4.09,48.09,49.76,Pump A Running
2026-09-16T04:00:00+00:00,Running,1,2173.6,10.51,4.25,48.47,50.54,Pump A Running
2026-09-16T04:15:00+00:00,Running,1,2140.1,10.59,4.23,49.16,49.46,Pump A Running
2026-09-16T04:30:00+00:00,Running,1,1993.3,10.53,4.1,47.85,50.42,Pump A Running
2026-09-16T04:45:00+00:00,Running,1,2257.6,10.57,4.11,44.3,49.66,Pump A Running
2026-09-16T05:00:00+00:00,Running,1,2230.0,10.59,3.98,44.4,49.79,Pump A Running
2026-09-16T05:15:00+00:00,Running,1,2035.6,10.52,4.39,45.05,50.14,Pump A Running
2026-09-16T05:30:00+00:00,Running,1,2123.5,10.58,4.08,48.14,50.55,Pump A Running
2026-09-16T05:45:00+00:00,Running,1,2138.9,10.59,4.15,45.37,50.24,Pump A Running
2026-09-16T06:00:00+00:00,Running,1,2122.0,10.55,4.03,46.17,49.93,Pump A Running
2026-09-16T06:15:00+00:00,Running,1,2180.8,10.59,4.28,49.79,49.95,Pump A Running
2026-09-16T06:30:00+00:00,Running,1,2223.5,10.58,4.23,47.29,50.14,Pump A Running
2026-09-16T06:45:00+00:00,Running,1,2163.5,10.63,4.28,46.69,49.9,Pump A Running
2026-09-16T07:00:00+00:00,Running,1,2119.1,10.66,4.17,46.37,50.52,Pump A Running
2026-09-16T07:15:00+00:00,Running,1,2221.8,10.63,4.29,47.04,50.38,Pump A Running
2026-09-16T07:30:00+00:00,Running,1,2185.3,10.6,4.18,47.9,50.4,Pump A Running
2026-09-16T07:45:00+00:00,Running,1,2301.0,10.54,4.19,49.12,49.72,Pump A Running
2026-09-16T08:00:00+00:00,Running,1,2297.8,10.56,3.97,46.55,49.85,Pump A Running
2026-09-16T08:15:00+00:00,Running,1,2106.7,10.62,4.25,47.11,49.65,Pump A Running
2026-09-16T08:30:00+00:00,Running,1,2409.4,10.64,4.17,49.7,50.26,Pump A Running
2026-09-16T08:45:00+00:00,Running,1,2307.9,10.59,4.09,47.84,50.13,Pump A Running
2026-09-16T09:00:00+00:00,Running,1,2158.1,10.59,4.0,49.87,50.34,Pump A Running
2026-09-16T09:15:00+00:00,Running,1,2401.8,10.69,4.17,45.89,49.69,Pump A Running
2026-09-16T09:30:00+00:00,Running,1,2233.3,10.64,4.16,47.72,50.54,Pump A Running
2026-09-16T09:45:00+00:00,Running,1,2275.2,10.61,4.25,49.46,50.39,Pump A Running
2026-09-16T10:00:00+00:00,Running,1,2392.9,10.66,4.08,50.02,50.04,Pump A Running
2026-09-16T10:15:00+00:00,Running,1,2222.4,10.63,4.09,48.9,49.99,Pump A Running
2026-09-16T10:30:00+00:00,Running,1,2198.7,10.66,3.99,50.07,49.1,Pump A Running
2026-09-16T10:45:00+00:00,Running,1,2098.5,10.62,4.07,49.27,49.45,Pump A Running
2026-09-16T11:00:00+00:00,Running,1,2282.2,10.64,4.17,46.15,50.03,Pump A Running
2026-09-16T11:15:00+00:00,Running,1,2150.8,10.72,4.19,46.39,50.17,Pump A Running
2026-09-16T11:30:00+00:00,Running,1,2262.9,10.6,4.12,45.81,50.35,Pump A Running
2026-09-16T11:45:00+00:00,Running,1,2193.1,10.63,4.23,52.63,50.78,Pump A Running
2026-09-16T12:00:00+00:00,Running,1,2167.1,10.56,4.25,51.74,50.03,Pump A Running
2026-09-16T12:15:00+00:00,Running,1,2192.3,10.62,4.22,49.04,50.37,Pump A Running
2026-09-16T12:30:00+00:00,Running,1,2325.9,10.56,4.24,49.63,49.86,Pump A Running
2026-09-16T12:45:00+00:00,Running,1,2264.4,10.61,4.22,48.18,49.73,Pump A Running
2026-09-16T13:00:00+00:00,Running,1,2373.2,10.69,4.15,45.7,50.27,Pump A Running
2026-09-16T13:15:00+00:00,Running,1,2208.7,10.67,4.25,47.84,49.85,Pump A Running
2026-09-16T13:30:00+00:00,Running,1,2190.7,10.52,4.07,45.49,49.53,Pump A Running
2026-09-16T13:45:00+00:00,Running,1,2114.7,10.73,3.99,49.83,49.94,Pump A Running
2026-09-16T14:00:00+00:00,Running,1,2323.7,10.54,4.35,46.55,49.92,Pump A Running
2026-09-16T14:15:00+00:00,Running,1,2190.3,10.65,4.14,51.14,49.8,Pump A Running
2026-09-16T14:30:00+00:00,Running,1,2326.2,10.59,3.97,51.94,50.2,Pump A Running
2026-09-16T14:45:00+00:00,Running,1,2263.0,10.45,4.15,51.3,50.26,Pump A Running
2026-09-16T15:00:00+00:00,Running,1,2381.9,10.6,4.21,46.64,49.97,Pump A Running
2026-09-16T15:15:00+00:00,Running,1,2299.1,10.68,4.15,46.94,50.04,Pump A Running
2026-09-16T15:30:00+00:00,Running,1,2422.2,10.58,4.01,46.04,49.71,Pump A Running
2026-09-16T15:45:00+00:00,Running,1,2412.5,10.5,4.14,48.29,50.61,Pump A Running
2026-09-16T16:00:00+00:00,Running,1,2266.6,10.55,4.36,50.72,50.06,Pump A Running
2026-09-16T16:15:00+00:00,Running,1,2415.2,10.64,4.12,46.06,50.21,Pump A Running
2026-09-16T16:30:00+00:00,Running,1,2447.5,10.59,4.32,46.69,49.81,Pump A Running
2026-09-16T16:45:00+00:00,Running,1,2422.3,10.57,4.3,49.1,50.83,Pump A Running
2026-09-16T17:00:00+00:00,Running,1,2234.0,10.5,4.23,44.9,49.99,Pump A Running
2026-09-16T17:15:00+00:00,Running,1,2319.3,10.65,4.26,49.04,50.43,Pump A Running
2026-09-16T17:30:00+00:00,Running,1,2284.1,10.6,4.26,50.33,49.91,Pump A Running
2026-09-16T17:45:00+00:00,Running,1,2137.3,10.7,4.11,46.73,49.68,Pump A Running
2026-09-16T18:00:00+00:00,Running,1,2387.1,10.68,4.11,47.87,49.59,Pump A Running
2026-09-16T18:15:00+00:00,Running,1,2285.7,10.51,4.16,50.76,49.86,Pump A Running
2026-09-16T18:30:00+00:00,Running,1,2431.9,10.48,4.12,47.48,50.64,Pump A Running
2026-09-16T18:45:00+00:00,Running,1,2550.6,10.62,4.12,52.17,50.78,Pump A Running
2026-09-16T19:00:00+00:00,Running,1,2502.4,10.69,4.06,47.1,50.79,Pump A Running
2026-09-16T19:15:00+00:00,Running,1,2433.2,10.59,4.21,47.16,50.13,Pump A Running
2026-09-16T19:30:00+00:00,Running,1,2413.4,10.48,3.98,46.55,50.41,Pump A Running
2026-09-16T19:45:00+00:00,Running,1,2579.5,10.59,4.13,47.5,50.2,Pump A Running
2026-09-16T20:00:00+00:00,Running,1,2378.1,10.63,4.14,45.77,49.98,Pump A Running
2026-09-16T20:15:00+00:00,Running,1,2455.5,10.58,4.18,53.14,50.2,Pump A Running
2026-09-16T20:30:00+00:00,Running,1,2220.0,10.55,4.2,51.21,50.23,Pump A Running
2026-09-16T20:45:00+00:00,Running,1,2438.8,10.55,4.26,48.09,50.14,Pump A Running
2026-09-16T21:00:00+00:00,Running,1,2308.2,10.69,4.08,48.47,50.88,Pump A Running
2026-09-16T21:15:00+00:00,Running,1,2421.9,10.63,4.34,50.9,50.65,Pump A Running
2026-09-16T21:30:00+00:00,Running,1,2572.8,10.68,4.13,49.2,50.01,Pump A Running
2026-09-16T21:45:00+00:00,Running,1,2539.6,10.71,4.15,51.51,50.9,Pump A Running
2026-09-16T22:00:00+00:00,Running,1,2599.0,10.7,4.18,48.67,50.8,Pump A Running
2026-09-16T22:15:00+00:00,Running,1,2369.3,10.61,4.14,52.32,49.36,Pump A Running
2026-09-16T22:30:00+00:00,Running,1,2395.7,10.65,4.18,51.95,50.59,Pump A Running
2026-09-16T22:45:00+00:00,Running,1,2484.6,10.57,4.09,46.85,49.47,Pump A Running
2026-09-16T23:00:00+00:00,Running,1,2361.0,10.61,4.05,48.01,50.86,Pump A Running
2026-09-16T23:15:00+00:00,Running,1,2331.4,10.53,4.15,45.01,49.93,Pump A Running
2026-09-16T23:30:00+00:00,Running,1,2405.7,10.59,4.06,46.87,50.92,Pump A Running
2026-09-16T23:45:00+00:00,Running,1,2466.8,10.69,4.16,49.06,50.14,Pump A Running
2026-09-17T00:00:00+00:00,Running,1,2504.1,10.64,4.17,47.64,49.47,Pump A Running
2026-09-17T00:15:00+00:00,Running,1,2305.1,10.69,4.12,48.23,51.04,Pump A Running
2026-09-17T00:30:00+00:00,Running,1,2432.7,10.57,4.02,46.84,49.93,Pump A Running
2026-09-17T00:45:00+00:00,Running,1,2439.6,10.57,4.25,48.18,50.41,Pump A Running
2026-09-17T01:00:00+00:00,Running,1,2490.6,10.69,4.05,45.24,50.23,Pump A Running
2026-09-17T01:15:00+00:00,Running,1,2522.6,10.72,4.07,46.23,50.23,Pump A Running
2026-09-17T01:30:00+00:00,Running,1,2525.9,10.72,4.13,44.13,50.06,Pump A Running
2026-09-17T01:45:00+00:00,Running,1,2514.1,10.68,4.13,48.21,50.98,Pump A Running
2026-09-17T02:00:00+00:00,Stopped,0,0.0,0.0,0.14,0.0,28.84,Pumps Stopped
2026-09-17T02:15:00+00:00,Stopped,0,0.0,0.0,0.15,0.0,29.44,Pumps Stopped
2026-09-17T02:30:00+00:00,Stopped,0,0.0,0.0,0.12,0.0,28.27,Pumps Stopped
2026-09-17T02:45:00+00:00,Stopped,0,0.0,0.0,0.13,0.0,28.79,Pumps Stopped
2026-09-17T03:00:00+00:00,Stopped,0,0.0,0.0,0.15,0.0,28.34,Pumps Stopped
2026-09-17T03:15:00+00:00,Stopped,0,0.0,0.0,0.17,0.0,28.79,Pumps Stopped
2026-09-17T03:30:00+00:00,Running,1,2468.8,10.53,4.15,45.72,50.12,Pump A Running
2026-09-17T03:45:00+00:00,Running,1,2423.0,10.49,4.17,47.84,49.92,Pump A Running
2026-09-17T04:00:00+00:00,Running,1,2472.4,10.71,4.21,45.62,49.9,Pump A Running
2026-09-17T04:15:00+00:00,Running,1,2546.7,10.56,4.04,51.78,49.94,Pump A Running
2026-09-17T04:30:00+00:00,Running,1,2555.2,10.63,4.22,47.46,49.89,Pump A Running
2026-09-17T04:45:00+00:00,Running,1,2496.3,10.6,4.31,47.7,50.43,Pump A Running
2026-09-17T05:00:00+00:00,Running,1,2491.2,10.54,4.24,44.52,50.69,Pump A Running
2026-09-17T05:15:00+00:00,Running,1,2626.5,10.62,4.14,51.24,49.9,Pump A Running
2026-09-17T05:30:00+00:00,Running,1,2561.4,10.61,4.1,49.17,51.19,Pump A Running
2026-09-17T05:45:00+00:00,Running,1,2604.9,10.6,4.27,48.53,50.53,Pump A Running
2026-09-17T06:00:00+00:00,Running,1,2484.4,10.52,4.1,50.16,51.08,Pump A Running
2026-09-17T06:15:00+00:00,Running,1,2613.9,10.51,4.14,43.96,50.58,Pump A Running
2026-09-17T06:30:00+00:00,Running,1,2574.0,10.52,3.96,53.68,49.91,Pump A Running
2026-09-17T06:45:00+00:00,Running,1,2544.9,10.63,4.1,47.7,49.97,Pump A Running
2026-09-17T07:00:00+00:00,Running,1,2557.6,10.59,4.18,51.51,50.78,Pump A Running
2026-09-17T07:15:00+00:00,Running,1,2492.6,10.56,4.09,48.59,50.4,Pump A Running
2026-09-17T07:30:00+00:00,Running,1,2658.1,10.64,4.21,45.51,50.58,Pump A Running
2026-09-17T07:45:00+00:00,Running,1,2588.5,10.61,4.03,48.36,50.69,Pump A Running
2026-09-17T08:00:00+00:00,Running,1,2665.0,10.58,4.11,50.49,50.37,Pump A Running
2026-09-17T08:15:00+00:00,Running,1,2542.6,10.53,4.17,46.45,50.02,Pump A Running
2026-09-17T08:30:00+00:00,Running,1,2729.9,10.59,4.31,46.15,51.15,Pump A Running
2026-09-17T08:45:00+00:00,Running,1,2677.9,10.57,4.27,47.87,49.98,Pump A Running
2026-09-17T09:00:00+00:00,Running,1,2710.3,10.78,4.13,46.71,50.9,Pump A Running
2026-09-17T09:15:00+00:00,Running,1,2620.3,10.6,4.16,47.03,50.28,Pump A Running
2026-09-17T09:30:00+00:00,Running,1,2596.3,10.64,4.27,45.88,50.13,Pump A Running
2026-09-17T09:45:00+00:00,Running,1,2681.1,10.53,4.28,46.38,51.04,Pump A Running
2026-09-17T10:00:00+00:00,Running,1,2681.2,10.67,4.23,48.78,50.28,Pump A Running
2026-09-17T10:15:00+00:00,Running,1,2702.1,10.49,4.21,52.08,50.9,Pump A Running
2026-09-17T10:30:00+00:00,Running,1,2573.6,10.48,4.03,43.9,50.73,Pump A Running
2026-09-17T10:45:00+00:00,Running,1,2653.6,10.57,4.23,46.61,50.33,Pump A Running
2026-09-17T11:00:00+00:00,Running,1,2706.6,10.52,4.25,48.94,50.49,Pump A Running
2026-09-17T11:15:00+00:00,Running,1,2797.8,10.54,4.1,47.74,50.79,Pump A Running
2026-09-17T11:30:00+00:00,Running,1,2761.8,10.6,4.06,49.26,50.48,Pump A Running
2026-09-17T11:45:00+00:00,Running,1,2619.5,10.65,4.07,45.16,50.4,Pump A Running
2026-09-17T12:00:00+00:00,Running,1,2649.0,10.63,4.12,46.45,50.57,Pump A Running
2026-09-17T12:15:00+00:00,Running,1,2817.3,10.56,4.13,48.29,50.3,Pump A Running
2026-09-17T12:30:00+00:00,Running,1,2661.4,10.55,4.21,46.15,50.94,Pump A Running
2026-09-17T12:45:00+00:00,Running,1,2722.6,10.61,4.19,47.18,50.5,Pump A Running
2026-09-17T13:00:00+00:00,Running,1,2810.7,10.63,4.16,44.85,50.59,Pump A Running
2026-09-17T13:15:00+00:00,Running,1,2734.5,10.58,4.0,49.45,50.13,Pump A Running
2026-09-17T13:30:00+00:00,Running,1,2490.7,10.56,4.08,47.31,49.77,Pump A Running
2026-09-17T13:45:00+00:00,Running,1,2739.4,10.58,4.19,47.57,50.35,Pump A Running
2026-09-17T14:00:00+00:00,Running,1,2778.1,10.56,4.16,48.24,49.67,Pump A Running
2026-09-17T14:15:00+00:00,Running,1,2705.0,10.66,4.28,45.18,50.62,Pump A Running
2026-09-17T14:30:00+00:00,Running,1,2723.3,10.57,4.17,52.22,49.53,Pump A Running
2026-09-17T14:45:00+00:00,Running,1,2558.1,10.6,4.21,47.98,50.57,Pump A Running
2026-09-17T15:00:00+00:00,Running,1,2644.7,10.64,4.16,48.28,50.64,Pump A Running
2026-09-17T15:15:00+00:00,Running,1,2833.1,10.48,4.0,42.76,51.07,Pump A Running
2026-09-17T15:30:00+00:00,Running,1,2736.9,10.68,4.19,44.0,49.58,Pump A Running
2026-09-17T15:45:00+00:00,Running,1,2847.4,10.63,4.24,48.43,50.61,Pump A Running
2026-09-17T16:00:00+00:00,Running,1,2732.6,10.76,3.91,49.01,50.04,Pump A Running
2026-09-17T16:15:00+00:00,Running,1,2751.8,10.56,4.03,48.29,50.39,Pump A Running
2026-09-17T16:30:00+00:00,Running,1,2678.2,10.55,4.09,45.32,50.11,Pump A Running
2026-09-17T16:45:00+00:00,Running,1,2796.1,10.77,4.05,45.97,50.71,Pump A Running
2026-09-17T17:00:00+00:00,Running,1,2802.5,10.55,4.15,50.0,49.88,Pump A Running
2026-09-17T17:15:00+00:00,Running,1,2641.4,10.55,4.12,46.21,50.54,Pump A Running
2026-09-17T17:30:00+00:00,Running,1,2708.0,10.56,4.1,51.41,50.61,Pump A Running
2026-09-17T17:45:00+00:00,Running,1,2619.5,10.76,4.21,49.58,50.37,Pump A Running
2026-09-17T18:00:00+00:00,Running,1,2807.4,10.61,4.09,48.15,50.2,Pump A Running
2026-09-17T18:15:00+00:00,Running,1,2693.7,10.6,4.3,49.2,50.23,Pump A Running
2026-09-17T18:30:00+00:00,Running,1,2806.8,10.57,4.1,50.0,49.61,Pump A Running
2026-09-17T18:45:00+00:00,Running,1,2731.8,10.49,4.18,46.45,51.12,Pump A Running
2026-09-17T19:00:00+00:00,Running,1,2707.2,10.59,4.19,45.38,50.21,Pump A Running
2026-09-17T19:15:00+00:00,Running,1,2860.8,10.51,4.18,49.59,49.84,Pump A Running
2026-09-17T19:30:00+00:00,Running,1,2875.5,10.63,4.14,49.84,50.61,Pump A Running
2026-09-17T19:45:00+00:00,Running,1,2732.5,10.56,4.02,47.06,50.62,Pump A Running
2026-09-17T20:00:00+00:00,Running,1,2748.8,10.54,4.13,45.0,50.49,Pump A Running
2026-09-17T20:15:00+00:00,Running,1,2850.1,10.56,4.08,49.23,50.75,Pump A Running
2026-09-17T20:30:00+00:00,Running,1,2606.5,10.56,4.15,46.02,50.2,Pump A Running
2026-09-17T20:45:00+00:00,Running,1,2624.3,10.57,4.18,49.9,50.21,Pump A Running
2026-09-17T21:00:00+00:00,Running,1,2774.1,10.65,4.2,47.42,51.0,Pump A Running
2026-09-17T21:15:00+00:00,Running,1,2762.8,10.56,4.14,47.98,50.34,Pump A Running
2026-09-17T21:30:00+00:00,Running,1,2698.0,10.66,4.12,51.69,50.52,Pump A Running
2026-09-17T21:45:00+00:00,Running,1,2686.1,10.52,4.07,47.9,50.55,Pump A Running
2026-09-17T22:00:00+00:00,Running,1,2748.6,10.61,3.98,46.09,50.63,Pump A Running
2026-09-17T22:15:00+00:00,Running,1,2727.2,10.58,4.13,50.41,50.44,Pump A Running
2026-09-17T22:30:00+00:00,Running,1,2665.9,10.55,4.15,49.12,50.67,Pump A Running
2026-09-17T22:45:00+00:00,Running,1,2833.6,10.66,4.03,47.01,49.88,Pump A Running
2026-09-17T23:00:00+00:00,Running,1,2940.1,10.69,4.12,44.59,50.25,Pump A Running
2026-09-17T23:15:00+00:00,Running,1,2810.8,10.48,4.11,47.91,50.75,Pump A Running
2026-09-17T23:30:00+00:00,Running,1,2749.9,10.55,4.27,49.47,50.9,Pump A Running
2026-09-17T23:45:00+00:00,Running,1,2848.0,10.66,4.04,47.0,50.43,Pump A Running
2026-09-18T00:00:00+00:00,Running,1,2729.1,10.62,4.21,47.49,50.05,Pump A Running
2026-09-18T00:15:00+00:00,Running,1,2806.7,10.61,4.17,44.22,49.54,Pump A Running
2026-09-18T00:30:00+00:00,Running,1,2765.5,10.53,4.15,47.65,50.16,Pump A Running
2026-09-18T00:45:00+00:00,Running,1,2670.7,10.69,4.13,47.98,50.1,Pump A Running
2026-09-18T01:00:00+00:00,Running,1,2757.7,10.59,4.23,48.58,50.92,Pump A Running
2026-09-18T01:15:00+00:00,Running,1,2665.0,10.49,4.13,46.73,50.54,Pump A Running
2026-09-18T01:30:00+00:00,Running,1,2738.6,10.51,4.23,45.11,50.06,Pump A Running
2026-09-18T01:45:00+00:00,Running,1,2853.5,10.64,4.13,52.25,50.43,Pump A Running
2026-09-18T02:00:00+00:00,Stopped,0,0.0,0.0,0.12,0.0,29.2,Pumps Stopped
2026-09-18T02:15:00+00:00,Stopped,0,0.0,0.0,0.17,0.0,28.88,Pumps Stopped
2026-09-18T02:30:00+00:00,Stopped,0,0.0,0.0,0.1,0.0,28.76,Pumps Stopped
2026-09-18T02:45:00+00:00,Stopped,0,0.0,0.0,0.13,0.0,28.7,Pumps Stopped
2026-09-18T03:00:00+00:00,Stopped,0,0.0,0.0,0.08,0.0,29.01,Pumps Stopped
2026-09-18T03:15:00+00:00,Stopped,0,0.0,0.0,0.17,0.0,29.09,Pumps Stopped
2026-09-18T03:30:00+00:00,Running,1,2736.1,10.57,4.08,42.06,50.49,Pump A Running
2026-09-18T03:45:00+00:00,Running,1,2725.8,10.58,4.17,45.45,50.56,Pump A Running
2026-09-18T04:00:00+00:00,Running,1,2932.8,10.66,4.11,47.98,50.45,Pump A Running
2026-09-18T04:15:00+00:00,Running,1,2671.4,10.5,4.04,48.36,49.98,Pump A Running
2026-09-18T04:30:00+00:00,Running,1,2716.7,10.61,4.05,47.28,50.46,Pump A Running
2026-09-18T04:45:00+00:00,Running,1,2696.8,10.68,4.05,49.62,50.24,Pump A Running
2026-09-18T05:00:00+00:00,Running,1,2740.5,10.63,4.09,50.96,50.87,Pump A Running
2026-09-18T05:15:00+00:00,Running,1,2606.3,10.56,4.17,48.68,50.77,Pump A Running
2026-09-18T05:30:00+00:00,Running,1,2510.1,10.65,4.2,45.13,50.7,Pump A Running
2026-09-18T05:45:00+00:00,Running,1,2728.0,10.67,4.03,48.65,50.29,Pump A Running
2026-09-18T06:00:00+00:00,Running,1,2583.9,10.6,4.18,48.98,50.37,Pump A Running
2026-09-18T06:15:00+00:00,Running,1,2746.9,10.62,4.0,45.49,50.7,Pump A Running
2026-09-18T06:30:00+00:00,Running,1,2914.6,10.59,4.09,43.08,50.09,Pump A Running
2026-09-18T06:45:00+00:00,Running,1,2604.9,10.6,4.27,44.89,50.76,Pump A Running
2026-09-18T07:00:00+00:00,Running,1,2660.9,10.58,4.14,46.58,51.46,Pump A Running
2026-09-18T07:15:00+00:00,Running,1,2695.7,10.71,4.14,48.7,49.79,Pump A Running
2026-09-18T07:30:00+00:00,Running,1,2571.1,10.48,4.12,44.7,50.76,Pump A Running
2026-09-18T07:45:00+00:00,Running,1,2722.4,10.57,4.16,46.89,51.14,Pump A Running
2026-09-18T08:00:00+00:00,Running,1,2787.4,10.55,4.04,43.61,49.21,Pump A Running
2026-09-18T08:15:00+00:00,Running,1,2762.3,10.61,4.12,47.87,50.07,Pump A Running
2026-09-18T08:30:00+00:00,Running,1,2645.6,10.72,4.21,47.67,50.48,Pump A Running
2026-09-18T08:45:00+00:00,Running,1,2681.7,10.58,4.13,48.67,50.16,Pump A Running
2026-09-18T09:00:00+00:00,Running,1,2461.1,10.51,4.12,44.91,50.64,Pump A Running
2026-09-18T09:15:00+00:00,Running,1,2564.4,10.63,4.01,45.98,50.13,Pump A Running
2026-09-18T09:30:00+00:00,Running,1,2764.1,10.54,4.02,49.06,51.07,Pump A Running
2026-09-18T09:45:00+00:00,Running,1,2676.0,10.63,4.08,44.47,50.22,Pump A Running
2026-09-18T10:00:00+00:00,Running,1,2603.1,10.63,3.98,50.23,50.87,Pump A Running
2026-09-18T10:15:00+00:00,Running,1,2522.0,10.7,4.09,49.43,51.23,Pump A Running
2026-09-18T10:30:00+00:00,Running,1,2669.9,10.61,4.34,46.96,51.75,Pump A Running
2026-09-18T10:45:00+00:00,Running,1,2546.4,10.68,4.16,45.75,49.45,Pump A Running
2026-09-18T11:00:00+00:00,Running,1,2716.4,10.68,4.11,46.48,50.43,Pump A Running
2026-09-18T11:15:00+00:00,Running,1,2443.0,10.65,4.11,45.54,50.26,Pump A Running
2026-09-18T11:30:00+00:00,Running,1,2409.0,10.56,3.98,46.52,50.25,Pump A Running
2026-09-18T11:45:00+00:00,Running,1,2763.2,10.48,4.16,46.86,50.48,Pump A Running
2026-09-18T12:00:00+00:00,Running,1,2704.1,10.56,4.03,46.93,51.27,Pump A Running
2026-09-18T12:15:00+00:00,Running,1,2569.2,10.69,4.1,43.23,50.4,Pump A Running
2026-09-18T12:30:00+00:00,Running,1,2614.8,10.65,4.11,46.63,50.65,Pump A Running
2026-09-18T12:45:00+00:00,Running,1,2425.8,10.59,4.13,42.52,50.79,Pump A Running
2026-09-18T13:00:00+00:00,Running,1,2734.1,10.68,4.08,44.79,50.94,Pump A Running
2026-09-18T13:15:00+00:00,Running,1,2560.2,10.74,4.18,45.81,50.29,Pump A Running
2026-09-18T13:30:00+00:00,Running,1,2628.5,10.58,4.05,47.73,50.02,Pump A Running
2026-09-18T13:45:00+00:00,Running,1,2399.6,10.59,4.19,51.79,50.13,Pump A Running
2026-09-18T14:00:00+00:00,Running,1,2473.2,10.54,4.1,47.72,50.5,Pump A Running
2026-09-18T14:15:00+00:00,Running,1,2509.9,10.58,4.1,48.37,51.01,Pump A Running
2026-09-18T14:30:00+00:00,Running,1,2261.6,10.79,4.11,51.75,50.01,Pump A Running
2026-09-18T14:45:00+00:00,Running,1,2500.3,10.64,4.24,45.87,50.56,Pump A Running
2026-09-18T15:00:00+00:00,Running,1,2641.0,10.66,4.05,47.53,50.85,Pump A Running
2026-09-18T15:15:00+00:00,Running,1,2432.5,10.47,4.18,48.42,50.47,Pump A Running
2026-09-18T15:30:00+00:00,Running,1,2310.6,10.6,4.06,51.55,50.12,Pump A Running
2026-09-18T15:45:00+00:00,Running,1,2725.9,10.51,4.04,47.66,50.73,Pump A Running
2026-09-18T16:00:00+00:00,Running,1,2441.9,10.66,4.03,46.38,50.07,Pump A Running
2026-09-18T16:15:00+00:00,Running,1,2345.3,10.59,4.04,48.19,50.74,Pump A Running
2026-09-18T16:30:00+00:00,Running,1,2558.3,10.55,4.29,49.48,50.25,Pump A Running
2026-09-18T16:45:00+00:00,Running,1,2424.9,10.53,4.17,46.52,50.12,Pump A Running
2026-09-18T17:00:00+00:00,Running,1,2459.6,10.63,3.98,47.96,51.29,Pump A Running
2026-09-18T17:15:00+00:00,Running,1,2489.5,10.63,4.02,47.84,50.51,Pump A Running
2026-09-18T17:30:00+00:00,Running,1,2578.7,10.54,4.02,45.0,50.89,Pump A Running
2026-09-18T17:45:00+00:00,Running,1,2505.8,10.52,3.94,49.02,50.03,Pump A Running
2026-09-18T18:00:00+00:00,Running,1,2462.1,10.69,3.96,49.18,49.64,Pump A Running
2026-09-18T18:15:00+00:00,Running,1,2352.0,10.66,4.24,44.23,50.81,Pump A Running
2026-09-18T18:30:00+00:00,Running,1,2502.1,10.54,4.11,48.23,50.77,Pump A Running
2026-09-18T18:45:00+00:00,Running,1,2469.2,10.63,4.14,45.36,50.94,Pump A Running
2026-09-18T19:00:00+00:00,Running,1,2397.0,10.56,3.99,52.73,51.1,Pump A Running
2026-09-18T19:15:00+00:00,Running,1,2259.5,10.55,4.11,50.96,50.31,Pump A Running
2026-09-18T19:30:00+00:00,Running,1,2418.1,10.52,4.28,45.96,50.42,Pump A Running
2026-09-18T19:45:00+00:00,Running,1,2406.2,10.7,4.12,46.53,50.87,Pump A Running
2026-09-18T20:00:00+00:00,Running,1,2511.2,10.46,4.09,48.44,50.35,Pump A Running
2026-09-18T20:15:00+00:00,Running,1,2419.2,10.48,4.05,46.0,50.41,Pump A Running
2026-09-18T20:30:00+00:00,Running,1,2328.8,10.58,4.2,48.83,49.97,Pump A Running
2026-09-18T20:45:00+00:00,Running,1,2228.6,10.6,4.03,44.56,51.05,Pump A Running
2026-09-18T21:00:00+00:00,Running,1,2351.5,10.64,4.07,44.02,50.36,Pump A Running
2026-09-18T21:15:00+00:00,Running,1,2538.6,10.59,4.14,48.82,51.17,Pump A Running
2026-09-18T21:30:00+00:00,Running,1,2310.4,10.64,4.06,46.88,50.34,Pump A Running
2026-09-18T21:45:00+00:00,Running,1,2402.1,10.53,4.29,49.32,49.55,Pump A Running
2026-09-18T22:00:00+00:00,Running,1,2278.9,10.58,4.08,46.61,49.84,Pump A Running
2026-09-18T22:15:00+00:00,Running,1,2285.8,10.61,4.18,47.36,50.3,Pump A Running
2026-09-18T22:30:00+00:00,Running,1,2279.9,10.58,4.08,45.01,50.21,Pump A Running
2026-09-18T22:45:00+00:00,Running,1,2263.2,10.58,4.05,50.28,50.7,Pump A Running
2026-09-18T23:00:00+00:00,Running,1,2248.8,10.58,4.09,43.73,50.72,Pump A Running
2026-09-18T23:15:00+00:00,Running,1,2300.0,10.57,3.96,49.85,51.39,Pump A Running
2026-09-18T23:30:00+00:00,Running,1,2177.1,10.65,4.14,47.4,50.65,Pump A Running
2026-09-18T23:45:00+00:00,Running,1,2396.7,10.52,4.18,45.97,50.42,Pump A Running
2026-09-19T00:00:00+00:00,Planned Shutdown,0,0.0,0.0,0.15,0.0,29.28,Pumps Stopped
2026-09-19T00:15:00+00:00,Planned Shutdown,0,0.0,0.0,0.13,0.0,28.63,Pumps Stopped
2026-09-19T00:30:00+00:00,Planned Shutdown,0,0.0,0.0,0.17,0.0,29.49,Pumps Stopped
2026-09-19T00:45:00+00:00,Planned Shutdown,0,0.0,0.0,0.09,0.0,28.91,Pumps Stopped
2026-09-19T01:00:00+00:00,Planned Shutdown,0,0.0,0.0,0.13,0.0,29.1,Pumps Stopped
2026-09-19T01:15:00+00:00,Planned Shutdown,0,0.0,0.0,0.13,0.0,29.56,Pumps Stopped
2026-09-19T01:30:00+00:00,Planned Shutdown,0,0.0,0.0,0.09,0.0,29.06,Pumps Stopped
2026-09-19T01:45:00+00:00,Planned Shutdown,0,0.0,0.0,0.14,0.0,29.15,Pumps Stopped
2026-09-19T02:00:00+00:00,Planned Shutdown,0,0.0,0.0,0.15,0.0,28.64,Pumps Stopped
2026-09-19T02:15:00+00:00,Planned Shutdown,0,0.0,0.0,0.08,0.0,29.09,Pumps Stopped
2026-09-19T02:30:00+00:00,Planned Shutdown,0,0.0,0.0,0.15,0.0,29.1,Pumps Stopped
2026-09-19T02:45:00+00:00,Planned Shutdown,0,0.0,0.0,0.19,0.0,28.87,Pumps Stopped
2026-09-19T03:00:00+00:00,Planned Shutdown,0,0.0,0.0,0.17,0.0,29.32,Pumps Stopped
2026-09-19T03:15:00+00:00,Planned Shutdown,0,0.0,0.0,0.11,0.0,29.34,Pumps Stopped
2026-09-19T03:30:00+00:00,Planned Shutdown,0,0.0,0.0,0.15,0.0,29.43,Pumps Stopped
2026-09-19T03:45:00+00:00,Planned Shutdown,0,0.0,0.0,0.14,0.0,29.39,Pumps Stopped
2026-09-19T04:00:00+00:00,Planned Shutdown,0,0.0,0.0,0.14,0.0,28.97,Pumps Stopped
2026-09-19T04:15:00+00:00,Planned Shutdown,0,0.0,0.0,0.17,0.0,28.98,Pumps Stopped
2026-09-19T04:30:00+00:00,Planned Shutdown,0,0.0,0.0,0.1,0.0,29.08,Pumps Stopped
2026-09-19T04:45:00+00:00,Planned Shutdown,0,0.0,0.0,0.15,0.0,29.2,Pumps Stopped
2026-09-19T05:00:00+00:00,Planned Shutdown,0,0.0,0.0,0.08,0.0,29.04,Pumps Stopped
2026-09-19T05:15:00+00:00,Planned Shutdown,0,0.0,0.0,0.1,0.0,29.21,Pumps Stopped
2026-09-19T05:30:00+00:00,Planned Shutdown,0,0.0,0.0,0.16,0.0,28.9,Pumps Stopped
2026-09-19T05:45:00+00:00,Planned Shutdown,0,0.0,0.0,0.08,0.0,28.92,Pumps Stopped
2026-09-19T06:00:00+00:00,Planned Shutdown,0,0.0,0.0,0.13,0.0,29.35,Pumps Stopped
2026-09-19T06:15:00+00:00,Planned Shutdown,0,0.0,0.0,0.08,0.0,29.48,Pumps Stopped
2026-09-19T06:30:00+00:00,Planned Shutdown,0,0.0,0.0,0.13,0.0,28.76,Pumps Stopped
2026-09-19T06:45:00+00:00,Planned Shutdown,0,0.0,0.0,0.13,0.0,29.15,Pumps Stopped
2026-09-19T07:00:00+00:00,Planned Shutdown,0,0.0,0.0,0.12,0.0,29.18,Pumps Stopped
2026-09-19T07:15:00+00:00,Planned Shutdown,0,0.0,0.0,0.11,0.0,29.06,Pumps Stopped
2026-09-19T07:30:00+00:00,Planned Shutdown,0,0.0,0.0,0.12,0.0,29.12,Pumps Stopped
2026-09-19T07:45:00+00:00,Planned Shutdown,0,0.0,0.0,0.17,0.0,28.72,Pumps Stopped
2026-09-19T08:00:00+00:00,Planned Shutdown,0,0.0,0.0,0.11,0.0,29.12,Pumps Stopped
2026-09-19T08:15:00+00:00,Planned Shutdown,0,0.0,0.0,0.13,0.0,29.23,Pumps Stopped
2026-09-19T08:30:00+00:00,Planned Shutdown,0,0.0,0.0,0.15,0.0,28.83,Pumps Stopped
2026-09-19T08:45:00+00:00,Planned Shutdown,0,0.0,0.0,0.11,0.0,29.05,Pumps Stopped
2026-09-19T09:00:00+00:00,Planned Shutdown,0,0.0,0.0,0.08,0.0,28.97,Pumps Stopped
2026-09-19T09:15:00+00:00,Planned Shutdown,0,0.0,0.0,0.13,0.0,29.45,Pumps Stopped
2026-09-19T09:30:00+00:00,Planned Shutdown,0,0.0,0.0,0.13,0.0,29.06,Pumps Stopped
2026-09-19T09:45:00+00:00,Planned Shutdown,0,0.0,0.0,0.09,0.0,28.92,Pumps Stopped
2026-09-19T10:00:00+00:00,Planned Shutdown,0,0.0,0.0,0.14,0.0,29.06,Pumps Stopped
2026-09-19T10:15:00+00:00,Planned Shutdown,0,0.0,0.0,0.14,0.0,28.57,Pumps Stopped
2026-09-19T10:30:00+00:00,Planned Shutdown,0,0.0,0.0,0.13,0.0,29.53,Pumps Stopped
2026-09-19T10:45:00+00:00,Planned Shutdown,0,0.0,0.0,0.13,0.0,28.74,Pumps Stopped
2026-09-19T11:00:00+00:00,Planned Shutdown,0,0.0,0.0,0.18,0.0,29.0,Pumps Stopped
2026-09-19T11:15:00+00:00,Planned Shutdown,0,0.0,0.0,0.08,0.0,29.4,Pumps Stopped
2026-09-19T11:30:00+00:00,Planned Shutdown,0,0.0,0.0,0.08,0.0,29.04,Pumps Stopped
2026-09-19T11:45:00+00:00,Planned Shutdown,0,0.0,0.0,0.13,0.0,29.15,Pumps Stopped
2026-09-19T12:00:00+00:00,Planned Shutdown,0,0.0,0.0,0.16,0.0,28.84,Pumps Stopped
2026-09-19T12:15:00+00:00,Planned Shutdown,0,0.0,0.0,0.14,0.0,29.08,Pumps Stopped
2026-09-19T12:30:00+00:00,Planned Shutdown,0,0.0,0.0,0.08,0.0,28.86,Pumps Stopped
2026-09-19T12:45:00+00:00,Planned Shutdown,0,0.0,0.0,0.13,0.0,28.7,Pumps Stopped
2026-09-19T13:00:00+00:00,Planned Shutdown,0,0.0,0.0,0.13,0.0,28.88,Pumps Stopped
2026-09-19T13:15:00+00:00,Planned Shutdown,0,0.0,0.0,0.15,0.0,29.15,Pumps Stopped
2026-09-19T13:30:00+00:00,Planned Shutdown,0,0.0,0.0,0.1,0.0,28.73,Pumps Stopped
2026-09-19T13:45:00+00:00,Planned Shutdown,0,0.0,0.0,0.12,0.0,29.3,Pumps Stopped
2026-09-19T14:00:00+00:00,Planned Shutdown,0,0.0,0.0,0.14,0.0,28.57,Pumps Stopped
2026-09-19T14:15:00+00:00,Planned Shutdown,0,0.0,0.0,0.06,0.0,29.26,Pumps Stopped
2026-09-19T14:30:00+00:00,Planned Shutdown,0,0.0,0.0,0.08,0.0,29.58,Pumps Stopped
2026-09-19T14:45:00+00:00,Planned Shutdown,0,0.0,0.0,0.04,0.0,29.04,Pumps Stopped
2026-09-19T15:00:00+00:00,Planned Shutdown,0,0.0,0.0,0.12,0.0,28.67,Pumps Stopped
2026-09-19T15:15:00+00:00,Planned Shutdown,0,0.0,0.0,0.17,0.0,28.88,Pumps Stopped
2026-09-19T15:30:00+00:00,Planned Shutdown,0,0.0,0.0,0.1,0.0,29.1,Pumps Stopped
2026-09-19T15:45:00+00:00,Planned Shutdown,0,0.0,0.0,0.14,0.0,28.79,Pumps Stopped
2026-09-19T16:00:00+00:00,Planned Shutdown,0,0.0,0.0,0.09,0.0,29.03,Pumps Stopped
2026-09-19T16:15:00+00:00,Planned Shutdown,0,0.0,0.0,0.13,0.0,29.04,Pumps Stopped
2026-09-19T16:30:00+00:00,Planned Shutdown,0,0.0,0.0,0.15,0.0,29.64,Pumps Stopped
2026-09-19T16:45:00+00:00,Planned Shutdown,0,0.0,0.0,0.1,0.0,28.94,Pumps Stopped
2026-09-19T17:00:00+00:00,Planned Shutdown,0,0.0,0.0,0.1,0.0,29.47,Pumps Stopped
2026-09-19T17:15:00+00:00,Planned Shutdown,0,0.0,0.0,0.09,0.0,28.96,Pumps Stopped
2026-09-19T17:30:00+00:00,Planned Shutdown,0,0.0,0.0,0.11,0.0,29.12,Pumps Stopped
2026-09-19T17:45:00+00:00,Planned Shutdown,0,0.0,0.0,0.1,0.0,29.0,Pumps Stopped
2026-09-19T18:00:00+00:00,Planned Shutdown,0,0.0,0.0,0.1,0.0,29.49,Pumps Stopped
2026-09-19T18:15:00+00:00,Planned Shutdown,0,0.0,0.0,0.15,0.0,28.81,Pumps Stopped
2026-09-19T18:30:00+00:00,Planned Shutdown,0,0.0,0.0,0.13,0.0,29.21,Pumps Stopped
2026-09-19T18:45:00+00:00,Planned Shutdown,0,0.0,0.0,0.13,0.0,28.89,Pumps Stopped
2026-09-19T19:00:00+00:00,Planned Shutdown,0,0.0,0.0,0.16,0.0,28.92,Pumps Stopped
2026-09-19T19:15:00+00:00,Planned Shutdown,0,0.0,0.0,0.13,0.0,29.13,Pumps Stopped
2026-09-19T19:30:00+00:00,Planned Shutdown,0,0.0,0.0,0.12,0.0,28.9,Pumps Stopped
2026-09-19T19:45:00+00:00,Planned Shutdown,0,0.0,0.0,0.1,0.0,29.13,Pumps Stopped
2026-09-19T20:00:00+00:00,Planned Shutdown,0,0.0,0.0,0.12,0.0,29.63,Pumps Stopped
2026-09-19T20:15:00+00:00,Planned Shutdown,0,0.0,0.0,0.11,0.0,28.42,Pumps Stopped
2026-09-19T20:30:00+00:00,Planned Shutdown,0,0.0,0.0,0.1,0.0,29.23,Pumps Stopped
2026-09-19T20:45:00+00:00,Planned Shutdown,0,0.0,0.0,0.12,0.0,29.42,Pumps Stopped
2026-09-19T21:00:00+00:00,Planned Shutdown,0,0.0,0.0,0.13,0.0,28.78,Pumps Stopped
2026-09-19T21:15:00+00:00,Planned Shutdown,0,0.0,0.0,0.14,0.0,28.95,Pumps Stopped
2026-09-19T21:30:00+00:00,Planned Shutdown,0,0.0,0.0,0.14,0.0,28.85,Pumps Stopped
2026-09-19T21:45:00+00:00,Planned Shutdown,0,0.0,0.0,0.14,0.0,29.33,Pumps Stopped
2026-09-19T22:00:00+00:00,Planned Shutdown,0,0.0,0.0,0.13,0.0,28.94,Pumps Stopped
2026-09-19T22:15:00+00:00,Planned Shutdown,0,0.0,0.0,0.19,0.0,28.87,Pumps Stopped
2026-09-19T22:30:00+00:00,Planned Shutdown,0,0.0,0.0,0.1,0.0,29.06,Pumps Stopped
2026-09-19T22:45:00+00:00,Planned Shutdown,0,0.0,0.0,0.1,0.0,28.44,Pumps Stopped
2026-09-19T23:00:00+00:00,Planned Shutdown,0,0.0,0.0,0.14,0.0,28.93,Pumps Stopped
2026-09-19T23:15:00+00:00,Planned Shutdown,0,0.0,0.0,0.11,0.0,29.69,Pumps Stopped
2026-09-19T23:30:00+00:00,Planned Shutdown,0,0.0,0.0,0.08,0.0,29.27,Pumps Stopped
2026-09-19T23:45:00+00:00,Planned Shutdown,0,0.0,0.0,0.07,0.0,29.42,Pumps Stopped
2026-09-20T00:00:00+00:00,Planned Shutdown,0,0.0,0.0,0.08,0.0,29.27,Pumps Stopped
2026-09-20T00:15:00+00:00,Planned Shutdown,0,0.0,0.0,0.07,0.0,28.64,Pumps Stopped
2026-09-20T00:30:00+00:00,Planned Shutdown,0,0.0,0.0,0.12,0.0,29.27,Pumps Stopped
2026-09-20T00:45:00+00:00,Planned Shutdown,0,0.0,0.0,0.09,0.0,29.05,Pumps Stopped
2026-09-20T01:00:00+00:00,Planned Shutdown,0,0.0,0.0,0.11,0.0,29.27,Pumps Stopped
2026-09-20T01:15:00+00:00,Planned Shutdown,0,0.0,0.0,0.11,0.0,29.28,Pumps Stopped
2026-09-20T01:30:00+00:00,Planned Shutdown,0,0.0,0.0,0.08,0.0,29.04,Pumps Stopped
2026-09-20T01:45:00+00:00,Planned Shutdown,0,0.0,0.0,0.15,0.0,28.84,Pumps Stopped
2026-09-20T02:00:00+00:00,Planned Shutdown,0,0.0,0.0,0.11,0.0,29.39,Pumps Stopped
2026-09-20T02:15:00+00:00,Planned Shutdown,0,0.0,0.0,0.14,0.0,29.15,Pumps Stopped
2026-09-20T02:30:00+00:00,Planned Shutdown,0,0.0,0.0,0.15,0.0,29.18,Pumps Stopped
2026-09-20T02:45:00+00:00,Planned Shutdown,0,0.0,0.0,0.17,0.0,29.02,Pumps Stopped
2026-09-20T03:00:00+00:00,Planned Shutdown,0,0.0,0.0,0.12,0.0,28.67,Pumps Stopped
2026-09-20T03:15:00+00:00,Planned Shutdown,0,0.0,0.0,0.09,0.0,29.46,Pumps Stopped
2026-09-20T03:30:00+00:00,Planned Shutdown,0,0.0,0.0,0.1,0.0,28.57,Pumps Stopped
2026-09-20T03:45:00+00:00,Planned Shutdown,0,0.0,0.0,0.11,0.0,28.75,Pumps Stopped
2026-09-20T04:00:00+00:00,Planned Shutdown,0,0.0,0.0,0.1,0.0,28.7,Pumps Stopped
2026-09-20T04:15:00+00:00,Planned Shutdown,0,0.0,0.0,0.15,0.0,29.31,Pumps Stopped
2026-09-20T04:30:00+00:00,Planned Shutdown,0,0.0,0.0,0.09,0.0,28.88,Pumps Stopped
2026-09-20T04:45:00+00:00,Planned Shutdown,0,0.0,0.0,0.11,0.0,29.69,Pumps Stopped
2026-09-20T05:00:00+00:00,Planned Shutdown,0,0.0,0.0,0.13,0.0,29.39,Pumps Stopped
2026-09-20T05:15:00+00:00,Planned Shutdown,0,0.0,0.0,0.14,0.0,29.34,Pumps Stopped
2026-09-20T05:30:00+00:00,Planned Shutdown,0,0.0,0.0,0.09,0.0,29.49,Pumps Stopped
2026-09-20T05:45:00+00:00,Planned Shutdown,0,0.0,0.0,0.12,0.0,29.46,Pumps Stopped
2026-09-20T06:00:00+00:00,Planned Shutdown,0,0.0,0.0,0.14,0.0,29.16,Pumps Stopped
2026-09-20T06:15:00+00:00,Planned Shutdown,0,0.0,0.0,0.12,0.0,28.87,Pumps Stopped
2026-09-20T06:30:00+00:00,Planned Shutdown,0,0.0,0.0,0.15,0.0,29.37,Pumps Stopped
2026-09-20T06:45:00+00:00,Planned Shutdown,0,0.0,0.0,0.12,0.0,28.74,Pumps Stopped
2026-09-20T07:00:00+00:00,Planned Shutdown,0,0.0,0.0,0.05,0.0,28.85,Pumps Stopped
2026-09-20T07:15:00+00:00,Planned Shutdown,0,0.0,0.0,0.09,0.0,29.09,Pumps Stopped
2026-09-20T07:30:00+00:00,Planned Shutdown,0,0.0,0.0,0.08,0.0,29.32,Pumps Stopped
2026-09-20T07:45:00+00:00,Planned Shutdown,0,0.0,0.0,0.17,0.0,29.39,Pumps Stopped
2026-09-20T08:00:00+00:00,Planned Shutdown,0,0.0,0.0,0.11,0.0,28.92,Pumps Stopped
2026-09-20T08:15:00+00:00,Planned Shutdown,0,0.0,0.0,0.18,0.0,29.08,Pumps Stopped
2026-09-20T08:30:00+00:00,Planned Shutdown,0,0.0,0.0,0.15,0.0,28.92,Pumps Stopped
2026-09-20T08:45:00+00:00,Planned Shutdown,0,0.0,0.0,0.07,0.0,28.53,Pumps Stopped
2026-09-20T09:00:00+00:00,Planned Shutdown,0,0.0,0.0,0.13,0.0,29.06,Pumps Stopped
2026-09-20T09:15:00+00:00,Planned Shutdown,0,0.0,0.0,0.11,0.0,28.85,Pumps Stopped
2026-09-20T09:30:00+00:00,Planned Shutdown,0,0.0,0.0,0.13,0.0,29.17,Pumps Stopped
2026-09-20T09:45:00+00:00,Planned Shutdown,0,0.0,0.0,0.15,0.0,28.84,Pumps Stopped
2026-09-20T10:00:00+00:00,Planned Shutdown,0,0.0,0.0,0.11,0.0,28.88,Pumps Stopped
2026-09-20T10:15:00+00:00,Planned Shutdown,0,0.0,0.0,0.07,0.0,29.22,Pumps Stopped
2026-09-20T10:30:00+00:00,Planned Shutdown,0,0.0,0.0,0.08,0.0,29.28,Pumps Stopped
2026-09-20T10:45:00+00:00,Planned Shutdown,0,0.0,0.0,0.08,0.0,29.07,Pumps Stopped
2026-09-20T11:00:00+00:00,Planned Shutdown,0,0.0,0.0,0.17,0.0,28.74,Pumps Stopped
2026-09-20T11:15:00+00:00,Planned Shutdown,0,0.0,0.0,0.17,0.0,29.06,Pumps Stopped
2026-09-20T11:30:00+00:00,Planned Shutdown,0,0.0,0.0,0.15,0.0,29.2,Pumps Stopped
2026-09-20T11:45:00+00:00,Planned Shutdown,0,0.0,0.0,0.17,0.0,29.08,Pumps Stopped
2026-09-20T12:00:00+00:00,Running,1,2538.2,10.59,4.03,46.98,51.27,Pump A Running
2026-09-20T12:15:00+00:00,Running,1,2630.5,10.66,4.07,47.93,49.99,Pump A Running
2026-09-20T12:30:00+00:00,Running,1,2525.5,10.59,4.31,47.86,50.01,Pump A Running
2026-09-20T12:45:00+00:00,Running,1,2575.9,10.59,4.08,45.71,50.67,Pump A Running
2026-09-20T13:00:00+00:00,Running,1,2656.5,10.69,4.16,46.78,50.43,Pump A Running
2026-09-20T13:15:00+00:00,Running,1,2451.9,10.54,4.08,42.55,51.8,Pump A Running
2026-09-20T13:30:00+00:00,Running,1,2467.9,10.56,4.2,48.67,50.52,Pump A Running
2026-09-20T13:45:00+00:00,Running,1,2623.8,10.66,4.05,48.37,50.66,Pump A Running
2026-09-20T14:00:00+00:00,Running,1,2575.6,10.63,4.19,45.91,50.5,Pump A Running
2026-09-20T14:15:00+00:00,Running,1,2576.8,10.6,4.09,50.03,49.51,Pump A Running
2026-09-20T14:30:00+00:00,Running,1,2538.1,10.72,4.05,48.11,50.21,Pump A Running
2026-09-20T14:45:00+00:00,Running,1,2476.4,10.62,4.06,48.96,50.4,Pump A Running
2026-09-20T15:00:00+00:00,Running,1,2502.2,10.65,4.13,44.86,50.93,Pump A Running
2026-09-20T15:15:00+00:00,Running,1,2422.6,10.6,4.11,48.82,50.73,Pump A Running
2026-09-20T15:30:00+00:00,Running,1,2574.0,10.74,4.24,47.42,50.17,Pump A Running
2026-09-20T15:45:00+00:00,Running,1,2671.4,10.66,4.04,48.33,50.0,Pump A Running
2026-09-20T16:00:00+00:00,Running,1,2497.5,10.78,3.99,49.67,50.82,Pump A Running
2026-09-20T16:15:00+00:00,Running,1,2753.3,10.59,4.11,48.29,50.33,Pump A Running
2026-09-20T16:30:00+00:00,Running,1,2604.8,10.64,4.0,45.67,50.32,Pump A Running
2026-09-20T16:45:00+00:00,Running,1,2652.4,10.44,4.24,48.04,50.17,Pump A Running
2026-09-20T17:00:00+00:00,Running,1,2696.5,10.62,3.93,48.48,50.49,Pump A Running
2026-09-20T17:15:00+00:00,Running,1,2680.1,10.5,4.25,50.97,50.42,Pump A Running
2026-09-20T17:30:00+00:00,Running,1,2718.3,10.65,4.09,46.14,50.78,Pump A Running
2026-09-20T17:45:00+00:00,Running,1,2655.1,10.62,4.11,49.28,50.67,Pump A Running
2026-09-20T18:00:00+00:00,Running,1,2497.9,10.52,4.16,47.14,50.62,Pump A Running
2026-09-20T18:15:00+00:00,Running,1,2677.4,10.74,4.04,46.33,50.44,Pump A Running
2026-09-20T18:30:00+00:00,Running,1,2596.4,10.52,4.06,43.15,50.39,Pump A Running
2026-09-20T18:45:00+00:00,Running,1,2547.2,10.63,4.0,45.44,51.03,Pump A Running
2026-09-20T19:00:00+00:00,Running,1,2790.2,10.64,4.08,47.34,50.93,Pump A Running
2026-09-20T19:15:00+00:00,Running,1,2679.3,10.58,4.17,48.56,50.19,Pump A Running
2026-09-20T19:30:00+00:00,Running,1,2689.6,10.6,4.12,49.15,50.23,Pump A Running
2026-09-20T19:45:00+00:00,Running,1,2625.9,10.55,4.16,46.21,50.31,Pump A Running
2026-09-20T20:00:00+00:00,Running,1,2735.4,10.54,4.04,44.57,50.34,Pump A Running
2026-09-20T20:15:00+00:00,Running,1,2573.8,10.54,4.13,50.02,50.87,Pump A Running
2026-09-20T20:30:00+00:00,Running,1,2649.1,10.6,4.14,49.52,50.67,Pump A Running
2026-09-20T20:45:00+00:00,Running,1,2759.4,10.53,4.0,46.91,50.17,Pump A Running
2026-09-20T21:00:00+00:00,Running,1,2726.0,10.68,4.15,44.21,50.81,Pump A Running
2026-09-20T21:15:00+00:00,Running,1,2701.8,10.69,4.04,45.97,50.35,Pump A Running
2026-09-20T21:30:00+00:00,Running,1,2699.3,10.63,4.13,43.01,50.74,Pump A Running
2026-09-20T21:45:00+00:00,Running,1,2691.8,10.54,3.98,43.95,50.36,Pump A Running
2026-09-20T22:00:00+00:00,Running,1,2735.1,10.64,3.94,48.93,50.47,Pump A Running
2026-09-20T22:15:00+00:00,Running,1,2699.1,10.56,4.12,45.67,50.57,Pump A Running
2026-09-20T22:30:00+00:00,Running,1,2725.9,10.68,4.0,44.91,50.13,Pump A Running
2026-09-20T22:45:00+00:00,Running,1,2827.9,10.53,4.12,42.73,50.81,Pump A Running
2026-09-20T23:00:00+00:00,Running,1,2942.9,10.6,4.16,45.73,50.43,Pump A Running
2026-09-20T23:15:00+00:00,Running,1,2587.8,10.54,4.13,48.42,50.76,Pump A Running
2026-09-20T23:30:00+00:00,Running,1,2516.0,10.72,4.1,47.87,50.85,Pump A Running
2026-09-20T23:45:00+00:00,Running,1,2724.2,10.7,4.11,49.23,50.56,Pump A Running
2026-09-21T00:00:00+00:00,Running,1,2612.8,10.59,4.12,48.18,50.52,Pump A Running
2026-09-21T00:15:00+00:00,Running,1,2850.7,10.61,4.21,46.8,50.63,Pump A Running
2026-09-21T00:30:00+00:00,Running,1,2804.5,10.57,4.09,48.58,50.43,Pump A Running
2026-09-21T00:45:00+00:00,Running,1,2683.5,10.59,4.04,43.66,50.58,Pump A Running
2026-09-21T01:00:00+00:00,Running,1,2795.8,10.64,4.06,44.29,50.55,Pump A Running
2026-09-21T01:15:00+00:00,Running,1,2703.6,10.75,4.04,47.41,50.13,Pump A Running
2026-09-21T01:30:00+00:00,Running,1,2756.2,10.63,4.25,51.25,50.43,Pump A Running
2026-09-21T01:45:00+00:00,Running,1,2680.7,10.65,4.03,43.52,51.39,Pump A Running
2026-09-21T02:00:00+00:00,Stopped,0,0.0,0.0,0.09,0.0,28.97,Pumps Stopped
2026-09-21T02:15:00+00:00,Stopped,0,0.0,0.0,0.1,0.0,29.3,Pumps Stopped
2026-09-21T02:30:00+00:00,Stopped,0,0.0,0.0,0.12,0.0,29.15,Pumps Stopped
2026-09-21T02:45:00+00:00,Stopped,0,0.0,0.0,0.09,0.0,29.88,Pumps Stopped
2026-09-21T03:00:00+00:00,Stopped,0,0.0,0.0,0.18,0.0,28.99,Pumps Stopped
2026-09-21T03:15:00+00:00,Stopped,0,0.0,0.0,0.1,0.0,29.17,Pumps Stopped
2026-09-21T03:30:00+00:00,Running,1,2517.7,10.57,4.1,46.44,50.86,Pump A Running
2026-09-21T03:45:00+00:00,Running,1,2682.7,10.59,4.03,51.54,50.45,Pump A Running
2026-09-21T04:00:00+00:00,Running,1,2659.9,10.66,4.12,45.73,50.23,Pump A Running
2026-09-21T04:15:00+00:00,Running,1,2776.9,10.58,4.03,46.31,50.17,Pump A Running
2026-09-21T04:30:00+00:00,Running,1,2673.7,10.62,4.02,47.16,50.36,Pump A Running
2026-09-21T04:45:00+00:00,Running,1,2799.2,10.67,4.04,43.83,50.78,Pump A Running
2026-09-21T05:00:00+00:00,Running,1,2643.2,10.65,4.28,49.35,50.63,Pump A Running
2026-09-21T05:15:00+00:00,Running,1,2861.8,10.54,4.19,46.9,50.37,Pump A Running
2026-09-21T05:30:00+00:00,Running,1,2790.7,10.7,4.22,45.03,50.35,Pump A Running
2026-09-21T05:45:00+00:00,Running,1,2781.2,10.51,4.06,49.72,50.44,Pump A Running
2026-09-21T06:00:00+00:00,Running,1,2791.5,10.71,3.97,47.73,50.7,Pump A Running
2026-09-21T06:15:00+00:00,Running,1,2790.0,10.66,4.01,46.17,50.89,Pump A Running
2026-09-21T06:30:00+00:00,Running,1,2583.2,10.56,4.11,47.39,50.22,Pump A Running
2026-09-21T06:45:00+00:00,Running,1,2696.8,10.57,4.1,46.53,49.96,Pump A Running
2026-09-21T07:00:00+00:00,Running,1,2608.7,10.66,4.06,51.09,50.81,Pump A Running
2026-09-21T07:15:00+00:00,Running,1,2784.7,10.62,4.02,48.04,50.77,Pump A Running
2026-09-21T07:30:00+00:00,Running,1,2633.4,10.56,4.31,47.37,50.6,Pump A Running
2026-09-21T07:45:00+00:00,Running,1,2636.3,10.63,4.13,49.28,50.81,Pump A Running
2026-09-21T08:00:00+00:00,Running,1,2633.9,10.62,4.15,44.94,49.51,Pump A Running
2026-09-21T08:15:00+00:00,Running,1,2648.1,10.64,4.17,45.77,50.37,Pump A Running
2026-09-21T08:30:00+00:00,Running,1,2727.3,10.6,4.1,47.87,50.13,Pump A Running
2026-09-21T08:45:00+00:00,Running,1,2743.2,10.69,3.97,51.62,50.03,Pump A Running
2026-09-21T09:00:00+00:00,Running,1,2870.3,10.6,4.04,46.05,50.47,Pump A Running
2026-09-21T09:15:00+00:00,Running,1,2604.3,10.48,3.99,48.84,50.51,Pump A Running
2026-09-21T09:30:00+00:00,Running,1,2614.8,10.63,4.14,46.08,50.97,Pump A Running
2026-09-21T09:45:00+00:00,Running,1,2690.8,10.6,4.17,44.79,50.07,Pump A Running
2026-09-21T10:00:00+00:00,Running,1,2736.4,10.51,4.08,45.45,50.69,Pump A Running
2026-09-21T10:15:00+00:00,Running,1,2810.8,10.59,4.19,47.8,50.36,Pump A Running
2026-09-21T10:30:00+00:00,Running,1,2700.6,10.63,4.11,46.94,50.55,Pump A Running
2026-09-21T10:45:00+00:00,Running,1,2886.7,10.44,4.09,46.46,51.06,Pump A Running
2026-09-21T11:00:00+00:00,Running,1,2688.3,10.54,4.14,51.66,50.74,Pump A Running
2026-09-21T11:15:00+00:00,Running,1,2613.6,10.61,4.07,52.0,50.51,Pump A Running
2026-09-21T11:30:00+00:00,Running,1,2770.4,10.42,4.01,47.76,50.92,Pump A Running
2026-09-21T11:45:00+00:00,Running,1,2650.6,10.43,3.98,48.8,50.34,Pump A Running
2026-09-21T12:00:00+00:00,Running,1,2851.3,10.62,3.97,50.53,50.02,Pump A Running
2026-09-21T12:15:00+00:00,Running,1,2733.5,10.6,4.06,47.68,50.84,Pump A Running
2026-09-21T12:30:00+00:00,Running,1,2793.0,10.56,3.97,45.8,50.37,Pump A Running
2026-09-21T12:45:00+00:00,Running,1,2595.8,10.67,4.25,46.84,50.33,Pump A Running
2026-09-21T13:00:00+00:00,Running,1,2732.3,10.77,3.94,48.71,49.63,Pump A Running
2026-09-21T13:15:00+00:00,Running,1,2612.1,10.62,4.08,45.51,50.55,Pump A Running
2026-09-21T13:30:00+00:00,Running,1,2744.8,10.54,4.07,45.53,50.94,Pump A Running
2026-09-21T13:45:00+00:00,Running,1,2812.4,10.63,4.13,49.37,50.31,Pump A Running
2026-09-21T14:00:00+00:00,Running,1,2623.9,10.56,4.15,50.11,50.83,Pump A Running
2026-09-21T14:15:00+00:00,Running,1,2528.5,10.57,3.92,45.01,50.5,Pump A Running
2026-09-21T14:30:00+00:00,Running,1,2714.9,10.52,3.98,43.62,49.46,Pump A Running
2026-09-21T14:45:00+00:00,Running,1,2601.2,10.59,3.92,45.16,50.56,Pump A Running
2026-09-21T15:00:00+00:00,Running,1,2742.8,10.61,4.22,47.64,50.16,Pump A Running
2026-09-21T15:15:00+00:00,Running,1,2668.9,10.67,4.09,47.0,50.79,Pump A Running
2026-09-21T15:30:00+00:00,Running,1,2667.6,10.6,3.98,48.61,50.88,Pump A Running
2026-09-21T15:45:00+00:00,Running,1,2707.9,10.61,4.22,51.18,49.91,Pump A Running
2026-09-21T16:00:00+00:00,Running,1,2584.5,10.58,4.05,42.74,50.55,Pump A Running
2026-09-21T16:15:00+00:00,Running,1,2473.0,10.58,3.97,47.91,49.23,Pump A Running
2026-09-21T16:30:00+00:00,Running,1,2612.5,10.63,4.12,47.44,50.44,Pump A Running
2026-09-21T16:45:00+00:00,Running,1,2567.7,10.57,3.99,46.07,50.38,Pump A Running
2026-09-21T17:00:00+00:00,Running,1,2637.3,10.67,4.11,52.32,50.56,Pump A Running
2026-09-21T17:15:00+00:00,Running,1,2625.6,10.55,4.13,50.59,50.88,Pump A Running
2026-09-21T17:30:00+00:00,Running,1,2767.1,10.6,4.03,44.61,51.66,Pump A Running
2026-09-21T17:45:00+00:00,Running,1,2654.3,10.53,4.13,46.3,50.75,Pump A Running
2026-09-21T18:00:00+00:00,Running,1,2687.4,10.55,4.01,46.3,50.91,Pump A Running
2026-09-21T18:15:00+00:00,Running,1,2540.1,10.6,4.06,46.14,50.11,Pump A Running
2026-09-21T18:30:00+00:00,Running,1,2484.7,10.63,4.24,47.4,49.95,Pump A Running
2026-09-21T18:45:00+00:00,Running,1,2640.5,10.6,4.12,45.17,50.18,Pump A Running
2026-09-21T19:00:00+00:00,Running,1,2674.9,10.58,4.04,47.74,51.09,Pump A Running
2026-09-21T19:15:00+00:00,Running,1,2569.5,10.68,4.3,44.89,49.67,Pump A Running
2026-09-21T19:30:00+00:00,Running,1,2722.1,10.51,4.06,43.24,49.97,Pump A Running
2026-09-21T19:45:00+00:00,Running,1,2697.2,10.62,4.08,48.33,50.4,Pump A Running
2026-09-21T20:00:00+00:00,Running,1,2553.2,10.62,4.01,46.47,50.78,Pump A Running
2026-09-21T20:15:00+00:00,Running,1,2682.3,10.73,4.16,48.09,50.64,Pump A Running
2026-09-21T20:30:00+00:00,Running,1,2684.1,10.63,4.07,52.36,50.71,Pump A Running
2026-09-21T20:45:00+00:00,Running,1,2572.5,10.59,4.15,43.87,50.59,Pump A Running
2026-09-21T21:00:00+00:00,Running,1,2479.2,10.67,4.23,44.35,49.79,Pump A Running
2026-09-21T21:15:00+00:00,Running,1,2452.1,10.53,4.15,50.2,50.27,Pump A Running
2026-09-21T21:30:00+00:00,Running,1,2507.7,10.54,4.09,42.89,49.73,Pump A Running
2026-09-21T21:45:00+00:00,Running,1,2686.2,10.53,4.19,45.99,50.3,Pump A Running
2026-09-21T22:00:00+00:00,Running,1,2478.0,10.53,4.15,47.76,49.68,Pump A Running
2026-09-21T22:15:00+00:00,Running,1,2642.5,10.6,4.14,49.98,50.4,Pump A Running
2026-09-21T22:30:00+00:00,Running,1,2558.9,10.61,4.1,45.52,51.48,Pump A Running
2026-09-21T22:45:00+00:00,Running,1,2640.5,10.52,4.08,44.97,50.59,Pump A Running
2026-09-21T23:00:00+00:00,Running,1,2423.3,10.67,4.1,46.29,51.28,Pump A Running
2026-09-21T23:15:00+00:00,Running,1,2431.6,10.56,4.23,47.33,50.75,Pump A Running
2026-09-21T23:30:00+00:00,Running,1,2415.6,10.66,4.02,46.44,50.33,Pump A Running
2026-09-21T23:45:00+00:00,Running,1,2342.3,10.54,4.17,48.6,51.05,Pump A Running
2026-09-22T00:00:00+00:00,Running,1,2538.6,10.63,3.95,45.69,50.32,Pump A Running
2026-09-22T00:15:00+00:00,Running,1,2569.8,10.47,4.25,45.67,50.2,Pump A Running
2026-09-22T00:30:00+00:00,Running,1,2517.8,10.63,4.02,48.97,50.38,Pump A Running
2026-09-22T00:45:00+00:00,Running,1,2529.9,10.58,4.17,47.22,50.13,Pump A Running
2026-09-22T01:00:00+00:00,Running,1,2510.7,10.44,4.16,48.4,50.7,Pump A Running
2026-09-22T01:15:00+00:00,Running,1,2376.6,10.59,4.0,49.44,50.89,Pump A Running
2026-09-22T01:30:00+00:00,Running,1,2248.2,10.56,4.02,47.96,50.22,Pump A Running
2026-09-22T01:45:00+00:00,Running,1,2360.5,10.48,4.08,43.7,50.59,Pump A Running
2026-09-22T02:00:00+00:00,Stopped,0,0.0,0.0,0.09,0.0,28.7,Pumps Stopped
2026-09-22T02:15:00+00:00,Stopped,0,0.0,0.0,0.08,0.0,29.42,Pumps Stopped
2026-09-22T02:30:00+00:00,Stopped,0,0.0,0.0,0.11,0.0,28.5,Pumps Stopped
2026-09-22T02:45:00+00:00,Stopped,0,0.0,0.0,0.18,0.0,28.47,Pumps Stopped
2026-09-22T03:00:00+00:00,Stopped,0,0.0,0.0,0.11,0.0,28.88,Pumps Stopped
2026-09-22T03:15:00+00:00,Stopped,0,0.0,0.0,0.1,0.0,29.31,Pumps Stopped
2026-09-22T03:30:00+00:00,Running,1,2487.1,10.51,4.37,45.29,49.47,Pump A Running
2026-09-22T03:45:00+00:00,Running,1,2293.0,10.55,4.16,47.8,50.18,Pump A Running
2026-09-22T04:00:00+00:00,Running,1,2424.1,10.66,4.03,45.14,49.79,Pump A Running
2026-09-22T04:15:00+00:00,Running,1,2378.5,10.44,4.23,46.28,50.6,Pump A Running
2026-09-22T04:30:00+00:00,Running,1,2377.2,10.56,4.11,47.35,50.66,Pump A Running
2026-09-22T04:45:00+00:00,Running,1,2535.5,10.66,4.04,48.52,50.0,Pump A Running
2026-09-22T05:00:00+00:00,Running,1,2394.1,10.52,4.21,44.32,50.26,Pump A Running
2026-09-22T05:15:00+00:00,Running,1,2393.4,10.76,4.07,49.34,50.69,Pump A Running
2026-09-22T05:30:00+00:00,Running,1,2375.7,10.57,4.08,46.35,50.85,Pump A Running
2026-09-22T05:45:00+00:00,Running,1,2347.2,10.51,4.19,47.18,51.63,Pump A Running
2026-09-22T06:00:00+00:00,Running,1,2374.2,10.55,4.07,48.14,50.77,Pump A Running
2026-09-22T06:15:00+00:00,Running,1,2302.5,10.52,3.98,50.55,50.47,Pump A Running
2026-09-22T06:30:00+00:00,Running,1,2418.6,10.49,4.13,46.72,49.84,Pump A Running
2026-09-22T06:45:00+00:00,Running,1,2501.1,10.62,4.1,45.61,50.84,Pump A Running
2026-09-22T07:00:00+00:00,Running,1,2618.0,10.63,4.07,44.74,50.4,Pump A Running
2026-09-22T07:15:00+00:00,Running,1,2468.3,10.56,4.03,46.9,50.27,Pump A Running
2026-09-22T07:30:00+00:00,Running,1,2402.3,10.6,4.03,48.76,50.16,Pump A Running
2026-09-22T07:45:00+00:00,Running,1,2349.0,10.65,4.01,48.18,50.29,Pump A Running
2026-09-22T08:00:00+00:00,Running,1,2333.2,10.52,3.98,43.6,51.54,Pump A Running
2026-09-22T08:15:00+00:00,Running,1,2256.7,10.6,4.07,52.63,50.26,Pump A Running
2026-09-22T08:30:00+00:00,Running,1,2353.1,10.51,4.14,45.37,51.74,Pump A Running
2026-09-22T08:45:00+00:00,Running,1,2275.1,10.51,4.08,47.38,50.14,Pump A Running
2026-09-22T09:00:00+00:00,Running,1,2455.1,10.65,4.01,47.09,50.94,Pump A Running
2026-09-22T09:15:00+00:00,Running,1,2333.6,10.5,4.15,46.3,50.74,Pump A Running
2026-09-22T09:30:00+00:00,Running,1,2283.9,10.65,4.03,47.89,50.73,Pump A Running
2026-09-22T09:45:00+00:00,Running,1,2351.4,10.55,4.09,51.77,50.65,Pump A Running
2026-09-22T10:00:00+00:00,Running,1,2254.9,10.6,4.12,42.61,50.6,Pump A Running
2026-09-22T10:15:00+00:00,Running,1,2257.8,10.57,4.26,48.09,49.73,Pump A Running
2026-09-22T10:30:00+00:00,Running,1,2288.1,10.58,4.06,49.99,50.47,Pump A Running
2026-09-22T10:45:00+00:00,Running,1,2419.4,10.58,4.19,51.56,49.91,Pump A Running
2026-09-22T11:00:00+00:00,Running,1,2257.5,10.51,4.23,47.56,50.67,Pump A Running
2026-09-22T11:15:00+00:00,Running,1,2317.2,10.49,4.18,51.69,50.68,Pump A Running
2026-09-22T11:30:00+00:00,Running,1,2287.6,10.68,4.01,48.21,49.68,Pump A Running
2026-09-22T11:45:00+00:00,Running,1,2324.1,10.57,4.19,48.78,50.3,Pump A Running
2026-09-22T12:00:00+00:00,Running,1,2255.3,10.65,4.06,44.33,50.55,Pump A Running
2026-09-22T12:15:00+00:00,Running,1,2305.1,10.63,4.25,47.85,51.2,Pump A Running
2026-09-22T12:30:00+00:00,Running,1,2228.9,10.58,4.13,49.02,50.69,Pump A Running
2026-09-22T12:45:00+00:00,Running,1,2249.3,10.56,4.17,43.04,50.65,Pump A Running
2026-09-22T13:00:00+00:00,Running,1,2173.1,10.52,4.16,50.01,50.85,Pump A Running
2026-09-22T13:15:00+00:00,Running,1,2161.7,10.7,4.24,48.69,50.36,Pump A Running
2026-09-22T13:30:00+00:00,Running,1,2166.2,10.54,4.21,46.29,50.21,Pump A Running
2026-09-22T13:45:00+00:00,Running,1,2175.1,10.7,4.2,48.29,50.62,Pump A Running
2026-09-22T14:00:00+00:00,Running,1,2272.0,10.58,4.17,46.83,50.72,Pump A Running
2026-09-22T14:15:00+00:00,Running,1,2175.4,10.58,4.15,49.54,49.95,Pump A Running
2026-09-22T14:30:00+00:00,Running,1,2348.2,10.63,4.07,48.83,50.36,Pump A Running
2026-09-22T14:45:00+00:00,Running,1,2357.9,10.54,3.96,47.36,51.02,Pump A Running
2026-09-22T15:00:00+00:00,Running,1,2252.0,10.77,4.12,48.08,50.34,Pump A Running
2026-09-22T15:15:00+00:00,Running,1,2160.2,10.64,4.17,49.19,51.01,Pump A Running
2026-09-22T15:30:00+00:00,Running,1,2110.0,10.64,4.04,48.43,50.41,Pump A Running
2026-09-22T15:45:00+00:00,Running,1,2316.7,10.62,4.11,48.36,51.18,Pump A Running
2026-09-22T16:00:00+00:00,Running,1,2204.9,10.66,4.0,48.74,50.43,Pump A Running
2026-09-22T16:15:00+00:00,Running,1,2238.6,10.62,4.09,50.2,50.64,Pump A Running
2026-09-22T16:30:00+00:00,Running,1,2182.1,10.64,4.09,48.03,50.5,Pump A Running
2026-09-22T16:45:00+00:00,Running,1,2025.5,10.52,4.06,46.21,50.52,Pump A Running
2026-09-22T17:00:00+00:00,Running,1,2124.2,10.54,4.15,49.79,50.17,Pump A Running
2026-09-22T17:15:00+00:00,Running,1,2165.9,10.66,4.24,41.95,50.43,Pump A Running
2026-09-22T17:30:00+00:00,Running,1,2149.7,10.59,4.14,47.62,51.32,Pump A Running
2026-09-22T17:45:00+00:00,Running,1,2254.8,10.63,4.07,49.5,50.61,Pump A Running
2026-09-22T18:00:00+00:00,Running,1,2313.1,10.6,4.09,49.57,51.04,Pump A Running
2026-09-22T18:15:00+00:00,Running,1,2115.6,10.68,3.92,46.14,50.6,Pump A Running
2026-09-22T18:30:00+00:00,Running,1,2344.1,10.68,4.19,46.25,50.75,Pump A Running
2026-09-22T18:45:00+00:00,Running,1,2290.2,10.54,4.12,47.92,50.19,Pump A Running
2026-09-22T19:00:00+00:00,Running,1,2264.3,10.55,3.97,46.77,50.65,Pump A Running
2026-09-22T19:15:00+00:00,Running,1,2163.4,10.58,4.23,46.85,49.92,Pump A Running
2026-09-22T19:30:00+00:00,Running,1,2133.2,10.5,4.08,48.07,51.12,Pump A Running
2026-09-22T19:45:00+00:00,Running,1,2040.2,10.67,4.04,43.3,50.56,Pump A Running
2026-09-22T20:00:00+00:00,Running,1,2278.3,10.66,3.85,46.62,50.34,Pump A Running
2026-09-22T20:15:00+00:00,Running,1,2257.7,10.73,4.21,47.09,50.15,Pump A Running
2026-09-22T20:30:00+00:00,Running,1,2140.0,10.65,4.14,48.14,50.24,Pump A Running
2026-09-22T20:45:00+00:00,Running,1,2194.6,10.64,4.05,41.75,50.75,Pump A Running
2026-09-22T21:00:00+00:00,Running,1,2225.1,10.56,4.18,48.34,50.32,Pump A Running
2026-09-22T21:15:00+00:00,Running,1,2225.6,10.61,4.1,50.12,50.46,Pump A Running
2026-09-22T21:30:00+00:00,Running,1,2223.4,10.66,4.08,43.42,50.88,Pump A Running
2026-09-22T21:45:00+00:00,Running,1,2125.4,10.62,4.07,49.44,49.7,Pump A Running
2026-09-22T22:00:00+00:00,Running,1,2100.0,10.59,4.21,45.41,50.4,Pump A Running
2026-09-22T22:15:00+00:00,Running,1,2072.1,10.54,3.97,47.4,50.18,Pump A Running
2026-09-22T22:30:00+00:00,Running,1,2296.0,10.61,4.07,48.38,50.59,Pump A Running
2026-09-22T22:45:00+00:00,Running,1,2328.0,10.52,4.13,46.81,50.35,Pump A Running
2026-09-22T23:00:00+00:00,Running,1,2094.1,10.62,4.26,44.64,50.28,Pump A Running
2026-09-22T23:15:00+00:00,Running,1,1957.2,10.74,3.99,44.22,50.99,Pump A Running
2026-09-22T23:30:00+00:00,Running,1,2095.0,10.58,4.11,48.49,51.21,Pump A Running
2026-09-22T23:45:00+00:00,Running,1,2187.1,10.65,4.0,46.82,51.02,Pump A Running
