timestamp,mill_state,mill_running,motor_power_kw,mill_speed_rpm,lube_pressure_bar,lube_flow_l_min,lube_oil_temp_c,lube_pump_status
2026-06-24T00:00:00+00:00,Running,1,2557.7,10.5,4.73,62.7,45.78,Pump A Running
2026-06-24T00:15:00+00:00,Running,1,2643.6,10.58,4.87,61.55,46.12,Pump A Running
2026-06-24T00:30:00+00:00,Running,1,2687.8,10.62,4.89,61.43,45.91,Pump A Running
2026-06-24T00:45:00+00:00,Running,1,2483.3,10.61,4.89,62.17,45.67,Pump A Running
2026-06-24T01:00:00+00:00,Running,1,2419.1,10.6,4.72,63.41,46.2,Pump A Running
2026-06-24T01:15:00+00:00,Running,1,2489.4,10.62,4.68,62.43,46.62,Pump A Running
2026-06-24T01:30:00+00:00,Running,1,2493.6,10.67,4.75,62.87,46.28,Pump A Running
2026-06-24T01:45:00+00:00,Running,1,2289.1,10.62,4.66,61.4,46.18,Pump A Running
2026-06-24T02:00:00+00:00,Stopped,0,0.0,0.0,0.14,0.0,28.52,Pumps Stopped
2026-06-24T02:15:00+00:00,Stopped,0,0.0,0.0,0.1,0.0,28.79,Pumps Stopped
2026-06-24T02:30:00+00:00,Stopped,0,0.0,0.0,0.11,0.0,28.58,Pumps Stopped
2026-06-24T02:45:00+00:00,Stopped,0,0.0,0.0,0.12,0.0,29.19,Pumps Stopped
2026-06-24T03:00:00+00:00,Stopped,0,0.0,0.0,0.08,0.0,29.23,Pumps Stopped
2026-06-24T03:15:00+00:00,Stopped,0,0.0,0.0,0.12,0.0,29.11,Pumps Stopped
2026-06-24T03:30:00+00:00,Running,1,2570.2,10.6,4.84,63.05,46.35,Pump A Running
2026-06-24T03:45:00+00:00,Running,1,2513.5,10.64,4.77,62.93,46.3,Pump A Running
2026-06-24T04:00:00+00:00,Running,1,2562.3,10.63,4.88,62.69,46.17,Pump A Running
2026-06-24T04:15:00+00:00,Running,1,2604.8,10.67,4.83,62.27,46.01,Pump A Running
2026-06-24T04:30:00+00:00,Running,1,2623.7,10.77,4.8,60.11,45.94,Pump A Running
2026-06-24T04:45:00+00:00,Running,1,2628.0,10.5,4.81,63.0,45.59,Pump A Running
2026-06-24T05:00:00+00:00,Running,1,2618.0,10.54,4.87,59.76,46.38,Pump A Running
2026-06-24T05:15:00+00:00,Running,1,2568.2,10.52,4.77,61.82,45.62,Pump A Running
2026-06-24T05:30:00+00:00,Running,1,2527.2,10.65,4.8,61.56,46.58,Pump A Running
2026-06-24T05:45:00+00:00,Running,1,2569.2,10.48,4.79,62.58,45.88,Pump A Running
2026-06-24T06:00:00+00:00,Running,1,2612.7,10.78,4.8,60.43,46.4,Pump A Running
2026-06-24T06:15:00+00:00,Running,1,2741.8,10.59,4.85,61.33,46.28,Pump A Running
2026-06-24T06:30:00+00:00,Running,1,2637.6,10.62,4.85,61.65,46.37,Pump A Running
2026-06-24T06:45:00+00:00,Running,1,2636.0,10.59,4.74,62.35,45.86,Pump A Running
2026-06-24T07:00:00+00:00,Running,1,2693.0,10.47,4.67,63.23,46.56,Pump A Running
2026-06-24T07:15:00+00:00,Running,1,2821.9,10.58,4.79,62.53,44.86,Pump A Running
2026-06-24T07:30:00+00:00,Running,1,2648.3,10.62,4.71,62.55,45.98,Pump A Running
2026-06-24T07:45:00+00:00,Running,1,2637.0,10.58,4.74,61.77,46.43,Pump A Running
2026-06-24T08:00:00+00:00,Running,1,2452.3,10.6,4.91,60.97,46.1,Pump A Running
2026-06-24T08:15:00+00:00,Running,1,2761.3,10.6,4.77,62.0,45.83,Pump A Running
2026-06-24T08:30:00+00:00,Running,1,2580.0,10.72,4.61,62.87,45.45,Pump A Running
2026-06-24T08:45:00+00:00,Running,1,2628.6,10.84,4.77,62.27,45.76,Pump A Running
2026-06-24T09:00:00+00:00,Running,1,2785.7,10.61,4.8,62.22,45.8,Pump A Running
2026-06-24T09:15:00+00:00,Running,1,2799.3,10.64,4.75,61.09,46.37,Pump A Running
2026-06-24T09:30:00+00:00,Running,1,2739.1,10.62,4.82,62.29,45.88,Pump A Running
2026-06-24T09:45:00+00:00,Running,1,2684.8,10.68,4.71,63.42,46.57,Pump A Running
2026-06-24T10:00:00+00:00,Running,1,2583.3,10.58,4.89,61.46,45.67,Pump A Running
2026-06-24T10:15:00+00:00,Running,1,2751.6,10.6,4.94,62.52,46.17,Pump A Running
2026-06-24T10:30:00+00:00,Running,1,2744.5,10.56,4.91,59.98,45.85,Pump A Running
2026-06-24T10:45:00+00:00,Running,1,2546.0,10.63,4.65,61.3,46.12,Pump A Running
2026-06-24T11:00:00+00:00,Running,1,2904.5,10.53,4.79,61.49,45.87,Pump A Running
2026-06-24T11:15:00+00:00,Running,1,2637.4,10.61,4.78,60.95,45.62,Pump A Running
2026-06-24T11:30:00+00:00,Running,1,2761.0,10.58,4.77,60.86,45.73,Pump A Running
2026-06-24T11:45:00+00:00,Running,1,2695.9,10.55,4.7,63.72,46.1,Pump A Running
2026-06-24T12:00:00+00:00,Running,1,2750.2,10.72,4.6,61.08,46.12,Pump A Running
2026-06-24T12:15:00+00:00,Running,1,2711.2,10.71,4.82,62.37,46.09,Pump A Running
2026-06-24T12:30:00+00:00,Running,1,2743.8,10.69,4.79,61.27,45.56,Pump A Running
2026-06-24T12:45:00+00:00,Running,1,2841.8,10.59,4.9,62.64,46.27,Pump A Running
2026-06-24T13:00:00+00:00,Running,1,2697.1,10.67,4.73,62.5,46.65,Pump A Running
2026-06-24T13:15:00+00:00,Running,1,2804.5,10.71,4.88,62.82,46.24,Pump A Running
2026-06-24T13:30:00+00:00,Running,1,2690.6,10.7,4.72,62.09,45.8,Pump A Running
2026-06-24T13:45:00+00:00,Running,1,2678.4,10.62,4.85,60.79,46.12,Pump A Running
2026-06-24T14:00:00+00:00,Running,1,2739.2,10.6,4.92,60.48,46.13,Pump A Running
2026-06-24T14:15:00+00:00,Running,1,2850.5,10.63,4.78,61.44,46.09,Pump A Running
2026-06-24T14:30:00+00:00,Running,1,2798.9,10.59,4.88,61.56,45.78,Pump A Running
2026-06-24T14:45:00+00:00,Running,1,2713.6,10.58,4.92,63.55,45.26,Pump A Running
2026-06-24T15:00:00+00:00,Running,1,2870.2,10.64,4.77,61.9,46.16,Pump A Running
2026-06-24T15:15:00+00:00,Running,1,2724.7,10.49,4.63,61.65,46.19,Pump A Running
2026-06-24T15:30:00+00:00,Running,1,2706.2,10.65,4.76,64.13,46.26,Pump A Running
2026-06-24T15:45:00+00:00,Running,1,2773.0,10.57,4.79,61.74,46.47,Pump A Running
2026-06-24T16:00:00+00:00,Running,1,2758.1,10.58,4.74,62.14,46.18,Pump A Running
2026-06-24T16:15:00+00:00,Running,1,2848.9,10.66,4.77,62.58,45.87,Pump A Running
2026-06-24T16:30:00+00:00,Running,1,2810.8,10.59,4.8,62.45,46.23,Pump A Running
2026-06-24T16:45:00+00:00,Running,1,2763.2,10.65,4.71,60.83,45.64,Pump A Running
2026-06-24T17:00:00+00:00,Running,1,2774.4,10.58,4.75,62.34,45.95,Pump A Running
2026-06-24T17:15:00+00:00,Running,1,2828.8,10.61,4.98,63.12,45.83,Pump A Running
2026-06-24T17:30:00+00:00,Running,1,2845.9,10.54,4.74,62.99,45.92,Pump A Running
2026-06-24T17:45:00+00:00,Running,1,2585.0,10.74,4.85,61.26,46.37,Pump A Running
2026-06-24T18:00:00+00:00,Running,1,2694.5,10.65,4.79,63.5,46.19,Pump A Running
2026-06-24T18:15:00+00:00,Running,1,2661.6,10.52,4.84,61.22,45.77,Pump A Running
2026-06-24T18:30:00+00:00,Running,1,2650.5,10.56,4.83,63.17,45.85,Pump A Running
2026-06-24T18:45:00+00:00,Running,1,2863.6,10.62,4.71,62.15,45.98,Pump A Running
2026-06-24T19:00:00+00:00,Running,1,2822.5,10.59,4.8,61.41,46.4,Pump A Running
2026-06-24T19:15:00+00:00,Running,1,2812.0,10.53,4.85,61.48,45.99,Pump A Running
2026-06-24T19:30:00+00:00,Running,1,2678.9,10.52,4.9,62.57,46.12,Pump A Running
2026-06-24T19:45:00+00:00,Running,1,2755.0,10.6,4.95,62.48,46.36,Pump A Running
2026-06-24T20:00:00+00:00,Running,1,2855.2,10.61,4.76,61.41,45.83,Pump A Running
2026-06-24T20:15:00+00:00,Running,1,2678.4,10.65,4.68,63.77,46.39,Pump A Running
2026-06-24T20:30:00+00:00,Running,1,2804.4,10.6,4.85,63.14,45.98,Pump A Running
2026-06-24T20:45:00+00:00,Running,1,2765.7,10.62,4.84,62.08,45.5,Pump A Running
2026-06-24T21:00:00+00:00,Running,1,2903.5,10.58,4.89,63.84,45.66,Pump A Running
2026-06-24T21:15:00+00:00,Running,1,2781.7,10.61,4.78,62.2,45.69,Pump A Running
2026-06-24T21:30:00+00:00,Running,1,2762.7,10.54,4.8,60.61,45.93,Pump A Running
2026-06-24T21:45:00+00:00,Running,1,2914.8,10.58,4.88,61.28,46.68,Pump A Running
2026-06-24T22:00:00+00:00,Running,1,2636.5,10.53,4.83,62.04,45.41,Pump A Running
2026-06-24T22:15:00+00:00,Running,1,2800.3,10.58,4.83,62.26,46.07,Pump A Running
2026-06-24T22:30:00+00:00,Running,1,2585.9,10.37,4.81,60.37,45.9,Pump A Running
2026-06-24T22:45:00+00:00,Running,1,2670.6,10.62,4.71,61.03,46.09,Pump A Running
2026-06-24T23:00:00+00:00,Running,1,2680.6,10.64,4.84,61.47,45.56,Pump A Running
2026-06-24T23:15:00+00:00,Running,1,2871.1,10.67,4.76,62.56,46.16,Pump A Running
2026-06-24T23:30:00+00:00,Running,1,2679.8,10.55,4.92,61.29,46.76,Pump A Running
2026-06-24T23:45:00+00:00,Running,1,2686.6,10.53,4.71,61.92,46.24,Pump A Running
2026-06-25T00:00:00+00:00,Running,1,2705.5,10.58,4.83,61.12,46.03,Pump A Running
2026-06-25T00:15:00+00:00,Running,1,2637.0,10.49,4.77,62.61,46.1,Pump A Running
2026-06-25T00:30:00+00:00,Running,1,2698.6,10.54,4.68,63.74,45.61,Pump A Running
2026-06-25T00:45:00+00:00,Running,1,2699.5,10.54,4.84,64.46,45.53,Pump A Running
2026-06-25T01:00:00+00:00,Running,1,2659.2,10.61,4.74,60.39,46.43,Pump A Running
2026-06-25T01:15:00+00:00,Running,1,2764.2,10.56,4.85,61.94,46.46,Pump A Running
2026-06-25T01:30:00+00:00,Running,1,2717.7,10.56,4.77,60.36,45.76,Pump A Running
2026-06-25T01:45:00+00:00,Running,1,2644.4,10.63,4.86,63.45,46.11,Pump A Running
2026-06-25T02:00:00+00:00,Stopped,0,0.0,0.0,0.13,0.0,29.23,Pumps Stopped
2026-06-25T02:15:00+00:00,Stopped,0,0.0,0.0,0.13,0.0,29.14,Pumps Stopped
2026-06-25T02:30:00+00:00,Stopped,0,0.0,0.0,0.09,0.0,29.2,Pumps Stopped
2026-06-25T02:45:00+00:00,Stopped,0,0.0,0.0,0.07,0.0,28.86,Pumps Stopped
2026-06-25T03:00:00+00:00,Stopped,0,0.0,0.0,0.14,0.0,29.08,Pumps Stopped
2026-06-25T03:15:00+00:00,Stopped,0,0.0,0.0,0.1,0.0,29.14,Pumps Stopped
2026-06-25T03:30:00+00:00,Running,1,2633.7,10.59,4.93,62.68,45.69,Pump A Running
2026-06-25T03:45:00+00:00,Running,1,2632.8,10.64,4.79,62.65,45.77,Pump A Running
2026-06-25T04:00:00+00:00,Running,1,2441.9,10.53,4.83,62.58,46.04,Pump A Running
2026-06-25T04:15:00+00:00,Running,1,2581.8,10.67,4.77,62.14,45.83,Pump A Running
2026-06-25T04:30:00+00:00,Running,1,2666.2,10.67,4.83,60.52,45.81,Pump A Running
2026-06-25T04:45:00+00:00,Running,1,2645.8,10.57,4.81,61.36,45.29,Pump A Running
2026-06-25T05:00:00+00:00,Running,1,2672.1,10.52,4.66,60.31,46.72,Pump A Running
2026-06-25T05:15:00+00:00,Running,1,2728.5,10.65,4.76,61.75,46.07,Pump A Running
2026-06-25T05:30:00+00:00,Running,1,2566.4,10.51,4.68,62.69,46.07,Pump A Running
2026-06-25T05:45:00+00:00,Running,1,2532.2,10.7,4.75,59.91,46.14,Pump A Running
2026-06-25T06:00:00+00:00,Running,1,2586.6,10.67,4.85,61.83,45.55,Pump A Running
2026-06-25T06:15:00+00:00,Running,1,2590.2,10.59,4.83,60.64,46.28,Pump A Running
2026-06-25T06:30:00+00:00,Running,1,2492.5,10.52,4.88,61.87,46.22,Pump A Running
2026-06-25T06:45:00+00:00,Running,1,2499.3,10.61,4.78,61.23,45.95,Pump A Running
2026-06-25T07:00:00+00:00,Running,1,2578.9,10.68,4.93,65.45,45.81,Pump A Running
2026-06-25T07:15:00+00:00,Running,1,2755.1,10.61,4.71,61.18,45.71,Pump A Running
2026-06-25T07:30:00+00:00,Running,1,2464.4,10.65,5.0,62.45,46.14,Pump A Running
2026-06-25T07:45:00+00:00,Running,1,2448.0,10.58,4.75,61.46,46.27,Pump A Running
2026-06-25T08:00:00+00:00,Running,1,2587.3,10.57,4.76,63.03,45.84,Pump A Running
2026-06-25T08:15:00+00:00,Running,1,2624.9,10.59,4.91,62.13,46.56,Pump A Running
2026-06-25T08:30:00+00:00,Running,1,2602.5,10.67,4.71,62.53,46.2,Pump A Running
2026-06-25T08:45:00+00:00,Running,1,2528.6,10.58,4.67,61.5,45.68,Pump A Running
2026-06-25T09:00:00+00:00,Running,1,2499.3,10.65,4.77,63.2,45.34,Pump A Running
2026-06-25T09:15:00+00:00,Running,1,2635.2,10.61,4.61,60.86,46.15,Pump A Running
2026-06-25T09:30:00+00:00,Running,1,2646.9,10.62,4.81,60.48,47.22,Pump A Running
2026-06-25T09:45:00+00:00,Running,1,2607.8,10.64,4.85,62.71,46.28,Pump A Running
2026-06-25T10:00:00+00:00,Running,1,2479.9,10.65,4.83,61.75,45.25,Pump A Running
2026-06-25T10:15:00+00:00,Running,1,2410.7,10.49,4.78,61.98,46.32,Pump A Running
2026-06-25T10:30:00+00:00,Running,1,2392.1,10.73,4.68,61.2,46.48,Pump A Running
2026-06-25T10:45:00+00:00,Running,1,2519.5,10.62,4.69,62.86,45.96,Pump A Running
2026-06-25T11:00:00+00:00,Running,1,2573.0,10.55,4.91,61.46,45.97,Pump A Running
2026-06-25T11:15:00+00:00,Running,1,2350.4,10.66,4.64,61.22,46.05,Pump A Running
2026-06-25T11:30:00+00:00,Running,1,2355.2,10.69,4.86,61.87,45.98,Pump A Running
2026-06-25T11:45:00+00:00,Running,1,2520.1,10.52,4.75,62.03,46.07,Pump A Running
2026-06-25T12:00:00+00:00,Running,1,2621.0,10.5,4.88,61.05,45.48,Pump A Running
2026-06-25T12:15:00+00:00,Running,1,2377.4,10.66,4.75,61.87,45.85,Pump A Running
2026-06-25T12:30:00+00:00,Running,1,2395.7,10.64,4.75,64.83,45.67,Pump A Running
2026-06-25T12:45:00+00:00,Running,1,2378.4,10.62,4.91,61.12,45.86,Pump A Running
2026-06-25T13:00:00+00:00,Running,1,2546.7,10.77,4.8,63.04,45.61,Pump A Running
2026-06-25T13:15:00+00:00,Running,1,2456.0,10.57,4.8,61.94,46.08,Pump A Running
2026-06-25T13:30:00+00:00,Running,1,2418.5,10.66,4.78,62.63,45.88,Pump A Running
2026-06-25T13:45:00+00:00,Running,1,2365.0,10.73,4.74,63.9,46.21,Pump A Running
2026-06-25T14:00:00+00:00,Running,1,2197.6,10.59,4.78,60.07,46.2,Pump A Running
2026-06-25T14:15:00+00:00,Running,1,2319.7,10.61,4.8,63.31,46.0,Pump A Running
2026-06-25T14:30:00+00:00,Running,1,2395.2,10.58,4.85,60.42,45.7,Pump A Running
2026-06-25T14:45:00+00:00,Running,1,2325.9,10.5,4.91,60.26,45.27,Pump A Running
2026-06-25T15:00:00+00:00,Running,1,2330.4,10.56,4.79,61.43,45.67,Pump A Running
2026-06-25T15:15:00+00:00,Running,1,2433.7,10.64,4.85,60.94,45.64,Pump A Running
2026-06-25T15:30:00+00:00,Running,1,2358.6,10.57,4.86,62.7,46.43,Pump A Running
2026-06-25T15:45:00+00:00,Running,1,2382.1,10.61,4.74,62.42,45.37,Pump A Running
2026-06-25T16:00:00+00:00,Running,1,2350.9,10.6,4.76,63.87,46.06,Pump A Running
2026-06-25T16:15:00+00:00,Running,1,2433.4,10.59,4.75,62.41,46.36,Pump A Running
2026-06-25T16:30:00+00:00,Running,1,2336.6,10.57,4.89,61.37,46.76,Pump A Running
2026-06-25T16:45:00+00:00,Running,1,2225.7,10.55,4.77,63.83,46.34,Pump A Running
2026-06-25T17:00:00+00:00,Running,1,2379.4,10.61,4.95,61.2,46.17,Pump A Running
2026-06-25T17:15:00+00:00,Running,1,2164.4,10.63,4.75,62.53,46.51,Pump A Running
2026-06-25T17:30:00+00:00,Running,1,2356.7,10.58,4.75,62.04,46.62,Pump A Running
2026-06-25T17:45:00+00:00,Running,1,2457.0,10.68,4.79,62.76,46.21,Pump A Running
2026-06-25T18:00:00+00:00,Running,1,2164.5,10.6,4.86,62.34,45.68,Pump A Running
2026-06-25T18:15:00+00:00,Running,1,2509.9,10.49,4.93,63.55,45.87,Pump A Running
2026-06-25T18:30:00+00:00,Running,1,2403.1,10.68,4.82,61.39,46.65,Pump A Running
2026-06-25T18:45:00+00:00,Running,1,2351.3,10.68,4.79,61.03,45.89,Pump A Running
2026-06-25T19:00:00+00:00,Running,1,2190.7,10.67,4.72,63.81,46.22,Pump A Running
2026-06-25T19:15:00+00:00,Running,1,2401.2,10.56,4.81,61.08,46.14,Pump A Running
2026-06-25T19:30:00+00:00,Running,1,2207.5,10.73,4.83,62.37,46.48,Pump A Running
2026-06-25T19:45:00+00:00,Running,1,2252.0,10.56,4.87,63.34,45.67,Pump A Running
2026-06-25T20:00:00+00:00,Running,1,2237.1,10.62,4.87,62.42,46.37,Pump A Running
2026-06-25T20:15:00+00:00,Running,1,2312.3,10.57,4.75,62.17,45.56,Pump A Running
2026-06-25T20:30:00+00:00,Running,1,2282.3,10.72,4.84,60.18,46.21,Pump A Running
2026-06-25T20:45:00+00:00,Running,1,2313.7,10.72,4.9,61.19,45.75,Pump A Running
2026-06-25T21:00:00+00:00,Running,1,2343.9,10.62,4.82,62.73,45.86,Pump A Running
2026-06-25T21:15:00+00:00,Running,1,2259.5,10.53,4.94,61.35,45.55,Pump A Running
2026-06-25T21:30:00+00:00,Running,1,2414.7,10.6,4.86,60.84,45.83,Pump A Running
2026-06-25T21:45:00+00:00,Running,1,2190.7,10.63,4.67,62.33,46.18,Pump A Running
2026-06-25T22:00:00+00:00,Running,1,2202.0,10.6,4.79,60.83,46.03,Pump A Running
2026-06-25T22:15:00+00:00,Running,1,2114.5,10.68,4.73,62.64,46.55,Pump A Running
2026-06-25T22:30:00+00:00,Running,1,2226.8,10.61,4.87,61.89,46.02,Pump A Running
2026-06-25T22:45:00+00:00,Running,1,2212.7,10.59,4.77,61.02,45.71,Pump A Running
2026-06-25T23:00:00+00:00,Running,1,2145.3,10.64,4.8,61.75,46.04,Pump A Running
2026-06-25T23:15:00+00:00,Running,1,2001.8,10.62,4.79,63.02,46.07,Pump A Running
2026-06-25T23:30:00+00:00,Running,1,2201.5,10.63,4.73,60.94,46.18,Pump A Running
2026-06-25T23:45:00+00:00,Running,1,2114.2,10.62,4.9,59.7,46.22,Pump A Running
2026-06-26T00:00:00+00:00,Running,1,2042.7,10.53,4.7,62.81,46.0,Pump A Running
2026-06-26T00:15:00+00:00,Running,1,2196.3,10.65,4.79,62.9,46.31,Pump A Running
2026-06-26T00:30:00+00:00,Running,1,2129.9,10.63,4.83,61.85,45.81,Pump A Running
2026-06-26T00:45:00+00:00,Running,1,2205.0,10.66,4.66,61.66,45.95,Pump A Running
2026-06-26T01:00:00+00:00,Running,1,2169.8,10.52,4.8,62.28,46.32,Pump A Running
2026-06-26T01:15:00+00:00,Running,1,2213.0,10.59,4.73,60.74,46.8,Pump A Running
2026-06-26T01:30:00+00:00,Running,1,2118.9,10.54,4.81,61.43,46.05,Pump A Running
2026-06-26T01:45:00+00:00,Running,1,2097.9,10.46,4.84,62.33,46.44,Pump A Running
2026-06-26T02:00:00+00:00,Stopped,0,0.0,0.0,0.1,0.0,28.22,Pumps Stopped
2026-06-26T02:15:00+00:00,Stopped,0,0.0,0.0,0.13,0.0,29.22,Pumps Stopped
2026-06-26T02:30:00+00:00,Stopped,0,0.0,0.0,0.08,0.0,29.01,Pumps Stopped
2026-06-26T02:45:00+00:00,Stopped,0,0.0,0.0,0.08,0.0,28.75,Pumps Stopped
2026-06-26T03:00:00+00:00,Stopped,0,0.0,0.0,0.1,0.0,29.13,Pumps Stopped
2026-06-26T03:15:00+00:00,Stopped,0,0.0,0.0,0.11,0.0,28.92,Pumps Stopped
2026-06-26T03:30:00+00:00,Running,1,2245.1,10.61,4.82,63.27,45.56,Pump A Running
2026-06-26T03:45:00+00:00,Running,1,2112.5,10.5,4.85,61.27,45.76,Pump A Running
2026-06-26T04:00:00+00:00,Running,1,2091.6,10.66,4.74,61.07,46.66,Pump A Running
2026-06-26T04:15:00+00:00,Running,1,1881.7,10.51,4.86,62.33,45.91,Pump A Running
2026-06-26T04:30:00+00:00,Running,1,2180.6,10.56,4.81,62.53,46.03,Pump A Running
2026-06-26T04:45:00+00:00,Running,1,2063.4,10.58,4.89,62.1,46.55,Pump A Running
2026-06-26T05:00:00+00:00,Running,1,2009.0,10.62,4.8,62.48,45.64,Pump A Running
2026-06-26T05:15:00+00:00,Running,1,2110.0,10.55,4.96,61.97,46.26,Pump A Running
2026-06-26T05:30:00+00:00,Running,1,2025.8,10.57,4.55,61.49,46.49,Pump A Running
2026-06-26T05:45:00+00:00,Running,1,2151.6,10.46,4.79,60.47,45.98,Pump A Running
2026-06-26T06:00:00+00:00,Running,1,2140.8,10.63,4.85,62.34,46.76,Pump A Running
2026-06-26T06:15:00+00:00,Running,1,2224.6,10.52,4.83,62.15,46.14,Pump A Running
2026-06-26T06:30:00+00:00,Running,1,2246.1,10.74,4.78,60.01,45.85,Pump A Running
2026-06-26T06:45:00+00:00,Running,1,2137.8,10.63,4.83,62.97,46.17,Pump A Running
2026-06-26T07:00:00+00:00,Running,1,2192.5,10.59,4.72,60.55,45.33,Pump A Running
2026-06-26T07:15:00+00:00,Running,1,2104.8,10.63,4.62,61.72,45.72,Pump A Running
2026-06-26T07:30:00+00:00,Running,1,2147.4,10.66,4.7,62.59,45.71,Pump A Running
2026-06-26T07:45:00+00:00,Running,1,2106.4,10.7,4.68,62.61,45.7,Pump A Running
2026-06-26T08:00:00+00:00,Running,1,2261.7,10.65,4.76,63.68,45.54,Pump A Running
2026-06-26T08:15:00+00:00,Running,1,2126.2,10.65,4.96,60.85,45.31,Pump A Running
2026-06-26T08:30:00+00:00,Running,1,1979.9,10.51,4.78,61.92,45.55,Pump A Running
2026-06-26T08:45:00+00:00,Running,1,2233.4,10.49,4.71,61.89,45.72,Pump A Running
2026-06-26T09:00:00+00:00,Running,1,2211.5,10.68,4.84,62.41,45.81,Pump A Running
2026-06-26T09:15:00+00:00,Running,1,2083.6,10.66,4.82,61.95,46.03,Pump A Running
2026-06-26T09:30:00+00:00,Running,1,2091.9,10.56,4.67,61.83,45.94,Pump A Running
2026-06-26T09:45:00+00:00,Running,1,2192.8,10.54,4.67,63.23,46.55,Pump A Running
2026-06-26T10:00:00+00:00,Running,1,2244.3,10.61,4.84,62.46,45.76,Pump A Running
2026-06-26T10:15:00+00:00,Running,1,2053.8,10.64,4.96,60.82,45.28,Pump A Running
2026-06-26T10:30:00+00:00,Running,1,2349.2,10.63,4.93,61.34,46.07,Pump A Running
2026-06-26T10:45:00+00:00,Running,1,2176.6,10.62,4.71,61.55,45.56,Pump A Running
2026-06-26T11:00:00+00:00,Running,1,2188.6,10.69,4.76,59.78,46.24,Pump A Running
2026-06-26T11:15:00+00:00,Running,1,2152.2,10.51,4.81,62.29,45.51,Pump A Running
2026-06-26T11:30:00+00:00,Running,1,2102.0,10.6,4.83,63.22,45.89,Pump A Running
2026-06-26T11:45:00+00:00,Running,1,2083.0,10.53,4.85,64.08,45.52,Pump A Running
2026-06-26T12:00:00+00:00,Running,1,2355.9,10.63,4.94,62.97,46.0,Pump A Running
2026-06-26T12:15:00+00:00,Running,1,2202.8,10.5,4.65,62.14,45.53,Pump A Running
2026-06-26T12:30:00+00:00,Running,1,2155.3,10.58,4.84,61.29,46.07,Pump A Running
2026-06-26T12:45:00+00:00,Running,1,2191.6,10.54,4.64,62.61,46.51,Pump A Running
2026-06-26T13:00:00+00:00,Running,1,2118.4,10.45,4.77,61.99,45.6,Pump A Running
2026-06-26T13:15:00+00:00,Running,1,2217.1,10.57,4.78,63.02,46.29,Pump A Running
2026-06-26T13:30:00+00:00,Running,1,2136.9,10.58,4.72,63.35,46.26,Pump A Running
2026-06-26T13:45:00+00:00,Running,1,2209.3,10.67,4.75,62.1,45.56,Pump A Running
2026-06-26T14:00:00+00:00,Running,1,2212.0,10.6,4.62,62.71,45.6,Pump A Running
2026-06-26T14:15:00+00:00,Running,1,2182.1,10.7,4.64,61.91,45.95,Pump A Running
2026-06-26T14:30:00+00:00,Running,1,2200.9,10.61,4.85,59.79,45.05,Pump A Running
2026-06-26T14:45:00+00:00,Running,1,2205.7,10.53,4.96,60.71,46.09,Pump A Running
2026-06-26T15:00:00+00:00,Running,1,2258.8,10.6,4.93,62.62,46.27,Pump A Running
2026-06-26T15:15:00+00:00,Running,1,2274.7,10.59,4.86,62.04,46.16,Pump A Running
2026-06-26T15:30:00+00:00,Running,1,2227.9,10.42,4.79,62.47,45.48,Pump A Running
2026-06-26T15:45:00+00:00,Running,1,2191.6,10.58,4.75,62.22,46.53,Pump A Running
2026-06-26T16:00:00+00:00,Running,1,2222.6,10.67,4.74,61.97,45.17,Pump A Running
2026-06-26T16:15:00+00:00,Running,1,2261.4,10.72,4.85,61.23,46.33,Pump A Running
2026-06-26T16:30:00+00:00,Running,1,2410.3,10.58,4.66,61.45,45.97,Pump A Running
2026-06-26T16:45:00+00:00,Running,1,2388.7,10.67,4.69,61.05,45.59,Pump A Running
2026-06-26T17:00:00+00:00,Running,1,2227.3,10.6,4.74,61.08,46.01,Pump A Running
2026-06-26T17:15:00+00:00,Running,1,2274.5,10.56,4.82,63.88,46.13,Pump A Running
2026-06-26T17:30:00+00:00,Running,1,2213.2,10.68,4.58,60.47,46.24,Pump A Running
2026-06-26T17:45:00+00:00,Running,1,2222.9,10.52,4.75,61.59,45.59,Pump A Running
2026-06-26T18:00:00+00:00,Running,1,2316.7,10.62,4.74,62.43,46.07,Pump A Running
2026-06-26T18:15:00+00:00,Running,1,2328.4,10.67,4.79,62.4,46.44,Pump A Running
2026-06-26T18:30:00+00:00,Running,1,2277.1,10.53,4.78,61.59,46.01,Pump A Running
2026-06-26T18:45:00+00:00,Running,1,2299.4,10.51,4.84,63.21,46.17,Pump A Running
2026-06-26T19:00:00+00:00,Running,1,2274.6,10.68,4.84,60.27,46.02,Pump A Running
2026-06-26T19:15:00+00:00,Running,1,2493.2,10.6,4.7,61.59,46.24,Pump A Running
2026-06-26T19:30:00+00:00,Running,1,2339.9,10.67,4.66,62.59,46.09,Pump A Running
2026-06-26T19:45:00+00:00,Running,1,2322.7,10.46,4.71,62.12,45.98,Pump A Running
2026-06-26T20:00:00+00:00,Running,1,2304.0,10.54,4.9,61.71,46.2,Pump A Running
2026-06-26T20:15:00+00:00,Running,1,2330.4,10.6,4.81,59.97,46.74,Pump A Running
2026-06-26T20:30:00+00:00,Running,1,2226.8,10.74,4.72,61.27,46.3,Pump A Running
2026-06-26T20:45:00+00:00,Running,1,2316.9,10.7,4.77,62.79,46.12,Pump A Running
2026-06-26T21:00:00+00:00,Running,1,2214.3,10.56,4.84,61.11,45.65,Pump A Running
2026-06-26T21:15:00+00:00,Running,1,2369.2,10.66,4.83,61.98,45.91,Pump A Running
2026-06-26T21:30:00+00:00,Running,1,2411.3,10.55,4.78,61.22,45.83,Pump A Running
2026-06-26T21:45:00+00:00,Running,1,2408.2,10.55,4.76,62.18,45.73,Pump A Running
2026-06-26T22:00:00+00:00,Running,1,2461.8,10.59,4.8,62.59,46.07,Pump A Running
2026-06-26T22:15:00+00:00,Running,1,2579.1,10.61,4.82,62.16,46.07,Pump A Running
2026-06-26T22:30:00+00:00,Running,1,2415.3,10.63,4.71,61.78,46.49,Pump A Running
2026-06-26T22:45:00+00:00,Running,1,2478.6,10.62,4.84,62.67,45.98,Pump A Running
2026-06-26T23:00:00+00:00,Running,1,2420.5,10.59,4.83,60.49,45.5,Pump A Running
2026-06-26T23:15:00+00:00,Running,1,2370.3,10.5,4.84,62.37,46.09,Pump A Running
2026-06-26T23:30:00+00:00,Running,1,2388.5,10.61,4.77,62.82,45.96,Pump A Running
2026-06-26T23:45:00+00:00,Running,1,2372.0,10.51,4.87,62.21,46.45,Pump A Running
2026-06-27T00:00:00+00:00,Running,1,2429.0,10.77,4.9,62.01,45.81,Pump A Running
2026-06-27T00:15:00+00:00,Running,1,2527.2,10.62,4.85,62.13,45.96,Pump A Running
2026-06-27T00:30:00+00:00,Running,1,2539.1,10.53,4.89,63.24,45.87,Pump A Running
2026-06-27T00:45:00+00:00,Running,1,2466.6,10.61,4.9,62.43,46.31,Pump A Running
2026-06-27T01:00:00+00:00,Running,1,2463.5,10.56,4.69,62.23,46.37,Pump A Running
2026-06-27T01:15:00+00:00,Running,1,2369.7,10.65,4.7,62.02,46.0,Pump A Running
2026-06-27T01:30:00+00:00,Running,1,2395.5,10.57,4.64,61.89,46.21,Pump A Running
2026-06-27T01:45:00+00:00,Running,1,2361.3,10.62,4.78,62.4,46.4,Pump A Running
2026-06-27T02:00:00+00:00,Stopped,0,0.0,0.0,0.12,0.0,29.12,Pumps Stopped
2026-06-27T02:15:00+00:00,Stopped,0,0.0,0.0,0.11,0.0,28.75,Pumps Stopped
2026-06-27T02:30:00+00:00,Stopped,0,0.0,0.0,0.15,0.0,29.18,Pumps Stopped
2026-06-27T02:45:00+00:00,Stopped,0,0.0,0.0,0.06,0.0,29.23,Pumps Stopped
2026-06-27T03:00:00+00:00,Stopped,0,0.0,0.0,0.12,0.0,28.52,Pumps Stopped
2026-06-27T03:15:00+00:00,Stopped,0,0.0,0.0,0.07,0.0,29.26,Pumps Stopped
2026-06-27T03:30:00+00:00,Running,1,2503.1,10.61,4.74,62.07,46.05,Pump A Running
2026-06-27T03:45:00+00:00,Running,1,2395.2,10.64,4.88,62.07,45.61,Pump A Running
2026-06-27T04:00:00+00:00,Running,1,2736.3,10.56,5.02,60.55,45.88,Pump A Running
2026-06-27T04:15:00+00:00,Running,1,2531.4,10.75,4.79,63.68,46.41,Pump A Running
2026-06-27T04:30:00+00:00,Running,1,2639.1,10.59,4.82,61.89,47.1,Pump A Running
2026-06-27T04:45:00+00:00,Running,1,2569.6,10.66,4.72,61.72,45.61,Pump A Running
2026-06-27T05:00:00+00:00,Running,1,2579.2,10.68,4.8,63.58,45.95,Pump A Running
2026-06-27T05:15:00+00:00,Running,1,2600.1,10.61,5.02,63.71,45.38,Pump A Running
2026-06-27T05:30:00+00:00,Running,1,2563.7,10.57,4.8,62.2,45.06,Pump A Running
2026-06-27T05:45:00+00:00,Running,1,2653.8,10.51,4.78,61.48,45.49,Pump A Running
2026-06-27T06:00:00+00:00,Running,1,2730.8,10.65,4.91,60.55,45.6,Pump A Running
2026-06-27T06:15:00+00:00,Running,1,2804.7,10.59,4.81,61.28,46.12,Pump A Running
2026-06-27T06:30:00+00:00,Running,1,2713.9,10.69,4.82,62.53,45.76,Pump A Running
2026-06-27T06:45:00+00:00,Running,1,2532.8,10.7,4.76,62.32,46.21,Pump A Running
2026-06-27T07:00:00+00:00,Running,1,2482.2,10.63,4.66,60.79,46.22,Pump A Running
2026-06-27T07:15:00+00:00,Running,1,2547.2,10.52,4.86,62.38,45.61,Pump A Running
2026-06-27T07:30:00+00:00,Running,1,2549.1,10.64,4.71,62.36,46.23,Pump A Running
2026-06-27T07:45:00+00:00,Running,1,2737.8,10.6,4.7,59.2,45.95,Pump A Running
2026-06-27T08:00:00+00:00,Running,1,2616.5,10.72,4.74,63.38,45.53,Pump A Running
2026-06-27T08:15:00+00:00,Running,1,2611.8,10.61,4.76,61.33,46.09,Pump A Running
2026-06-27T08:30:00+00:00,Running,1,2634.1,10.48,4.88,63.17,46.1,Pump A Running
2026-06-27T08:45:00+00:00,Running,1,2576.6,10.49,4.77,61.08,46.28,Pump A Running
2026-06-27T09:00:00+00:00,Running,1,2584.5,10.56,4.93,60.64,46.04,Pump A Running
2026-06-27T09:15:00+00:00,Running,1,2508.5,10.47,4.84,61.3,45.57,Pump A Running
2026-06-27T09:30:00+00:00,Running,1,2594.1,10.65,4.7,61.74,45.71,Pump A Running
2026-06-27T09:45:00+00:00,Running,1,2653.6,10.58,4.83,62.3,46.18,Pump A Running
2026-06-27T10:00:00+00:00,Running,1,2739.8,10.72,4.88,60.08,45.72,Pump A Running
2026-06-27T10:15:00+00:00,Running,1,2609.5,10.5,4.8,64.1,46.41,Pump A Running
2026-06-27T10:30:00+00:00,Running,1,2741.4,10.59,4.83,61.29,45.97,Pump A Running
2026-06-27T10:45:00+00:00,Running,1,2709.1,10.66,4.9,61.5,46.01,Pump A Running
2026-06-27T11:00:00+00:00,Running,1,2632.4,10.69,4.75,64.22,45.94,Pump A Running
2026-06-27T11:15:00+00:00,Running,1,2950.8,10.59,4.79,62.79,46.32,Pump A Running
2026-06-27T11:30:00+00:00,Running,1,2808.9,10.56,4.76,61.43,46.55,Pump A Running
2026-06-27T11:45:00+00:00,Running,1,2583.4,10.51,4.67,63.01,46.19,Pump A Running
2026-06-27T12:00:00+00:00,Running,1,2746.8,10.64,4.81,62.53,45.32,Pump A Running
2026-06-27T12:15:00+00:00,Running,1,2774.2,10.54,4.83,64.08,46.23,Pump A Running
2026-06-27T12:30:00+00:00,Running,1,2813.5,10.68,4.64,63.86,45.5,Pump A Running
2026-06-27T12:45:00+00:00,Running,1,2598.0,10.5,4.67,60.4,46.57,Pump A Running
2026-06-27T13:00:00+00:00,Running,1,2716.7,10.53,4.85,60.76,46.19,Pump A Running
2026-06-27T13:15:00+00:00,Running,1,2666.0,10.66,4.92,61.01,45.68,Pump A Running
2026-06-27T13:30:00+00:00,Running,1,2516.7,10.63,4.82,62.46,45.64,Pump A Running
2026-06-27T13:45:00+00:00,Running,1,2556.8,10.54,4.93,61.95,45.95,Pump A Running
2026-06-27T14:00:00+00:00,Running,1,2862.9,10.65,4.79,62.84,45.38,Pump A Running
2026-06-27T14:15:00+00:00,Running,1,2749.0,10.54,4.84,63.73,45.64,Pump A Running
2026-06-27T14:30:00+00:00,Running,1,2832.9,10.63,4.8,62.48,46.17,Pump A Running
2026-06-27T14:45:00+00:00,Running,1,2950.0,10.67,4.79,61.07,46.06,Pump A Running
2026-06-27T15:00:00+00:00,Running,1,2753.9,10.51,4.74,61.85,45.7,Pump A Running
2026-06-27T15:15:00+00:00,Running,1,2782.2,10.54,4.8,61.34,45.82,Pump A Running
2026-06-27T15:30:00+00:00,Running,1,2759.8,10.51,4.84,61.59,46.3,Pump A Running
2026-06-27T15:45:00+00:00,Running,1,2813.1,10.59,4.78,62.07,45.68,Pump A Running
2026-06-27T16:00:00+00:00,Running,1,2841.2,10.7,4.88,61.85,46.24,Pump A Running
2026-06-27T16:15:00+00:00,Running,1,2749.3,10.68,4.83,61.66,45.39,Pump A Running
2026-06-27T16:30:00+00:00,Running,1,2630.2,10.54,4.7,61.3,46.39,Pump A Running
2026-06-27T16:45:00+00:00,Running,1,2844.6,10.56,4.76,60.73,45.7,Pump A Running
2026-06-27T17:00:00+00:00,Running,1,2689.8,10.58,4.98,61.67,45.52,Pump A Running
2026-06-27T17:15:00+00:00,Running,1,2821.8,10.63,4.7,60.65,46.08,Pump A Running
2026-06-27T17:30:00+00:00,Running,1,2705.8,10.61,4.84,61.22,46.48,Pump A Running
2026-06-27T17:45:00+00:00,Running,1,2814.7,10.59,4.83,61.54,46.01,Pump A Running
2026-06-27T18:00:00+00:00,Running,1,2749.8,10.71,4.79,63.45,45.76,Pump A Running
2026-06-27T18:15:00+00:00,Running,1,2682.6,10.54,4.79,62.5,46.1,Pump A Running
2026-06-27T18:30:00+00:00,Running,1,2749.3,10.55,4.75,61.55,45.69,Pump A Running
2026-06-27T18:45:00+00:00,Running,1,2664.6,10.52,4.8,63.41,46.16,Pump A Running
2026-06-27T19:00:00+00:00,Running,1,2747.2,10.55,4.9,63.75,45.75,Pump A Running
2026-06-27T19:15:00+00:00,Running,1,2878.4,10.57,4.79,61.93,45.63,Pump A Running
2026-06-27T19:30:00+00:00,Running,1,2798.8,10.61,4.8,62.91,46.77,Pump A Running
2026-06-27T19:45:00+00:00,Running,1,2802.0,10.49,4.69,62.51,46.18,Pump A Running
2026-06-27T20:00:00+00:00,Running,1,2818.7,10.71,4.74,60.34,46.75,Pump A Running
2026-06-27T20:15:00+00:00,Running,1,2819.4,10.61,5.0,61.11,45.54,Pump A Running
2026-06-27T20:30:00+00:00,Running,1,2836.1,10.56,4.76,62.13,46.21,Pump A Running
2026-06-27T20:45:00+00:00,Running,1,2842.5,10.54,4.94,62.38,46.15,Pump A Running
2026-06-27T21:00:00+00:00,Running,1,2832.0,10.52,4.87,62.77,45.56,Pump A Running
2026-06-27T21:15:00+00:00,Running,1,2800.7,10.66,4.81,61.73,45.8,Pump A Running
2026-06-27T21:30:00+00:00,Running,1,2792.2,10.58,4.8,62.79,45.82,Pump A Running
2026-06-27T21:45:00+00:00,Running,1,2825.5,10.55,4.85,61.6,45.72,Pump A Running
2026-06-27T22:00:00+00:00,Running,1,2640.8,10.54,4.87,59.89,45.67,Pump A Running
2026-06-27T22:15:00+00:00,Running,1,2762.4,10.53,4.83,62.33,46.37,Pump A Running
2026-06-27T22:30:00+00:00,Running,1,2665.9,10.55,4.89,61.94,46.59,Pump A Running
2026-06-27T22:45:00+00:00,Running,1,2624.0,10.62,4.88,63.22,46.05,Pump A Running
2026-06-27T23:00:00+00:00,Running,1,2756.9,10.67,4.85,62.73,45.47,Pump A Running
2026-06-27T23:15:00+00:00,Running,1,2541.2,10.58,4.93,63.08,46.12,Pump A Running
2026-06-27T23:30:00+00:00,Running,1,2838.1,10.52,4.78,62.91,45.88,Pump A Running
2026-06-27T23:45:00+00:00,Running,1,2900.4,10.55,4.79,60.62,45.54,Pump A Running
2026-06-28T00:00:00+00:00,Running,1,2652.2,10.5,4.92,60.69,45.6,Pump A Running
2026-06-28T00:15:00+00:00,Running,1,2610.7,10.58,4.84,62.82,45.92,Pump A Running
2026-06-28T00:30:00+00:00,Running,1,2778.6,10.7,4.71,61.11,46.27,Pump A Running
2026-06-28T00:45:00+00:00,Running,1,2714.6,10.74,4.77,62.68,47.2,Pump A Running
2026-06-28T01:00:00+00:00,Running,1,2770.2,10.5,4.79,60.78,44.76,Pump A Running
2026-06-28T01:15:00+00:00,Running,1,2890.4,10.48,4.72,62.77,46.32,Pump A Running
2026-06-28T01:30:00+00:00,Running,1,2737.9,10.51,4.7,60.83,45.87,Pump A Running
2026-06-28T01:45:00+00:00,Running,1,2654.8,10.58,4.78,60.55,46.08,Pump A Running
2026-06-28T02:00:00+00:00,Stopped,0,0.0,0.0,0.05,0.0,29.6,Pumps Stopped
2026-06-28T02:15:00+00:00,Stopped,0,0.0,0.0,0.13,0.0,29.53,Pumps Stopped
2026-06-28T02:30:00+00:00,Stopped,0,0.0,0.0,0.11,0.0,29.16,Pumps Stopped
2026-06-28T02:45:00+00:00,Stopped,0,0.0,0.0,0.06,0.0,29.1,Pumps Stopped
2026-06-28T03:00:00+00:00,Stopped,0,0.0,0.0,0.14,0.0,28.93,Pumps Stopped
2026-06-28T03:15:00+00:00,Stopped,0,0.0,0.0,0.11,0.0,29.17,Pumps Stopped
2026-06-28T03:30:00+00:00,Running,1,2749.6,10.59,4.77,63.63,45.93,Pump A Running
2026-06-28T03:45:00+00:00,Running,1,2784.8,10.61,4.82,61.96,46.25,Pump A Running
2026-06-28T04:00:00+00:00,Running,1,2628.8,10.44,4.81,60.61,45.61,Pump A Running
2026-06-28T04:15:00+00:00,Running,1,2595.6,10.52,4.87,63.01,45.97,Pump A Running
2026-06-28T04:30:00+00:00,Running,1,2756.5,10.57,4.81,62.69,45.6,Pump A Running
2026-06-28T04:45:00+00:00,Running,1,2784.8,10.54,4.87,61.11,46.23,Pump A Running
2026-06-28T05:00:00+00:00,Running,1,2524.0,10.64,4.76,61.6,45.85,Pump A Running
2026-06-28T05:15:00+00:00,Running,1,2632.5,10.64,4.74,61.89,46.22,Pump A Running
2026-06-28T05:30:00+00:00,Running,1,2630.0,10.63,4.83,62.82,46.14,Pump A Running
2026-06-28T05:45:00+00:00,Running,1,2675.8,10.61,4.92,60.88,45.19,Pump A Running
2026-06-28T06:00:00+00:00,Running,1,2653.1,10.69,4.77,60.62,45.8,Pump A Running
2026-06-28T06:15:00+00:00,Running,1,2576.4,10.7,4.8,61.15,46.15,Pump A Running
2026-06-28T06:30:00+00:00,Running,1,2616.6,10.63,4.75,62.98,46.15,Pump A Running
2026-06-28T06:45:00+00:00,Running,1,2329.3,10.62,4.83,60.99,46.02,Pump A Running
2026-06-28T07:00:00+00:00,Running,1,2561.1,10.55,4.69,62.88,45.74,Pump A Running
2026-06-28T07:15:00+00:00,Running,1,2579.4,10.59,4.79,62.62,45.55,Pump A Running
2026-06-28T07:30:00+00:00,Running,1,2631.8,10.65,4.85,62.42,46.43,Pump A Running
2026-06-28T07:45:00+00:00,Running,1,2714.4,10.65,4.58,62.22,46.73,Pump A Running
2026-06-28T08:00:00+00:00,Running,1,2573.4,10.47,4.85,61.22,46.44,Pump A Running
2026-06-28T08:15:00+00:00,Running,1,2552.4,10.65,4.91,62.1,45.48,Pump A Running
2026-06-28T08:30:00+00:00,Running,1,2553.4,10.6,4.89,64.68,45.85,Pump A Running
2026-06-28T08:45:00+00:00,Running,1,2473.7,10.5,4.89,61.13,45.51,Pump A Running
2026-06-28T09:00:00+00:00,Running,1,2469.9,10.63,4.8,61.38,46.65,Pump A Running
2026-06-28T09:15:00+00:00,Running,1,2474.0,10.69,4.73,61.41,46.22,Pump A Running
2026-06-28T09:30:00+00:00,Running,1,2570.9,10.71,4.78,62.29,46.09,Pump A Running
2026-06-28T09:45:00+00:00,Running,1,2498.5,10.73,4.76,62.06,45.67,Pump A Running
2026-06-28T10:00:00+00:00,Running,1,2556.4,10.59,4.72,62.74,45.89,Pump A Running
2026-06-28T10:15:00+00:00,Running,1,2443.7,10.63,4.83,63.49,46.2,Pump A Running
2026-06-28T10:30:00+00:00,Running,1,2618.6,10.64,4.79,64.55,45.28,Pump A Running
2026-06-28T10:45:00+00:00,Running,1,2509.6,10.59,4.82,62.32,45.53,Pump A Running
2026-06-28T11:00:00+00:00,Running,1,2583.2,10.56,4.79,61.13,46.35,Pump A Running
2026-06-28T11:15:00+00:00,Running,1,2555.9,10.8,4.77,61.98,45.71,Pump A Running
2026-06-28T11:30:00+00:00,Running,1,2395.3,10.53,4.86,61.34,46.33,Pump A Running
2026-06-28T11:45:00+00:00,Running,1,2552.1,10.62,4.78,62.23,45.58,Pump A Running
2026-06-28T12:00:00+00:00,Running,1,2370.9,10.6,4.83,63.28,46.25,Pump A Running
2026-06-28T12:15:00+00:00,Running,1,2476.3,10.64,4.88,61.38,45.95,Pump A Running
2026-06-28T12:30:00+00:00,Running,1,2471.2,10.65,4.75,62.1,45.69,Pump A Running
2026-06-28T12:45:00+00:00,Running,1,2463.8,10.56,4.64,60.43,46.53,Pump A Running
2026-06-28T13:00:00+00:00,Running,1,2293.5,10.53,4.88,61.03,45.87,Pump A Running
2026-06-28T13:15:00+00:00,Running,1,2491.7,10.63,4.79,62.86,45.92,Pump A Running
2026-06-28T13:30:00+00:00,Running,1,2455.7,10.65,4.86,62.45,45.04,Pump A Running
2026-06-28T13:45:00+00:00,Running,1,2325.6,10.6,4.75,61.28,46.67,Pump A Running
2026-06-28T14:00:00+00:00,Running,1,2323.4,10.57,4.82,63.47,45.06,Pump A Running
2026-06-28T14:15:00+00:00,Running,1,2463.1,10.54,4.65,60.96,45.28,Pump A Running
2026-06-28T14:30:00+00:00,Running,1,2264.9,10.48,4.7,61.22,45.56,Pump A Running
2026-06-28T14:45:00+00:00,Running,1,2424.7,10.73,4.77,61.1,46.26,Pump A Running
2026-06-28T15:00:00+00:00,Running,1,2365.6,10.72,4.75,62.46,46.6,Pump A Running
2026-06-28T15:15:00+00:00,Running,1,2417.6,10.58,4.91,61.82,45.49,Pump A Running
2026-06-28T15:30:00+00:00,Running,1,2285.4,10.58,4.91,62.81,46.07,Pump A Running
2026-06-28T15:45:00+00:00,Running,1,2426.7,10.53,4.73,62.38,46.08,Pump A Running
2026-06-28T16:00:00+00:00,Running,1,2337.1,10.45,4.73,62.0,46.04,Pump A Running
2026-06-28T16:15:00+00:00,Running,1,2160.5,10.64,4.88,61.22,46.27,Pump A Running
2026-06-28T16:30:00+00:00,Running,1,2247.5,10.7,4.75,60.54,46.22,Pump A Running
2026-06-28T16:45:00+00:00,Running,1,2311.2,10.55,4.69,61.24,45.51,Pump A Running
2026-06-28T17:00:00+00:00,Running,1,2243.6,10.69,4.86,61.72,45.47,Pump A Running
2026-06-28T17:15:00+00:00,Running,1,2317.0,10.59,4.94,62.38,45.22,Pump A Running
2026-06-28T17:30:00+00:00,Running,1,2393.5,10.46,4.76,62.48,46.3,Pump A Running
2026-06-28T17:45:00+00:00,Running,1,2404.7,10.6,4.8,62.91,46.79,Pump A Running
2026-06-28T18:00:00+00:00,Running,1,2384.7,10.56,4.92,61.96,45.71,Pump A Running
2026-06-28T18:15:00+00:00,Running,1,2313.1,10.53,4.7,60.48,46.85,Pump A Running
2026-06-28T18:30:00+00:00,Running,1,2217.8,10.67,4.75,61.37,45.97,Pump A Running
2026-06-28T18:45:00+00:00,Running,1,2259.4,10.71,4.78,61.14,46.26,Pump A Running
2026-06-28T19:00:00+00:00,Running,1,2230.5,10.66,4.82,61.42,45.79,Pump A Running
2026-06-28T19:15:00+00:00,Running,1,2230.2,10.59,4.9,62.27,46.19,Pump A Running
2026-06-28T19:30:00+00:00,Running,1,2256.3,10.61,4.77,60.08,45.65,Pump A Running
2026-06-28T19:45:00+00:00,Running,1,2159.0,10.75,4.77,63.21,46.59,Pump A Running
2026-06-28T20:00:00+00:00,Running,1,2366.9,10.65,4.77,63.42,46.23,Pump A Running
2026-06-28T20:15:00+00:00,Running,1,2151.5,10.62,4.92,61.86,45.77,Pump A Running
2026-06-28T20:30:00+00:00,Running,1,2188.1,10.62,4.86,61.51,46.3,Pump A Running
2026-06-28T20:45:00+00:00,Running,1,2337.0,10.63,4.86,62.18,46.44,Pump A Running
2026-06-28T21:00:00+00:00,Running,1,2131.8,10.64,4.68,60.2,45.61,Pump A Running
2026-06-28T21:15:00+00:00,Running,1,2502.6,10.56,4.8,62.35,46.34,Pump A Running
2026-06-28T21:30:00+00:00,Running,1,2170.2,10.47,4.88,61.78,45.79,Pump A Running
2026-06-28T21:45:00+00:00,Running,1,2123.0,10.59,4.84,63.35,46.02,Pump A Running
2026-06-28T22:00:00+00:00,Running,1,2154.8,10.59,4.79,62.08,46.02,Pump A Running
2026-06-28T22:15:00+00:00,Running,1,2267.4,10.62,4.74,61.85,45.24,Pump A Running
2026-06-28T22:30:00+00:00,Running,1,2192.1,10.53,4.72,63.18,46.19,Pump A Running
2026-06-28T22:45:00+00:00,Running,1,2097.8,10.73,4.82,61.68,46.44,Pump A Running
2026-06-28T23:00:00+00:00,Running,1,2260.3,10.54,4.95,62.21,46.2,Pump A Running
2026-06-28T23:15:00+00:00,Running,1,2356.7,10.63,4.81,61.07,45.7,Pump A Running
2026-06-28T23:30:00+00:00,Running,1,2131.9,10.76,4.81,61.08,46.26,Pump A Running
2026-06-28T23:45:00+00:00,Running,1,2099.1,10.59,4.82,62.88,45.79,Pump A Running
2026-06-29T00:00:00+00:00,Running,1,2190.5,10.59,4.84,60.6,46.06,Pump A Running
2026-06-29T00:15:00+00:00,Running,1,2277.6,10.58,4.71,60.62,46.23,Pump A Running
2026-06-29T00:30:00+00:00,Running,1,2296.5,10.61,4.91,63.29,45.69,Pump A Running
2026-06-29T00:45:00+00:00,Running,1,2147.6,10.57,4.82,62.19,45.76,Pump A Running
2026-06-29T01:00:00+00:00,Running,1,2263.2,10.65,4.71,61.43,45.66,Pump A Running
2026-06-29T01:15:00+00:00,Running,1,2082.9,10.65,4.71,61.72,46.39,Pump A Running
2026-06-29T01:30:00+00:00,Running,1,2197.5,10.42,4.74,62.79,46.19,Pump A Running
2026-06-29T01:45:00+00:00,Running,1,2201.7,10.62,4.8,61.34,46.16,Pump A Running
2026-06-29T02:00:00+00:00,Stopped,0,0.0,0.0,0.13,0.0,28.83,Pumps Stopped
2026-06-29T02:15:00+00:00,Stopped,0,0.0,0.0,0.13,0.0,29.4,Pumps Stopped
2026-06-29T02:30:00+00:00,Stopped,0,0.0,0.0,0.13,0.0,29.03,Pumps Stopped
2026-06-29T02:45:00+00:00,Stopped,0,0.0,0.0,0.1,0.0,29.2,Pumps Stopped
2026-06-29T03:00:00+00:00,Stopped,0,0.0,0.0,0.11,0.0,29.54,Pumps Stopped
2026-06-29T03:15:00+00:00,Stopped,0,0.0,0.0,0.08,0.0,29.34,Pumps Stopped
2026-06-29T03:30:00+00:00,Running,1,2284.7,10.52,4.77,60.79,46.25,Pump A Running
2026-06-29T03:45:00+00:00,Running,1,2244.5,10.62,4.8,62.26,45.75,Pump A Running
2026-06-29T04:00:00+00:00,Running,1,2224.2,10.65,4.79,61.58,46.1,Pump A Running
2026-06-29T04:15:00+00:00,Running,1,2086.8,10.65,4.78,62.23,45.99,Pump A Running
2026-06-29T04:30:00+00:00,Running,1,2153.0,10.68,4.69,60.87,46.06,Pump A Running
2026-06-29T04:45:00+00:00,Running,1,2059.7,10.63,4.77,60.91,45.6,Pump A Running
2026-06-29T05:00:00+00:00,Running,1,2122.2,10.5,4.79,63.43,46.53,Pump A Running
2026-06-29T05:15:00+00:00,Running,1,1920.6,10.61,4.71,60.31,45.59,Pump A Running
2026-06-29T05:30:00+00:00,Running,1,2244.3,10.66,4.78,61.88,45.4,Pump A Running
2026-06-29T05:45:00+00:00,Running,1,2108.5,10.47,4.88,61.43,45.89,Pump A Running
2026-06-29T06:00:00+00:00,Running,1,2019.8,10.59,4.81,62.26,46.23,Pump A Running
2026-06-29T06:15:00+00:00,Running,1,2112.8,10.65,4.76,61.88,46.4,Pump A Running
2026-06-29T06:30:00+00:00,Running,1,2205.3,10.6,4.95,61.75,46.1,Pump A Running
2026-06-29T06:45:00+00:00,Running,1,2073.6,10.66,4.85,61.96,46.49,Pump A Running
2026-06-29T07:00:00+00:00,Running,1,2175.7,10.68,4.94,62.85,45.78,Pump A Running
2026-06-29T07:15:00+00:00,Running,1,2136.7,10.59,4.73,60.48,45.85,Pump A Running
2026-06-29T07:30:00+00:00,Running,1,2221.8,10.61,4.73,61.88,45.26,Pump A Running
2026-06-29T07:45:00+00:00,Running,1,2248.1,10.58,4.88,61.42,46.28,Pump A Running
2026-06-29T08:00:00+00:00,Running,1,1986.8,10.53,4.77,62.38,45.23,Pump A Running
2026-06-29T08:15:00+00:00,Running,1,2066.9,10.71,4.75,62.63,45.88,Pump A Running
2026-06-29T08:30:00+00:00,Running,1,2215.4,10.63,4.76,63.23,46.25,Pump A Running
2026-06-29T08:45:00+00:00,Running,1,2173.6,10.66,4.69,62.2,45.77,Pump A Running
2026-06-29T09:00:00+00:00,Running,1,2232.2,10.55,4.74,63.35,45.58,Pump A Running
2026-06-29T09:15:00+00:00,Running,1,2093.3,10.6,4.7,61.87,46.43,Pump A Running
2026-06-29T09:30:00+00:00,Running,1,2133.1,10.46,4.87,62.39,45.88,Pump A Running
2026-06-29T09:45:00+00:00,Running,1,2225.9,10.56,4.78,61.5,45.57,Pump A Running
2026-06-29T10:00:00+00:00,Running,1,2164.0,10.63,4.81,61.67,45.93,Pump A Running
2026-06-29T10:15:00+00:00,Running,1,2312.0,10.62,4.74,61.14,46.23,Pump A Running
2026-06-29T10:30:00+00:00,Running,1,2247.1,10.67,4.78,61.69,46.01,Pump A Running
2026-06-29T10:45:00+00:00,Running,1,2225.4,10.57,4.81,61.06,46.06,Pump A Running
2026-06-29T11:00:00+00:00,Running,1,2025.6,10.58,4.89,61.66,46.01,Pump A Running
2026-06-29T11:15:00+00:00,Running,1,2078.9,10.69,4.92,63.55,45.79,Pump A Running
2026-06-29T11:30:00+00:00,Running,1,2200.6,10.53,4.96,61.36,46.01,Pump A Running
2026-06-29T11:45:00+00:00,Running,1,2140.8,10.6,4.75,61.5,45.9,Pump A Running
2026-06-29T12:00:00+00:00,Running,1,2080.3,10.64,4.81,62.02,47.28,Pump A Running
2026-06-29T12:15:00+00:00,Running,1,2148.4,10.57,4.84,61.94,46.65,Pump A Running
2026-06-29T12:30:00+00:00,Running,1,2039.0,10.6,4.93,61.98,45.85,Pump A Running
2026-06-29T12:45:00+00:00,Running,1,2214.3,10.56,4.74,61.56,45.97,Pump A Running
2026-06-29T13:00:00+00:00,Running,1,2007.2,10.51,4.62,63.31,45.23,Pump A Running
2026-06-29T13:15:00+00:00,Running,1,2070.1,10.62,4.83,62.47,46.13,Pump A Running
2026-06-29T13:30:00+00:00,Running,1,2185.6,10.66,4.64,62.09,45.84,Pump A Running
2026-06-29T13:45:00+00:00,Running,1,2149.6,10.63,4.82,64.61,46.16,Pump A Running
2026-06-29T14:00:00+00:00,Running,1,2262.7,10.55,4.9,60.65,45.94,Pump A Running
2026-06-29T14:15:00+00:00,Running,1,2326.7,10.62,4.77,63.22,45.8,Pump A Running
2026-06-29T14:30:00+00:00,Running,1,2123.3,10.58,4.82,61.15,45.59,Pump A Running
2026-06-29T14:45:00+00:00,Running,1,2320.1,10.63,4.73,61.86,46.21,Pump A Running
2026-06-29T15:00:00+00:00,Running,1,2294.5,10.7,4.86,62.73,45.69,Pump A Running
2026-06-29T15:15:00+00:00,Running,1,2309.3,10.73,4.82,60.29,46.4,Pump A Running
2026-06-29T15:30:00+00:00,Running,1,2069.4,10.6,4.84,61.59,45.58,Pump A Running
2026-06-29T15:45:00+00:00,Running,1,2301.9,10.65,4.8,62.62,45.34,Pump A Running
2026-06-29T16:00:00+00:00,Running,1,2249.4,10.63,4.95,62.15,45.81,Pump A Running
2026-06-29T16:15:00+00:00,Running,1,2246.6,10.67,4.78,60.44,45.36,Pump A Running
2026-06-29T16:30:00+00:00,Running,1,2228.9,10.67,4.74,61.62,45.81,Pump A Running
2026-06-29T16:45:00+00:00,Running,1,2308.7,10.66,4.8,62.42,44.75,Pump A Running
2026-06-29T17:00:00+00:00,Running,1,2225.5,10.56,4.77,62.27,45.83,Pump A Running
2026-06-29T17:15:00+00:00,Running,1,2253.2,10.67,4.84,61.75,46.43,Pump A Running
2026-06-29T17:30:00+00:00,Running,1,2084.8,10.66,4.95,61.9,45.81,Pump A Running
2026-06-29T17:45:00+00:00,Running,1,2410.0,10.61,4.78,63.42,45.67,Pump A Running
2026-06-29T18:00:00+00:00,Running,1,2313.3,10.58,4.8,63.07,46.21,Pump A Running
2026-06-29T18:15:00+00:00,Running,1,2360.0,10.71,4.83,60.92,45.61,Pump A Running
2026-06-29T18:30:00+00:00,Running,1,2358.5,10.71,4.78,62.6,46.29,Pump A Running
2026-06-29T18:45:00+00:00,Running,1,2177.8,10.54,4.76,61.81,45.43,Pump A Running
2026-06-29T19:00:00+00:00,Running,1,2266.6,10.51,4.77,60.4,45.37,Pump A Running
2026-06-29T19:15:00+00:00,Running,1,2320.6,10.58,4.86,61.98,44.93,Pump A Running
2026-06-29T19:30:00+00:00,Running,1,2348.4,10.62,4.63,61.74,45.92,Pump A Running
2026-06-29T19:45:00+00:00,Running,1,2456.2,10.44,4.87,61.73,46.11,Pump A Running
2026-06-29T20:00:00+00:00,Running,1,2353.6,10.58,4.9,62.21,45.39,Pump A Running
2026-06-29T20:15:00+00:00,Running,1,2260.7,10.52,4.83,62.28,46.35,Pump A Running
2026-06-29T20:30:00+00:00,Running,1,2353.7,10.62,4.74,63.0,45.8,Pump A Running
2026-06-29T20:45:00+00:00,Running,1,2230.7,10.7,4.9,62.82,45.96,Pump A Running
2026-06-29T21:00:00+00:00,Running,1,2347.4,10.68,4.83,60.94,45.86,Pump A Running
2026-06-29T21:15:00+00:00,Running,1,2438.3,10.67,4.78,60.52,46.1,Pump A Running
2026-06-29T21:30:00+00:00,Running,1,2372.2,10.75,4.71,62.64,45.84,Pump A Running
2026-06-29T21:45:00+00:00,Running,1,2370.4,10.66,4.63,61.14,45.56,Pump A Running
2026-06-29T22:00:00+00:00,Running,1,2419.0,10.59,4.78,63.08,45.97,Pump A Running
2026-06-29T22:15:00+00:00,Running,1,2494.4,10.53,4.85,62.93,45.57,Pump A Running
2026-06-29T22:30:00+00:00,Running,1,2357.9,10.59,4.79,62.87,45.66,Pump A Running
2026-06-29T22:45:00+00:00,Running,1,2299.3,10.47,4.87,61.58,45.77,Pump A Running
2026-06-29T23:00:00+00:00,Running,1,2362.4,10.6,4.76,62.84,45.81,Pump A Running
2026-06-29T23:15:00+00:00,Running,1,2534.8,10.67,4.78,60.6,45.86,Pump A Running
2026-06-29T23:30:00+00:00,Running,1,2393.7,10.6,4.68,62.06,46.33,Pump A Running
2026-06-29T23:45:00+00:00,Running,1,2501.9,10.38,4.74,61.9,46.24,Pump A Running
2026-06-30T00:00:00+00:00,Running,1,2590.8,10.61,4.88,62.13,46.51,Pump A Running
2026-06-30T00:15:00+00:00,Running,1,2462.5,10.61,4.72,61.9,46.3,Pump A Running
2026-06-30T00:30:00+00:00,Running,1,2450.7,10.5,4.69,60.77,45.94,Pump A Running
2026-06-30T00:45:00+00:00,Running,1,2505.8,10.7,4.85,63.55,45.86,Pump A Running
2026-06-30T01:00:00+00:00,Running,1,2514.3,10.51,4.81,64.12,46.77,Pump A Running
2026-06-30T01:15:00+00:00,Running,1,2417.6,10.69,4.91,60.16,45.97,Pump A Running
2026-06-30T01:30:00+00:00,Running,1,2465.3,10.61,4.88,60.74,46.31,Pump A Running
2026-06-30T01:45:00+00:00,Running,1,2576.7,10.6,4.72,63.63,46.17,Pump A Running
2026-06-30T02:00:00+00:00,Stopped,0,0.0,0.0,0.14,0.0,29.04,Pumps Stopped
2026-06-30T02:15:00+00:00,Stopped,0,0.0,0.0,0.12,0.0,29.38,Pumps Stopped
2026-06-30T02:30:00+00:00,Stopped,0,0.0,0.0,0.15,0.0,28.8,Pumps Stopped
2026-06-30T02:45:00+00:00,Stopped,0,0.0,0.0,0.12,0.0,28.91,Pumps Stopped
2026-06-30T03:00:00+00:00,Stopped,0,0.0,0.0,0.1,0.0,29.37,Pumps Stopped
2026-06-30T03:15:00+00:00,Stopped,0,0.0,0.0,0.14,0.0,28.83,Pumps Stopped
2026-06-30T03:30:00+00:00,Running,1,2557.3,10.64,4.83,62.46,46.28,Pump A Running
2026-06-30T03:45:00+00:00,Running,1,2661.5,10.71,4.83,62.1,45.88,Pump A Running
2026-06-30T04:00:00+00:00,Running,1,2466.3,10.59,4.83,62.79,45.97,Pump A Running
2026-06-30T04:15:00+00:00,Running,1,2704.9,10.63,4.84,61.27,45.91,Pump A Running
2026-06-30T04:30:00+00:00,Running,1,2625.4,10.47,4.72,62.57,45.9,Pump A Running
2026-06-30T04:45:00+00:00,Running,1,2689.1,10.59,4.72,63.51,46.14,Pump A Running
2026-06-30T05:00:00+00:00,Running,1,2700.5,10.51,4.79,60.85,45.54,Pump A Running
2026-06-30T05:15:00+00:00,Running,1,2605.5,10.61,4.82,61.13,46.21,Pump A Running
2026-06-30T05:30:00+00:00,Running,1,2713.0,10.58,4.75,62.05,46.08,Pump A Running
2026-06-30T05:45:00+00:00,Running,1,2720.2,10.47,4.92,60.72,45.64,Pump A Running
2026-06-30T06:00:00+00:00,Running,1,2574.1,10.57,4.97,61.71,45.71,Pump A Running
2026-06-30T06:15:00+00:00,Running,1,2604.2,10.58,4.96,62.35,45.98,Pump A Running
2026-06-30T06:30:00+00:00,Running,1,2652.8,10.69,4.7,62.01,46.45,Pump A Running
2026-06-30T06:45:00+00:00,Running,1,2546.1,10.51,4.62,61.78,45.9,Pump A Running
2026-06-30T07:00:00+00:00,Running,1,2779.9,10.55,4.75,62.98,46.1,Pump A Running
2026-06-30T07:15:00+00:00,Running,1,2738.3,10.5,4.76,61.25,45.47,Pump A Running
2026-06-30T07:30:00+00:00,Running,1,2784.4,10.61,4.88,61.29,45.99,Pump A Running
2026-06-30T07:45:00+00:00,Running,1,2606.3,10.57,4.88,61.33,45.92,Pump A Running
2026-06-30T08:00:00+00:00,Running,1,2556.4,10.68,4.88,60.81,46.06,Pump A Running
2026-06-30T08:15:00+00:00,Running,1,2668.1,10.62,4.78,61.89,46.09,Pump A Running
2026-06-30T08:30:00+00:00,Running,1,2555.8,10.62,4.86,62.55,45.66,Pump A Running
2026-06-30T08:45:00+00:00,Running,1,2786.2,10.56,4.89,61.08,46.19,Pump A Running
2026-06-30T09:00:00+00:00,Running,1,2624.8,10.59,4.73,62.93,45.87,Pump A Running
2026-06-30T09:15:00+00:00,Running,1,2553.3,10.54,4.94,61.67,45.91,Pump A Running
2026-06-30T09:30:00+00:00,Running,1,2627.8,10.54,4.87,62.91,45.83,Pump A Running
2026-06-30T09:45:00+00:00,Running,1,2815.6,10.6,4.81,63.57,45.96,Pump A Running
2026-06-30T10:00:00+00:00,Running,1,2762.1,10.7,4.84,61.2,45.75,Pump A Running
2026-06-30T10:15:00+00:00,Running,1,2683.5,10.64,4.76,60.28,46.13,Pump A Running
2026-06-30T10:30:00+00:00,Running,1,2647.4,10.6,4.77,62.73,46.17,Pump A Running
2026-06-30T10:45:00+00:00,Running,1,2689.0,10.54,4.87,62.37,46.07,Pump A Running
2026-06-30T11:00:00+00:00,Running,1,2613.5,10.77,4.77,62.58,46.5,Pump A Running
2026-06-30T11:15:00+00:00,Running,1,2685.3,10.58,4.82,62.09,46.11,Pump A Running
2026-06-30T11:30:00+00:00,Running,1,2595.8,10.5,4.67,63.79,46.26,Pump A Running
2026-06-30T11:45:00+00:00,Running,1,2803.1,10.71,4.86,61.65,46.28,Pump A Running
2026-06-30T12:00:00+00:00,Running,1,2658.4,10.61,4.77,63.02,45.72,Pump A Running
2026-06-30T12:15:00+00:00,Running,1,2728.7,10.61,4.88,60.92,46.11,Pump A Running
2026-06-30T12:30:00+00:00,Running,1,2881.0,10.69,4.61,61.59,46.84,Pump A Running
2026-06-30T12:45:00+00:00,Running,1,2687.7,10.55,4.86,62.88,45.8,Pump A Running
2026-06-30T13:00:00+00:00,Running,1,2587.9,10.59,4.93,62.83,46.93,Pump A Running
2026-06-30T13:15:00+00:00,Running,1,2938.5,10.63,4.88,61.21,45.93,Pump A Running
2026-06-30T13:30:00+00:00,Running,1,2727.0,10.53,4.72,61.81,45.67,Pump A Running
2026-06-30T13:45:00+00:00,Running,1,2725.0,10.64,4.84,61.03,45.99,Pump A Running
2026-06-30T14:00:00+00:00,Running,1,2727.0,10.6,4.82,61.08,45.61,Pump A Running
2026-06-30T14:15:00+00:00,Running,1,2685.1,10.61,4.66,63.68,45.67,Pump A Running
2026-06-30T14:30:00+00:00,Running,1,2627.5,10.48,4.8,63.17,45.98,Pump A Running
2026-06-30T14:45:00+00:00,Running,1,2720.5,10.53,4.91,61.67,45.89,Pump A Running
2026-06-30T15:00:00+00:00,Running,1,2838.1,10.67,4.76,63.34,45.99,Pump A Running
2026-06-30T15:15:00+00:00,Running,1,2846.2,10.6,4.82,60.84,46.02,Pump A Running
2026-06-30T15:30:00+00:00,Running,1,2728.6,10.54,4.66,63.03,46.51,Pump A Running
2026-06-30T15:45:00+00:00,Running,1,2905.4,10.51,4.83,62.58,45.91,Pump A Running
2026-06-30T16:00:00+00:00,Running,1,2781.6,10.54,4.71,61.82,46.66,Pump A Running
2026-06-30T16:15:00+00:00,Running,1,2798.3,10.66,4.75,62.43,46.05,Pump A Running
2026-06-30T16:30:00+00:00,Running,1,2799.5,10.57,4.86,61.98,45.92,Pump A Running
2026-06-30T16:45:00+00:00,Running,1,2803.3,10.71,4.68,61.91,45.84,Pump A Running
2026-06-30T17:00:00+00:00,Running,1,2705.1,10.6,4.78,61.05,45.82,Pump A Running
2026-06-30T17:15:00+00:00,Running,1,2712.2,10.46,4.75,62.12,46.57,Pump A Running
2026-06-30T17:30:00+00:00,Running,1,2555.4,10.72,4.81,62.07,45.68,Pump A Running
2026-06-30T17:45:00+00:00,Running,1,2756.6,10.69,4.77,60.28,45.55,Pump A Running
2026-06-30T18:00:00+00:00,Running,1,2771.5,10.58,4.82,62.73,45.78,Pump A Running
2026-06-30T18:15:00+00:00,Running,1,2702.2,10.64,4.73,61.77,46.03,Pump A Running
2026-06-30T18:30:00+00:00,Running,1,2840.9,10.68,4.95,61.9,46.3,Pump A Running
2026-06-30T18:45:00+00:00,Running,1,2794.6,10.58,4.87,61.91,46.13,Pump A Running
2026-06-30T19:00:00+00:00,Running,1,2783.6,10.5,4.7,61.75,46.09,Pump A Running
2026-06-30T19:15:00+00:00,Running,1,2723.6,10.59,4.84,61.63,45.88,Pump A Running
2026-06-30T19:30:00+00:00,Running,1,2779.0,10.52,4.83,61.43,46.03,Pump A Running
2026-06-30T19:45:00+00:00,Running,1,2738.8,10.55,4.84,61.49,45.54,Pump A Running
2026-06-30T20:00:00+00:00,Running,1,2754.1,10.6,4.81,61.62,45.7,Pump A Running
2026-06-30T20:15:00+00:00,Running,1,2768.8,10.65,4.88,60.61,45.68,Pump A Running
2026-06-30T20:30:00+00:00,Running,1,2608.7,10.67,4.83,61.36,46.62,Pump A Running
2026-06-30T20:45:00+00:00,Running,1,2772.9,10.67,4.76,62.47,46.34,Pump A Running
2026-06-30T21:00:00+00:00,Running,1,2720.8,10.49,4.77,62.0,46.08,Pump A Running
2026-06-30T21:15:00+00:00,Running,1,2709.5,10.43,4.83,61.94,45.71,Pump A Running
2026-06-30T21:30:00+00:00,Running,1,2830.5,10.54,4.76,63.62,45.75,Pump A Running
2026-06-30T21:45:00+00:00,Running,1,2750.6,10.52,4.82,62.88,45.59,Pump A Running
2026-06-30T22:00:00+00:00,Running,1,2825.6,10.53,4.83,61.8,45.93,Pump A Running
2026-06-30T22:15:00+00:00,Running,1,2716.4,10.6,4.77,61.91,46.26,Pump A Running
2026-06-30T22:30:00+00:00,Running,1,2557.4,10.6,4.88,62.26,46.5,Pump A Running
2026-06-30T22:45:00+00:00,Running,1,2598.1,10.62,4.76,61.65,46.22,Pump A Running
2026-06-30T23:00:00+00:00,Running,1,2654.8,10.41,4.9,63.34,45.97,Pump A Running
2026-06-30T23:15:00+00:00,Running,1,2873.5,10.62,4.87,60.4,46.45,Pump A Running
2026-06-30T23:30:00+00:00,Running,1,2740.7,10.48,4.72,61.0,46.35,Pump A Running
2026-06-30T23:45:00+00:00,Running,1,2644.5,10.66,4.85,63.28,45.7,Pump A Running
2026-07-01T00:00:00+00:00,Running,1,2659.3,10.73,4.84,61.39,46.08,Pump A Running
2026-07-01T00:15:00+00:00,Running,1,2919.8,10.71,4.79,62.62,46.04,Pump A Running
2026-07-01T00:30:00+00:00,Running,1,2811.8,10.67,4.89,62.59,45.63,Pump A Running
2026-07-01T00:45:00+00:00,Running,1,2676.5,10.71,4.75,61.58,45.94,Pump A Running
2026-07-01T01:00:00+00:00,Running,1,2826.2,10.5,4.91,61.02,45.76,Pump A Running
2026-07-01T01:15:00+00:00,Running,1,2656.9,10.69,4.9,60.14,46.03,Pump A Running
2026-07-01T01:30:00+00:00,Running,1,2733.6,10.62,4.82,63.62,45.99,Pump A Running
2026-07-01T01:45:00+00:00,Running,1,2672.0,10.56,4.78,60.99,46.37,Pump A Running
2026-07-01T02:00:00+00:00,Stopped,0,0.0,0.0,0.17,0.0,28.51,Pumps Stopped
2026-07-01T02:15:00+00:00,Stopped,0,0.0,0.0,0.15,0.0,29.05,Pumps Stopped
2026-07-01T02:30:00+00:00,Stopped,0,0.0,0.0,0.13,0.0,29.48,Pumps Stopped
2026-07-01T02:45:00+00:00,Stopped,0,0.0,0.0,0.09,0.0,28.67,Pumps Stopped
2026-07-01T03:00:00+00:00,Stopped,0,0.0,0.0,0.1,0.0,29.19,Pumps Stopped
2026-07-01T03:15:00+00:00,Stopped,0,0.0,0.0,0.11,0.0,28.72,Pumps Stopped
2026-07-01T03:30:00+00:00,Running,1,2689.8,10.57,4.72,61.59,45.93,Pump A Running
2026-07-01T03:45:00+00:00,Running,1,2572.5,10.66,4.91,61.31,46.12,Pump A Running
2026-07-01T04:00:00+00:00,Running,1,2755.8,10.68,4.85,63.7,46.23,Pump A Running
2026-07-01T04:15:00+00:00,Running,1,2754.1,10.75,4.65,62.25,45.45,Pump A Running
2026-07-01T04:30:00+00:00,Running,1,2724.6,10.53,4.86,61.26,45.99,Pump A Running
2026-07-01T04:45:00+00:00,Running,1,2753.9,10.63,4.84,60.68,45.68,Pump A Running
2026-07-01T05:00:00+00:00,Running,1,2643.9,10.58,4.79,61.84,46.68,Pump A Running
2026-07-01T05:15:00+00:00,Running,1,2671.8,10.61,4.87,61.65,46.18,Pump A Running
2026-07-01T05:30:00+00:00,Running,1,2770.1,10.6,4.92,62.82,45.98,Pump A Running
2026-07-01T05:45:00+00:00,Running,1,2646.2,10.65,4.94,63.55,45.64,Pump A Running
2026-07-01T06:00:00+00:00,Running,1,2726.9,10.61,4.83,62.88,46.11,Pump A Running
2026-07-01T06:15:00+00:00,Running,1,2655.4,10.6,4.72,62.25,45.72,Pump A Running
2026-07-01T06:30:00+00:00,Running,1,2648.8,10.63,4.89,60.89,46.35,Pump A Running
2026-07-01T06:45:00+00:00,Running,1,2586.4,10.55,4.76,61.78,45.68,Pump A Running
2026-07-01T07:00:00+00:00,Running,1,2655.3,10.56,4.9,62.38,46.37,Pump A Running
2026-07-01T07:15:00+00:00,Running,1,2563.9,10.62,4.86,61.89,46.44,Pump A Running
2026-07-01T07:30:00+00:00,Running,1,2603.0,10.57,4.78,61.38,45.56,Pump A Running
2026-07-01T07:45:00+00:00,Running,1,2559.7,10.57,4.82,64.01,46.05,Pump A Running
2026-07-01T08:00:00+00:00,Running,1,2707.7,10.56,4.86,63.2,46.01,Pump A Running
2026-07-01T08:15:00+00:00,Running,1,2652.4,10.69,4.73,61.28,46.25,Pump A Running
2026-07-01T08:30:00+00:00,Running,1,2509.2,10.55,4.84,63.67,46.17,Pump A Running
2026-07-01T08:45:00+00:00,Running,1,2497.8,10.62,4.98,61.34,45.46,Pump A Running
2026-07-01T09:00:00+00:00,Running,1,2628.7,10.71,4.74,61.66,46.05,Pump A Running
2026-07-01T09:15:00+00:00,Running,1,2371.3,10.58,4.85,60.9,45.34,Pump A Running
2026-07-01T09:30:00+00:00,Running,1,2495.0,10.61,4.61,62.38,46.19,Pump A Running
2026-07-01T09:45:00+00:00,Running,1,2717.5,10.58,4.71,62.17,45.91,Pump A Running
2026-07-01T10:00:00+00:00,Running,1,2775.3,10.64,4.73,63.04,46.07,Pump A Running
2026-07-01T10:15:00+00:00,Running,1,2520.1,10.54,4.77,63.14,45.87,Pump A Running
2026-07-01T10:30:00+00:00,Running,1,2607.5,10.65,4.87,63.46,45.91,Pump A Running
2026-07-01T10:45:00+00:00,Running,1,2319.8,10.62,4.83,62.52,46.6,Pump A Running
2026-07-01T11:00:00+00:00,Running,1,2672.2,10.49,4.74,62.42,46.46,Pump A Running
2026-07-01T11:15:00+00:00,Running,1,2464.8,10.53,4.9,61.11,45.72,Pump A Running
2026-07-01T11:30:00+00:00,Running,1,2528.0,10.59,4.82,61.52,45.95,Pump A Running
2026-07-01T11:45:00+00:00,Running,1,2468.4,10.66,4.84,62.46,46.44,Pump A Running
2026-07-01T12:00:00+00:00,Running,1,2556.0,10.67,4.87,62.81,45.66,Pump A Running
2026-07-01T12:15:00+00:00,Running,1,2522.1,10.56,4.69,61.07,46.62,Pump A Running
2026-07-01T12:30:00+00:00,Running,1,2433.7,10.6,4.71,61.99,45.72,Pump A Running
2026-07-01T12:45:00+00:00,Running,1,2487.4,10.55,5.01,61.51,46.35,Pump A Running
2026-07-01T13:00:00+00:00,Running,1,2434.9,10.4,4.81,61.32,45.78,Pump A Running
2026-07-01T13:15:00+00:00,Running,1,2243.2,10.62,4.72,60.9,46.35,Pump A Running
2026-07-01T13:30:00+00:00,Running,1,2433.2,10.54,4.77,60.81,46.27,Pump A Running
2026-07-01T13:45:00+00:00,Running,1,2388.5,10.51,4.83,63.68,45.39,Pump A Running
2026-07-01T14:00:00+00:00,Running,1,2449.3,10.51,4.76,60.39,46.02,Pump A Running
2026-07-01T14:15:00+00:00,Running,1,2368.3,10.57,4.92,60.97,45.98,Pump A Running
2026-07-01T14:30:00+00:00,Running,1,2353.1,10.58,4.84,63.13,45.25,Pump A Running
2026-07-01T14:45:00+00:00,Running,1,2325.6,10.69,4.98,61.33,46.22,Pump A Running
2026-07-01T15:00:00+00:00,Running,1,2365.0,10.62,4.72,62.15,46.24,Pump A Running
2026-07-01T15:15:00+00:00,Running,1,2324.0,10.54,4.91,60.03,46.06,Pump A Running
2026-07-01T15:30:00+00:00,Running,1,2192.9,10.68,4.69,62.64,45.81,Pump A Running
2026-07-01T15:45:00+00:00,Running,1,2468.1,10.74,4.92,61.44,46.32,Pump A Running
2026-07-01T16:00:00+00:00,Running,1,2338.3,10.59,4.73,61.98,46.02,Pump A Running
2026-07-01T16:15:00+00:00,Running,1,2318.5,10.61,4.91,61.99,45.16,Pump A Running
2026-07-01T16:30:00+00:00,Running,1,2228.7,10.53,4.84,62.05,46.43,Pump A Running
2026-07-01T16:45:00+00:00,Running,1,2295.5,10.58,4.88,61.2,45.51,Pump A Running
2026-07-01T17:00:00+00:00,Running,1,2343.8,10.64,4.67,61.51,46.02,Pump A Running
2026-07-01T17:15:00+00:00,Running,1,2247.7,10.58,4.93,62.6,45.98,Pump A Running
2026-07-01T17:30:00+00:00,Running,1,2370.2,10.62,4.89,61.0,45.48,Pump A Running
2026-07-01T17:45:00+00:00,Running,1,2315.6,10.65,4.73,60.55,45.49,Pump A Running
2026-07-01T18:00:00+00:00,Running,1,2361.6,10.54,4.8,62.33,46.21,Pump A Running
2026-07-01T18:15:00+00:00,Running,1,2156.1,10.74,4.84,61.23,46.53,Pump A Running
2026-07-01T18:30:00+00:00,Running,1,2226.5,10.58,4.81,61.4,45.77,Pump A Running
2026-07-01T18:45:00+00:00,Running,1,2314.7,10.71,4.84,62.32,46.89,Pump A Running
2026-07-01T19:00:00+00:00,Running,1,2373.9,10.6,4.88,62.89,45.74,Pump A Running
2026-07-01T19:15:00+00:00,Running,1,2235.5,10.63,4.86,60.98,45.91,Pump A Running
2026-07-01T19:30:00+00:00,Running,1,2244.7,10.64,4.65,60.36,46.53,Pump A Running
2026-07-01T19:45:00+00:00,Running,1,2291.7,10.45,4.79,61.13,46.4,Pump A Running
2026-07-01T20:00:00+00:00,Running,1,2238.1,10.61,4.91,63.42,46.12,Pump A Running
2026-07-01T20:15:00+00:00,Running,1,2323.1,10.64,4.78,60.63,45.93,Pump A Running
2026-07-01T20:30:00+00:00,Running,1,2185.5,10.57,4.67,60.73,45.69,Pump A Running
2026-07-01T20:45:00+00:00,Running,1,2274.1,10.6,4.85,62.65,45.69,Pump A Running
2026-07-01T21:00:00+00:00,Running,1,2205.5,10.6,4.92,62.19,45.49,Pump A Running
2026-07-01T21:15:00+00:00,Running,1,2043.1,10.63,4.85,62.6,45.46,Pump A Running
2026-07-01T21:30:00+00:00,Running,1,2236.7,10.46,4.87,60.47,46.25,Pump A Running
2026-07-01T21:45:00+00:00,Running,1,2232.6,10.71,4.85,62.0,46.05,Pump A Running
2026-07-01T22:00:00+00:00,Running,1,2328.6,10.56,4.86,60.6,45.48,Pump A Running
2026-07-01T22:15:00+00:00,Running,1,2167.9,10.68,4.78,61.42,45.67,Pump A Running
2026-07-01T22:30:00+00:00,Running,1,2194.4,10.57,4.87,61.72,46.24,Pump A Running
2026-07-01T22:45:00+00:00,Running,1,2271.8,10.61,4.86,61.0,45.67,Pump A Running
2026-07-01T23:00:00+00:00,Running,1,2301.7,10.69,4.87,62.73,45.77,Pump A Running
2026-07-01T23:15:00+00:00,Running,1,2295.6,10.6,4.68,64.36,45.59,Pump A Running
2026-07-01T23:30:00+00:00,Running,1,2254.2,10.73,4.74,61.72,46.25,Pump A Running
2026-07-01T23:45:00+00:00,Running,1,2165.5,10.65,4.7,62.08,46.88,Pump A Running
2026-07-02T00:00:00+00:00,Running,1,2147.3,10.51,4.72,62.43,45.18,Pump A Running
2026-07-02T00:15:00+00:00,Running,1,2231.8,10.57,4.94,61.1,45.89,Pump A Running
2026-07-02T00:30:00+00:00,Running,1,2018.3,10.65,4.76,63.95,46.58,Pump A Running
2026-07-02T00:45:00+00:00,Running,1,2143.6,10.54,4.78,61.85,45.99,Pump A Running
2026-07-02T01:00:00+00:00,Running,1,2262.2,10.6,4.7,62.17,45.54,Pump A Running
2026-07-02T01:15:00+00:00,Running,1,2119.2,10.62,4.74,62.26,45.82,Pump A Running
2026-07-02T01:30:00+00:00,Running,1,2049.8,10.64,4.79,61.83,45.42,Pump A Running
2026-07-02T01:45:00+00:00,Running,1,2257.8,10.54,4.85,61.54,46.01,Pump A Running
2026-07-02T02:00:00+00:00,Stopped,0,0.0,0.0,0.08,0.0,28.75,Pumps Stopped
2026-07-02T02:15:00+00:00,Stopped,0,0.0,0.0,0.11,0.0,28.88,Pumps Stopped
2026-07-02T02:30:00+00:00,Stopped,0,0.0,0.0,0.14,0.0,29.02,Pumps Stopped
2026-07-02T02:45:00+00:00,Stopped,0,0.0,0.0,0.13,0.0,28.98,Pumps Stopped
2026-07-02T03:00:00+00:00,Stopped,0,0.0,0.0,0.16,0.0,28.95,Pumps Stopped
2026-07-02T03:15:00+00:00,Stopped,0,0.0,0.0,0.1,0.0,28.59,Pumps Stopped
2026-07-02T03:30:00+00:00,Running,1,2184.2,10.59,4.81,61.89,45.43,Pump A Running
2026-07-02T03:45:00+00:00,Running,1,2165.4,10.54,4.82,61.09,45.7,Pump A Running
2026-07-02T04:00:00+00:00,Running,1,2096.3,10.67,4.7,63.39,45.91,Pump A Running
2026-07-02T04:15:00+00:00,Running,1,2251.4,10.62,4.92,60.82,45.54,Pump A Running
2026-07-02T04:30:00+00:00,Running,1,2183.4,10.77,4.84,61.23,46.2,Pump A Running
2026-07-02T04:45:00+00:00,Running,1,2167.3,10.6,4.84,63.8,45.33,Pump A Running
2026-07-02T05:00:00+00:00,Running,1,2148.3,10.54,4.81,60.26,45.75,Pump A Running
2026-07-02T05:15:00+00:00,Running,1,2267.6,10.67,4.88,60.92,46.34,Pump A Running
2026-07-02T05:30:00+00:00,Running,1,2079.0,10.56,4.86,61.36,46.13,Pump A Running
2026-07-02T05:45:00+00:00,Running,1,2209.9,10.63,4.72,61.24,46.12,Pump A Running
2026-07-02T06:00:00+00:00,Running,1,2168.1,10.64,4.82,63.4,45.81,Pump A Running
2026-07-02T06:15:00+00:00,Running,1,2185.9,10.6,4.76,62.02,46.27,Pump A Running
2026-07-02T06:30:00+00:00,Running,1,1972.8,10.63,4.85,59.59,45.68,Pump A Running
2026-07-02T06:45:00+00:00,Running,1,2153.7,10.57,4.74,62.98,45.85,Pump A Running
2026-07-02T07:00:00+00:00,Running,1,2244.0,10.58,4.82,62.1,44.97,Pump A Running
2026-07-02T07:15:00+00:00,Running,1,2089.5,10.62,4.85,61.9,46.39,Pump A Running
2026-07-02T07:30:00+00:00,Running,1,2257.9,10.58,4.8,62.76,45.72,Pump A Running
2026-07-02T07:45:00+00:00,Running,1,2234.8,10.53,4.71,61.96,46.07,Pump A Running
2026-07-02T08:00:00+00:00,Running,1,2214.6,10.63,4.94,62.86,46.05,Pump A Running
2026-07-02T08:15:00+00:00,Running,1,1928.1,10.69,4.78,61.6,45.41,Pump A Running
2026-07-02T08:30:00+00:00,Running,1,2116.9,10.58,4.84,60.19,46.34,Pump A Running
2026-07-02T08:45:00+00:00,Running,1,2251.4,10.5,4.71,61.56,45.86,Pump A Running
2026-07-02T09:00:00+00:00,Running,1,2171.6,10.56,4.87,60.78,46.26,Pump A Running
2026-07-02T09:15:00+00:00,Running,1,2280.8,10.65,4.76,62.28,46.21,Pump A Running
2026-07-02T09:30:00+00:00,Running,1,2103.8,10.64,4.82,62.66,46.01,Pump A Running
2026-07-02T09:45:00+00:00,Running,1,2206.6,10.47,4.77,60.87,46.18,Pump A Running
2026-07-02T10:00:00+00:00,Running,1,2178.7,10.53,4.91,61.65,45.71,Pump A Running
2026-07-02T10:15:00+00:00,Running,1,2357.5,10.62,4.84,60.15,46.13,Pump A Running
2026-07-02T10:30:00+00:00,Running,1,2141.6,10.58,4.72,62.99,45.25,Pump A Running
2026-07-02T10:45:00+00:00,Running,1,2170.8,10.59,4.68,61.47,46.47,Pump A Running
2026-07-02T11:00:00+00:00,Running,1,2184.8,10.44,4.86,62.34,46.14,Pump A Running
2026-07-02T11:15:00+00:00,Running,1,2281.4,10.53,4.66,63.09,45.49,Pump A Running
2026-07-02T11:30:00+00:00,Running,1,2253.4,10.69,4.66,62.63,45.77,Pump A Running
2026-07-02T11:45:00+00:00,Running,1,2124.1,10.56,4.91,62.21,45.83,Pump A Running
2026-07-02T12:00:00+00:00,Running,1,1981.0,10.57,4.89,61.8,46.05,Pump A Running
2026-07-02T12:15:00+00:00,Running,1,2116.5,10.66,4.85,63.65,46.09,Pump A Running
2026-07-02T12:30:00+00:00,Running,1,2240.7,10.57,4.95,62.4,46.45,Pump A Running
2026-07-02T12:45:00+00:00,Running,1,2213.0,10.68,4.78,61.79,46.24,Pump A Running
2026-07-02T13:00:00+00:00,Running,1,2181.6,10.54,4.7,61.74,46.05,Pump A Running
2026-07-02T13:15:00+00:00,Running,1,2256.0,10.64,4.85,60.75,46.26,Pump A Running
2026-07-02T13:30:00+00:00,Running,1,2308.8,10.59,4.73,63.05,46.05,Pump A Running
2026-07-02T13:45:00+00:00,Running,1,2173.4,10.58,4.81,61.95,46.37,Pump A Running
2026-07-02T14:00:00+00:00,Running,1,2223.0,10.64,4.68,63.63,45.8,Pump A Running
2026-07-02T14:15:00+00:00,Running,1,2201.9,10.55,4.84,60.83,46.46,Pump A Running
2026-07-02T14:30:00+00:00,Running,1,2300.5,10.64,4.78,61.11,45.99,Pump A Running
2026-07-02T14:45:00+00:00,Running,1,2168.7,10.63,4.78,61.9,46.0,Pump A Running
2026-07-02T15:00:00+00:00,Running,1,2215.3,10.66,4.79,62.78,46.36,Pump A Running
2026-07-02T15:15:00+00:00,Running,1,2251.8,10.59,4.83,63.25,45.77,Pump A Running
2026-07-02T15:30:00+00:00,Running,1,2349.1,10.5,4.96,63.14,45.62,Pump A Running
2026-07-02T15:45:00+00:00,Running,1,2238.3,10.58,4.95,63.57,45.6,Pump A Running
2026-07-02T16:00:00+00:00,Running,1,2214.0,10.63,4.6,61.73,45.99,Pump A Running
2026-07-02T16:15:00+00:00,Running,1,2391.2,10.61,4.9,61.33,45.9,Pump A Running
2026-07-02T16:30:00+00:00,Running,1,2425.2,10.59,4.85,62.35,46.64,Pump A Running
2026-07-02T16:45:00+00:00,Running,1,2490.0,10.49,4.83,62.48,46.14,Pump A Running
2026-07-02T17:00:00+00:00,Running,1,2146.2,10.65,4.8,62.33,46.38,Pump A Running
2026-07-02T17:15:00+00:00,Running,1,2431.7,10.64,4.83,60.91,46.67,Pump A Running
2026-07-02T17:30:00+00:00,Running,1,2259.8,10.5,4.74,61.21,45.88,Pump A Running
2026-07-02T17:45:00+00:00,Running,1,2265.2,10.64,4.8,61.97,45.76,Pump A Running
2026-07-02T18:00:00+00:00,Running,1,2310.3,10.54,4.83,62.32,46.08,Pump A Running
2026-07-02T18:15:00+00:00,Running,1,2346.7,10.56,4.6,62.84,45.79,Pump A Running
2026-07-02T18:30:00+00:00,Running,1,2122.5,10.61,4.77,63.31,45.8,Pump A Running
2026-07-02T18:45:00+00:00,Running,1,2323.9,10.62,4.95,61.35,45.98,Pump A Running
2026-07-02T19:00:00+00:00,Running,1,2240.3,10.71,4.91,62.06,45.53,Pump A Running
2026-07-02T19:15:00+00:00,Running,1,2258.8,10.68,4.8,60.05,45.87,Pump A Running
2026-07-02T19:30:00+00:00,Running,1,2340.7,10.71,4.93,62.2,45.4,Pump A Running
2026-07-02T19:45:00+00:00,Running,1,2446.0,10.56,4.86,62.81,45.91,Pump A Running
2026-07-02T20:00:00+00:00,Running,1,2444.0,10.7,4.93,62.5,45.31,Pump A Running
2026-07-02T20:15:00+00:00,Running,1,2459.6,10.64,4.83,61.3,45.74,Pump A Running
2026-07-02T20:30:00+00:00,Running,1,2360.2,10.7,4.64,62.22,45.78,Pump A Running
2026-07-02T20:45:00+00:00,Running,1,2202.2,10.59,4.75,62.14,45.59,Pump A Running
2026-07-02T21:00:00+00:00,Running,1,2573.5,10.55,4.72,62.68,46.21,Pump A Running
2026-07-02T21:15:00+00:00,Running,1,2428.1,10.63,4.9,62.32,45.78,Pump A Running
2026-07-02T21:30:00+00:00,Running,1,2427.8,10.56,4.71,62.38,45.85,Pump A Running
2026-07-02T21:45:00+00:00,Running,1,2304.5,10.56,4.88,60.55,46.52,Pump A Running
2026-07-02T22:00:00+00:00,Running,1,2508.9,10.52,4.76,61.5,46.06,Pump A Running
2026-07-02T22:15:00+00:00,Running,1,2278.8,10.62,4.86,62.45,46.54,Pump A Running
2026-07-02T22:30:00+00:00,Running,1,2435.0,10.63,4.81,62.95,46.11,Pump A Running
2026-07-02T22:45:00+00:00,Running,1,2222.9,10.65,4.71,61.19,46.2,Pump A Running
2026-07-02T23:00:00+00:00,Running,1,2352.8,10.59,4.9,62.74,46.38,Pump A Running
2026-07-02T23:15:00+00:00,Running,1,2497.8,10.6,4.92,61.17,46.42,Pump A Running
2026-07-02T23:30:00+00:00,Running,1,2436.5,10.49,4.71,61.17,45.16,Pump A Running
2026-07-02T23:45:00+00:00,Running,1,2290.9,10.59,4.56,62.2,46.66,Pump A Running
2026-07-03T00:00:00+00:00,Running,1,2448.3,10.53,4.81,61.3,45.94,Pump A Running
2026-07-03T00:15:00+00:00,Running,1,2549.2,10.62,4.87,62.28,46.42,Pump A Running
2026-07-03T00:30:00+00:00,Running,1,2510.1,10.51,4.72,62.74,45.7,Pump A Running
2026-07-03T00:45:00+00:00,Running,1,2540.4,10.67,4.71,63.1,45.88,Pump A Running
2026-07-03T01:00:00+00:00,Running,1,2485.8,10.57,4.9,62.49,46.43,Pump A Running
2026-07-03T01:15:00+00:00,Running,1,2406.4,10.54,4.76,60.63,46.3,Pump A Running
2026-07-03T01:30:00+00:00,Running,1,2528.6,10.7,4.85,61.0,45.85,Pump A Running
2026-07-03T01:45:00+00:00,Running,1,2583.1,10.58,4.79,59.66,45.89,Pump A Running
2026-07-03T02:00:00+00:00,Stopped,0,0.0,0.0,0.15,0.0,29.4,Pumps Stopped
2026-07-03T02:15:00+00:00,Stopped,0,0.0,0.0,0.08,0.0,28.7,Pumps Stopped
2026-07-03T02:30:00+00:00,Stopped,0,0.0,0.0,0.15,0.0,29.52,Pumps Stopped
2026-07-03T02:45:00+00:00,Stopped,0,0.0,0.0,0.15,0.0,29.03,Pumps Stopped
2026-07-03T03:00:00+00:00,Stopped,0,0.0,0.0,0.12,0.0,29.05,Pumps Stopped
2026-07-03T03:15:00+00:00,Stopped,0,0.0,0.0,0.15,0.0,28.99,Pumps Stopped
2026-07-03T03:30:00+00:00,Running,1,2589.5,10.58,4.74,62.93,46.78,Pump A Running
2026-07-03T03:45:00+00:00,Running,1,2614.3,10.56,4.81,60.7,45.73,Pump A Running
2026-07-03T04:00:00+00:00,Running,1,2603.3,10.61,4.88,63.37,46.0,Pump A Running
2026-07-03T04:15:00+00:00,Running,1,2546.4,10.53,4.75,63.47,45.05,Pump A Running
2026-07-03T04:30:00+00:00,Running,1,2574.3,10.57,4.75,61.98,46.08,Pump A Running
2026-07-03T04:45:00+00:00,Running,1,2751.2,10.65,4.81,61.75,46.56,Pump A Running
2026-07-03T05:00:00+00:00,Running,1,2525.4,10.64,4.8,63.16,46.09,Pump A Running
2026-07-03T05:15:00+00:00,Running,1,2574.6,10.7,4.8,61.0,45.65,Pump A Running
2026-07-03T05:30:00+00:00,Running,1,2662.7,10.6,4.79,60.56,45.42,Pump A Running
2026-07-03T05:45:00+00:00,Running,1,2543.7,10.62,4.63,63.8,46.08,Pump A Running
2026-07-03T06:00:00+00:00,Running,1,2656.5,10.53,4.89,61.03,46.02,Pump A Running
2026-07-03T06:15:00+00:00,Running,1,2614.7,10.6,4.92,62.22,46.6,Pump A Running
2026-07-03T06:30:00+00:00,Running,1,2685.1,10.57,4.84,62.08,46.5,Pump A Running
2026-07-03T06:45:00+00:00,Running,1,2480.9,10.54,4.81,60.76,46.14,Pump A Running
2026-07-03T07:00:00+00:00,Running,1,2802.2,10.66,4.76,62.58,46.37,Pump A Running
2026-07-03T07:15:00+00:00,Running,1,2609.1,10.6,4.64,60.93,45.6,Pump A Running
2026-07-03T07:30:00+00:00,Running,1,2731.0,10.54,4.79,60.67,45.26,Pump A Running
2026-07-03T07:45:00+00:00,Running,1,2740.0,10.77,4.8,62.77,46.02,Pump A Running
2026-07-03T08:00:00+00:00,Running,1,2740.6,10.49,4.8,63.02,46.15,Pump A Running
2026-07-03T08:15:00+00:00,Running,1,2625.7,10.57,4.76,61.91,45.69,Pump A Running
2026-07-03T08:30:00+00:00,Running,1,2788.4,10.6,4.84,61.19,46.11,Pump A Running
2026-07-03T08:45:00+00:00,Running,1,2668.2,10.67,4.71,62.64,46.39,Pump A Running
2026-07-03T09:00:00+00:00,Running,1,2684.9,10.66,4.95,63.25,46.3,Pump A Running
2026-07-03T09:15:00+00:00,Running,1,2782.0,10.63,4.83,62.27,45.48,Pump A Running
2026-07-03T09:30:00+00:00,Running,1,2727.0,10.67,4.96,62.86,46.4,Pump A Running
2026-07-03T09:45:00+00:00,Running,1,2697.8,10.61,4.83,63.43,46.62,Pump A Running
2026-07-03T10:00:00+00:00,Running,1,2593.7,10.56,4.73,61.31,46.88,Pump A Running
2026-07-03T10:15:00+00:00,Running,1,2668.4,10.57,4.9,62.24,45.92,Pump A Running
2026-07-03T10:30:00+00:00,Running,1,2739.0,10.61,4.73,60.42,46.02,Pump A Running
2026-07-03T10:45:00+00:00,Running,1,2802.5,10.6,4.73,61.58,45.9,Pump A Running
2026-07-03T11:00:00+00:00,Running,1,2616.7,10.6,4.86,60.74,46.51,Pump A Running
2026-07-03T11:15:00+00:00,Running,1,2739.8,10.7,4.8,63.07,45.61,Pump A Running
2026-07-03T11:30:00+00:00,Running,1,2646.9,10.68,4.87,61.39,45.66,Pump A Running
2026-07-03T11:45:00+00:00,Running,1,2551.5,10.48,4.73,61.78,45.47,Pump A Running
2026-07-03T12:00:00+00:00,Running,1,2631.7,10.71,4.83,63.2,46.35,Pump A Running
2026-07-03T12:15:00+00:00,Running,1,2712.2,10.57,4.78,61.23,45.87,Pump A Running
2026-07-03T12:30:00+00:00,Running,1,2674.2,10.66,4.74,62.83,45.91,Pump A Running
2026-07-03T12:45:00+00:00,Running,1,2771.1,10.66,4.86,61.17,45.61,Pump A Running
2026-07-03T13:00:00+00:00,Running,1,2605.6,10.61,4.83,62.79,46.79,Pump A Running
2026-07-03T13:15:00+00:00,Running,1,2819.0,10.62,4.84,62.37,45.04,Pump A Running
2026-07-03T13:30:00+00:00,Running,1,2729.8,10.68,4.9,62.19,46.25,Pump A Running
2026-07-03T13:45:00+00:00,Running,1,2846.0,10.67,4.89,61.96,46.15,Pump A Running
2026-07-03T14:00:00+00:00,Running,1,2757.2,10.59,4.8,63.09,45.54,Pump A Running
2026-07-03T14:15:00+00:00,Running,1,2743.4,10.56,4.87,62.31,46.78,Pump A Running
2026-07-03T14:30:00+00:00,Running,1,2818.0,10.57,4.79,61.61,45.44,Pump A Running
2026-07-03T14:45:00+00:00,Running,1,2939.6,10.5,4.77,61.64,46.35,Pump A Running
2026-07-03T15:00:00+00:00,Running,1,2749.5,10.67,4.75,61.26,46.37,Pump A Running
2026-07-03T15:15:00+00:00,Running,1,2755.5,10.61,4.71,63.25,46.86,Pump A Running
2026-07-03T15:30:00+00:00,Running,1,2703.6,10.51,4.87,61.99,46.3,Pump A Running
2026-07-03T15:45:00+00:00,Running,1,2887.4,10.61,4.83,63.39,46.62,Pump A Running
2026-07-03T16:00:00+00:00,Running,1,2889.6,10.66,4.76,60.54,46.29,Pump A Running
2026-07-03T16:15:00+00:00,Running,1,2852.0,10.58,4.72,60.59,46.39,Pump A Running
2026-07-03T16:30:00+00:00,Running,1,2742.4,10.52,4.8,60.8,45.05,Pump A Running
2026-07-03T16:45:00+00:00,Running,1,2870.5,10.54,4.97,63.73,46.58,Pump A Running
2026-07-03T17:00:00+00:00,Running,1,2877.6,10.51,4.89,61.56,46.31,Pump A Running
2026-07-03T17:15:00+00:00,Running,1,2758.1,10.57,4.68,61.17,45.46,Pump A Running
2026-07-03T17:30:00+00:00,Running,1,2708.5,10.51,4.86,61.56,45.89,Pump A Running
2026-07-03T17:45:00+00:00,Running,1,2791.0,10.51,4.75,63.03,46.16,Pump A Running
2026-07-03T18:00:00+00:00,Running,1,2836.5,10.63,4.69,61.42,45.74,Pump A Running
2026-07-03T18:15:00+00:00,Running,1,2703.5,10.57,4.83,61.49,45.25,Pump A Running
2026-07-03T18:30:00+00:00,Running,1,2780.4,10.56,4.96,62.64,46.53,Pump A Running
2026-07-03T18:45:00+00:00,Running,1,2772.6,10.63,4.69,62.2,46.22,Pump A Running
2026-07-03T19:00:00+00:00,Running,1,2826.0,10.68,4.78,59.77,45.69,Pump A Running
2026-07-03T19:15:00+00:00,Running,1,2703.8,10.6,4.85,60.97,45.56,Pump A Running
2026-07-03T19:30:00+00:00,Running,1,2662.2,10.58,4.84,61.73,46.07,Pump A Running
2026-07-03T19:45:00+00:00,Running,1,2660.4,10.65,4.65,61.68,46.29,Pump A Running
2026-07-03T20:00:00+00:00,Running,1,2904.3,10.53,4.85,62.79,45.41,Pump A Running
2026-07-03T20:15:00+00:00,Running,1,2796.1,10.74,4.88,62.07,45.77,Pump A Running
2026-07-03T20:30:00+00:00,Running,1,2740.9,10.62,4.77,62.4,45.88,Pump A Running
2026-07-03T20:45:00+00:00,Running,1,2788.8,10.6,4.74,61.12,46.32,Pump A Running
2026-07-03T21:00:00+00:00,Running,1,2579.0,10.51,4.85,62.69,45.76,Pump A Running
2026-07-03T21:15:00+00:00,Running,1,2772.5,10.66,4.7,60.43,46.23,Pump A Running
2026-07-03T21:30:00+00:00,Running,1,2805.7,10.63,4.77,60.87,45.9,Pump A Running
2026-07-03T21:45:00+00:00,Running,1,2624.0,10.59,4.73,62.05,45.94,Pump A Running
2026-07-03T22:00:00+00:00,Running,1,2763.1,10.67,4.7,62.08,46.07,Pump A Running
2026-07-03T22:15:00+00:00,Running,1,2795.9,10.59,4.67,62.82,45.88,Pump A Running
2026-07-03T22:30:00+00:00,Running,1,2722.2,10.57,4.74,62.7,45.4,Pump A Running
2026-07-03T22:45:00+00:00,Running,1,2731.0,10.51,4.72,61.97,46.69,Pump A Running
2026-07-03T23:00:00+00:00,Running,1,2745.5,10.67,4.9,61.74,46.67,Pump A Running
2026-07-03T23:15:00+00:00,Running,1,2846.1,10.77,4.83,61.34,45.75,Pump A Running
2026-07-03T23:30:00+00:00,Running,1,2800.5,10.49,4.78,62.08,46.21,Pump A Running
2026-07-03T23:45:00+00:00,Running,1,2771.7,10.66,4.72,63.13,46.05,Pump A Running
2026-07-04T00:00:00+00:00,Running,1,2724.4,10.59,4.75,63.43,45.99,Pump A Running
2026-07-04T00:15:00+00:00,Running,1,2576.3,10.51,4.82,63.04,46.36,Pump A Running
2026-07-04T00:30:00+00:00,Running,1,2949.2,10.59,4.83,62.41,45.99,Pump A Running
2026-07-04T00:45:00+00:00,Running,1,2777.6,10.51,4.64,62.28,46.12,Pump A Running
2026-07-04T01:00:00+00:00,Running,1,2892.7,10.63,4.88,61.48,45.93,Pump A Running
2026-07-04T01:15:00+00:00,Running,1,2879.5,10.57,4.71,61.45,46.35,Pump A Running
2026-07-04T01:30:00+00:00,Running,1,2874.4,10.66,4.84,59.83,46.0,Pump A Running
2026-07-04T01:45:00+00:00,Running,1,2819.6,10.68,4.86,63.22,46.35,Pump A Running
2026-07-04T02:00:00+00:00,Stopped,0,0.0,0.0,0.1,0.0,29.39,Pumps Stopped
2026-07-04T02:15:00+00:00,Stopped,0,0.0,0.0,0.11,0.0,28.58,Pumps Stopped
2026-07-04T02:30:00+00:00,Stopped,0,0.0,0.0,0.05,0.0,28.8,Pumps Stopped
2026-07-04T02:45:00+00:00,Stopped,0,0.0,0.0,0.12,0.0,28.91,Pumps Stopped
2026-07-04T03:00:00+00:00,Stopped,0,0.0,0.0,0.15,0.0,29.23,Pumps Stopped
2026-07-04T03:15:00+00:00,Stopped,0,0.0,0.0,0.14,0.0,28.79,Pumps Stopped
2026-07-04T03:30:00+00:00,Running,1,2720.4,10.64,4.81,62.29,46.11,Pump A Running
2026-07-04T03:45:00+00:00,Running,1,2531.3,10.61,4.84,64.27,46.69,Pump A Running
2026-07-04T04:00:00+00:00,Running,1,2665.7,10.5,4.76,62.2,46.66,Pump A Running
2026-07-04T04:15:00+00:00,Running,1,2575.2,10.45,4.79,61.14,45.92,Pump A Running
2026-07-04T04:30:00+00:00,Running,1,2702.2,10.58,4.75,63.32,46.83,Pump A Running
2026-07-04T04:45:00+00:00,Running,1,2672.7,10.54,4.85,60.95,45.42,Pump A Running
2026-07-04T05:00:00+00:00,Running,1,2708.3,10.58,4.9,62.17,46.4,Pump A Running
2026-07-04T05:15:00+00:00,Running,1,2608.7,10.47,4.75,61.22,45.55,Pump A Running
2026-07-04T05:30:00+00:00,Running,1,2733.7,10.52,4.78,61.76,46.26,Pump A Running
2026-07-04T05:45:00+00:00,Running,1,2577.6,10.48,4.82,62.97,45.36,Pump A Running
2026-07-04T06:00:00+00:00,Running,1,2633.6,10.45,4.76,60.08,46.36,Pump A Running
2026-07-04T06:15:00+00:00,Running,1,2666.0,10.61,4.7,63.24,46.03,Pump A Running
2026-07-04T06:30:00+00:00,Running,1,2609.6,10.61,4.77,62.19,45.83,Pump A Running
2026-07-04T06:45:00+00:00,Running,1,2577.0,10.57,4.91,60.62,45.15,Pump A Running
2026-07-04T07:00:00+00:00,Running,1,2560.7,10.54,4.78,61.27,46.99,Pump A Running
2026-07-04T07:15:00+00:00,Running,1,2439.7,10.65,4.93,59.98,46.07,Pump A Running
2026-07-04T07:30:00+00:00,Running,1,2511.5,10.61,4.57,61.48,45.9,Pump A Running
2026-07-04T07:45:00+00:00,Running,1,2612.3,10.49,4.69,62.05,45.42,Pump A Running
2026-07-04T08:00:00+00:00,Running,1,2579.5,10.52,4.8,60.78,46.34,Pump A Running
2026-07-04T08:15:00+00:00,Running,1,2573.7,10.59,4.73,61.3,45.54,Pump A Running
2026-07-04T08:30:00+00:00,Running,1,2742.1,10.71,4.77,61.16,45.54,Pump A Running
2026-07-04T08:45:00+00:00,Running,1,2515.9,10.59,4.73,60.99,45.54,Pump A Running
2026-07-04T09:00:00+00:00,Running,1,2601.5,10.6,4.77,62.32,45.88,Pump A Running
2026-07-04T09:15:00+00:00,Running,1,2571.0,10.66,4.77,62.6,45.58,Pump A Running
2026-07-04T09:30:00+00:00,Running,1,2584.5,10.63,4.69,62.54,45.61,Pump A Running
2026-07-04T09:45:00+00:00,Running,1,2640.7,10.6,4.75,62.92,46.61,Pump A Running
2026-07-04T10:00:00+00:00,Running,1,2539.3,10.75,4.78,61.56,45.98,Pump A Running
2026-07-04T10:15:00+00:00,Running,1,2632.5,10.67,4.83,61.51,46.59,Pump A Running
2026-07-04T10:30:00+00:00,Running,1,2501.8,10.51,4.78,61.74,46.52,Pump A Running
2026-07-04T10:45:00+00:00,Running,1,2507.9,10.68,4.74,60.87,45.76,Pump A Running
2026-07-04T11:00:00+00:00,Running,1,2313.1,10.65,4.75,61.47,45.73,Pump A Running
2026-07-04T11:15:00+00:00,Running,1,2508.0,10.77,4.8,64.6,46.23,Pump A Running
2026-07-04T11:30:00+00:00,Running,1,2493.3,10.6,4.81,60.01,46.19,Pump A Running
2026-07-04T11:45:00+00:00,Running,1,2484.8,10.69,4.72,60.83,45.23,Pump A Running
2026-07-04T12:00:00+00:00,Running,1,2451.3,10.59,4.85,62.88,45.34,Pump A Running
2026-07-04T12:15:00+00:00,Running,1,2428.1,10.51,4.78,60.9,46.14,Pump A Running
2026-07-04T12:30:00+00:00,Running,1,2387.4,10.62,4.8,61.77,46.04,Pump A Running
2026-07-04T12:45:00+00:00,Running,1,2385.9,10.63,4.72,60.32,46.42,Pump A Running
2026-07-04T13:00:00+00:00,Running,1,2437.3,10.63,4.74,62.14,46.57,Pump A Running
2026-07-04T13:15:00+00:00,Running,1,2451.7,10.64,4.79,62.23,45.88,Pump A Running
2026-07-04T13:30:00+00:00,Running,1,2409.6,10.51,4.68,60.83,46.14,Pump A Running
2026-07-04T13:45:00+00:00,Running,1,2250.4,10.61,4.71,61.05,45.76,Pump A Running
2026-07-04T14:00:00+00:00,Running,1,2352.1,10.59,4.7,61.64,45.85,Pump A Running
2026-07-04T14:15:00+00:00,Running,1,2323.4,10.48,4.76,62.33,45.94,Pump A Running
2026-07-04T14:30:00+00:00,Running,1,2227.8,10.44,4.88,60.36,46.44,Pump A Running
2026-07-04T14:45:00+00:00,Running,1,2368.0,10.65,4.87,60.89,46.05,Pump A Running
2026-07-04T15:00:00+00:00,Running,1,2328.0,10.6,4.78,60.37,46.34,Pump A Running
2026-07-04T15:15:00+00:00,Running,1,2336.5,10.61,4.89,61.97,46.53,Pump A Running
2026-07-04T15:30:00+00:00,Running,1,2402.0,10.55,4.87,63.1,45.55,Pump A Running
2026-07-04T15:45:00+00:00,Running,1,2331.8,10.58,4.67,62.68,45.38,Pump A Running
2026-07-04T16:00:00+00:00,Running,1,2312.3,10.54,4.76,62.12,46.76,Pump A Running
2026-07-04T16:15:00+00:00,Running,1,2268.3,10.57,4.83,62.55,45.87,Pump A Running
2026-07-04T16:30:00+00:00,Running,1,2255.8,10.49,4.77,62.5,46.42,Pump A Running
2026-07-04T16:45:00+00:00,Running,1,2403.3,10.65,4.83,61.84,45.72,Pump A Running
2026-07-04T17:00:00+00:00,Running,1,2159.9,10.69,4.81,62.52,46.45,Pump A Running
2026-07-04T17:15:00+00:00,Running,1,2307.2,10.58,4.96,61.4,46.74,Pump A Running
2026-07-04T17:30:00+00:00,Running,1,2198.4,10.6,4.76,61.86,46.33,Pump A Running
2026-07-04T17:45:00+00:00,Running,1,2302.8,10.61,4.78,63.2,45.72,Pump A Running
2026-07-04T18:00:00+00:00,Running,1,2212.5,10.68,4.71,62.61,45.46,Pump A Running
2026-07-04T18:15:00+00:00,Running,1,2308.8,10.54,4.85,62.46,46.4,Pump A Running
2026-07-04T18:30:00+00:00,Running,1,2279.7,10.61,4.87,63.42,46.29,Pump A Running
2026-07-04T18:45:00+00:00,Running,1,2357.4,10.61,4.87,63.12,46.32,Pump A Running
2026-07-04T19:00:00+00:00,Running,1,2302.7,10.62,4.89,61.82,46.6,Pump A Running
2026-07-04T19:15:00+00:00,Running,1,2423.3,10.63,4.9,62.09,45.96,Pump A Running
2026-07-04T19:30:00+00:00,Running,1,2160.7,10.68,4.87,61.87,46.1,Pump A Running
2026-07-04T19:45:00+00:00,Running,1,2407.0,10.6,4.77,62.49,46.54,Pump A Running
2026-07-04T20:00:00+00:00,Running,1,2421.2,10.6,4.81,62.26,46.31,Pump A Running
2026-07-04T20:15:00+00:00,Running,1,2264.9,10.55,4.78,61.06,46.3,Pump A Running
2026-07-04T20:30:00+00:00,Running,1,2315.4,10.6,4.9,62.14,45.46,Pump A Running
2026-07-04T20:45:00+00:00,Running,1,2185.5,10.54,4.86,62.43,46.07,Pump A Running
2026-07-04T21:00:00+00:00,Running,1,2169.4,10.7,4.72,60.95,45.78,Pump A Running
2026-07-04T21:15:00+00:00,Running,1,2132.5,10.43,4.76,63.43,46.24,Pump A Running
2026-07-04T21:30:00+00:00,Running,1,2150.1,10.63,4.91,64.47,46.32,Pump A Running
2026-07-04T21:45:00+00:00,Running,1,2271.1,10.46,4.86,58.97,46.19,Pump A Running
2026-07-04T22:00:00+00:00,Running,1,2238.8,10.54,4.76,62.85,45.81,Pump A Running
2026-07-04T22:15:00+00:00,Running,1,2185.6,10.75,4.91,62.32,45.42,Pump A Running
2026-07-04T22:30:00+00:00,Running,1,2102.0,10.61,4.68,63.44,46.14,Pump A Running
2026-07-04T22:45:00+00:00,Running,1,2189.8,10.42,4.89,63.94,46.54,Pump A Running
2026-07-04T23:00:00+00:00,Running,1,2176.7,10.63,4.73,63.63,46.19,Pump A Running
2026-07-04T23:15:00+00:00,Running,1,2158.4,10.64,4.9,60.1,45.7,Pump A Running
2026-07-04T23:30:00+00:00,Running,1,2225.4,10.63,4.86,61.56,46.24,Pump A Running
2026-07-04T23:45:00+00:00,Running,1,2128.8,10.68,4.64,61.86,45.61,Pump A Running
2026-07-05T00:00:00+00:00,Running,1,2169.8,10.58,4.67,62.48,46.03,Pump A Running
2026-07-05T00:15:00+00:00,Running,1,2154.2,10.64,4.77,62.87,46.31,Pump A Running
2026-07-05T00:30:00+00:00,Running,1,2112.3,10.58,4.84,63.19,46.12,Pump A Running
2026-07-05T00:45:00+00:00,Running,1,2062.2,10.55,4.8,61.48,46.22,Pump A Running
2026-07-05T01:00:00+00:00,Running,1,2302.7,10.63,4.9,61.38,45.17,Pump A Running
2026-07-05T01:15:00+00:00,Running,1,2089.5,10.61,4.91,63.05,46.5,Pump A Running
2026-07-05T01:30:00+00:00,Running,1,2284.0,10.53,4.8,61.51,45.48,Pump A Running
2026-07-05T01:45:00+00:00,Running,1,2184.1,10.52,4.71,62.37,45.52,Pump A Running
2026-07-05T02:00:00+00:00,Stopped,0,0.0,0.0,0.12,0.0,29.18,Pumps Stopped
2026-07-05T02:15:00+00:00,Stopped,0,0.0,0.0,0.13,0.0,29.02,Pumps Stopped
2026-07-05T02:30:00+00:00,Stopped,0,0.0,0.0,0.07,0.0,28.81,Pumps Stopped
2026-07-05T02:45:00+00:00,Stopped,0,0.0,0.0,0.13,0.0,29.36,Pumps Stopped
2026-07-05T03:00:00+00:00,Stopped,0,0.0,0.0,0.14,0.0,28.69,Pumps Stopped
2026-07-05T03:15:00+00:00,Stopped,0,0.0,0.0,0.15,0.0,28.47,Pumps Stopped
2026-07-05T03:30:00+00:00,Running,1,2050.1,10.68,4.89,62.47,45.18,Pump A Running
2026-07-05T03:45:00+00:00,Running,1,2153.3,10.6,4.91,62.3,45.81,Pump A Running
2026-07-05T04:00:00+00:00,Running,1,2229.9,10.58,4.87,64.5,46.09,Pump A Running
2026-07-05T04:15:00+00:00,Running,1,2157.0,10.65,4.89,62.28,45.97,Pump A Running
2026-07-05T04:30:00+00:00,Running,1,2211.2,10.69,4.85,60.95,45.6,Pump A Running
2026-07-05T04:45:00+00:00,Running,1,2062.5,10.63,4.85,62.92,45.69,Pump A Running
2026-07-05T05:00:00+00:00,Running,1,2181.3,10.64,4.96,60.98,45.3,Pump A Running
2026-07-05T05:15:00+00:00,Running,1,2065.5,10.7,4.77,60.94,46.28,Pump A Running
2026-07-05T05:30:00+00:00,Running,1,2307.4,10.67,4.82,62.55,46.46,Pump A Running
2026-07-05T05:45:00+00:00,Running,1,2307.4,10.63,4.83,61.08,45.68,Pump A Running
2026-07-05T06:00:00+00:00,Running,1,2070.9,10.57,4.77,60.84,45.91,Pump A Running
2026-07-05T06:15:00+00:00,Running,1,2061.2,10.71,4.65,62.58,45.96,Pump A Running
2026-07-05T06:30:00+00:00,Running,1,2100.3,10.56,4.92,64.07,46.63,Pump A Running
2026-07-05T06:45:00+00:00,Running,1,2110.1,10.66,4.74,63.75,46.28,Pump A Running
2026-07-05T07:00:00+00:00,Running,1,2133.1,10.62,4.68,60.37,45.65,Pump A Running
2026-07-05T07:15:00+00:00,Running,1,2140.1,10.61,4.72,61.6,46.27,Pump A Running
2026-07-05T07:30:00+00:00,Running,1,2077.9,10.56,4.61,62.6,46.27,Pump A Running
2026-07-05T07:45:00+00:00,Running,1,2283.6,10.53,4.74,62.36,46.67,Pump A Running
2026-07-05T08:00:00+00:00,Running,1,2258.3,10.66,4.95,62.18,45.43,Pump A Running
2026-07-05T08:15:00+00:00,Running,1,2171.1,10.46,4.78,63.13,45.53,Pump A Running
2026-07-05T08:30:00+00:00,Running,1,1988.2,10.53,4.74,61.78,46.44,Pump A Running
2026-07-05T08:45:00+00:00,Running,1,2011.2,10.69,4.81,62.35,46.08,Pump A Running
2026-07-05T09:00:00+00:00,Running,1,2091.1,10.65,4.64,60.6,45.96,Pump A Running
2026-07-05T09:15:00+00:00,Running,1,2123.9,10.67,4.86,60.55,45.62,Pump A Running
2026-07-05T09:30:00+00:00,Running,1,2211.3,10.56,4.84,61.45,45.57,Pump A Running
2026-07-05T09:45:00+00:00,Running,1,2034.9,10.65,4.78,63.32,46.94,Pump A Running
2026-07-05T10:00:00+00:00,Running,1,2221.3,10.61,4.96,62.23,45.77,Pump A Running
2026-07-05T10:15:00+00:00,Running,1,2203.4,10.6,4.73,62.41,44.98,Pump A Running
2026-07-05T10:30:00+00:00,Running,1,2078.9,10.66,4.81,61.99,45.79,Pump A Running
2026-07-05T10:45:00+00:00,Running,1,2463.4,10.61,4.81,60.73,46.04,Pump A Running
2026-07-05T11:00:00+00:00,Running,1,2219.5,10.53,4.85,62.16,46.41,Pump A Running
2026-07-05T11:15:00+00:00,Running,1,2043.1,10.61,4.73,62.03,46.38,Pump A Running
2026-07-05T11:30:00+00:00,Running,1,2307.6,10.64,4.91,61.01,45.95,Pump A Running
2026-07-05T11:45:00+00:00,Running,1,2206.3,10.64,4.91,63.37,46.53,Pump A Running
2026-07-05T12:00:00+00:00,Running,1,2033.4,10.57,4.66,63.35,46.07,Pump A Running
2026-07-05T12:15:00+00:00,Running,1,2142.9,10.5,4.85,62.95,46.38,Pump A Running
2026-07-05T12:30:00+00:00,Running,1,2199.5,10.66,4.71,62.51,46.23,Pump A Running
2026-07-05T12:45:00+00:00,Running,1,2080.2,10.59,4.8,62.02,45.97,Pump A Running
2026-07-05T13:00:00+00:00,Running,1,2326.2,10.49,4.67,62.08,46.34,Pump A Running
2026-07-05T13:15:00+00:00,Running,1,2286.2,10.61,4.83,62.59,46.17,Pump A Running
2026-07-05T13:30:00+00:00,Running,1,2164.9,10.53,4.95,61.83,46.24,Pump A Running
2026-07-05T13:45:00+00:00,Running,1,2132.3,10.53,4.96,63.62,46.12,Pump A Running
2026-07-05T14:00:00+00:00,Running,1,2279.0,10.5,4.99,61.65,46.24,Pump A Running
2026-07-05T14:15:00+00:00,Running,1,2154.3,10.55,4.82,61.13,45.84,Pump A Running
2026-07-05T14:30:00+00:00,Running,1,2170.1,10.56,4.92,62.89,45.38,Pump A Running
2026-07-05T14:45:00+00:00,Running,1,2026.8,10.65,4.77,62.15,46.25,Pump A Running
2026-07-05T15:00:00+00:00,Running,1,2374.8,10.6,4.75,61.81,46.16,Pump A Running
2026-07-05T15:15:00+00:00,Running,1,2097.6,10.68,4.79,62.69,46.46,Pump A Running
2026-07-05T15:30:00+00:00,Running,1,2242.3,10.67,4.72,62.88,46.67,Pump A Running
2026-07-05T15:45:00+00:00,Running,1,2430.9,10.69,4.81,59.55,45.98,Pump A Running
2026-07-05T16:00:00+00:00,Running,1,2052.9,10.57,4.92,62.77,46.54,Pump A Running
2026-07-05T16:15:00+00:00,Running,1,2275.4,10.64,4.79,62.13,45.46,Pump A Running
2026-07-05T16:30:00+00:00,Running,1,2255.1,10.59,4.69,62.91,46.91,Pump A Running
2026-07-05T16:45:00+00:00,Running,1,2248.5,10.59,4.88,61.71,46.32,Pump A Running
2026-07-05T17:00:00+00:00,Running,1,2311.1,10.46,4.83,62.0,46.49,Pump A Running
2026-07-05T17:15:00+00:00,Running,1,2239.9,10.56,4.8,61.42,46.09,Pump A Running
2026-07-05T17:30:00+00:00,Running,1,2282.3,10.44,4.72,62.78,46.26,Pump A Running
2026-07-05T17:45:00+00:00,Running,1,2197.8,10.56,4.79,63.67,46.52,Pump A Running
2026-07-05T18:00:00+00:00,Running,1,2251.4,10.62,4.8,63.93,45.94,Pump A Running
2026-07-05T18:15:00+00:00,Running,1,2451.8,10.63,4.77,62.59,46.34,Pump A Running
2026-07-05T18:30:00+00:00,Running,1,2401.6,10.68,4.75,61.52,45.96,Pump A Running
2026-07-05T18:45:00+00:00,Running,1,2494.3,10.61,4.74,61.71,46.07,Pump A Running
2026-07-05T19:00:00+00:00,Running,1,2453.9,10.72,4.8,62.09,46.26,Pump A Running
2026-07-05T19:15:00+00:00,Running,1,2333.7,10.61,4.86,61.63,46.0,Pump A Running
2026-07-05T19:30:00+00:00,Running,1,2451.9,10.53,4.84,62.01,45.82,Pump A Running
2026-07-05T19:45:00+00:00,Running,1,2230.2,10.54,4.82,62.07,46.54,Pump A Running
2026-07-05T20:00:00+00:00,Running,1,2471.7,10.6,4.82,62.59,46.09,Pump A Running
2026-07-05T20:15:00+00:00,Running,1,2246.8,10.6,4.78,62.11,46.02,Pump A Running
2026-07-05T20:30:00+00:00,Running,1,2350.5,10.64,4.55,61.65,46.08,Pump A Running
2026-07-05T20:45:00+00:00,Running,1,2388.8,10.65,4.77,61.6,45.68,Pump A Running
2026-07-05T21:00:00+00:00,Running,1,2394.3,10.65,4.66,60.29,46.08,Pump A Running
2026-07-05T21:15:00+00:00,Running,1,2333.8,10.52,4.75,61.58,46.19,Pump A Running
2026-07-05T21:30:00+00:00,Running,1,2434.9,10.68,4.79,61.62,45.86,Pump A Running
2026-07-05T21:45:00+00:00,Running,1,2325.8,10.67,4.92,59.57,45.96,Pump A Running
2026-07-05T22:00:00+00:00,Running,1,2301.8,10.54,4.59,63.82,46.39,Pump A Running
2026-07-05T22:15:00+00:00,Running,1,2364.3,10.64,4.71,62.23,46.07,Pump A Running
2026-07-05T22:30:00+00:00,Running,1,2559.5,10.65,4.85,58.96,46.05,Pump A Running
2026-07-05T22:45:00+00:00,Running,1,2430.3,10.63,4.8,61.24,45.86,Pump A Running
2026-07-05T23:00:00+00:00,Running,1,2580.2,10.69,4.78,58.86,45.72,Pump A Running
2026-07-05T23:15:00+00:00,Running,1,2609.3,10.56,4.8,62.04,46.53,Pump A Running
2026-07-05T23:30:00+00:00,Running,1,2506.1,10.63,4.73,63.34,45.84,Pump A Running
2026-07-05T23:45:00+00:00,Running,1,2481.6,10.62,4.92,61.01,45.27,Pump A Running
2026-07-06T00:00:00+00:00,Running,1,2517.8,10.62,4.65,64.24,45.82,Pump A Running
2026-07-06T00:15:00+00:00,Running,1,2472.0,10.72,4.78,62.43,45.92,Pump A Running
2026-07-06T00:30:00+00:00,Running,1,2513.8,10.52,4.74,63.17,46.12,Pump A Running
2026-07-06T00:45:00+00:00,Running,1,2557.0,10.55,4.88,62.83,46.33,Pump A Running
2026-07-06T01:00:00+00:00,Running,1,2448.9,10.51,4.79,59.79,45.95,Pump A Running
2026-07-06T01:15:00+00:00,Running,1,2470.0,10.64,4.8,61.94,45.82,Pump A Running
2026-07-06T01:30:00+00:00,Running,1,2313.9,10.51,4.84,63.31,45.49,Pump A Running
2026-07-06T01:45:00+00:00,Running,1,2390.9,10.68,4.8,64.21,45.8,Pump A Running
2026-07-06T02:00:00+00:00,Stopped,0,0.0,0.0,0.09,0.0,29.21,Pumps Stopped
2026-07-06T02:15:00+00:00,Stopped,0,0.0,0.0,0.11,0.0,29.16,Pumps Stopped
2026-07-06T02:30:00+00:00,Stopped,0,0.0,0.0,0.14,0.0,28.19,Pumps Stopped
2026-07-06T02:45:00+00:00,Stopped,0,0.0,0.0,0.12,0.0,29.13,Pumps Stopped
2026-07-06T03:00:00+00:00,Stopped,0,0.0,0.0,0.17,0.0,28.8,Pumps Stopped
2026-07-06T03:15:00+00:00,Stopped,0,0.0,0.0,0.14,0.0,29.09,Pumps Stopped
2026-07-06T03:30:00+00:00,Running,1,2406.9,10.68,4.73,61.66,46.62,Pump A Running
2026-07-06T03:45:00+00:00,Running,1,2530.9,10.59,4.83,60.75,45.72,Pump A Running
2026-07-06T04:00:00+00:00,Running,1,2598.1,10.56,4.76,60.52,45.29,Pump A Running
2026-07-06T04:15:00+00:00,Running,1,2653.4,10.62,4.75,63.01,46.01,Pump A Running
2026-07-06T04:30:00+00:00,Running,1,2530.9,10.61,4.75,61.59,44.93,Pump A Running
2026-07-06T04:45:00+00:00,Running,1,2519.6,10.63,4.82,60.75,45.87,Pump A Running
2026-07-06T05:00:00+00:00,Running,1,2506.4,10.63,4.88,63.5,46.49,Pump A Running
2026-07-06T05:15:00+00:00,Running,1,2515.9,10.61,4.78,60.18,46.24,Pump A Running
2026-07-06T05:30:00+00:00,Running,1,2573.5,10.64,4.8,61.78,46.12,Pump A Running
2026-07-06T05:45:00+00:00,Running,1,2595.4,10.48,4.76,62.51,46.4,Pump A Running
2026-07-06T06:00:00+00:00,Running,1,2529.9,10.53,4.72,59.92,45.87,Pump A Running
2026-07-06T06:15:00+00:00,Running,1,2524.5,10.53,4.67,64.01,45.53,Pump A Running
2026-07-06T06:30:00+00:00,Running,1,2639.2,10.59,4.79,61.91,45.29,Pump A Running
2026-07-06T06:45:00+00:00,Running,1,2597.9,10.47,4.79,60.18,45.58,Pump A Running
2026-07-06T07:00:00+00:00,Running,1,2667.9,10.63,4.86,60.62,45.8,Pump A Running
2026-07-06T07:15:00+00:00,Running,1,2563.5,10.6,4.8,62.21,45.79,Pump A Running
2026-07-06T07:30:00+00:00,Running,1,2562.4,10.74,4.64,61.47,46.51,Pump A Running
2026-07-06T07:45:00+00:00,Running,1,2581.4,10.55,4.81,63.41,45.85,Pump A Running
2026-07-06T08:00:00+00:00,Running,1,2559.8,10.59,4.9,62.14,46.09,Pump A Running
2026-07-06T08:15:00+00:00,Running,1,2755.3,10.65,4.86,61.49,45.41,Pump A Running
2026-07-06T08:30:00+00:00,Running,1,2694.1,10.61,4.77,63.35,45.85,Pump A Running
2026-07-06T08:45:00+00:00,Running,1,2598.5,10.55,4.78,62.99,45.96,Pump A Running
2026-07-06T09:00:00+00:00,Running,1,2651.5,10.58,4.88,62.2,46.73,Pump A Running
2026-07-06T09:15:00+00:00,Running,1,2854.5,10.58,4.81,59.72,45.68,Pump A Running
2026-07-06T09:30:00+00:00,Running,1,2822.8,10.44,4.95,61.25,45.32,Pump A Running
2026-07-06T09:45:00+00:00,Running,1,2786.8,10.68,4.67,61.78,45.86,Pump A Running
2026-07-06T10:00:00+00:00,Running,1,2612.5,10.67,4.87,61.05,45.62,Pump A Running
2026-07-06T10:15:00+00:00,Running,1,2681.4,10.58,4.84,63.35,46.37,Pump A Running
2026-07-06T10:30:00+00:00,Running,1,2652.5,10.6,4.77,62.38,45.73,Pump A Running
2026-07-06T10:45:00+00:00,Running,1,2806.4,10.65,4.8,62.01,45.39,Pump A Running
2026-07-06T11:00:00+00:00,Running,1,2817.1,10.58,4.78,62.69,46.06,Pump A Running
2026-07-06T11:15:00+00:00,Running,1,2709.1,10.53,4.76,62.01,46.04,Pump A Running
2026-07-06T11:30:00+00:00,Running,1,2711.1,10.5,4.79,61.12,46.28,Pump A Running
2026-07-06T11:45:00+00:00,Running,1,2709.3,10.58,4.78,61.54,45.66,Pump A Running
2026-07-06T12:00:00+00:00,Running,1,2849.7,10.71,4.66,61.48,45.9,Pump A Running
2026-07-06T12:15:00+00:00,Running,1,2824.6,10.56,4.88,62.56,45.88,Pump A Running
2026-07-06T12:30:00+00:00,Running,1,2846.5,10.65,4.83,62.82,45.97,Pump A Running
2026-07-06T12:45:00+00:00,Running,1,2809.3,10.52,4.79,63.46,45.53,Pump A Running
2026-07-06T13:00:00+00:00,Running,1,2786.7,10.59,4.62,61.76,46.28,Pump A Running
2026-07-06T13:15:00+00:00,Running,1,2710.8,10.38,4.82,62.35,46.01,Pump A Running
2026-07-06T13:30:00+00:00,Running,1,2660.4,10.6,4.8,60.94,46.95,Pump A Running
2026-07-06T13:45:00+00:00,Running,1,2759.6,10.55,4.78,61.01,46.59,Pump A Running
2026-07-06T14:00:00+00:00,Running,1,2861.5,10.58,4.87,61.87,45.85,Pump A Running
2026-07-06T14:15:00+00:00,Running,1,2900.7,10.63,4.85,61.5,46.67,Pump A Running
2026-07-06T14:30:00+00:00,Running,1,2806.5,10.64,4.83,61.97,46.34,Pump A Running
2026-07-06T14:45:00+00:00,Running,1,2807.4,10.7,4.77,62.99,46.25,Pump A Running
2026-07-06T15:00:00+00:00,Running,1,2674.9,10.58,4.72,59.92,46.61,Pump A Running
2026-07-06T15:15:00+00:00,Running,1,2887.1,10.47,4.85,61.58,46.16,Pump A Running
2026-07-06T15:30:00+00:00,Running,1,2639.1,10.62,4.68,62.43,45.58,Pump A Running
2026-07-06T15:45:00+00:00,Running,1,2794.6,10.64,4.71,62.58,45.81,Pump A Running
2026-07-06T16:00:00+00:00,Running,1,2846.3,10.57,4.76,61.52,46.07,Pump A Running
2026-07-06T16:15:00+00:00,Running,1,2771.7,10.69,4.78,61.78,45.57,Pump A Running
2026-07-06T16:30:00+00:00,Running,1,2851.5,10.69,4.73,60.71,46.48,Pump A Running
2026-07-06T16:45:00+00:00,Running,1,2871.5,10.47,4.78,61.99,45.65,Pump A Running
2026-07-06T17:00:00+00:00,Running,1,2709.4,10.45,4.84,60.96,45.7,Pump A Running
2026-07-06T17:15:00+00:00,Running,1,2830.7,10.67,4.74,62.31,45.43,Pump A Running
2026-07-06T17:30:00+00:00,Running,1,2818.9,10.55,4.88,61.76,46.8,Pump A Running
2026-07-06T17:45:00+00:00,Running,1,2713.6,10.54,4.91,62.98,46.22,Pump A Running
2026-07-06T18:00:00+00:00,Running,1,2752.0,10.69,4.74,61.32,45.87,Pump A Running
2026-07-06T18:15:00+00:00,Running,1,2765.0,10.65,4.73,62.38,45.51,Pump A Running
2026-07-06T18:30:00+00:00,Running,1,2903.7,10.69,4.86,61.61,45.79,Pump A Running
2026-07-06T18:45:00+00:00,Running,1,2828.0,10.57,4.84,64.53,45.49,Pump A Running
2026-07-06T19:00:00+00:00,Running,1,2775.7,10.67,4.79,62.76,45.94,Pump A Running
2026-07-06T19:15:00+00:00,Running,1,2801.7,10.59,4.86,61.19,46.43,Pump A Running
2026-07-06T19:30:00+00:00,Running,1,2864.7,10.63,4.95,60.61,45.38,Pump A Running
2026-07-06T19:45:00+00:00,Running,1,2671.0,10.66,4.9,60.93,45.99,Pump A Running
2026-07-06T20:00:00+00:00,Running,1,2772.4,10.64,4.79,61.85,46.29,Pump A Running
2026-07-06T20:15:00+00:00,Running,1,2779.4,10.64,4.62,62.36,45.95,Pump A Running
2026-07-06T20:30:00+00:00,Running,1,2912.3,10.65,4.77,63.48,45.72,Pump A Running
2026-07-06T20:45:00+00:00,Running,1,2818.9,10.53,4.83,62.0,45.45,Pump A Running
2026-07-06T21:00:00+00:00,Running,1,2574.3,10.58,4.73,60.59,46.05,Pump A Running
2026-07-06T21:15:00+00:00,Running,1,2824.9,10.64,4.83,61.18,45.98,Pump A Running
2026-07-06T21:30:00+00:00,Running,1,2906.8,10.64,4.84,60.21,46.01,Pump A Running
2026-07-06T21:45:00+00:00,Running,1,2673.3,10.57,5.02,64.79,45.34,Pump A Running
2026-07-06T22:00:00+00:00,Running,1,2774.5,10.63,4.77,61.24,45.64,Pump A Running
2026-07-06T22:15:00+00:00,Running,1,2695.0,10.57,5.0,61.97,45.64,Pump A Running
2026-07-06T22:30:00+00:00,Running,1,2688.7,10.51,4.78,62.84,46.0,Pump A Running
2026-07-06T22:45:00+00:00,Running,1,2892.2,10.66,4.74,61.12,45.35,Pump A Running
2026-07-06T23:00:00+00:00,Running,1,2905.5,10.58,4.82,62.09,45.98,Pump A Running
2026-07-06T23:15:00+00:00,Running,1,2680.9,10.68,4.8,63.11,46.09,Pump A Running
2026-07-06T23:30:00+00:00,Running,1,2732.2,10.55,4.9,61.49,46.2,Pump A Running
2026-07-06T23:45:00+00:00,Running,1,2834.3,10.68,4.83,62.28,46.04,Pump A Running
2026-07-07T00:00:00+00:00,Running,1,2660.8,10.56,4.8,61.96,45.84,Pump A Running
2026-07-07T00:15:00+00:00,Running,1,2759.2,10.6,4.74,63.36,46.02,Pump A Running
2026-07-07T00:30:00+00:00,Running,1,2755.6,10.7,4.78,62.01,45.73,Pump A Running
2026-07-07T00:45:00+00:00,Running,1,2654.7,10.75,4.76,62.01,46.26,Pump A Running
2026-07-07T01:00:00+00:00,Running,1,2731.3,10.63,4.79,61.3,46.87,Pump A Running
2026-07-07T01:15:00+00:00,Running,1,2795.9,10.5,4.74,61.74,46.28,Pump A Running
2026-07-07T01:30:00+00:00,Running,1,2748.7,10.64,4.83,63.0,46.45,Pump A Running
2026-07-07T01:45:00+00:00,Running,1,2535.8,10.5,4.92,62.59,46.71,Pump A Running
2026-07-07T02:00:00+00:00,Stopped,0,0.0,0.0,0.12,0.0,29.39,Pumps Stopped
2026-07-07T02:15:00+00:00,Stopped,0,0.0,0.0,0.14,0.0,28.85,Pumps Stopped
2026-07-07T02:30:00+00:00,Stopped,0,0.0,0.0,0.1,0.0,29.23,Pumps Stopped
2026-07-07T02:45:00+00:00,Stopped,0,0.0,0.0,0.12,0.0,29.26,Pumps Stopped
2026-07-07T03:00:00+00:00,Stopped,0,0.0,0.0,0.06,0.0,28.78,Pumps Stopped
2026-07-07T03:15:00+00:00,Stopped,0,0.0,0.0,0.08,0.0,28.49,Pumps Stopped
2026-07-07T03:30:00+00:00,Running,1,2726.6,10.56,4.87,63.26,46.14,Pump A Running
2026-07-07T03:45:00+00:00,Running,1,2719.6,10.66,4.85,62.74,45.81,Pump A Running
2026-07-07T04:00:00+00:00,Running,1,2539.2,10.59,4.86,63.82,46.12,Pump A Running
2026-07-07T04:15:00+00:00,Running,1,2585.5,10.51,4.82,61.83,46.78,Pump A Running
2026-07-07T04:30:00+00:00,Running,1,2682.0,10.64,4.84,62.17,46.06,Pump A Running
2026-07-07T04:45:00+00:00,Running,1,2588.3,10.46,4.82,63.38,46.18,Pump A Running
2026-07-07T05:00:00+00:00,Running,1,2506.4,10.61,4.81,62.12,47.07,Pump A Running
2026-07-07T05:15:00+00:00,Running,1,2525.0,10.63,4.8,61.79,45.89,Pump A Running
2026-07-07T05:30:00+00:00,Running,1,2541.9,10.62,4.64,61.83,46.23,Pump A Running
2026-07-07T05:45:00+00:00,Running,1,2590.5,10.62,4.79,62.77,46.3,Pump A Running
2026-07-07T06:00:00+00:00,Running,1,2448.4,10.5,4.79,62.56,45.63,Pump A Running
2026-07-07T06:15:00+00:00,Running,1,2675.8,10.64,4.88,62.33,46.16,Pump A Running
2026-07-07T06:30:00+00:00,Running,1,2751.8,10.61,4.7,62.34,46.3,Pump A Running
2026-07-07T06:45:00+00:00,Running,1,2587.5,10.62,4.76,60.41,46.19,Pump A Running
2026-07-07T07:00:00+00:00,Running,1,2731.2,10.57,4.69,61.54,46.07,Pump A Running
2026-07-07T07:15:00+00:00,Running,1,2508.9,10.51,4.91,60.94,45.94,Pump A Running
2026-07-07T07:30:00+00:00,Running,1,2520.8,10.61,4.81,61.42,46.05,Pump A Running
2026-07-07T07:45:00+00:00,Running,1,2647.8,10.58,4.75,63.85,45.95,Pump A Running
2026-07-07T08:00:00+00:00,Running,1,2660.5,10.77,4.82,62.18,45.61,Pump A Running
2026-07-07T08:15:00+00:00,Running,1,2691.3,10.58,4.94,62.39,46.21,Pump A Running
2026-07-07T08:30:00+00:00,Running,1,2441.8,10.54,4.8,61.78,46.0,Pump A Running
2026-07-07T08:45:00+00:00,Running,1,2554.3,10.52,4.68,61.88,46.0,Pump A Running
2026-07-07T09:00:00+00:00,Running,1,2448.2,10.66,4.76,62.86,46.16,Pump A Running
2026-07-07T09:15:00+00:00,Running,1,2474.2,10.58,4.76,63.1,46.15,Pump A Running
2026-07-07T09:30:00+00:00,Running,1,2519.1,10.63,4.86,61.82,46.34,Pump A Running
2026-07-07T09:45:00+00:00,Running,1,2607.8,10.62,4.8,62.72,45.85,Pump A Running
2026-07-07T10:00:00+00:00,Running,1,2619.2,10.56,4.74,60.09,46.47,Pump A Running
2026-07-07T10:15:00+00:00,Running,1,2512.2,10.62,4.68,61.41,46.35,Pump A Running
2026-07-07T10:30:00+00:00,Running,1,2533.6,10.6,4.9,61.98,46.7,Pump A Running
2026-07-07T10:45:00+00:00,Running,1,2580.0,10.5,4.86,63.38,46.05,Pump A Running
2026-07-07T11:00:00+00:00,Running,1,2630.0,10.57,4.96,61.87,46.32,Pump A Running
2026-07-07T11:15:00+00:00,Running,1,2327.7,10.55,4.91,62.13,45.61,Pump A Running
2026-07-07T11:30:00+00:00,Running,1,2347.0,10.6,4.85,62.48,45.79,Pump A Running
2026-07-07T11:45:00+00:00,Running,1,2594.8,10.6,4.76,61.4,46.37,Pump A Running
2026-07-07T12:00:00+00:00,Running,1,2349.6,10.62,4.89,61.82,46.14,Pump A Running
2026-07-07T12:15:00+00:00,Running,1,2476.9,10.7,4.79,61.08,45.93,Pump A Running
2026-07-07T12:30:00+00:00,Running,1,2405.1,10.6,4.85,63.66,46.69,Pump A Running
2026-07-07T12:45:00+00:00,Running,1,2321.9,10.53,4.81,60.39,45.58,Pump A Running
2026-07-07T13:00:00+00:00,Running,1,2448.4,10.63,4.85,63.67,46.06,Pump A Running
2026-07-07T13:15:00+00:00,Running,1,2254.2,10.58,4.83,62.55,45.87,Pump A Running
2026-07-07T13:30:00+00:00,Running,1,2475.8,10.66,4.69,62.8,45.95,Pump A Running
2026-07-07T13:45:00+00:00,Running,1,2393.4,10.59,4.66,63.01,46.3,Pump A Running
2026-07-07T14:00:00+00:00,Running,1,2333.1,10.51,4.84,61.75,45.75,Pump A Running
2026-07-07T14:15:00+00:00,Running,1,2170.4,10.71,4.79,63.42,45.97,Pump A Running
2026-07-07T14:30:00+00:00,Running,1,2404.2,10.67,4.67,62.9,45.82,Pump A Running
2026-07-07T14:45:00+00:00,Running,1,2313.4,10.64,4.9,61.39,45.51,Pump A Running
2026-07-07T15:00:00+00:00,Running,1,2302.9,10.54,4.7,63.22,45.88,Pump A Running
2026-07-07T15:15:00+00:00,Running,1,2446.3,10.58,4.87,61.58,45.87,Pump A Running
2026-07-07T15:30:00+00:00,Running,1,2200.8,10.61,4.83,64.07,46.15,Pump A Running
2026-07-07T15:45:00+00:00,Running,1,2272.0,10.49,4.69,62.55,45.84,Pump A Running
2026-07-07T16:00:00+00:00,Running,1,2388.5,10.62,4.72,62.58,45.81,Pump A Running
2026-07-07T16:15:00+00:00,Running,1,2398.3,10.62,4.9,61.83,45.85,Pump A Running
2026-07-07T16:30:00+00:00,Running,1,2357.4,10.67,4.63,61.36,45.77,Pump A Running
2026-07-07T16:45:00+00:00,Running,1,2403.2,10.6,4.87,61.72,46.64,Pump A Running
2026-07-07T17:00:00+00:00,Running,1,2397.7,10.63,4.76,62.63,45.85,Pump A Running
2026-07-07T17:15:00+00:00,Running,1,2399.5,10.57,4.8,60.07,45.74,Pump A Running
2026-07-07T17:30:00+00:00,Running,1,2225.4,10.56,4.82,61.65,45.76,Pump A Running
2026-07-07T17:45:00+00:00,Running,1,2174.9,10.54,4.76,61.48,45.82,Pump A Running
2026-07-07T18:00:00+00:00,Running,1,2217.5,10.62,4.95,63.42,46.15,Pump A Running
2026-07-07T18:15:00+00:00,Running,1,2317.4,10.65,4.97,61.79,46.24,Pump A Running
2026-07-07T18:30:00+00:00,Running,1,2224.6,10.62,4.64,63.01,45.13,Pump A Running
2026-07-07T18:45:00+00:00,Running,1,2166.5,10.73,4.82,61.17,46.26,Pump A Running
2026-07-07T19:00:00+00:00,Running,1,2435.7,10.63,4.8,61.76,46.42,Pump A Running
2026-07-07T19:15:00+00:00,Running,1,2268.5,10.48,4.76,61.75,46.12,Pump A Running
2026-07-07T19:30:00+00:00,Running,1,2197.2,10.67,4.76,61.76,45.83,Pump A Running
2026-07-07T19:45:00+00:00,Running,1,2245.1,10.56,4.81,61.96,46.3,Pump A Running
2026-07-07T20:00:00+00:00,Running,1,2158.8,10.57,4.79,61.09,46.0,Pump A Running
2026-07-07T20:15:00+00:00,Running,1,2110.2,10.61,4.78,62.3,46.23,Pump A Running
2026-07-07T20:30:00+00:00,Running,1,2420.7,10.68,4.93,63.25,46.12,Pump A Running
2026-07-07T20:45:00+00:00,Running,1,2114.2,10.77,4.84,60.58,46.16,Pump A Running
2026-07-07T21:00:00+00:00,Running,1,2224.4,10.59,4.78,62.6,45.83,Pump A Running
2026-07-07T21:15:00+00:00,Running,1,2270.8,10.53,4.81,62.94,46.08,Pump A Running
2026-07-07T21:30:00+00:00,Running,1,2203.0,10.58,4.85,59.93,46.03,Pump A Running
2026-07-07T21:45:00+00:00,Running,1,2061.2,10.66,4.87,63.08,45.46,Pump A Running
2026-07-07T22:00:00+00:00,Running,1,2342.5,10.62,4.85,60.35,46.13,Pump A Running
2026-07-07T22:15:00+00:00,Running,1,2209.1,10.57,4.83,60.97,46.27,Pump A Running
2026-07-07T22:30:00+00:00,Running,1,2166.4,10.66,4.91,64.19,46.11,Pump A Running
2026-07-07T22:45:00+00:00,Running,1,2262.5,10.57,4.8,61.59,46.38,Pump A Running
2026-07-07T23:00:00+00:00,Running,1,2289.7,10.56,4.83,64.03,45.78,Pump A Running
2026-07-07T23:15:00+00:00,Running,1,2267.1,10.66,4.77,60.35,45.36,Pump A Running
2026-07-07T23:30:00+00:00,Running,1,2176.3,10.58,4.8,61.63,45.56,Pump A Running
2026-07-07T23:45:00+00:00,Running,1,2095.2,10.66,4.84,62.39,46.25,Pump A Running
2026-07-08T00:00:00+00:00,Running,1,2149.1,10.5,4.74,61.86,45.79,Pump A Running
2026-07-08T00:15:00+00:00,Running,1,2252.6,10.56,4.99,60.29,46.44,Pump A Running
2026-07-08T00:30:00+00:00,Running,1,2221.6,10.56,4.77,61.46,45.93,Pump A Running
2026-07-08T00:45:00+00:00,Running,1,2145.8,10.69,4.77,64.45,46.42,Pump A Running
2026-07-08T01:00:00+00:00,Running,1,2320.9,10.6,4.97,61.49,46.45,Pump A Running
2026-07-08T01:15:00+00:00,Running,1,2164.7,10.66,4.89,61.59,46.15,Pump A Running
2026-07-08T01:30:00+00:00,Running,1,2129.0,10.62,4.62,61.51,45.96,Pump A Running
2026-07-08T01:45:00+00:00,Running,1,2112.8,10.68,4.67,61.64,46.19,Pump A Running
2026-07-08T02:00:00+00:00,Stopped,0,0.0,0.0,0.12,0.0,28.7,Pumps Stopped
2026-07-08T02:15:00+00:00,Stopped,0,0.0,0.0,0.08,0.0,29.3,Pumps Stopped
2026-07-08T02:30:00+00:00,Stopped,0,0.0,0.0,0.14,0.0,29.08,Pumps Stopped
2026-07-08T02:45:00+00:00,Stopped,0,0.0,0.0,0.15,0.0,28.56,Pumps Stopped
2026-07-08T03:00:00+00:00,Stopped,0,0.0,0.0,0.12,0.0,28.64,Pumps Stopped
2026-07-08T03:15:00+00:00,Stopped,0,0.0,0.0,0.11,0.0,28.38,Pumps Stopped
2026-07-08T03:30:00+00:00,Running,1,2183.9,10.54,4.78,61.98,46.3,Pump A Running
2026-07-08T03:45:00+00:00,Running,1,2198.9,10.64,4.65,59.88,45.93,Pump A Running
2026-07-08T04:00:00+00:00,Running,1,2263.5,10.51,4.84,61.62,46.47,Pump A Running
2026-07-08T04:15:00+00:00,Running,1,2202.8,10.6,4.66,62.9,46.37,Pump A Running
2026-07-08T04:30:00+00:00,Running,1,2183.6,10.61,4.63,62.24,46.39,Pump A Running
2026-07-08T04:45:00+00:00,Running,1,1878.0,10.64,4.91,62.73,45.41,Pump A Running
2026-07-08T05:00:00+00:00,Running,1,2250.4,10.65,4.7,60.97,45.76,Pump A Running
2026-07-08T05:15:00+00:00,Running,1,2114.9,10.62,4.82,61.21,46.45,Pump A Running
2026-07-08T05:30:00+00:00,Running,1,2120.0,10.56,4.89,61.76,45.7,Pump A Running
2026-07-08T05:45:00+00:00,Running,1,1947.0,10.58,4.79,60.41,45.88,Pump A Running
2026-07-08T06:00:00+00:00,Running,1,2239.2,10.63,4.81,59.78,45.88,Pump A Running
2026-07-08T06:15:00+00:00,Running,1,2163.3,10.67,4.69,62.07,45.97,Pump A Running
2026-07-08T06:30:00+00:00,Running,1,2145.8,10.6,4.87,61.06,45.91,Pump A Running
2026-07-08T06:45:00+00:00,Running,1,2139.8,10.63,4.9,64.76,46.45,Pump A Running
2026-07-08T07:00:00+00:00,Running,1,2066.0,10.53,4.86,62.16,45.68,Pump A Running
2026-07-08T07:15:00+00:00,Running,1,2161.6,10.57,4.77,61.45,46.03,Pump A Running
2026-07-08T07:30:00+00:00,Running,1,2068.8,10.66,4.76,63.33,45.84,Pump A Running
2026-07-08T07:45:00+00:00,Running,1,2264.9,10.6,4.81,61.97,46.8,Pump A Running
2026-07-08T08:00:00+00:00,Running,1,2325.6,10.76,4.8,64.76,45.95,Pump A Running
2026-07-08T08:15:00+00:00,Running,1,2174.0,10.63,4.88,61.48,45.52,Pump A Running
2026-07-08T08:30:00+00:00,Running,1,2241.2,10.63,4.73,60.79,46.11,Pump A Running
2026-07-08T08:45:00+00:00,Running,1,2078.5,10.57,4.89,63.13,46.17,Pump A Running
2026-07-08T09:00:00+00:00,Running,1,2200.0,10.61,4.77,62.4,45.8,Pump A Running
2026-07-08T09:15:00+00:00,Running,1,2224.8,10.55,4.75,60.5,45.87,Pump A Running
2026-07-08T09:30:00+00:00,Running,1,2361.8,10.57,4.85,60.81,46.08,Pump A Running
2026-07-08T09:45:00+00:00,Running,1,2212.3,10.61,4.58,63.05,45.72,Pump A Running
2026-07-08T10:00:00+00:00,Running,1,2054.0,10.69,4.72,61.98,45.76,Pump A Running
2026-07-08T10:15:00+00:00,Running,1,2054.1,10.56,4.94,61.48,45.62,Pump A Running
2026-07-08T10:30:00+00:00,Running,1,2191.4,10.65,4.7,61.19,45.49,Pump A Running
2026-07-08T10:45:00+00:00,Running,1,2269.0,10.62,4.78,62.43,46.34,Pump A Running
2026-07-08T11:00:00+00:00,Running,1,2208.5,10.64,4.75,60.33,46.93,Pump A Running
2026-07-08T11:15:00+00:00,Running,1,2302.8,10.64,4.84,60.36,46.41,Pump A Running
2026-07-08T11:30:00+00:00,Running,1,2162.8,10.67,4.78,63.26,45.59,Pump A Running
2026-07-08T11:45:00+00:00,Running,1,2270.4,10.59,4.86,61.77,45.79,Pump A Running
2026-07-08T12:00:00+00:00,Running,1,2224.6,10.52,4.72,61.18,46.76,Pump A Running
2026-07-08T12:15:00+00:00,Running,1,2121.6,10.65,4.74,62.59,45.32,Pump A Running
2026-07-08T12:30:00+00:00,Running,1,2084.0,10.56,4.86,63.03,45.9,Pump A Running
2026-07-08T12:45:00+00:00,Running,1,2109.6,10.57,4.85,62.0,46.47,Pump A Running
2026-07-08T13:00:00+00:00,Running,1,2141.1,10.56,4.76,63.14,46.03,Pump A Running
2026-07-08T13:15:00+00:00,Running,1,2312.0,10.6,4.85,61.2,46.03,Pump A Running
2026-07-08T13:30:00+00:00,Running,1,2237.5,10.5,4.75,61.63,45.72,Pump A Running
2026-07-08T13:45:00+00:00,Running,1,2293.2,10.45,4.65,61.96,45.92,Pump A Running
2026-07-08T14:00:00+00:00,Running,1,2214.5,10.52,4.78,62.63,46.06,Pump A Running
2026-07-08T14:15:00+00:00,Running,1,2411.2,10.47,4.78,62.0,46.18,Pump A Running
2026-07-08T14:30:00+00:00,Running,1,2188.9,10.69,4.67,61.53,46.21,Pump A Running
2026-07-08T14:45:00+00:00,Running,1,2219.4,10.61,4.97,61.06,45.67,Pump A Running
2026-07-08T15:00:00+00:00,Running,1,2146.6,10.67,4.75,59.98,46.11,Pump A Running
2026-07-08T15:15:00+00:00,Running,1,2326.1,10.59,4.66,61.28,45.91,Pump A Running
2026-07-08T15:30:00+00:00,Running,1,2361.6,10.54,4.87,64.14,45.49,Pump A Running
2026-07-08T15:45:00+00:00,Running,1,2273.2,10.53,4.8,62.46,46.63,Pump A Running
2026-07-08T16:00:00+00:00,Running,1,2174.3,10.48,4.73,60.42,45.22,Pump A Running
2026-07-08T16:15:00+00:00,Running,1,2343.5,10.55,4.75,62.4,46.39,Pump A Running
2026-07-08T16:30:00+00:00,Running,1,2438.5,10.54,4.75,61.33,45.86,Pump A Running
2026-07-08T16:45:00+00:00,Running,1,2502.5,10.68,4.73,61.18,46.23,Pump A Running
2026-07-08T17:00:00+00:00,Running,1,2249.7,10.76,4.77,61.06,46.09,Pump A Running
2026-07-08T17:15:00+00:00,Running,1,2286.3,10.61,4.77,60.59,46.36,Pump A Running
2026-07-08T17:30:00+00:00,Running,1,2327.6,10.56,4.83,62.14,46.42,Pump A Running
2026-07-08T17:45:00+00:00,Running,1,2180.0,10.78,4.88,62.96,46.17,Pump A Running
2026-07-08T18:00:00+00:00,Running,1,2294.0,10.58,4.84,61.53,46.09,Pump A Running
2026-07-08T18:15:00+00:00,Running,1,2261.3,10.62,4.91,61.74,46.09,Pump A Running
2026-07-08T18:30:00+00:00,Running,1,2311.6,10.5,4.76,62.55,46.59,Pump A Running
2026-07-08T18:45:00+00:00,Running,1,2054.5,10.62,4.78,60.09,45.89,Pump A Running
2026-07-08T19:00:00+00:00,Running,1,2282.4,10.4,4.75,62.75,46.23,Pump A Running
2026-07-08T19:15:00+00:00,Running,1,2228.7,10.57,4.76,61.14,45.89,Pump A Running
2026-07-08T19:30:00+00:00,Running,1,2329.6,10.56,4.83,62.58,46.05,Pump A Running
2026-07-08T19:45:00+00:00,Running,1,2275.5,10.77,4.73,61.47,46.52,Pump A Running
2026-07-08T20:00:00+00:00,Running,1,2287.2,10.61,4.82,62.81,46.69,Pump A Running
2026-07-08T20:15:00+00:00,Running,1,2459.2,10.51,4.92,60.76,46.55,Pump A Running
2026-07-08T20:30:00+00:00,Running,1,2446.0,10.66,4.7,62.3,46.0,Pump A Running
2026-07-08T20:45:00+00:00,Running,1,2359.2,10.58,4.95,60.08,46.18,Pump A Running
2026-07-08T21:00:00+00:00,Running,1,2230.3,10.53,4.68,62.53,46.52,Pump A Running
2026-07-08T21:15:00+00:00,Running,1,2241.6,10.62,4.76,60.49,46.32,Pump A Running
2026-07-08T21:30:00+00:00,Running,1,2213.7,10.6,4.83,62.25,45.95,Pump A Running
2026-07-08T21:45:00+00:00,Running,1,2485.4,10.52,4.91,62.64,45.84,Pump A Running
2026-07-08T22:00:00+00:00,Running,1,2435.3,10.66,4.79,63.08,46.51,Pump A Running
2026-07-08T22:15:00+00:00,Running,1,2371.7,10.65,4.68,62.27,46.26,Pump A Running
2026-07-08T22:30:00+00:00,Running,1,2337.6,10.64,4.9,64.08,46.28,Pump A Running
2026-07-08T22:45:00+00:00,Running,1,2507.1,10.66,4.62,62.28,45.45,Pump A Running
2026-07-08T23:00:00+00:00,Running,1,2442.8,10.63,4.86,62.41,45.97,Pump A Running
2026-07-08T23:15:00+00:00,Running,1,2422.1,10.63,4.85,60.79,45.88,Pump A Running
2026-07-08T23:30:00+00:00,Running,1,2279.7,10.65,4.8,62.43,45.8,Pump A Running
2026-07-08T23:45:00+00:00,Running,1,2439.8,10.53,4.87,62.64,45.74,Pump A Running
2026-07-09T00:00:00+00:00,Running,1,2425.4,10.66,4.59,62.32,45.5,Pump A Running
2026-07-09T00:15:00+00:00,Running,1,2563.4,10.65,4.79,61.9,45.57,Pump A Running
2026-07-09T00:30:00+00:00,Running,1,2544.9,10.69,4.7,60.05,46.09,Pump A Running
2026-07-09T00:45:00+00:00,Running,1,2467.0,10.55,4.75,62.26,45.28,Pump A Running
2026-07-09T01:00:00+00:00,Running,1,2422.8,10.65,4.71,62.31,45.81,Pump A Running
2026-07-09T01:15:00+00:00,Running,1,2397.3,10.63,4.94,62.88,46.23,Pump A Running
2026-07-09T01:30:00+00:00,Running,1,2446.2,10.74,4.9,63.89,45.62,Pump A Running
2026-07-09T01:45:00+00:00,Running,1,2613.9,10.67,4.96,60.87,45.74,Pump A Running
2026-07-09T02:00:00+00:00,Stopped,0,0.0,0.0,0.15,0.0,29.05,Pumps Stopped
2026-07-09T02:15:00+00:00,Stopped,0,0.0,0.0,0.08,0.0,29.09,Pumps Stopped
2026-07-09T02:30:00+00:00,Stopped,0,0.0,0.0,0.12,0.0,29.05,Pumps Stopped
2026-07-09T02:45:00+00:00,Stopped,0,0.0,0.0,0.14,0.0,28.58,Pumps Stopped
2026-07-09T03:00:00+00:00,Stopped,0,0.0,0.0,0.15,0.0,29.01,Pumps Stopped
2026-07-09T03:15:00+00:00,Stopped,0,0.0,0.0,0.14,0.0,29.2,Pumps Stopped
2026-07-09T03:30:00+00:00,Running,1,2461.9,10.52,4.75,61.91,46.24,Pump A Running
2026-07-09T03:45:00+00:00,Running,1,2571.8,10.58,4.72,62.02,45.89,Pump A Running
2026-07-09T04:00:00+00:00,Running,1,2487.3,10.62,4.74,61.51,45.92,Pump A Running
2026-07-09T04:15:00+00:00,Running,1,2661.8,10.65,4.82,61.61,45.82,Pump A Running
2026-07-09T04:30:00+00:00,Running,1,2734.8,10.58,4.8,61.59,46.1,Pump A Running
2026-07-09T04:45:00+00:00,Running,1,2481.7,10.62,4.74,61.92,45.44,Pump A Running
2026-07-09T05:00:00+00:00,Running,1,2607.1,10.47,4.88,61.25,45.3,Pump A Running
2026-07-09T05:15:00+00:00,Running,1,2584.0,10.64,4.8,61.43,45.8,Pump A Running
2026-07-09T05:30:00+00:00,Running,1,2681.8,10.65,4.84,63.19,45.63,Pump A Running
2026-07-09T05:45:00+00:00,Running,1,2650.0,10.75,4.84,61.14,46.35,Pump A Running
2026-07-09T06:00:00+00:00,Running,1,2530.2,10.73,4.87,63.04,45.55,Pump A Running
2026-07-09T06:15:00+00:00,Running,1,2577.1,10.72,4.91,61.84,45.56,Pump A Running
2026-07-09T06:30:00+00:00,Running,1,2728.2,10.66,4.9,61.16,45.58,Pump A Running
2026-07-09T06:45:00+00:00,Running,1,2703.3,10.59,4.81,63.93,46.2,Pump A Running
2026-07-09T07:00:00+00:00,Running,1,2616.4,10.39,4.83,62.49,46.59,Pump A Running
2026-07-09T07:15:00+00:00,Running,1,2577.7,10.62,4.83,61.53,46.12,Pump A Running
2026-07-09T07:30:00+00:00,Running,1,2380.8,10.59,4.87,61.33,46.45,Pump A Running
2026-07-09T07:45:00+00:00,Running,1,2621.4,10.55,4.73,62.81,46.23,Pump A Running
2026-07-09T08:00:00+00:00,Running,1,2627.2,10.76,4.88,62.07,46.09,Pump A Running
2026-07-09T08:15:00+00:00,Running,1,2769.2,10.57,4.87,63.17,45.5,Pump A Running
2026-07-09T08:30:00+00:00,Running,1,2684.4,10.58,4.89,61.27,45.65,Pump A Running
2026-07-09T08:45:00+00:00,Running,1,2599.3,10.57,4.79,62.2,45.81,Pump A Running
2026-07-09T09:00:00+00:00,Running,1,2688.1,10.64,4.76,61.11,46.67,Pump A Running
2026-07-09T09:15:00+00:00,Running,1,2659.2,10.58,4.71,60.09,45.7,Pump A Running
2026-07-09T09:30:00+00:00,Running,1,2752.5,10.47,4.74,61.09,46.48,Pump A Running
2026-07-09T09:45:00+00:00,Running,1,2723.0,10.67,4.86,58.66,45.52,Pump A Running
2026-07-09T10:00:00+00:00,Running,1,2655.3,10.51,4.79,62.09,45.98,Pump A Running
2026-07-09T10:15:00+00:00,Running,1,2712.4,10.7,4.9,62.83,46.11,Pump A Running
2026-07-09T10:30:00+00:00,Running,1,2760.8,10.73,4.7,61.72,46.16,Pump A Running
2026-07-09T10:45:00+00:00,Running,1,2674.8,10.59,4.78,61.65,45.45,Pump A Running
2026-07-09T11:00:00+00:00,Running,1,2739.8,10.64,4.71,61.82,46.18,Pump A Running
2026-07-09T11:15:00+00:00,Running,1,2830.3,10.6,4.71,62.03,46.07,Pump A Running
2026-07-09T11:30:00+00:00,Running,1,2594.5,10.6,4.79,63.12,46.15,Pump A Running
2026-07-09T11:45:00+00:00,Running,1,2830.6,10.41,4.82,63.15,45.95,Pump A Running
2026-07-09T12:00:00+00:00,Running,1,2800.7,10.69,4.88,61.56,46.61,Pump A Running
2026-07-09T12:15:00+00:00,Running,1,2856.2,10.57,4.76,62.2,46.33,Pump A Running
2026-07-09T12:30:00+00:00,Running,1,2813.7,10.69,4.87,62.23,46.38,Pump A Running
2026-07-09T12:45:00+00:00,Running,1,2710.9,10.72,4.91,62.61,45.9,Pump A Running
2026-07-09T13:00:00+00:00,Running,1,2576.2,10.49,4.7,63.58,46.27,Pump A Running
2026-07-09T13:15:00+00:00,Running,1,2848.6,10.63,4.85,63.01,45.89,Pump A Running
2026-07-09T13:30:00+00:00,Running,1,2667.8,10.64,4.66,62.75,46.4,Pump A Running
2026-07-09T13:45:00+00:00,Running,1,2793.8,10.54,4.77,62.84,46.37,Pump A Running
2026-07-09T14:00:00+00:00,Running,1,2845.0,10.48,4.81,63.24,45.52,Pump A Running
2026-07-09T14:15:00+00:00,Running,1,2726.0,10.54,4.83,61.66,45.6,Pump A Running
2026-07-09T14:30:00+00:00,Running,1,2777.0,10.62,4.83,61.96,46.13,Pump A Running
2026-07-09T14:45:00+00:00,Running,1,2763.3,10.64,4.77,61.11,46.17,Pump A Running
2026-07-09T15:00:00+00:00,Running,1,2698.8,10.64,4.74,61.99,45.89,Pump A Running
2026-07-09T15:15:00+00:00,Running,1,2727.3,10.52,4.81,63.67,46.08,Pump A Running
2026-07-09T15:30:00+00:00,Running,1,2704.2,10.65,4.84,61.11,45.24,Pump A Running
2026-07-09T15:45:00+00:00,Running,1,2689.7,10.62,4.73,61.29,46.66,Pump A Running
2026-07-09T16:00:00+00:00,Running,1,2916.7,10.68,4.73,60.55,45.61,Pump A Running
2026-07-09T16:15:00+00:00,Running,1,2757.9,10.48,4.83,61.71,45.53,Pump A Running
2026-07-09T16:30:00+00:00,Running,1,2838.1,10.51,4.81,61.82,46.45,Pump A Running
2026-07-09T16:45:00+00:00,Running,1,2870.6,10.55,4.74,61.27,46.87,Pump A Running
2026-07-09T17:00:00+00:00,Running,1,2698.1,10.52,4.84,63.62,45.59,Pump A Running
2026-07-09T17:15:00+00:00,Running,1,2792.3,10.71,4.77,61.95,45.71,Pump A Running
2026-07-09T17:30:00+00:00,Running,1,2811.6,10.52,4.87,62.64,45.99,Pump A Running
2026-07-09T17:45:00+00:00,Running,1,2748.2,10.62,4.72,63.76,45.75,Pump A Running
2026-07-09T18:00:00+00:00,Running,1,2769.5,10.56,4.71,61.8,44.99,Pump A Running
2026-07-09T18:15:00+00:00,Running,1,2779.1,10.62,4.88,62.15,46.25,Pump A Running
2026-07-09T18:30:00+00:00,Running,1,2816.2,10.66,4.74,62.81,45.96,Pump A Running
2026-07-09T18:45:00+00:00,Running,1,2709.8,10.66,4.81,61.78,45.79,Pump A Running
2026-07-09T19:00:00+00:00,Running,1,2664.3,10.53,4.76,61.41,46.13,Pump A Running
2026-07-09T19:15:00+00:00,Running,1,2712.5,10.47,4.93,62.2,46.17,Pump A Running
2026-07-09T19:30:00+00:00,Running,1,2751.2,10.46,4.81,62.91,45.46,Pump A Running
2026-07-09T19:45:00+00:00,Running,1,2706.3,10.72,4.75,63.36,46.14,Pump A Running
2026-07-09T20:00:00+00:00,Running,1,2674.8,10.72,4.81,63.41,45.88,Pump A Running
2026-07-09T20:15:00+00:00,Running,1,2783.3,10.63,4.82,62.06,46.06,Pump A Running
2026-07-09T20:30:00+00:00,Running,1,2746.3,10.61,4.85,62.64,46.28,Pump A Running
2026-07-09T20:45:00+00:00,Running,1,2806.2,10.67,4.9,62.54,46.69,Pump A Running
2026-07-09T21:00:00+00:00,Running,1,2638.2,10.65,4.93,62.44,45.71,Pump A Running
2026-07-09T21:15:00+00:00,Running,1,2765.9,10.63,4.78,61.64,46.31,Pump A Running
2026-07-09T21:30:00+00:00,Running,1,2808.6,10.66,4.71,62.81,45.68,Pump A Running
2026-07-09T21:45:00+00:00,Running,1,2866.1,10.5,4.67,62.22,46.02,Pump A Running
2026-07-09T22:00:00+00:00,Running,1,2884.9,10.55,4.89,62.57,46.7,Pump A Running
2026-07-09T22:15:00+00:00,Running,1,2852.7,10.62,4.83,61.4,45.06,Pump A Running
2026-07-09T22:30:00+00:00,Running,1,2856.2,10.58,4.86,62.04,45.84,Pump A Running
2026-07-09T22:45:00+00:00,Running,1,2657.8,10.55,4.82,63.03,46.18,Pump A Running
2026-07-09T23:00:00+00:00,Running,1,2779.7,10.52,4.8,61.35,45.79,Pump A Running
2026-07-09T23:15:00+00:00,Running,1,2902.7,10.62,4.83,62.56,46.14,Pump A Running
2026-07-09T23:30:00+00:00,Running,1,2678.1,10.6,4.95,61.87,45.77,Pump A Running
2026-07-09T23:45:00+00:00,Running,1,2636.3,10.59,4.75,61.17,46.3,Pump A Running
2026-07-10T00:00:00+00:00,Running,1,2794.0,10.69,4.86,60.5,45.74,Pump A Running
2026-07-10T00:15:00+00:00,Running,1,2578.2,10.49,4.88,61.61,45.95,Pump A Running
2026-07-10T00:30:00+00:00,Running,1,2991.2,10.6,5.02,61.76,46.31,Pump A Running
2026-07-10T00:45:00+00:00,Running,1,2691.5,10.48,4.8,63.58,45.64,Pump A Running
2026-07-10T01:00:00+00:00,Running,1,2787.7,10.48,4.81,61.93,45.71,Pump A Running
2026-07-10T01:15:00+00:00,Running,1,2800.5,10.52,4.72,60.98,46.38,Pump A Running
2026-07-10T01:30:00+00:00,Running,1,2671.0,10.63,4.75,64.01,45.94,Pump A Running
2026-07-10T01:45:00+00:00,Running,1,2896.9,10.58,4.8,60.96,46.14,Pump A Running
2026-07-10T02:00:00+00:00,Stopped,0,0.0,0.0,0.15,0.0,28.78,Pumps Stopped
2026-07-10T02:15:00+00:00,Stopped,0,0.0,0.0,0.12,0.0,28.73,Pumps Stopped
2026-07-10T02:30:00+00:00,Stopped,0,0.0,0.0,0.11,0.0,29.05,Pumps Stopped
2026-07-10T02:45:00+00:00,Stopped,0,0.0,0.0,0.05,0.0,29.71,Pumps Stopped
2026-07-10T03:00:00+00:00,Stopped,0,0.0,0.0,0.09,0.0,28.84,Pumps Stopped
2026-07-10T03:15:00+00:00,Stopped,0,0.0,0.0,0.11,0.0,29.04,Pumps Stopped
2026-07-10T03:30:00+00:00,Running,1,2822.4,10.51,4.76,61.7,46.14,Pump A Running
2026-07-10T03:45:00+00:00,Running,1,2625.3,10.59,4.78,63.15,46.65,Pump A Running
2026-07-10T04:00:00+00:00,Running,1,2735.2,10.55,4.74,60.44,46.33,Pump A Running
2026-07-10T04:15:00+00:00,Running,1,2520.0,10.56,4.73,61.6,45.05,Pump A Running
2026-07-10T04:30:00+00:00,Running,1,2738.8,10.4,4.78,60.0,45.86,Pump A Running
2026-07-10T04:45:00+00:00,Running,1,2703.3,10.63,4.92,62.06,46.43,Pump A Running
2026-07-10T05:00:00+00:00,Running,1,2612.4,10.69,4.87,60.6,46.3,Pump A Running
2026-07-10T05:15:00+00:00,Running,1,2737.9,10.51,4.73,61.32,46.58,Pump A Running
2026-07-10T05:30:00+00:00,Running,1,2513.9,10.7,4.75,62.11,45.61,Pump A Running
2026-07-10T05:45:00+00:00,Running,1,2714.2,10.57,4.66,59.67,45.51,Pump A Running
2026-07-10T06:00:00+00:00,Running,1,2501.8,10.6,4.83,61.72,45.76,Pump A Running
2026-07-10T06:15:00+00:00,Running,1,2532.4,10.67,4.75,63.13,45.57,Pump A Running
2026-07-10T06:30:00+00:00,Running,1,2645.1,10.6,4.85,62.42,45.56,Pump A Running
2026-07-10T06:45:00+00:00,Running,1,2588.2,10.6,4.82,62.75,46.25,Pump A Running
2026-07-10T07:00:00+00:00,Running,1,2539.3,10.62,4.69,61.95,45.6,Pump A Running
2026-07-10T07:15:00+00:00,Running,1,2540.0,10.68,4.74,61.63,46.0,Pump A Running
2026-07-10T07:30:00+00:00,Running,1,2616.5,10.58,4.71,61.57,46.21,Pump A Running
2026-07-10T07:45:00+00:00,Running,1,2568.5,10.59,4.83,62.24,46.4,Pump A Running
2026-07-10T08:00:00+00:00,Running,1,2568.6,10.46,4.8,62.93,46.64,Pump A Running
2026-07-10T08:15:00+00:00,Running,1,2521.3,10.6,4.76,62.64,46.42,Pump A Running
2026-07-10T08:30:00+00:00,Running,1,2470.3,10.64,4.88,61.09,46.3,Pump A Running
2026-07-10T08:45:00+00:00,Running,1,2543.3,10.77,4.79,61.63,45.95,Pump A Running
2026-07-10T09:00:00+00:00,Running,1,2578.0,10.63,4.67,62.51,46.21,Pump A Running
2026-07-10T09:15:00+00:00,Running,1,2585.9,10.49,4.9,61.92,46.48,Pump A Running
2026-07-10T09:30:00+00:00,Running,1,2591.9,10.61,4.88,62.6,45.79,Pump A Running
2026-07-10T09:45:00+00:00,Running,1,2714.4,10.63,4.73,63.19,44.87,Pump A Running
2026-07-10T10:00:00+00:00,Running,1,2529.5,10.69,4.84,61.16,46.71,Pump A Running
2026-07-10T10:15:00+00:00,Running,1,2338.5,10.74,4.75,62.51,45.45,Pump A Running
2026-07-10T10:30:00+00:00,Running,1,2468.2,10.63,4.94,60.85,45.83,Pump A Running
2026-07-10T10:45:00+00:00,Running,1,2428.6,10.61,4.75,63.89,46.4,Pump A Running
2026-07-10T11:00:00+00:00,Running,1,2423.2,10.65,4.73,60.91,45.95,Pump A Running
2026-07-10T11:15:00+00:00,Running,1,2309.3,10.56,4.86,60.48,45.76,Pump A Running
2026-07-10T11:30:00+00:00,Running,1,2467.3,10.54,4.88,61.91,45.5,Pump A Running
2026-07-10T11:45:00+00:00,Running,1,2497.9,10.61,4.74,62.5,46.1,Pump A Running
2026-07-10T12:00:00+00:00,Running,1,2455.5,10.66,4.9,62.84,45.72,Pump A Running
2026-07-10T12:15:00+00:00,Running,1,2498.9,10.55,4.96,62.26,46.25,Pump A Running
2026-07-10T12:30:00+00:00,Running,1,2417.8,10.46,4.8,63.06,46.23,Pump A Running
2026-07-10T12:45:00+00:00,Running,1,2472.8,10.68,4.81,62.64,46.26,Pump A Running
2026-07-10T13:00:00+00:00,Running,1,2462.5,10.61,4.8,61.69,45.35,Pump A Running
2026-07-10T13:15:00+00:00,Running,1,2463.7,10.54,4.78,62.22,46.41,Pump A Running
2026-07-10T13:30:00+00:00,Running,1,2413.6,10.57,4.82,60.66,45.77,Pump A Running
2026-07-10T13:45:00+00:00,Running,1,2546.6,10.52,4.92,62.7,45.53,Pump A Running
2026-07-10T14:00:00+00:00,Running,1,2431.5,10.55,4.77,62.09,46.21,Pump A Running
2026-07-10T14:15:00+00:00,Running,1,2404.9,10.65,4.89,62.51,45.78,Pump A Running
2026-07-10T14:30:00+00:00,Running,1,2469.7,10.55,4.82,62.22,45.3,Pump A Running
2026-07-10T14:45:00+00:00,Running,1,2276.6,10.66,4.76,61.06,46.3,Pump A Running
2026-07-10T15:00:00+00:00,Running,1,2423.0,10.7,4.6,62.02,45.62,Pump A Running
2026-07-10T15:15:00+00:00,Running,1,2353.1,10.56,4.9,60.68,45.58,Pump A Running
2026-07-10T15:30:00+00:00,Running,1,2371.3,10.68,4.76,62.38,45.43,Pump A Running
2026-07-10T15:45:00+00:00,Running,1,2475.8,10.59,4.93,62.94,46.12,Pump A Running
2026-07-10T16:00:00+00:00,Running,1,2342.9,10.65,4.82,61.48,46.21,Pump A Running
2026-07-10T16:15:00+00:00,Running,1,2402.0,10.54,4.94,62.22,45.25,Pump A Running
2026-07-10T16:30:00+00:00,Running,1,2381.6,10.69,4.86,59.39,46.08,Pump A Running
2026-07-10T16:45:00+00:00,Running,1,2315.5,10.6,4.83,61.22,46.07,Pump A Running
2026-07-10T17:00:00+00:00,Running,1,2274.6,10.67,4.75,62.83,46.02,Pump A Running
2026-07-10T17:15:00+00:00,Running,1,2197.2,10.65,4.77,62.57,45.86,Pump A Running
2026-07-10T17:30:00+00:00,Running,1,2159.3,10.6,4.76,61.55,46.23,Pump A Running
2026-07-10T17:45:00+00:00,Running,1,2268.4,10.69,4.76,62.39,45.77,Pump A Running
2026-07-10T18:00:00+00:00,Running,1,2351.9,10.67,4.85,60.94,45.46,Pump A Running
2026-07-10T18:15:00+00:00,Running,1,2218.6,10.65,4.73,63.34,46.55,Pump A Running
2026-07-10T18:30:00+00:00,Running,1,2235.5,10.64,4.75,62.15,45.24,Pump A Running
2026-07-10T18:45:00+00:00,Running,1,2296.4,10.7,4.76,61.64,46.02,Pump A Running
2026-07-10T19:00:00+00:00,Running,1,2301.8,10.61,4.75,63.06,45.46,Pump A Running
2026-07-10T19:15:00+00:00,Running,1,2246.5,10.62,4.88,62.34,45.85,Pump A Running
2026-07-10T19:30:00+00:00,Running,1,2137.1,10.59,4.84,62.95,45.76,Pump A Running
2026-07-10T19:45:00+00:00,Running,1,2415.9,10.66,4.69,59.25,45.75,Pump A Running
2026-07-10T20:00:00+00:00,Running,1,2349.1,10.55,4.92,62.27,45.5,Pump A Running
2026-07-10T20:15:00+00:00,Running,1,2121.3,10.72,4.95,61.61,46.48,Pump A Running
2026-07-10T20:30:00+00:00,Running,1,2326.4,10.66,4.73,63.17,45.83,Pump A Running
2026-07-10T20:45:00+00:00,Running,1,2390.4,10.66,4.8,61.86,45.89,Pump A Running
2026-07-10T21:00:00+00:00,Running,1,2244.9,10.46,4.67,60.17,46.69,Pump A Running
2026-07-10T21:15:00+00:00,Running,1,2207.9,10.66,4.74,62.1,46.31,Pump A Running
2026-07-10T21:30:00+00:00,Running,1,2177.4,10.71,4.6,62.32,45.66,Pump A Running
2026-07-10T21:45:00+00:00,Running,1,2225.3,10.55,4.73,61.58,45.65,Pump A Running
2026-07-10T22:00:00+00:00,Running,1,1983.9,10.62,4.78,62.06,45.78,Pump A Running
2026-07-10T22:15:00+00:00,Running,1,2224.9,10.68,4.83,60.81,46.15,Pump A Running
2026-07-10T22:30:00+00:00,Running,1,2327.0,10.74,4.84,61.77,46.26,Pump A Running
2026-07-10T22:45:00+00:00,Running,1,2110.6,10.53,4.85,63.11,45.91,Pump A Running
2026-07-10T23:00:00+00:00,Running,1,2119.0,10.64,4.88,61.55,45.77,Pump A Running
2026-07-10T23:15:00+00:00,Running,1,2221.1,10.55,4.98,63.18,46.33,Pump A Running
2026-07-10T23:30:00+00:00,Running,1,2328.9,10.68,4.85,61.95,46.33,Pump A Running
2026-07-10T23:45:00+00:00,Running,1,2214.5,10.68,4.82,61.89,45.9,Pump A Running
2026-07-11T00:00:00+00:00,Running,1,2244.3,10.61,4.9,62.71,46.37,Pump A Running
2026-07-11T00:15:00+00:00,Running,1,2092.9,10.41,4.78,61.85,46.71,Pump A Running
2026-07-11T00:30:00+00:00,Running,1,2208.8,10.68,4.72,61.79,46.45,Pump A Running
2026-07-11T00:45:00+00:00,Running,1,2210.7,10.64,4.89,63.11,45.77,Pump A Running
2026-07-11T01:00:00+00:00,Running,1,2248.3,10.45,4.63,60.85,46.01,Pump A Running
2026-07-11T01:15:00+00:00,Running,1,2180.4,10.57,4.85,62.25,46.12,Pump A Running
2026-07-11T01:30:00+00:00,Running,1,2331.7,10.68,4.66,61.66,46.13,Pump A Running
2026-07-11T01:45:00+00:00,Running,1,2262.7,10.64,4.82,62.7,45.99,Pump A Running
2026-07-11T02:00:00+00:00,Stopped,0,0.0,0.0,0.08,0.0,29.3,Pumps Stopped
2026-07-11T02:15:00+00:00,Stopped,0,0.0,0.0,0.1,0.0,28.85,Pumps Stopped
2026-07-11T02:30:00+00:00,Stopped,0,0.0,0.0,0.13,0.0,28.84,Pumps Stopped
2026-07-11T02:45:00+00:00,Stopped,0,0.0,0.0,0.06,0.0,28.63,Pumps Stopped
2026-07-11T03:00:00+00:00,Stopped,0,0.0,0.0,0.06,0.0,29.16,Pumps Stopped
2026-07-11T03:15:00+00:00,Stopped,0,0.0,0.0,0.18,0.0,28.83,Pumps Stopped
2026-07-11T03:30:00+00:00,Running,1,2264.4,10.73,4.84,63.48,46.09,Pump A Running
2026-07-11T03:45:00+00:00,Running,1,2063.1,10.51,4.9,62.54,45.76,Pump A Running
2026-07-11T04:00:00+00:00,Running,1,2136.2,10.58,4.81,60.45,46.14,Pump A Running
2026-07-11T04:15:00+00:00,Running,1,2270.2,10.59,4.87,63.01,45.76,Pump A Running
2026-07-11T04:30:00+00:00,Running,1,2085.5,10.66,4.7,60.8,46.05,Pump A Running
2026-07-11T04:45:00+00:00,Running,1,2121.9,10.47,4.69,60.78,45.75,Pump A Running
2026-07-11T05:00:00+00:00,Running,1,2062.2,10.74,4.71,60.2,46.13,Pump A Running
2026-07-11T05:15:00+00:00,Running,1,2189.4,10.53,4.84,60.73,46.22,Pump A Running
2026-07-11T05:30:00+00:00,Running,1,2111.8,10.57,4.75,61.3,46.15,Pump A Running
2026-07-11T05:45:00+00:00,Running,1,2003.1,10.6,4.77,61.76,46.33,Pump A Running
2026-07-11T06:00:00+00:00,Running,1,2105.0,10.58,4.79,62.81,46.69,Pump A Running
2026-07-11T06:15:00+00:00,Running,1,2096.8,10.67,4.82,61.7,45.55,Pump A Running
2026-07-11T06:30:00+00:00,Running,1,1953.1,10.54,4.75,62.59,46.56,Pump A Running
2026-07-11T06:45:00+00:00,Running,1,2219.2,10.67,4.78,62.08,46.01,Pump A Running
2026-07-11T07:00:00+00:00,Running,1,2122.7,10.51,4.82,59.29,45.86,Pump A Running
2026-07-11T07:15:00+00:00,Running,1,2198.4,10.64,4.72,61.69,46.33,Pump A Running
2026-07-11T07:30:00+00:00,Running,1,2243.3,10.61,4.76,63.25,45.72,Pump A Running
2026-07-11T07:45:00+00:00,Running,1,2151.4,10.6,4.76,61.38,45.26,Pump A Running
2026-07-11T08:00:00+00:00,Running,1,2032.3,10.6,4.77,62.55,46.36,Pump A Running
2026-07-11T08:15:00+00:00,Running,1,2267.3,10.65,4.87,64.66,45.73,Pump A Running
2026-07-11T08:30:00+00:00,Running,1,2129.6,10.64,4.75,62.41,46.35,Pump A Running
2026-07-11T08:45:00+00:00,Running,1,2207.2,10.67,4.7,62.27,45.76,Pump A Running
2026-07-11T09:00:00+00:00,Running,1,2102.2,10.54,4.87,62.06,46.5,Pump A Running
2026-07-11T09:15:00+00:00,Running,1,2243.9,10.64,4.77,61.78,45.66,Pump A Running
2026-07-11T09:30:00+00:00,Running,1,2080.6,10.61,4.76,62.47,46.06,Pump A Running
2026-07-11T09:45:00+00:00,Running,1,2130.9,10.6,4.74,63.09,46.04,Pump A Running
2026-07-11T10:00:00+00:00,Running,1,2003.2,10.57,4.78,62.53,46.09,Pump A Running
2026-07-11T10:15:00+00:00,Running,1,2160.1,10.72,4.73,62.26,46.51,Pump A Running
2026-07-11T10:30:00+00:00,Running,1,2151.1,10.68,4.86,62.73,45.61,Pump A Running
2026-07-11T10:45:00+00:00,Running,1,2202.8,10.53,4.69,62.22,45.99,Pump A Running
2026-07-11T11:00:00+00:00,Running,1,2228.0,10.52,4.85,62.83,46.19,Pump A Running
2026-07-11T11:15:00+00:00,Running,1,2069.2,10.63,4.8,61.71,46.01,Pump A Running
2026-07-11T11:30:00+00:00,Running,1,2198.8,10.61,4.71,62.96,45.32,Pump A Running
2026-07-11T11:45:00+00:00,Running,1,2067.5,10.51,4.85,63.01,46.45,Pump A Running
2026-07-11T12:00:00+00:00,Running,1,2111.5,10.57,4.78,62.73,45.95,Pump A Running
2026-07-11T12:15:00+00:00,Running,1,2279.0,10.64,4.84,61.62,46.11,Pump A Running
2026-07-11T12:30:00+00:00,Running,1,2200.7,10.71,4.83,62.37,46.29,Pump A Running
2026-07-11T12:45:00+00:00,Running,1,2075.3,10.65,4.77,63.58,46.15,Pump A Running
2026-07-11T13:00:00+00:00,Running,1,2185.9,10.56,4.73,60.95,45.6,Pump A Running
2026-07-11T13:15:00+00:00,Running,1,2271.5,10.59,4.7,62.57,46.02,Pump A Running
2026-07-11T13:30:00+00:00,Running,1,2338.8,10.63,4.89,60.74,45.8,Pump A Running
2026-07-11T13:45:00+00:00,Running,1,2214.0,10.61,4.86,61.34,45.31,Pump A Running
2026-07-11T14:00:00+00:00,Running,1,2189.1,10.63,4.86,62.86,45.62,Pump A Running
2026-07-11T14:15:00+00:00,Running,1,2242.4,10.66,4.72,60.57,45.75,Pump A Running
2026-07-11T14:30:00+00:00,Running,1,2246.5,10.6,4.82,61.05,45.82,Pump A Running
2026-07-11T14:45:00+00:00,Running,1,2348.5,10.57,4.66,63.42,45.85,Pump A Running
2026-07-11T15:00:00+00:00,Running,1,2257.7,10.66,4.78,61.52,44.56,Pump A Running
2026-07-11T15:15:00+00:00,Running,1,2179.3,10.47,4.81,61.8,46.68,Pump A Running
2026-07-11T15:30:00+00:00,Running,1,2382.8,10.42,4.78,62.36,45.94,Pump A Running
2026-07-11T15:45:00+00:00,Running,1,2100.3,10.53,4.8,60.53,45.71,Pump A Running
2026-07-11T16:00:00+00:00,Running,1,2004.7,10.61,4.85,63.32,46.09,Pump A Running
2026-07-11T16:15:00+00:00,Running,1,2170.6,10.7,4.75,63.1,46.11,Pump A Running
2026-07-11T16:30:00+00:00,Running,1,2192.4,10.58,4.62,61.64,46.21,Pump A Running
2026-07-11T16:45:00+00:00,Running,1,2431.0,10.57,4.78,61.0,45.79,Pump A Running
2026-07-11T17:00:00+00:00,Running,1,2300.6,10.59,4.7,63.45,45.61,Pump A Running
2026-07-11T17:15:00+00:00,Running,1,2320.5,10.65,4.73,61.43,45.7,Pump A Running
2026-07-11T17:30:00+00:00,Running,1,2165.6,10.63,4.66,63.98,46.44,Pump A Running
2026-07-11T17:45:00+00:00,Running,1,2317.9,10.66,4.73,61.63,45.99,Pump A Running
2026-07-11T18:00:00+00:00,Running,1,2349.1,10.66,4.8,61.3,46.34,Pump A Running
2026-07-11T18:15:00+00:00,Running,1,2275.5,10.52,4.77,62.67,46.39,Pump A Running
2026-07-11T18:30:00+00:00,Running,1,2318.1,10.61,4.78,61.74,46.19,Pump A Running
2026-07-11T18:45:00+00:00,Running,1,2235.6,10.48,4.73,62.02,45.61,Pump A Running
2026-07-11T19:00:00+00:00,Running,1,2388.2,10.63,4.74,61.8,46.19,Pump A Running
2026-07-11T19:15:00+00:00,Running,1,2319.5,10.65,4.8,61.16,46.3,Pump A Running
2026-07-11T19:30:00+00:00,Running,1,2289.8,10.64,4.71,61.48,46.15,Pump A Running
2026-07-11T19:45:00+00:00,Running,1,2209.8,10.65,4.63,61.93,45.98,Pump A Running
2026-07-11T20:00:00+00:00,Running,1,2449.3,10.62,4.76,60.15,45.9,Pump A Running
2026-07-11T20:15:00+00:00,Running,1,2279.2,10.62,4.79,61.46,45.37,Pump A Running
2026-07-11T20:30:00+00:00,Running,1,2252.1,10.66,4.97,60.85,45.56,Pump A Running
2026-07-11T20:45:00+00:00,Running,1,2282.0,10.51,4.77,61.88,45.62,Pump A Running
2026-07-11T21:00:00+00:00,Running,1,2363.8,10.7,4.96,61.75,45.66,Pump A Running
2026-07-11T21:15:00+00:00,Running,1,2176.8,10.68,4.87,61.71,45.72,Pump A Running
2026-07-11T21:30:00+00:00,Running,1,2329.2,10.67,4.84,64.36,45.77,Pump A Running
2026-07-11T21:45:00+00:00,Running,1,2427.2,10.66,4.84,60.83,46.03,Pump A Running
2026-07-11T22:00:00+00:00,Running,1,2424.3,10.53,5.0,63.36,45.65,Pump A Running
2026-07-11T22:15:00+00:00,Running,1,2458.1,10.56,4.88,62.25,46.41,Pump A Running
2026-07-11T22:30:00+00:00,Running,1,2472.8,10.57,4.82,60.93,45.56,Pump A Running
2026-07-11T22:45:00+00:00,Running,1,2375.8,10.58,4.83,61.39,46.28,Pump A Running
2026-07-11T23:00:00+00:00,Running,1,2365.8,10.64,4.71,62.45,46.14,Pump A Running
2026-07-11T23:15:00+00:00,Running,1,2356.3,10.61,4.76,61.55,46.16,Pump A Running
2026-07-11T23:30:00+00:00,Running,1,2443.3,10.52,4.94,62.44,45.78,Pump A Running
2026-07-11T23:45:00+00:00,Running,1,2431.2,10.67,4.75,62.22,45.84,Pump A Running
2026-07-12T00:00:00+00:00,Running,1,2294.0,10.57,4.8,60.65,45.33,Pump A Running
2026-07-12T00:15:00+00:00,Running,1,2406.2,10.59,4.83,62.66,45.71,Pump A Running
2026-07-12T00:30:00+00:00,Running,1,2491.4,10.59,4.78,62.06,45.45,Pump A Running
2026-07-12T00:45:00+00:00,Running,1,2482.3,10.69,4.92,60.97,45.49,Pump A Running
2026-07-12T01:00:00+00:00,Running,1,2587.7,10.67,4.66,62.38,46.01,Pump A Running
2026-07-12T01:15:00+00:00,Running,1,2424.6,10.61,4.75,61.12,45.37,Pump A Running
2026-07-12T01:30:00+00:00,Running,1,2512.7,10.59,4.87,62.97,45.59,Pump A Running
2026-07-12T01:45:00+00:00,Running,1,2426.9,10.62,4.74,62.99,46.16,Pump A Running
2026-07-12T02:00:00+00:00,Stopped,0,0.0,0.0,0.14,0.0,29.11,Pumps Stopped
2026-07-12T02:15:00+00:00,Stopped,0,0.0,0.0,0.14,0.0,28.95,Pumps Stopped
2026-07-12T02:30:00+00:00,Stopped,0,0.0,0.0,0.11,0.0,29.43,Pumps Stopped
2026-07-12T02:45:00+00:00,Stopped,0,0.0,0.0,0.12,0.0,28.79,Pumps Stopped
2026-07-12T03:00:00+00:00,Stopped,0,0.0,0.0,0.11,0.0,28.86,Pumps Stopped
2026-07-12T03:15:00+00:00,Stopped,0,0.0,0.0,0.16,0.0,29.05,Pumps Stopped
2026-07-12T03:30:00+00:00,Running,1,2630.2,10.5,4.72,61.4,45.36,Pump A Running
2026-07-12T03:45:00+00:00,Running,1,2400.2,10.64,4.76,61.38,46.06,Pump A Running
2026-07-12T04:00:00+00:00,Running,1,2565.1,10.58,4.78,60.42,45.92,Pump A Running
2026-07-12T04:15:00+00:00,Running,1,2583.0,10.65,4.85,61.89,45.91,Pump A Running
2026-07-12T04:30:00+00:00,Running,1,2689.3,10.47,4.71,62.97,45.59,Pump A Running
2026-07-12T04:45:00+00:00,Running,1,2623.0,10.59,4.67,62.5,45.21,Pump A Running
2026-07-12T05:00:00+00:00,Running,1,2640.4,10.7,4.7,61.14,46.53,Pump A Running
2026-07-12T05:15:00+00:00,Running,1,2617.1,10.46,4.91,61.53,46.13,Pump A Running
2026-07-12T05:30:00+00:00,Running,1,2602.9,10.49,4.8,61.78,46.0,Pump A Running
2026-07-12T05:45:00+00:00,Running,1,2657.1,10.58,4.93,62.31,45.8,Pump A Running
2026-07-12T06:00:00+00:00,Running,1,2592.6,10.61,4.79,61.38,46.33,Pump A Running
2026-07-12T06:15:00+00:00,Running,1,2715.7,10.58,4.73,63.73,46.66,Pump A Running
2026-07-12T06:30:00+00:00,Running,1,2491.6,10.74,4.73,61.78,46.8,Pump A Running
2026-07-12T06:45:00+00:00,Running,1,2584.8,10.78,4.67,61.4,45.59,Pump A Running
2026-07-12T07:00:00+00:00,Running,1,2605.4,10.47,4.72,59.7,45.81,Pump A Running
2026-07-12T07:15:00+00:00,Running,1,2680.2,10.67,4.88,62.84,46.05,Pump A Running
2026-07-12T07:30:00+00:00,Running,1,2746.2,10.78,4.76,61.69,46.34,Pump A Running
2026-07-12T07:45:00+00:00,Running,1,2732.6,10.61,4.79,63.42,45.64,Pump A Running
2026-07-12T08:00:00+00:00,Running,1,2504.1,10.71,4.98,60.92,45.4,Pump A Running
2026-07-12T08:15:00+00:00,Running,1,2607.5,10.73,4.79,64.0,46.27,Pump A Running
2026-07-12T08:30:00+00:00,Running,1,2671.6,10.53,4.82,61.63,46.84,Pump A Running
2026-07-12T08:45:00+00:00,Running,1,2705.1,10.55,4.73,60.8,45.88,Pump A Running
2026-07-12T09:00:00+00:00,Running,1,2708.2,10.67,4.73,61.65,45.91,Pump A Running
2026-07-12T09:15:00+00:00,Running,1,2647.7,10.55,4.63,62.15,45.27,Pump A Running
2026-07-12T09:30:00+00:00,Running,1,2747.9,10.67,4.76,63.19,45.87,Pump A Running
2026-07-12T09:45:00+00:00,Running,1,2761.3,10.64,4.81,62.05,45.83,Pump A Running
2026-07-12T10:00:00+00:00,Running,1,2755.4,10.48,4.88,62.81,45.61,Pump A Running
2026-07-12T10:15:00+00:00,Running,1,2706.8,10.72,4.78,61.76,46.15,Pump A Running
2026-07-12T10:30:00+00:00,Running,1,2559.7,10.72,4.86,62.17,45.2,Pump A Running
2026-07-12T10:45:00+00:00,Running,1,2655.0,10.51,4.88,61.73,45.94,Pump A Running
2026-07-12T11:00:00+00:00,Running,1,2891.7,10.43,4.81,61.19,46.58,Pump A Running
2026-07-12T11:15:00+00:00,Running,1,2627.3,10.6,4.77,59.27,46.18,Pump A Running
2026-07-12T11:30:00+00:00,Running,1,2841.4,10.43,4.92,60.37,46.12,Pump A Running
2026-07-12T11:45:00+00:00,Running,1,2742.6,10.64,4.89,62.97,46.38,Pump A Running
2026-07-12T12:00:00+00:00,Running,1,2566.4,10.47,4.81,59.36,45.77,Pump A Running
2026-07-12T12:15:00+00:00,Running,1,2759.3,10.61,4.73,62.62,45.74,Pump A Running
2026-07-12T12:30:00+00:00,Running,1,2839.8,10.62,4.63,60.64,46.56,Pump A Running
2026-07-12T12:45:00+00:00,Running,1,2699.7,10.64,4.86,61.36,46.1,Pump A Running
2026-07-12T13:00:00+00:00,Running,1,2737.7,10.5,4.8,62.22,45.89,Pump A Running
2026-07-12T13:15:00+00:00,Running,1,2520.2,10.64,4.83,61.64,46.72,Pump A Running
2026-07-12T13:30:00+00:00,Running,1,2850.3,10.68,4.85,61.94,45.64,Pump A Running
2026-07-12T13:45:00+00:00,Running,1,2790.8,10.66,4.79,61.39,46.01,Pump A Running
2026-07-12T14:00:00+00:00,Running,1,2663.6,10.64,4.71,62.95,46.89,Pump A Running
2026-07-12T14:15:00+00:00,Running,1,2666.1,10.62,4.95,63.01,46.42,Pump A Running
2026-07-12T14:30:00+00:00,Running,1,2747.9,10.61,4.81,61.77,45.63,Pump A Running
2026-07-12T14:45:00+00:00,Running,1,2937.0,10.59,4.84,63.3,45.95,Pump A Running
2026-07-12T15:00:00+00:00,Running,1,2693.6,10.62,4.79,62.94,46.32,Pump A Running
2026-07-12T15:15:00+00:00,Running,1,2763.4,10.5,4.76,61.18,46.32,Pump A Running
2026-07-12T15:30:00+00:00,Running,1,2569.6,10.58,4.82,60.31,46.03,Pump A Running
2026-07-12T15:45:00+00:00,Running,1,2828.9,10.54,4.85,61.95,46.76,Pump A Running
2026-07-12T16:00:00+00:00,Running,1,2617.6,10.6,4.69,62.78,45.26,Pump A Running
2026-07-12T16:15:00+00:00,Running,1,2656.1,10.61,4.73,61.73,45.43,Pump A Running
2026-07-12T16:30:00+00:00,Running,1,2808.9,10.49,4.8,62.65,46.54,Pump A Running
2026-07-12T16:45:00+00:00,Running,1,2565.9,10.83,4.82,60.25,46.15,Pump A Running
2026-07-12T17:00:00+00:00,Running,1,2745.3,10.71,4.75,61.29,46.73,Pump A Running
2026-07-12T17:15:00+00:00,Running,1,2745.0,10.48,4.88,62.2,45.85,Pump A Running
2026-07-12T17:30:00+00:00,Running,1,2831.1,10.82,4.88,62.27,45.95,Pump A Running
2026-07-12T17:45:00+00:00,Running,1,2896.3,10.66,4.73,62.96,46.28,Pump A Running
2026-07-12T18:00:00+00:00,Running,1,2906.8,10.61,4.76,62.9,45.92,Pump A Running
2026-07-12T18:15:00+00:00,Running,1,2774.1,10.77,4.75,62.4,46.99,Pump A Running
2026-07-12T18:30:00+00:00,Running,1,2788.6,10.5,4.88,59.9,46.35,Pump A Running
2026-07-12T18:45:00+00:00,Running,1,2690.0,10.71,4.66,62.43,46.28,Pump A Running
2026-07-12T19:00:00+00:00,Running,1,2664.2,10.52,4.77,61.98,45.54,Pump A Running
2026-07-12T19:15:00+00:00,Running,1,2955.0,10.6,4.71,63.31,46.15,Pump A Running
2026-07-12T19:30:00+00:00,Running,1,2744.1,10.46,4.77,61.24,46.39,Pump A Running
2026-07-12T19:45:00+00:00,Running,1,2675.5,10.54,4.85,63.45,46.08,Pump A Running
2026-07-12T20:00:00+00:00,Running,1,2496.0,10.54,4.79,63.28,45.91,Pump A Running
2026-07-12T20:15:00+00:00,Running,1,2721.6,10.6,4.87,61.18,45.95,Pump A Running
2026-07-12T20:30:00+00:00,Running,1,2610.1,10.53,4.73,62.91,46.57,Pump A Running
2026-07-12T20:45:00+00:00,Running,1,2803.0,10.57,4.73,61.15,45.29,Pump A Running
2026-07-12T21:00:00+00:00,Running,1,2699.9,10.53,4.99,61.95,45.25,Pump A Running
2026-07-12T21:15:00+00:00,Running,1,2595.0,10.45,4.78,63.18,45.95,Pump A Running
2026-07-12T21:30:00+00:00,Running,1,2784.7,10.55,4.87,64.17,46.76,Pump A Running
2026-07-12T21:45:00+00:00,Running,1,2779.0,10.61,4.76,61.38,45.97,Pump A Running
2026-07-12T22:00:00+00:00,Running,1,2856.6,10.6,4.79,60.77,45.56,Pump A Running
2026-07-12T22:15:00+00:00,Running,1,2743.8,10.64,4.73,61.61,45.65,Pump A Running
2026-07-12T22:30:00+00:00,Running,1,2783.5,10.59,4.85,63.9,46.17,Pump A Running
2026-07-12T22:45:00+00:00,Running,1,2634.9,10.6,4.91,62.97,46.66,Pump A Running
2026-07-12T23:00:00+00:00,Running,1,2636.4,10.62,4.77,61.48,46.7,Pump A Running
2026-07-12T23:15:00+00:00,Running,1,2689.2,10.55,4.79,63.34,46.06,Pump A Running
2026-07-12T23:30:00+00:00,Running,1,2616.2,10.55,4.64,63.59,45.65,Pump A Running
2026-07-12T23:45:00+00:00,Running,1,2745.9,10.67,4.79,63.82,46.36,Pump A Running
2026-07-13T00:00:00+00:00,Running,1,2801.5,10.59,4.84,63.46,46.04,Pump A Running
2026-07-13T00:15:00+00:00,Running,1,2599.1,10.63,4.62,61.38,45.9,Pump A Running
2026-07-13T00:30:00+00:00,Running,1,2820.2,10.63,4.83,61.94,45.1,Pump A Running
2026-07-13T00:45:00+00:00,Running,1,2586.5,10.5,4.79,62.21,46.01,Pump A Running
2026-07-13T01:00:00+00:00,Running,1,2697.0,10.64,4.79,62.47,45.6,Pump A Running
2026-07-13T01:15:00+00:00,Running,1,2670.8,10.65,4.81,62.15,46.67,Pump A Running
2026-07-13T01:30:00+00:00,Running,1,2581.5,10.67,4.77,61.13,45.44,Pump A Running
2026-07-13T01:45:00+00:00,Running,1,2555.1,10.66,4.77,61.46,45.56,Pump A Running
2026-07-13T02:00:00+00:00,Stopped,0,0.0,0.0,0.12,0.0,29.34,Pumps Stopped
2026-07-13T02:15:00+00:00,Stopped,0,0.0,0.0,0.11,0.0,28.53,Pumps Stopped
2026-07-13T02:30:00+00:00,Stopped,0,0.0,0.0,0.13,0.0,29.05,Pumps Stopped
2026-07-13T02:45:00+00:00,Stopped,0,0.0,0.0,0.09,0.0,29.13,Pumps Stopped
2026-07-13T03:00:00+00:00,Stopped,0,0.0,0.0,0.12,0.0,29.06,Pumps Stopped
2026-07-13T03:15:00+00:00,Stopped,0,0.0,0.0,0.14,0.0,29.55,Pumps Stopped
2026-07-13T03:30:00+00:00,Running,1,2551.5,10.64,4.78,62.01,46.24,Pump A Running
2026-07-13T03:45:00+00:00,Running,1,2717.2,10.66,4.84,62.62,45.96,Pump A Running
2026-07-13T04:00:00+00:00,Running,1,2601.7,10.52,4.64,63.02,45.48,Pump A Running
2026-07-13T04:15:00+00:00,Running,1,2666.8,10.58,4.83,62.89,45.89,Pump A Running
2026-07-13T04:30:00+00:00,Running,1,2828.8,10.55,4.81,62.59,45.36,Pump A Running
2026-07-13T04:45:00+00:00,Running,1,2425.2,10.66,4.86,60.72,45.44,Pump A Running
2026-07-13T05:00:00+00:00,Running,1,2685.6,10.78,4.92,60.53,45.49,Pump A Running
2026-07-13T05:15:00+00:00,Running,1,2615.6,10.71,4.62,64.25,45.92,Pump A Running
2026-07-13T05:30:00+00:00,Running,1,2563.5,10.52,4.9,62.1,45.91,Pump A Running
2026-07-13T05:45:00+00:00,Running,1,2541.8,10.57,4.83,62.15,45.93,Pump A Running
2026-07-13T06:00:00+00:00,Running,1,2615.5,10.51,4.83,61.24,45.91,Pump A Running
2026-07-13T06:15:00+00:00,Running,1,2675.7,10.58,4.9,62.14,45.87,Pump A Running
2026-07-13T06:30:00+00:00,Running,1,2571.6,10.63,4.74,60.39,45.59,Pump A Running
2026-07-13T06:45:00+00:00,Running,1,2707.4,10.63,4.93,61.23,45.85,Pump A Running
2026-07-13T07:00:00+00:00,Running,1,2639.1,10.57,4.86,62.93,45.95,Pump A Running
2026-07-13T07:15:00+00:00,Running,1,2414.1,10.66,4.83,62.4,46.85,Pump A Running
2026-07-13T07:30:00+00:00,Running,1,2582.9,10.77,4.81,62.2,46.26,Pump A Running
2026-07-13T07:45:00+00:00,Running,1,2401.3,10.53,4.8,62.96,46.66,Pump A Running
2026-07-13T08:00:00+00:00,Running,1,2613.9,10.68,4.85,62.17,46.38,Pump A Running
2026-07-13T08:15:00+00:00,Running,1,2701.7,10.53,4.91,63.92,45.92,Pump A Running
2026-07-13T08:30:00+00:00,Running,1,2479.9,10.59,4.6,64.08,46.04,Pump A Running
2026-07-13T08:45:00+00:00,Running,1,2672.2,10.63,4.67,62.45,45.8,Pump A Running
2026-07-13T09:00:00+00:00,Running,1,2472.1,10.51,4.87,61.8,46.7,Pump A Running
2026-07-13T09:15:00+00:00,Running,1,2433.3,10.56,4.82,62.0,46.45,Pump A Running
2026-07-13T09:30:00+00:00,Running,1,2573.7,10.73,4.91,60.55,46.22,Pump A Running
2026-07-13T09:45:00+00:00,Running,1,2559.6,10.51,4.82,63.02,46.1,Pump A Running
2026-07-13T10:00:00+00:00,Running,1,2295.8,10.64,4.78,62.11,46.43,Pump A Running
2026-07-13T10:15:00+00:00,Running,1,2539.4,10.49,4.88,61.84,46.02,Pump A Running
2026-07-13T10:30:00+00:00,Running,1,2445.6,10.63,4.9,62.52,46.04,Pump A Running
2026-07-13T10:45:00+00:00,Running,1,2523.7,10.51,4.8,64.41,46.21,Pump A Running
2026-07-13T11:00:00+00:00,Running,1,2428.8,10.67,4.69,62.41,44.87,Pump A Running
2026-07-13T11:15:00+00:00,Running,1,2494.2,10.73,4.92,62.94,45.93,Pump A Running
2026-07-13T11:30:00+00:00,Running,1,2478.7,10.67,4.64,62.98,46.23,Pump A Running
2026-07-13T11:45:00+00:00,Running,1,2406.9,10.62,4.74,63.79,46.28,Pump A Running
2026-07-13T12:00:00+00:00,Running,1,2376.4,10.59,4.97,61.57,45.72,Pump A Running
2026-07-13T12:15:00+00:00,Running,1,2491.5,10.64,4.77,60.22,45.6,Pump A Running
2026-07-13T12:30:00+00:00,Running,1,2551.5,10.56,4.69,61.39,46.01,Pump A Running
2026-07-13T12:45:00+00:00,Running,1,2409.4,10.63,4.69,61.46,45.86,Pump A Running
2026-07-13T13:00:00+00:00,Running,1,2521.5,10.65,4.82,61.39,47.13,Pump A Running
2026-07-13T13:15:00+00:00,Running,1,2325.1,10.69,4.89,60.65,45.84,Pump A Running
2026-07-13T13:30:00+00:00,Running,1,2393.8,10.57,4.83,61.24,46.09,Pump A Running
2026-07-13T13:45:00+00:00,Running,1,2437.2,10.59,4.9,62.79,45.56,Pump A Running
2026-07-13T14:00:00+00:00,Running,1,2281.5,10.64,4.7,61.98,46.32,Pump A Running
2026-07-13T14:15:00+00:00,Running,1,2365.3,10.57,4.79,62.93,45.96,Pump A Running
2026-07-13T14:30:00+00:00,Running,1,2326.4,10.53,4.83,62.9,46.58,Pump A Running
2026-07-13T14:45:00+00:00,Running,1,2435.8,10.53,4.83,62.18,45.69,Pump A Running
2026-07-13T15:00:00+00:00,Running,1,2355.6,10.66,4.77,60.03,45.79,Pump A Running
2026-07-13T15:15:00+00:00,Running,1,2392.6,10.69,4.78,61.5,45.2,Pump A Running
2026-07-13T15:30:00+00:00,Running,1,2310.3,10.53,4.83,62.08,45.91,Pump A Running
2026-07-13T15:45:00+00:00,Running,1,2385.0,10.63,4.75,61.11,45.85,Pump A Running
2026-07-13T16:00:00+00:00,Running,1,2473.7,10.66,4.79,63.05,46.21,Pump A Running
2026-07-13T16:15:00+00:00,Running,1,2272.7,10.53,4.9,63.86,45.88,Pump A Running
2026-07-13T16:30:00+00:00,Running,1,2391.4,10.54,4.77,63.53,46.24,Pump A Running
2026-07-13T16:45:00+00:00,Running,1,2272.8,10.63,4.86,61.44,46.52,Pump A Running
2026-07-13T17:00:00+00:00,Running,1,2371.9,10.62,4.81,63.31,45.83,Pump A Running
2026-07-13T17:15:00+00:00,Running,1,2162.1,10.58,4.99,61.19,46.44,Pump A Running
2026-07-13T17:30:00+00:00,Running,1,2402.8,10.51,4.84,62.1,46.79,Pump A Running
2026-07-13T17:45:00+00:00,Running,1,2342.7,10.56,4.75,59.63,45.32,Pump A Running
2026-07-13T18:00:00+00:00,Running,1,2306.8,10.56,4.91,62.46,46.13,Pump A Running
2026-07-13T18:15:00+00:00,Running,1,2386.3,10.56,4.89,62.38,45.52,Pump A Running
2026-07-13T18:30:00+00:00,Running,1,2417.8,10.68,4.91,62.39,45.53,Pump A Running
2026-07-13T18:45:00+00:00,Running,1,2058.2,10.59,4.8,60.8,45.41,Pump A Running
2026-07-13T19:00:00+00:00,Running,1,2368.2,10.63,4.84,61.94,45.73,Pump A Running
2026-07-13T19:15:00+00:00,Running,1,2149.0,10.69,4.96,62.27,45.9,Pump A Running
2026-07-13T19:30:00+00:00,Running,1,2219.2,10.67,4.83,63.19,46.5,Pump A Running
2026-07-13T19:45:00+00:00,Running,1,2319.4,10.52,4.75,62.72,45.48,Pump A Running
2026-07-13T20:00:00+00:00,Running,1,2058.4,10.48,4.82,60.68,46.05,Pump A Running
2026-07-13T20:15:00+00:00,Running,1,2184.8,10.61,4.81,62.58,46.14,Pump A Running
2026-07-13T20:30:00+00:00,Running,1,2305.8,10.63,4.81,59.18,46.11,Pump A Running
2026-07-13T20:45:00+00:00,Running,1,2367.2,10.47,4.81,61.65,45.52,Pump A Running
2026-07-13T21:00:00+00:00,Running,1,2327.3,10.56,4.74,60.23,46.44,Pump A Running
2026-07-13T21:15:00+00:00,Running,1,2260.4,10.54,4.92,61.84,46.01,Pump A Running
2026-07-13T21:30:00+00:00,Running,1,2219.3,10.63,4.76,62.48,45.65,Pump A Running
2026-07-13T21:45:00+00:00,Running,1,2086.1,10.72,4.72,60.25,45.62,Pump A Running
2026-07-13T22:00:00+00:00,Running,1,2350.2,10.63,5.0,63.46,46.31,Pump A Running
2026-07-13T22:15:00+00:00,Running,1,2233.8,10.38,4.75,61.21,45.94,Pump A Running
2026-07-13T22:30:00+00:00,Running,1,2244.6,10.59,4.8,61.28,45.22,Pump A Running
2026-07-13T22:45:00+00:00,Running,1,2362.6,10.64,4.66,61.45,46.51,Pump A Running
2026-07-13T23:00:00+00:00,Running,1,2101.4,10.62,4.72,62.83,46.36,Pump A Running
2026-07-13T23:15:00+00:00,Running,1,2199.9,10.51,4.8,64.06,45.58,Pump A Running
2026-07-13T23:30:00+00:00,Running,1,2054.1,10.58,4.83,62.94,45.94,Pump A Running
2026-07-13T23:45:00+00:00,Running,1,2225.7,10.48,4.89,62.4,46.56,Pump A Running
2026-07-14T00:00:00+00:00,Running,1,2178.0,10.54,4.81,60.49,46.21,Pump A Running
2026-07-14T00:15:00+00:00,Running,1,2066.2,10.58,4.68,61.69,46.2,Pump A Running
2026-07-14T00:30:00+00:00,Running,1,2206.1,10.47,4.73,61.65,45.63,Pump A Running
2026-07-14T00:45:00+00:00,Running,1,2287.2,10.65,4.91,61.58,46.46,Pump A Running
2026-07-14T01:00:00+00:00,Running,1,2191.8,10.51,4.65,61.97,46.28,Pump A Running
2026-07-14T01:15:00+00:00,Running,1,2082.2,10.66,4.65,61.39,45.95,Pump A Running
2026-07-14T01:30:00+00:00,Running,1,2016.1,10.63,4.81,63.99,46.08,Pump A Running
2026-07-14T01:45:00+00:00,Running,1,2319.4,10.71,4.75,62.72,45.66,Pump A Running
2026-07-14T02:00:00+00:00,Stopped,0,0.0,0.0,0.09,0.0,28.43,Pumps Stopped
2026-07-14T02:15:00+00:00,Stopped,0,0.0,0.0,0.12,0.0,29.48,Pumps Stopped
2026-07-14T02:30:00+00:00,Stopped,0,0.0,0.0,0.16,0.0,29.49,Pumps Stopped
2026-07-14T02:45:00+00:00,Stopped,0,0.0,0.0,0.13,0.0,28.74,Pumps Stopped
2026-07-14T03:00:00+00:00,Stopped,0,0.0,0.0,0.13,0.0,29.41,Pumps Stopped
2026-07-14T03:15:00+00:00,Stopped,0,0.0,0.0,0.14,0.0,29.47,Pumps Stopped
2026-07-14T03:30:00+00:00,Running,1,2248.6,10.57,4.76,60.73,45.78,Pump A Running
2026-07-14T03:45:00+00:00,Running,1,2037.4,10.57,4.96,61.72,46.18,Pump A Running
2026-07-14T04:00:00+00:00,Running,1,2130.7,10.62,4.7,62.45,46.24,Pump A Running
2026-07-14T04:15:00+00:00,Running,1,2150.3,10.65,4.72,62.63,45.74,Pump A Running
2026-07-14T04:30:00+00:00,Running,1,2193.9,10.53,4.78,62.02,45.29,Pump A Running
2026-07-14T04:45:00+00:00,Running,1,2057.5,10.6,4.78,63.55,45.33,Pump A Running
2026-07-14T05:00:00+00:00,Running,1,2205.7,10.55,4.77,63.32,44.99,Pump A Running
2026-07-14T05:15:00+00:00,Running,1,2321.2,10.59,4.81,60.27,46.31,Pump A Running
2026-07-14T05:30:00+00:00,Running,1,2110.6,10.54,4.78,62.09,45.37,Pump A Running
2026-07-14T05:45:00+00:00,Running,1,2167.1,10.6,4.94,61.08,46.19,Pump A Running
2026-07-14T06:00:00+00:00,Running,1,2018.3,10.58,4.64,60.77,46.08,Pump A Running
2026-07-14T06:15:00+00:00,Running,1,2062.5,10.45,4.92,62.63,45.77,Pump A Running
2026-07-14T06:30:00+00:00,Running,1,2346.0,10.56,4.72,62.84,45.8,Pump A Running
2026-07-14T06:45:00+00:00,Running,1,2103.6,10.52,4.77,62.19,45.96,Pump A Running
2026-07-14T07:00:00+00:00,Running,1,2156.1,10.54,4.95,64.75,45.98,Pump A Running
2026-07-14T07:15:00+00:00,Running,1,2310.5,10.68,4.9,62.59,46.2,Pump A Running
2026-07-14T07:30:00+00:00,Running,1,2110.8,10.58,4.96,61.97,46.52,Pump A Running
2026-07-14T07:45:00+00:00,Running,1,2166.7,10.51,4.89,61.0,45.99,Pump A Running
2026-07-14T08:00:00+00:00,Running,1,2153.7,10.61,4.73,62.33,46.06,Pump A Running
2026-07-14T08:15:00+00:00,Running,1,2156.3,10.54,4.79,61.57,45.48,Pump A Running
2026-07-14T08:30:00+00:00,Running,1,2244.3,10.73,4.62,62.48,46.43,Pump A Running
2026-07-14T08:45:00+00:00,Running,1,2236.1,10.56,4.89,62.41,44.81,Pump A Running
2026-07-14T09:00:00+00:00,Running,1,2183.0,10.6,4.85,62.45,45.18,Pump A Running
2026-07-14T09:15:00+00:00,Running,1,2079.6,10.62,4.78,61.05,46.04,Pump A Running
2026-07-14T09:30:00+00:00,Running,1,1931.5,10.53,4.88,62.97,46.18,Pump A Running
2026-07-14T09:45:00+00:00,Running,1,2179.2,10.59,4.98,61.05,46.21,Pump A Running
2026-07-14T10:00:00+00:00,Running,1,2299.0,10.66,4.71,62.3,46.13,Pump A Running
2026-07-14T10:15:00+00:00,Running,1,2297.3,10.65,4.81,61.91,46.61,Pump A Running
2026-07-14T10:30:00+00:00,Running,1,2081.2,10.62,4.81,61.91,46.09,Pump A Running
2026-07-14T10:45:00+00:00,Running,1,2079.1,10.61,4.78,60.19,45.2,Pump A Running
2026-07-14T11:00:00+00:00,Running,1,2027.9,10.59,4.87,62.9,46.15,Pump A Running
2026-07-14T11:15:00+00:00,Running,1,2299.4,10.59,4.77,62.33,45.36,Pump A Running
2026-07-14T11:30:00+00:00,Running,1,2021.6,10.6,4.74,63.16,46.26,Pump A Running
2026-07-14T11:45:00+00:00,Running,1,2263.4,10.64,4.73,63.28,45.99,Pump A Running
2026-07-14T12:00:00+00:00,Running,1,2185.3,10.55,4.8,61.94,45.71,Pump A Running
2026-07-14T12:15:00+00:00,Running,1,2192.8,10.68,4.89,61.59,45.77,Pump A Running
2026-07-14T12:30:00+00:00,Running,1,2238.9,10.51,4.89,60.71,45.87,Pump A Running
2026-07-14T12:45:00+00:00,Running,1,2059.2,10.49,4.79,62.36,46.55,Pump A Running
2026-07-14T13:00:00+00:00,Running,1,2336.8,10.6,4.81,60.66,46.16,Pump A Running
2026-07-14T13:15:00+00:00,Running,1,2088.8,10.62,4.78,63.7,45.64,Pump A Running
2026-07-14T13:30:00+00:00,Running,1,2185.0,10.58,4.72,63.28,45.97,Pump A Running
2026-07-14T13:45:00+00:00,Running,1,2361.7,10.49,4.68,61.4,46.35,Pump A Running
2026-07-14T14:00:00+00:00,Running,1,2138.2,10.57,4.85,60.5,45.96,Pump A Running
2026-07-14T14:15:00+00:00,Running,1,2331.3,10.48,4.68,62.31,45.87,Pump A Running
2026-07-14T14:30:00+00:00,Running,1,2197.1,10.56,4.74,62.88,45.79,Pump A Running
2026-07-14T14:45:00+00:00,Running,1,2294.3,10.55,4.96,62.51,46.11,Pump A Running
2026-07-14T15:00:00+00:00,Running,1,2252.7,10.61,4.82,61.51,45.74,Pump A Running
2026-07-14T15:15:00+00:00,Running,1,2094.6,10.52,4.74,62.18,44.4,Pump A Running
2026-07-14T15:30:00+00:00,Running,1,2234.2,10.53,4.8,61.99,45.82,Pump A Running
2026-07-14T15:45:00+00:00,Running,1,2225.9,10.55,4.86,61.39,46.67,Pump A Running
2026-07-14T16:00:00+00:00,Running,1,2190.1,10.55,4.7,61.22,45.87,Pump A Running
2026-07-14T16:15:00+00:00,Running,1,1976.4,10.68,4.67,62.16,45.69,Pump A Running
2026-07-14T16:30:00+00:00,Running,1,2468.5,10.54,4.83,62.96,45.53,Pump A Running
2026-07-14T16:45:00+00:00,Running,1,2247.2,10.69,4.77,61.69,45.15,Pump A Running
2026-07-14T17:00:00+00:00,Running,1,2262.7,10.5,4.75,63.12,46.48,Pump A Running
2026-07-14T17:15:00+00:00,Running,1,2325.1,10.6,4.8,61.2,45.76,Pump A Running
2026-07-14T17:30:00+00:00,Running,1,2493.0,10.74,4.84,61.78,46.06,Pump A Running
2026-07-14T17:45:00+00:00,Running,1,2064.0,10.68,4.87,62.07,46.22,Pump A Running
2026-07-14T18:00:00+00:00,Running,1,2318.6,10.56,4.86,61.99,46.04,Pump A Running
2026-07-14T18:15:00+00:00,Running,1,2267.9,10.65,4.66,60.7,45.86,Pump A Running
2026-07-14T18:30:00+00:00,Running,1,2313.5,10.58,4.88,61.9,45.82,Pump A Running
2026-07-14T18:45:00+00:00,Running,1,2453.0,10.72,4.71,62.44,46.15,Pump A Running
2026-07-14T19:00:00+00:00,Running,1,2422.2,10.69,4.74,62.18,45.97,Pump A Running
2026-07-14T19:15:00+00:00,Running,1,2280.1,10.53,4.9,62.81,46.09,Pump A Running
2026-07-14T19:30:00+00:00,Running,1,2311.2,10.57,4.9,61.8,45.65,Pump A Running
2026-07-14T19:45:00+00:00,Running,1,2342.2,10.6,4.74,60.49,46.35,Pump A Running
2026-07-14T20:00:00+00:00,Running,1,2362.0,10.55,4.82,62.1,46.1,Pump A Running
2026-07-14T20:15:00+00:00,Running,1,2308.5,10.71,4.81,63.11,45.31,Pump A Running
2026-07-14T20:30:00+00:00,Running,1,2383.4,10.57,4.91,62.19,46.63,Pump A Running
2026-07-14T20:45:00+00:00,Running,1,2398.2,10.49,4.85,60.29,46.25,Pump A Running
2026-07-14T21:00:00+00:00,Running,1,2227.1,10.57,4.75,62.03,45.99,Pump A Running
2026-07-14T21:15:00+00:00,Running,1,2249.2,10.7,4.67,62.83,45.99,Pump A Running
2026-07-14T21:30:00+00:00,Running,1,2447.7,10.55,4.84,61.6,46.42,Pump A Running
2026-07-14T21:45:00+00:00,Running,1,2511.3,10.6,4.89,62.74,46.52,Pump A Running
2026-07-14T22:00:00+00:00,Running,1,2466.5,10.62,4.64,61.87,45.91,Pump A Running
2026-07-14T22:15:00+00:00,Running,1,2387.4,10.71,4.75,59.48,45.77,Pump A Running
2026-07-14T22:30:00+00:00,Running,1,2295.0,10.48,4.83,62.02,46.84,Pump A Running
2026-07-14T22:45:00+00:00,Running,1,2493.2,10.56,4.8,62.78,45.76,Pump A Running
2026-07-14T23:00:00+00:00,Running,1,2410.5,10.57,4.88,61.65,45.21,Pump A Running
2026-07-14T23:15:00+00:00,Running,1,2350.6,10.55,4.87,62.97,44.78,Pump A Running
2026-07-14T23:30:00+00:00,Running,1,2481.1,10.54,4.89,61.79,45.9,Pump A Running
2026-07-14T23:45:00+00:00,Running,1,2549.3,10.64,4.81,61.41,45.88,Pump A Running
2026-07-15T00:00:00+00:00,Running,1,2518.1,10.5,4.82,61.07,45.55,Pump A Running
2026-07-15T00:15:00+00:00,Running,1,2302.7,10.53,4.77,62.38,46.56,Pump A Running
2026-07-15T00:30:00+00:00,Running,1,2404.7,10.59,4.76,62.31,46.12,Pump A Running
2026-07-15T00:45:00+00:00,Running,1,2610.3,10.59,4.84,61.62,45.56,Pump A Running
2026-07-15T01:00:00+00:00,Running,1,2452.7,10.66,4.72,62.22,45.77,Pump A Running
2026-07-15T01:15:00+00:00,Running,1,2475.8,10.5,4.86,63.08,45.52,Pump A Running
2026-07-15T01:30:00+00:00,Running,1,2431.9,10.6,4.7,62.48,45.89,Pump A Running
2026-07-15T01:45:00+00:00,Running,1,2538.7,10.61,4.79,61.54,46.1,Pump A Running
2026-07-15T02:00:00+00:00,Stopped,0,0.0,0.0,0.16,0.0,28.81,Pumps Stopped
2026-07-15T02:15:00+00:00,Stopped,0,0.0,0.0,0.11,0.0,28.9,Pumps Stopped
2026-07-15T02:30:00+00:00,Stopped,0,0.0,0.0,0.1,0.0,28.59,Pumps Stopped
2026-07-15T02:45:00+00:00,Stopped,0,0.0,0.0,0.14,0.0,28.84,Pumps Stopped
2026-07-15T03:00:00+00:00,Stopped,0,0.0,0.0,0.15,0.0,29.0,Pumps Stopped
2026-07-15T03:15:00+00:00,Stopped,0,0.0,0.0,0.13,0.0,29.49,Pumps Stopped
2026-07-15T03:30:00+00:00,Running,1,2546.5,10.58,4.69,63.9,46.27,Pump A Running
2026-07-15T03:45:00+00:00,Running,1,2694.1,10.52,4.83,60.48,46.84,Pump A Running
2026-07-15T04:00:00+00:00,Running,1,2586.5,10.65,4.76,62.19,46.07,Pump A Running
2026-07-15T04:15:00+00:00,Running,1,2539.6,10.64,4.78,62.36,46.18,Pump A Running
2026-07-15T04:30:00+00:00,Running,1,2580.3,10.71,4.83,62.32,46.5,Pump A Running
2026-07-15T04:45:00+00:00,Running,1,2502.6,10.53,4.8,63.66,45.76,Pump A Running
2026-07-15T05:00:00+00:00,Running,1,2435.1,10.6,4.78,62.05,45.57,Pump A Running
2026-07-15T05:15:00+00:00,Running,1,2613.1,10.69,4.91,61.74,46.44,Pump A Running
2026-07-15T05:30:00+00:00,Running,1,2598.7,10.61,4.88,63.61,45.64,Pump A Running
2026-07-15T05:45:00+00:00,Running,1,2834.1,10.5,4.77,63.99,46.47,Pump A Running
2026-07-15T06:00:00+00:00,Running,1,2590.3,10.61,4.92,60.95,46.49,Pump A Running
2026-07-15T06:15:00+00:00,Running,1,2643.8,10.55,4.8,62.02,45.73,Pump A Running
2026-07-15T06:30:00+00:00,Running,1,2625.0,10.65,4.71,60.6,46.37,Pump A Running
2026-07-15T06:45:00+00:00,Running,1,2523.2,10.65,4.69,63.73,45.98,Pump A Running
2026-07-15T07:00:00+00:00,Running,1,2643.7,10.58,4.8,60.65,45.75,Pump A Running
2026-07-15T07:15:00+00:00,Running,1,2615.5,10.57,4.73,62.61,46.17,Pump A Running
2026-07-15T07:30:00+00:00,Running,1,2568.2,10.63,4.82,62.07,46.3,Pump A Running
2026-07-15T07:45:00+00:00,Running,1,2911.2,10.65,4.93,63.84,46.01,Pump A Running
2026-07-15T08:00:00+00:00,Running,1,2612.0,10.64,4.7,61.0,45.63,Pump A Running
2026-07-15T08:15:00+00:00,Running,1,2784.0,10.67,4.85,61.36,45.97,Pump A Running
2026-07-15T08:30:00+00:00,Running,1,2667.2,10.56,4.7,61.91,46.47,Pump A Running
2026-07-15T08:45:00+00:00,Running,1,2627.9,10.57,4.77,62.42,45.79,Pump A Running
2026-07-15T09:00:00+00:00,Running,1,2764.3,10.77,4.81,63.06,46.08,Pump A Running
2026-07-15T09:15:00+00:00,Running,1,2635.5,10.67,4.82,61.67,46.59,Pump A Running
2026-07-15T09:30:00+00:00,Running,1,2616.5,10.61,4.81,60.8,45.55,Pump A Running
2026-07-15T09:45:00+00:00,Running,1,2659.3,10.61,4.78,62.09,46.17,Pump A Running
2026-07-15T10:00:00+00:00,Running,1,2637.7,10.49,4.87,60.9,46.13,Pump A Running
2026-07-15T10:15:00+00:00,Running,1,2864.5,10.7,4.72,61.17,46.4,Pump A Running
2026-07-15T10:30:00+00:00,Running,1,2692.7,10.52,4.79,64.06,46.34,Pump A Running
2026-07-15T10:45:00+00:00,Running,1,2651.6,10.54,4.72,61.22,45.48,Pump A Running
2026-07-15T11:00:00+00:00,Running,1,2762.7,10.61,4.79,63.1,45.64,Pump A Running
2026-07-15T11:15:00+00:00,Running,1,2742.7,10.53,4.7,61.5,45.93,Pump A Running
2026-07-15T11:30:00+00:00,Running,1,2814.6,10.65,4.73,61.59,46.06,Pump A Running
2026-07-15T11:45:00+00:00,Running,1,2722.3,10.48,4.87,62.96,46.32,Pump A Running
2026-07-15T12:00:00+00:00,Running,1,2585.0,10.54,4.9,59.71,46.18,Pump A Running
2026-07-15T12:15:00+00:00,Running,1,2818.8,10.58,4.88,61.58,45.98,Pump A Running
2026-07-15T12:30:00+00:00,Running,1,2793.1,10.7,4.8,61.58,45.68,Pump A Running
2026-07-15T12:45:00+00:00,Running,1,2536.9,10.51,4.85,61.87,46.16,Pump A Running
2026-07-15T13:00:00+00:00,Running,1,2803.2,10.64,4.8,61.15,45.16,Pump A Running
2026-07-15T13:15:00+00:00,Running,1,2778.9,10.71,4.85,59.52,45.31,Pump A Running
2026-07-15T13:30:00+00:00,Running,1,2592.9,10.61,4.7,62.93,45.28,Pump A Running
2026-07-15T13:45:00+00:00,Running,1,2825.7,10.51,4.82,62.45,45.99,Pump A Running
2026-07-15T14:00:00+00:00,Running,1,2760.9,10.69,4.86,62.72,45.95,Pump A Running
2026-07-15T14:15:00+00:00,Running,1,2885.4,10.72,4.75,62.35,46.02,Pump A Running
2026-07-15T14:30:00+00:00,Running,1,2788.1,10.68,4.8,62.14,45.46,Pump A Running
2026-07-15T14:45:00+00:00,Running,1,2755.8,10.67,4.77,63.69,45.07,Pump A Running
2026-07-15T15:00:00+00:00,Running,1,2709.1,10.63,4.87,62.48,46.18,Pump A Running
2026-07-15T15:15:00+00:00,Running,1,2721.4,10.63,4.74,61.54,46.13,Pump A Running
2026-07-15T15:30:00+00:00,Running,1,2709.3,10.73,4.81,62.15,45.61,Pump A Running
2026-07-15T15:45:00+00:00,Running,1,2847.2,10.54,4.81,62.73,45.71,Pump A Running
2026-07-15T16:00:00+00:00,Running,1,2909.2,10.6,4.8,62.36,46.37,Pump A Running
2026-07-15T16:15:00+00:00,Running,1,2794.2,10.6,4.71,61.63,45.28,Pump A Running
2026-07-15T16:30:00+00:00,Running,1,2542.5,10.52,4.77,61.39,46.19,Pump A Running
2026-07-15T16:45:00+00:00,Running,1,2687.6,10.71,4.82,61.99,46.14,Pump A Running
2026-07-15T17:00:00+00:00,Running,1,2758.3,10.64,4.86,62.06,46.19,Pump A Running
2026-07-15T17:15:00+00:00,Running,1,2752.0,10.66,4.74,61.06,46.48,Pump A Running
2026-07-15T17:30:00+00:00,Running,1,2840.6,10.58,4.85,61.52,46.09,Pump A Running
2026-07-15T17:45:00+00:00,Running,1,2764.5,10.55,4.61,58.55,45.71,Pump A Running
2026-07-15T18:00:00+00:00,Running,1,2786.6,10.6,4.75,61.16,45.43,Pump A Running
2026-07-15T18:15:00+00:00,Running,1,2812.3,10.61,4.81,62.85,45.99,Pump A Running
2026-07-15T18:30:00+00:00,Running,1,2882.0,10.62,4.76,62.83,46.05,Pump A Running
2026-07-15T18:45:00+00:00,Running,1,2845.6,10.62,4.69,62.75,46.04,Pump A Running
2026-07-15T19:00:00+00:00,Running,1,2601.5,10.54,4.85,62.39,46.39,Pump A Running
2026-07-15T19:15:00+00:00,Running,1,2706.2,10.53,4.74,60.6,45.06,Pump A Running
2026-07-15T19:30:00+00:00,Running,1,2770.8,10.69,4.65,60.61,45.71,Pump A Running
2026-07-15T19:45:00+00:00,Running,1,2819.2,10.54,4.9,60.83,45.43,Pump A Running
2026-07-15T20:00:00+00:00,Running,1,2754.8,10.47,4.74,61.92,46.05,Pump A Running
2026-07-15T20:15:00+00:00,Running,1,2739.4,10.6,4.8,61.77,46.11,Pump A Running
2026-07-15T20:30:00+00:00,Running,1,2746.7,10.5,4.88,61.27,46.05,Pump A Running
2026-07-15T20:45:00+00:00,Running,1,2621.9,10.62,4.85,62.79,45.64,Pump A Running
2026-07-15T21:00:00+00:00,Running,1,2688.7,10.59,4.82,61.12,45.29,Pump A Running
2026-07-15T21:15:00+00:00,Running,1,2661.5,10.64,4.78,62.66,45.28,Pump A Running
2026-07-15T21:30:00+00:00,Running,1,2757.3,10.56,4.78,61.52,46.03,Pump A Running
2026-07-15T21:45:00+00:00,Running,1,2633.6,10.6,4.92,61.17,46.15,Pump A Running
2026-07-15T22:00:00+00:00,Running,1,2792.2,10.7,4.72,62.41,46.61,Pump A Running
2026-07-15T22:15:00+00:00,Running,1,2761.8,10.72,4.97,62.99,45.56,Pump A Running
2026-07-15T22:30:00+00:00,Running,1,2718.1,10.46,4.75,61.51,45.75,Pump A Running
2026-07-15T22:45:00+00:00,Running,1,2683.2,10.59,4.79,62.43,45.36,Pump A Running
2026-07-15T23:00:00+00:00,Running,1,2790.3,10.58,4.79,63.17,45.42,Pump A Running
2026-07-15T23:15:00+00:00,Running,1,2666.0,10.61,4.93,62.18,46.05,Pump A Running
2026-07-15T23:30:00+00:00,Running,1,2767.9,10.57,4.75,63.71,45.36,Pump A Running
2026-07-15T23:45:00+00:00,Running,1,2625.3,10.74,4.69,61.09,45.85,Pump A Running
2026-07-16T00:00:00+00:00,Running,1,2647.4,10.51,4.63,63.52,45.94,Pump A Running
2026-07-16T00:15:00+00:00,Running,1,2557.2,10.68,4.8,64.01,46.07,Pump A Running
2026-07-16T00:30:00+00:00,Running,1,2842.5,10.46,4.87,61.83,46.11,Pump A Running
2026-07-16T00:45:00+00:00,Running,1,2607.9,10.69,4.91,61.2,45.84,Pump A Running
2026-07-16T01:00:00+00:00,Running,1,2830.7,10.5,4.82,62.07,46.13,Pump A Running
2026-07-16T01:15:00+00:00,Running,1,2709.6,10.64,4.84,59.54,45.36,Pump A Running
2026-07-16T01:30:00+00:00,Running,1,2817.9,10.64,4.73,63.34,45.82,Pump A Running
2026-07-16T01:45:00+00:00,Running,1,2770.0,10.64,4.67,62.53,46.11,Pump A Running
2026-07-16T02:00:00+00:00,Stopped,0,0.0,0.0,0.12,0.0,28.55,Pumps Stopped
2026-07-16T02:15:00+00:00,Stopped,0,0.0,0.0,0.08,0.0,28.91,Pumps Stopped
2026-07-16T02:30:00+00:00,Stopped,0,0.0,0.0,0.15,0.0,28.58,Pumps Stopped
2026-07-16T02:45:00+00:00,Stopped,0,0.0,0.0,0.17,0.0,28.76,Pumps Stopped
2026-07-16T03:00:00+00:00,Stopped,0,0.0,0.0,0.15,0.0,28.63,Pumps Stopped
2026-07-16T03:15:00+00:00,Stopped,0,0.0,0.0,0.07,0.0,29.37,Pumps Stopped
2026-07-16T03:30:00+00:00,Running,1,2655.8,10.61,4.86,60.63,46.33,Pump A Running
2026-07-16T03:45:00+00:00,Running,1,2731.2,10.53,4.75,62.18,45.76,Pump A Running
2026-07-16T04:00:00+00:00,Running,1,2487.7,10.53,4.77,61.13,45.47,Pump A Running
2026-07-16T04:15:00+00:00,Running,1,2680.7,10.47,4.83,61.79,46.26,Pump A Running
2026-07-16T04:30:00+00:00,Running,1,2697.3,10.6,4.73,62.3,46.13,Pump A Running
2026-07-16T04:45:00+00:00,Running,1,2559.9,10.74,4.64,61.71,45.71,Pump A Running
2026-07-16T05:00:00+00:00,Running,1,2716.8,10.47,4.9,64.12,45.94,Pump A Running
2026-07-16T05:15:00+00:00,Running,1,2543.1,10.79,4.77,62.53,45.91,Pump A Running
2026-07-16T05:30:00+00:00,Running,1,2737.8,10.66,4.87,60.79,45.82,Pump A Running
2026-07-16T05:45:00+00:00,Running,1,2404.8,10.49,4.82,62.62,46.15,Pump A Running
2026-07-16T06:00:00+00:00,Running,1,2751.2,10.62,4.94,61.59,45.84,Pump A Running
2026-07-16T06:15:00+00:00,Running,1,2556.0,10.73,4.74,62.4,45.5,Pump A Running
2026-07-16T06:30:00+00:00,Running,1,2648.4,10.61,4.79,62.07,46.39,Pump A Running
2026-07-16T06:45:00+00:00,Running,1,2699.4,10.49,4.98,61.05,46.31,Pump A Running
2026-07-16T07:00:00+00:00,Running,1,2440.6,10.57,4.77,61.77,46.52,Pump A Running
2026-07-16T07:15:00+00:00,Running,1,2636.5,10.67,4.72,60.74,45.03,Pump A Running
2026-07-16T07:30:00+00:00,Running,1,2688.9,10.51,4.79,62.28,45.64,Pump A Running
2026-07-16T07:45:00+00:00,Running,1,2495.7,10.66,4.86,60.74,46.34,Pump A Running
2026-07-16T08:00:00+00:00,Running,1,2819.1,10.54,4.97,63.33,46.2,Pump A Running
2026-07-16T08:15:00+00:00,Running,1,2664.8,10.59,4.82,61.9,45.32,Pump A Running
2026-07-16T08:30:00+00:00,Running,1,2504.8,10.56,4.92,60.65,46.0,Pump A Running
2026-07-16T08:45:00+00:00,Running,1,2556.8,10.51,4.91,62.12,45.82,Pump A Running
2026-07-16T09:00:00+00:00,Running,1,2467.9,10.67,4.92,60.58,45.62,Pump A Running
2026-07-16T09:15:00+00:00,Running,1,2653.5,10.57,4.81,63.16,45.95,Pump A Running
2026-07-16T09:30:00+00:00,Running,1,2509.6,10.61,4.79,61.39,46.05,Pump A Running
2026-07-16T09:45:00+00:00,Running,1,2521.2,10.55,4.68,63.65,45.79,Pump A Running
2026-07-16T10:00:00+00:00,Running,1,2579.9,10.74,4.72,62.02,46.06,Pump A Running
2026-07-16T10:15:00+00:00,Running,1,2464.8,10.58,4.98,62.38,45.67,Pump A Running
2026-07-16T10:30:00+00:00,Running,1,2541.0,10.75,4.9,60.97,46.52,Pump A Running
2026-07-16T10:45:00+00:00,Running,1,2314.7,10.61,4.78,62.84,45.55,Pump A Running
2026-07-16T11:00:00+00:00,Running,1,2642.6,10.58,4.73,60.62,46.04,Pump A Running
2026-07-16T11:15:00+00:00,Running,1,2469.3,10.54,4.61,61.01,45.95,Pump A Running
2026-07-16T11:30:00+00:00,Running,1,2337.2,10.68,4.72,61.43,46.42,Pump A Running
2026-07-16T11:45:00+00:00,Running,1,2445.8,10.69,4.73,61.6,45.51,Pump A Running
2026-07-16T12:00:00+00:00,Running,1,2389.9,10.55,4.82,63.03,45.96,Pump A Running
2026-07-16T12:15:00+00:00,Running,1,2415.9,10.65,4.78,62.59,46.03,Pump A Running
2026-07-16T12:30:00+00:00,Running,1,2245.4,10.69,4.79,61.83,46.51,Pump A Running
2026-07-16T12:45:00+00:00,Running,1,2430.5,10.65,4.85,60.87,46.12,Pump A Running
2026-07-16T13:00:00+00:00,Running,1,2386.0,10.63,4.8,62.84,46.05,Pump A Running
2026-07-16T13:15:00+00:00,Running,1,2338.1,10.53,4.78,62.31,45.21,Pump A Running
2026-07-16T13:30:00+00:00,Running,1,2389.1,10.66,4.8,62.78,46.24,Pump A Running
2026-07-16T13:45:00+00:00,Running,1,2426.7,10.5,4.84,62.27,46.0,Pump A Running
2026-07-16T14:00:00+00:00,Running,1,2463.9,10.58,4.81,60.18,45.88,Pump A Running
2026-07-16T14:15:00+00:00,Running,1,2478.2,10.55,4.81,62.39,46.12,Pump A Running
2026-07-16T14:30:00+00:00,Running,1,2411.5,10.59,4.94,63.06,46.16,Pump A Running
2026-07-16T14:45:00+00:00,Running,1,2455.0,10.49,4.81,60.36,45.71,Pump A Running
2026-07-16T15:00:00+00:00,Running,1,2416.0,10.5,4.74,63.63,46.54,Pump A Running
2026-07-16T15:15:00+00:00,Running,1,2486.0,10.54,4.81,61.72,46.21,Pump A Running
2026-07-16T15:30:00+00:00,Running,1,2340.4,10.72,4.85,62.47,45.56,Pump A Running
2026-07-16T15:45:00+00:00,Running,1,2321.4,10.61,4.72,63.08,45.86,Pump A Running
2026-07-16T16:00:00+00:00,Running,1,2298.4,10.57,4.88,63.14,46.1,Pump A Running
2026-07-16T16:15:00+00:00,Running,1,2261.8,10.82,4.61,62.68,45.74,Pump A Running
2026-07-16T16:30:00+00:00,Running,1,2475.7,10.61,4.76,61.99,46.03,Pump A Running
2026-07-16T16:45:00+00:00,Running,1,2340.0,10.73,4.96,62.6,45.57,Pump A Running
2026-07-16T17:00:00+00:00,Running,1,2380.1,10.59,4.74,61.34,45.5,Pump A Running
2026-07-16T17:15:00+00:00,Running,1,2400.8,10.58,4.84,62.67,46.33,Pump A Running
2026-07-16T17:30:00+00:00,Running,1,2274.6,10.67,4.79,62.87,45.75,Pump A Running
2026-07-16T17:45:00+00:00,Running,1,2406.7,10.73,4.86,61.16,46.03,Pump A Running
2026-07-16T18:00:00+00:00,Running,1,2230.0,10.59,4.97,63.79,45.94,Pump A Running
2026-07-16T18:15:00+00:00,Running,1,2349.6,10.47,4.93,63.25,46.32,Pump A Running
2026-07-16T18:30:00+00:00,Running,1,2221.3,10.54,4.72,62.19,46.34,Pump A Running
2026-07-16T18:45:00+00:00,Running,1,2195.5,10.5,4.82,61.55,46.02,Pump A Running
2026-07-16T19:00:00+00:00,Running,1,2239.1,10.55,4.69,62.06,45.71,Pump A Running
2026-07-16T19:15:00+00:00,Running,1,2257.6,10.6,4.67,61.07,46.3,Pump A Running
2026-07-16T19:30:00+00:00,Running,1,2187.9,10.59,5.0,64.6,46.31,Pump A Running
2026-07-16T19:45:00+00:00,Running,1,2118.1,10.69,4.81,61.96,45.55,Pump A Running
2026-07-16T20:00:00+00:00,Running,1,2224.8,10.66,4.87,61.89,45.99,Pump A Running
2026-07-16T20:15:00+00:00,Running,1,2356.8,10.62,4.74,61.96,45.86,Pump A Running
2026-07-16T20:30:00+00:00,Running,1,2213.5,10.66,4.7,61.22,45.95,Pump A Running
2026-07-16T20:45:00+00:00,Running,1,2283.8,10.51,4.89,62.02,45.91,Pump A Running
2026-07-16T21:00:00+00:00,Running,1,2395.0,10.45,4.89,62.3,46.03,Pump A Running
2026-07-16T21:15:00+00:00,Running,1,2264.3,10.63,4.87,59.19,46.62,Pump A Running
2026-07-16T21:30:00+00:00,Running,1,2164.0,10.61,4.85,61.45,46.13,Pump A Running
2026-07-16T21:45:00+00:00,Running,1,2202.0,10.61,4.78,62.0,46.28,Pump A Running
2026-07-16T22:00:00+00:00,Running,1,2251.2,10.63,4.78,62.32,45.95,Pump A Running
2026-07-16T22:15:00+00:00,Running,1,2347.3,10.45,4.71,63.88,46.16,Pump A Running
2026-07-16T22:30:00+00:00,Running,1,2254.6,10.56,4.83,63.11,46.27,Pump A Running
2026-07-16T22:45:00+00:00,Running,1,2284.2,10.5,4.73,62.73,45.47,Pump A Running
2026-07-16T23:00:00+00:00,Running,1,2183.1,10.57,4.79,62.16,46.15,Pump A Running
2026-07-16T23:15:00+00:00,Running,1,2039.5,10.56,4.79,62.99,45.28,Pump A Running
2026-07-16T23:30:00+00:00,Running,1,2182.3,10.55,4.89,61.55,45.86,Pump A Running
2026-07-16T23:45:00+00:00,Running,1,2149.4,10.61,4.56,62.43,46.39,Pump A Running
2026-07-17T00:00:00+00:00,Running,1,2239.5,10.57,4.81,61.92,46.81,Pump A Running
2026-07-17T00:15:00+00:00,Running,1,2287.8,10.57,4.64,63.98,45.76,Pump A Running
2026-07-17T00:30:00+00:00,Running,1,2077.8,10.52,4.81,62.24,46.41,Pump A Running
2026-07-17T00:45:00+00:00,Running,1,2195.4,10.64,4.7,62.15,45.98,Pump A Running
2026-07-17T01:00:00+00:00,Running,1,2242.8,10.62,4.84,64.36,46.67,Pump A Running
2026-07-17T01:15:00+00:00,Running,1,2240.1,10.6,4.87,63.73,46.51,Pump A Running
2026-07-17T01:30:00+00:00,Running,1,2064.7,10.6,4.79,62.56,45.9,Pump A Running
2026-07-17T01:45:00+00:00,Running,1,2101.4,10.62,4.86,61.92,46.45,Pump A Running
2026-07-17T02:00:00+00:00,Stopped,0,0.0,0.0,0.1,0.0,29.49,Pumps Stopped
2026-07-17T02:15:00+00:00,Stopped,0,0.0,0.0,0.07,0.0,29.04,Pumps Stopped
2026-07-17T02:30:00+00:00,Stopped,0,0.0,0.0,0.08,0.0,28.6,Pumps Stopped
2026-07-17T02:45:00+00:00,Stopped,0,0.0,0.0,0.12,0.0,29.04,Pumps Stopped
2026-07-17T03:00:00+00:00,Stopped,0,0.0,0.0,0.17,0.0,29.32,Pumps Stopped
2026-07-17T03:15:00+00:00,Stopped,0,0.0,0.0,0.11,0.0,28.79,Pumps Stopped
2026-07-17T03:30:00+00:00,Running,1,2103.1,10.52,4.84,62.64,45.25,Pump A Running
2026-07-17T03:45:00+00:00,Running,1,2197.3,10.61,4.68,60.63,46.73,Pump A Running
2026-07-17T04:00:00+00:00,Running,1,1972.5,10.58,4.7,60.26,46.17,Pump A Running
2026-07-17T04:15:00+00:00,Running,1,2081.2,10.59,4.78,60.66,45.95,Pump A Running
2026-07-17T04:30:00+00:00,Running,1,2207.4,10.65,4.98,62.51,46.43,Pump A Running
2026-07-17T04:45:00+00:00,Running,1,2148.1,10.63,4.9,60.08,45.63,Pump A Running
2026-07-17T05:00:00+00:00,Running,1,2213.6,10.65,4.81,62.81,46.11,Pump A Running
2026-07-17T05:15:00+00:00,Running,1,2061.2,10.6,4.88,61.11,45.73,Pump A Running
2026-07-17T05:30:00+00:00,Running,1,2023.2,10.59,4.78,61.77,45.58,Pump A Running
2026-07-17T05:45:00+00:00,Running,1,2055.5,10.6,4.94,61.66,46.18,Pump A Running
2026-07-17T06:00:00+00:00,Running,1,2024.6,10.59,4.75,62.48,46.06,Pump A Running
2026-07-17T06:15:00+00:00,Running,1,2230.9,10.56,4.8,61.37,46.02,Pump A Running
2026-07-17T06:30:00+00:00,Running,1,2119.8,10.5,4.7,61.71,45.66,Pump A Running
2026-07-17T06:45:00+00:00,Running,1,2107.5,10.68,4.94,61.64,45.78,Pump A Running
2026-07-17T07:00:00+00:00,Running,1,1979.4,10.57,4.75,61.37,45.81,Pump A Running
2026-07-17T07:15:00+00:00,Running,1,2194.5,10.68,4.85,60.21,46.1,Pump A Running
2026-07-17T07:30:00+00:00,Running,1,2161.2,10.66,4.69,60.24,46.16,Pump A Running
2026-07-17T07:45:00+00:00,Running,1,2022.7,10.54,4.71,62.25,46.43,Pump A Running
2026-07-17T08:00:00+00:00,Running,1,2079.2,10.64,4.93,61.91,45.21,Pump A Running
2026-07-17T08:15:00+00:00,Running,1,2244.6,10.62,4.74,60.75,46.23,Pump A Running
2026-07-17T08:30:00+00:00,Running,1,2245.2,10.61,4.9,61.98,45.49,Pump A Running
2026-07-17T08:45:00+00:00,Running,1,2008.6,10.46,4.94,60.58,45.84,Pump A Running
2026-07-17T09:00:00+00:00,Running,1,2221.0,10.54,4.76,63.95,45.81,Pump A Running
2026-07-17T09:15:00+00:00,Running,1,2273.2,10.48,4.85,62.24,46.32,Pump A Running
2026-07-17T09:30:00+00:00,Running,1,2041.1,10.51,5.01,62.46,45.63,Pump A Running
2026-07-17T09:45:00+00:00,Running,1,2192.5,10.56,4.79,61.49,46.58,Pump A Running
2026-07-17T10:00:00+00:00,Running,1,2160.0,10.65,4.8,60.65,46.32,Pump A Running
2026-07-17T10:15:00+00:00,Running,1,2333.3,10.68,4.9,61.01,46.65,Pump A Running
2026-07-17T10:30:00+00:00,Running,1,2045.8,10.68,4.74,62.03,45.39,Pump A Running
2026-07-17T10:45:00+00:00,Running,1,2128.6,10.58,4.92,60.97,45.49,Pump A Running
2026-07-17T11:00:00+00:00,Running,1,2147.7,10.58,4.87,62.51,46.43,Pump A Running
2026-07-17T11:15:00+00:00,Running,1,2169.1,10.53,4.61,62.68,46.69,Pump A Running
2026-07-17T11:30:00+00:00,Running,1,1934.9,10.63,4.89,63.73,46.17,Pump A Running
2026-07-17T11:45:00+00:00,Running,1,2262.7,10.51,4.81,60.84,45.46,Pump A Running
2026-07-17T12:00:00+00:00,Running,1,2133.0,10.63,4.78,63.2,46.91,Pump A Running
2026-07-17T12:15:00+00:00,Running,1,2350.3,10.65,4.82,62.23,45.56,Pump A Running
2026-07-17T12:30:00+00:00,Running,1,2235.7,10.58,4.82,63.17,46.37,Pump A Running
2026-07-17T12:45:00+00:00,Running,1,2166.7,10.6,4.87,63.96,45.49,Pump A Running
2026-07-17T13:00:00+00:00,Running,1,2244.2,10.63,4.79,62.57,46.44,Pump A Running
2026-07-17T13:15:00+00:00,Running,1,2226.2,10.67,4.8,62.29,47.03,Pump A Running
2026-07-17T13:30:00+00:00,Running,1,2272.4,10.48,4.78,62.95,45.65,Pump A Running
2026-07-17T13:45:00+00:00,Running,1,2258.2,10.64,4.81,61.63,46.75,Pump A Running
2026-07-17T14:00:00+00:00,Running,1,2218.8,10.54,4.88,60.76,45.65,Pump A Running
2026-07-17T14:15:00+00:00,Running,1,2187.1,10.68,4.88,61.16,45.92,Pump A Running
2026-07-17T14:30:00+00:00,Running,1,2173.3,10.49,4.68,61.59,45.95,Pump A Running
2026-07-17T14:45:00+00:00,Running,1,2191.3,10.59,4.78,62.91,45.83,Pump A Running
2026-07-17T15:00:00+00:00,Running,1,2255.8,10.54,4.83,60.72,45.97,Pump A Running
2026-07-17T15:15:00+00:00,Running,1,2188.4,10.56,4.71,61.95,46.16,Pump A Running
2026-07-17T15:30:00+00:00,Running,1,2246.4,10.64,4.76,62.39,46.26,Pump A Running
2026-07-17T15:45:00+00:00,Running,1,2247.4,10.63,4.7,60.56,46.58,Pump A Running
2026-07-17T16:00:00+00:00,Running,1,2270.2,10.62,4.67,62.19,45.67,Pump A Running
2026-07-17T16:15:00+00:00,Running,1,2113.1,10.56,4.79,61.64,46.16,Pump A Running
2026-07-17T16:30:00+00:00,Running,1,2279.9,10.62,4.84,62.91,46.6,Pump A Running
2026-07-17T16:45:00+00:00,Running,1,2348.8,10.67,4.77,61.67,45.16,Pump A Running
2026-07-17T17:00:00+00:00,Running,1,2189.0,10.56,4.72,60.99,46.14,Pump A Running
2026-07-17T17:15:00+00:00,Running,1,2341.0,10.61,4.76,62.22,46.12,Pump A Running
2026-07-17T17:30:00+00:00,Running,1,2169.0,10.65,4.82,62.67,45.65,Pump A Running
2026-07-17T17:45:00+00:00,Running,1,2284.4,10.64,4.9,61.04,46.15,Pump A Running
2026-07-17T18:00:00+00:00,Running,1,2419.1,10.62,5.05,62.64,46.55,Pump A Running
2026-07-17T18:15:00+00:00,Running,1,2385.6,10.52,4.8,62.4,45.65,Pump A Running
2026-07-17T18:30:00+00:00,Running,1,2364.8,10.66,4.78,62.33,45.43,Pump A Running
2026-07-17T18:45:00+00:00,Running,1,2339.1,10.58,4.81,61.49,45.71,Pump A Running
2026-07-17T19:00:00+00:00,Running,1,2362.4,10.5,4.9,62.27,45.75,Pump A Running
2026-07-17T19:15:00+00:00,Running,1,2348.8,10.47,4.69,60.46,46.29,Pump A Running
2026-07-17T19:30:00+00:00,Running,1,2319.2,10.56,4.73,61.26,45.5,Pump A Running
2026-07-17T19:45:00+00:00,Running,1,2432.7,10.69,4.76,62.45,46.56,Pump A Running
2026-07-17T20:00:00+00:00,Running,1,2487.0,10.61,4.62,63.44,46.1,Pump A Running
2026-07-17T20:15:00+00:00,Running,1,2341.8,10.61,4.82,62.04,46.36,Pump A Running
2026-07-17T20:30:00+00:00,Running,1,2469.9,10.67,4.76,62.63,45.93,Pump A Running
2026-07-17T20:45:00+00:00,Running,1,2377.3,10.59,4.78,62.49,46.35,Pump A Running
2026-07-17T21:00:00+00:00,Running,1,2222.2,10.7,4.87,62.07,45.73,Pump A Running
2026-07-17T21:15:00+00:00,Running,1,2284.6,10.68,4.69,62.49,45.69,Pump A Running
2026-07-17T21:30:00+00:00,Running,1,2317.9,10.7,4.8,62.21,46.47,Pump A Running
2026-07-17T21:45:00+00:00,Running,1,2375.5,10.61,4.89,61.63,46.02,Pump A Running
2026-07-17T22:00:00+00:00,Running,1,2409.3,10.56,4.75,59.75,46.0,Pump A Running
2026-07-17T22:15:00+00:00,Running,1,2418.8,10.74,4.89,63.17,46.4,Pump A Running
2026-07-17T22:30:00+00:00,Running,1,2411.8,10.61,4.55,61.21,46.74,Pump A Running
2026-07-17T22:45:00+00:00,Running,1,2614.4,10.62,4.7,60.91,46.42,Pump A Running
2026-07-17T23:00:00+00:00,Running,1,2453.6,10.74,4.82,62.97,46.62,Pump A Running
2026-07-17T23:15:00+00:00,Running,1,2434.2,10.61,4.82,63.33,45.3,Pump A Running
2026-07-17T23:30:00+00:00,Running,1,2451.4,10.58,4.79,61.43,46.4,Pump A Running
2026-07-17T23:45:00+00:00,Running,1,2530.8,10.72,4.88,61.36,45.53,Pump A Running
2026-07-18T00:00:00+00:00,Running,1,2619.5,10.71,4.86,62.94,45.69,Pump A Running
2026-07-18T00:15:00+00:00,Running,1,2554.5,10.54,4.77,61.53,46.68,Pump A Running
2026-07-18T00:30:00+00:00,Running,1,2488.3,10.56,4.81,62.16,46.45,Pump A Running
2026-07-18T00:45:00+00:00,Running,1,2418.3,10.6,4.78,61.54,46.47,Pump A Running
2026-07-18T01:00:00+00:00,Running,1,2458.4,10.66,4.84,62.66,46.0,Pump A Running
2026-07-18T01:15:00+00:00,Running,1,2578.2,10.6,4.76,61.48,45.62,Pump A Running
2026-07-18T01:30:00+00:00,Running,1,2655.3,10.64,4.71,63.72,46.0,Pump A Running
2026-07-18T01:45:00+00:00,Running,1,2557.6,10.56,4.75,62.37,45.43,Pump A Running
2026-07-18T02:00:00+00:00,Stopped,0,0.0,0.0,0.13,0.0,29.33,Pumps Stopped
2026-07-18T02:15:00+00:00,Stopped,0,0.0,0.0,0.12,0.0,28.58,Pumps Stopped
2026-07-18T02:30:00+00:00,Stopped,0,0.0,0.0,0.11,0.0,29.07,Pumps Stopped
2026-07-18T02:45:00+00:00,Stopped,0,0.0,0.0,0.12,0.0,28.91,Pumps Stopped
2026-07-18T03:00:00+00:00,Stopped,0,0.0,0.0,0.09,0.0,29.2,Pumps Stopped
2026-07-18T03:15:00+00:00,Stopped,0,0.0,0.0,0.12,0.0,29.44,Pumps Stopped
2026-07-18T03:30:00+00:00,Running,1,2523.4,10.54,4.86,61.31,46.18,Pump A Running
2026-07-18T03:45:00+00:00,Running,1,2597.8,10.49,4.84,62.15,45.62,Pump A Running
2026-07-18T04:00:00+00:00,Running,1,2755.2,10.64,4.79,62.84,45.48,Pump A Running
2026-07-18T04:15:00+00:00,Running,1,2616.0,10.52,4.88,61.6,46.2,Pump A Running
2026-07-18T04:30:00+00:00,Running,1,2629.7,10.77,4.85,62.79,46.13,Pump A Running
2026-07-18T04:45:00+00:00,Running,1,2597.1,10.52,4.78,62.12,45.82,Pump A Running
2026-07-18T05:00:00+00:00,Running,1,2624.4,10.49,4.91,63.7,45.7,Pump A Running
2026-07-18T05:15:00+00:00,Running,1,2561.1,10.58,4.79,61.82,46.0,Pump A Running
2026-07-18T05:30:00+00:00,Running,1,2601.3,10.64,4.9,62.77,45.84,Pump A Running
2026-07-18T05:45:00+00:00,Running,1,2658.1,10.64,4.8,60.84,46.17,Pump A Running
2026-07-18T06:00:00+00:00,Running,1,2629.2,10.52,4.73,61.44,46.65,Pump A Running
2026-07-18T06:15:00+00:00,Running,1,2719.4,10.55,4.79,62.78,45.88,Pump A Running
2026-07-18T06:30:00+00:00,Running,1,2573.4,10.44,4.85,63.12,45.96,Pump A Running
2026-07-18T06:45:00+00:00,Running,1,2698.5,10.59,4.79,62.85,45.86,Pump A Running
2026-07-18T07:00:00+00:00,Running,1,2590.9,10.5,4.82,62.37,45.44,Pump A Running
2026-07-18T07:15:00+00:00,Running,1,2869.3,10.62,4.87,61.87,46.04,Pump A Running
2026-07-18T07:30:00+00:00,Running,1,2679.9,10.67,4.7,60.72,45.47,Pump A Running
2026-07-18T07:45:00+00:00,Running,1,2621.7,10.64,4.72,61.12,46.11,Pump A Running
2026-07-18T08:00:00+00:00,Running,1,2680.1,10.54,4.83,61.54,45.54,Pump A Running
2026-07-18T08:15:00+00:00,Running,1,2631.4,10.62,4.85,61.52,46.0,Pump A Running
2026-07-18T08:30:00+00:00,Running,1,2715.9,10.55,4.75,63.04,45.46,Pump A Running
2026-07-18T08:45:00+00:00,Running,1,2813.3,10.58,4.81,62.48,45.65,Pump A Running
2026-07-18T09:00:00+00:00,Running,1,2608.8,10.56,4.66,64.04,45.7,Pump A Running
2026-07-18T09:15:00+00:00,Running,1,2698.6,10.65,4.84,62.04,46.1,Pump A Running
2026-07-18T09:30:00+00:00,Running,1,2731.8,10.54,4.79,63.31,45.4,Pump A Running
2026-07-18T09:45:00+00:00,Running,1,2706.4,10.61,4.72,61.0,46.12,Pump A Running
2026-07-18T10:00:00+00:00,Running,1,2581.9,10.47,4.81,61.73,45.74,Pump A Running
2026-07-18T10:15:00+00:00,Running,1,2729.2,10.52,4.83,60.87,46.38,Pump A Running
2026-07-18T10:30:00+00:00,Running,1,2774.7,10.5,4.89,60.63,45.67,Pump A Running
2026-07-18T10:45:00+00:00,Running,1,2847.2,10.57,4.81,62.56,46.13,Pump A Running
2026-07-18T11:00:00+00:00,Running,1,2630.0,10.59,4.71,62.94,46.74,Pump A Running
2026-07-18T11:15:00+00:00,Running,1,2733.5,10.57,4.87,60.0,46.26,Pump A Running
2026-07-18T11:30:00+00:00,Running,1,2957.0,10.48,4.87,61.93,45.56,Pump A Running
2026-07-18T11:45:00+00:00,Running,1,2640.6,10.64,4.81,63.01,46.13,Pump A Running
2026-07-18T12:00:00+00:00,Running,1,2715.1,10.69,4.82,62.72,45.69,Pump A Running
2026-07-18T12:15:00+00:00,Running,1,2715.7,10.69,4.92,61.79,46.18,Pump A Running
2026-07-18T12:30:00+00:00,Running,1,2639.8,10.73,4.87,62.68,46.28,Pump A Running
2026-07-18T12:45:00+00:00,Running,1,2662.4,10.72,4.75,63.9,46.51,Pump A Running
2026-07-18T13:00:00+00:00,Running,1,2520.1,10.65,4.79,60.91,46.05,Pump A Running
2026-07-18T13:15:00+00:00,Running,1,2776.9,10.55,4.8,61.57,45.7,Pump A Running
2026-07-18T13:30:00+00:00,Running,1,2839.3,10.51,4.81,63.42,46.87,Pump A Running
2026-07-18T13:45:00+00:00,Running,1,2723.5,10.63,4.86,64.07,45.88,Pump A Running
2026-07-18T14:00:00+00:00,Running,1,2748.6,10.66,4.78,61.98,46.17,Pump A Running
2026-07-18T14:15:00+00:00,Running,1,2786.8,10.49,4.82,61.05,46.18,Pump A Running
2026-07-18T14:30:00+00:00,Running,1,2528.8,10.63,4.7,63.26,46.07,Pump A Running
2026-07-18T14:45:00+00:00,Running,1,2686.2,10.5,4.77,62.24,46.39,Pump A Running
2026-07-18T15:00:00+00:00,Running,1,2934.3,10.59,4.93,62.05,46.46,Pump A Running
2026-07-18T15:15:00+00:00,Running,1,2816.1,10.59,4.8,62.88,45.79,Pump A Running
2026-07-18T15:30:00+00:00,Running,1,2961.3,10.48,4.82,62.47,46.26,Pump A Running
2026-07-18T15:45:00+00:00,Running,1,2609.1,10.62,4.66,62.26,45.4,Pump A Running
2026-07-18T16:00:00+00:00,Running,1,2827.6,10.58,4.91,61.51,46.35,Pump A Running
2026-07-18T16:15:00+00:00,Running,1,2737.9,10.63,4.84,61.85,46.1,Pump A Running
2026-07-18T16:30:00+00:00,Running,1,2785.6,10.53,4.78,62.14,45.75,Pump A Running
2026-07-18T16:45:00+00:00,Running,1,2882.3,10.7,4.72,62.43,45.52,Pump A Running
2026-07-18T17:00:00+00:00,Running,1,2876.3,10.53,4.72,62.45,46.06,Pump A Running
2026-07-18T17:15:00+00:00,Running,1,2850.9,10.68,4.77,61.78,46.16,Pump A Running
2026-07-18T17:30:00+00:00,Running,1,2737.3,10.5,4.92,62.0,46.25,Pump A Running
2026-07-18T17:45:00+00:00,Running,1,2813.5,10.63,4.87,62.29,46.1,Pump A Running
2026-07-18T18:00:00+00:00,Running,1,2851.0,10.51,4.83,62.12,46.54,Pump A Running
2026-07-18T18:15:00+00:00,Running,1,2608.1,10.5,4.73,63.2,46.73,Pump A Running
2026-07-18T18:30:00+00:00,Running,1,2858.0,10.5,4.8,60.99,45.73,Pump A Running
2026-07-18T18:45:00+00:00,Running,1,2756.9,10.56,4.94,62.2,45.72,Pump A Running
2026-07-18T19:00:00+00:00,Running,1,2914.5,10.66,4.83,61.69,45.78,Pump A Running
2026-07-18T19:15:00+00:00,Running,1,2782.1,10.46,4.68,61.98,45.88,Pump A Running
2026-07-18T19:30:00+00:00,Running,1,2838.4,10.61,4.77,63.4,46.57,Pump A Running
2026-07-18T19:45:00+00:00,Running,1,2816.8,10.59,4.76,61.82,45.97,Pump A Running
2026-07-18T20:00:00+00:00,Running,1,2981.7,10.66,4.7,61.21,46.3,Pump A Running
2026-07-18T20:15:00+00:00,Running,1,2741.1,10.58,4.89,62.78,45.69,Pump A Running
2026-07-18T20:30:00+00:00,Running,1,2719.2,10.58,4.77,62.83,45.09,Pump A Running
2026-07-18T20:45:00+00:00,Running,1,2617.1,10.66,4.78,62.74,46.43,Pump A Running
2026-07-18T21:00:00+00:00,Running,1,2881.6,10.62,4.82,61.78,45.89,Pump A Running
2026-07-18T21:15:00+00:00,Running,1,2716.0,10.55,4.85,60.79,46.02,Pump A Running
2026-07-18T21:30:00+00:00,Running,1,2686.2,10.53,4.92,61.55,45.81,Pump A Running
2026-07-18T21:45:00+00:00,Running,1,2889.4,10.68,4.7,61.26,46.22,Pump A Running
2026-07-18T22:00:00+00:00,Running,1,2805.0,10.59,4.87,60.93,45.79,Pump A Running
2026-07-18T22:15:00+00:00,Running,1,2723.7,10.61,4.69,62.57,45.76,Pump A Running
2026-07-18T22:30:00+00:00,Running,1,2801.3,10.51,4.67,63.04,45.98,Pump A Running
2026-07-18T22:45:00+00:00,Running,1,2831.3,10.62,4.77,62.61,45.56,Pump A Running
2026-07-18T23:00:00+00:00,Running,1,2927.4,10.69,4.88,63.41,45.23,Pump A Running
2026-07-18T23:15:00+00:00,Running,1,2807.8,10.54,4.73,62.09,46.08,Pump A Running
2026-07-18T23:30:00+00:00,Running,1,2770.1,10.62,4.8,62.67,46.18,Pump A Running
2026-07-18T23:45:00+00:00,Running,1,2690.9,10.56,4.64,63.37,45.35,Pump A Running
2026-07-19T00:00:00+00:00,Running,1,2654.8,10.58,4.88,60.69,45.83,Pump A Running
2026-07-19T00:15:00+00:00,Running,1,2800.9,10.65,4.69,62.07,46.0,Pump A Running
2026-07-19T00:30:00+00:00,Running,1,2768.4,10.5,4.74,62.88,45.02,Pump A Running
2026-07-19T00:45:00+00:00,Running,1,2650.8,10.56,4.79,62.62,45.88,Pump A Running
2026-07-19T01:00:00+00:00,Running,1,2710.2,10.56,4.75,61.85,45.78,Pump A Running
2026-07-19T01:15:00+00:00,Running,1,2900.2,10.58,4.79,62.01,46.05,Pump A Running
2026-07-19T01:30:00+00:00,Running,1,2539.4,10.63,4.84,63.23,45.17,Pump A Running
2026-07-19T01:45:00+00:00,Running,1,2670.3,10.6,4.83,63.46,46.32,Pump A Running
2026-07-19T02:00:00+00:00,Stopped,0,0.0,0.0,0.09,0.0,28.61,Pumps Stopped
2026-07-19T02:15:00+00:00,Stopped,0,0.0,0.0,0.09,0.0,28.72,Pumps Stopped
2026-07-19T02:30:00+00:00,Stopped,0,0.0,0.0,0.14,0.0,28.71,Pumps Stopped
2026-07-19T02:45:00+00:00,Stopped,0,0.0,0.0,0.12,0.0,29.23,Pumps Stopped
2026-07-19T03:00:00+00:00,Stopped,0,0.0,0.0,0.09,0.0,29.16,Pumps Stopped
2026-07-19T03:15:00+00:00,Stopped,0,0.0,0.0,0.14,0.0,29.06,Pumps Stopped
2026-07-19T03:30:00+00:00,Running,1,2635.4,10.56,4.76,62.35,45.38,Pump A Running
2026-07-19T03:45:00+00:00,Running,1,2574.6,10.72,4.8,61.3,45.62,Pump A Running
2026-07-19T04:00:00+00:00,Running,1,2575.0,10.67,4.94,62.45,45.55,Pump A Running
2026-07-19T04:15:00+00:00,Running,1,2731.8,10.62,4.76,59.37,45.84,Pump A Running
2026-07-19T04:30:00+00:00,Running,1,2709.5,10.59,5.04,60.65,46.58,Pump A Running
2026-07-19T04:45:00+00:00,Running,1,2611.2,10.52,4.7,62.88,46.75,Pump A Running
2026-07-19T05:00:00+00:00,Running,1,2592.7,10.63,4.8,62.54,45.69,Pump A Running
2026-07-19T05:15:00+00:00,Running,1,2662.8,10.7,4.63,62.35,45.86,Pump A Running
2026-07-19T05:30:00+00:00,Running,1,2542.2,10.57,4.64,62.36,45.46,Pump A Running
2026-07-19T05:45:00+00:00,Running,1,2465.3,10.68,4.88,61.29,45.07,Pump A Running
2026-07-19T06:00:00+00:00,Running,1,2579.7,10.64,4.9,62.28,45.82,Pump A Running
2026-07-19T06:15:00+00:00,Running,1,2723.3,10.51,4.85,61.94,46.38,Pump A Running
2026-07-19T06:30:00+00:00,Running,1,2438.9,10.58,4.67,62.15,45.93,Pump A Running
2026-07-19T06:45:00+00:00,Running,1,2663.3,10.61,4.91,61.33,45.96,Pump A Running
2026-07-19T07:00:00+00:00,Running,1,2578.9,10.65,4.92,61.83,45.87,Pump A Running
2026-07-19T07:15:00+00:00,Running,1,2606.7,10.64,4.87,61.42,45.76,Pump A Running
2026-07-19T07:30:00+00:00,Running,1,2428.6,10.57,4.86,61.64,46.18,Pump A Running
2026-07-19T07:45:00+00:00,Running,1,2495.2,10.71,4.84,62.53,46.0,Pump A Running
2026-07-19T08:00:00+00:00,Running,1,2629.3,10.5,4.81,63.41,46.36,Pump A Running
2026-07-19T08:15:00+00:00,Running,1,2440.2,10.57,4.8,63.15,45.41,Pump A Running
2026-07-19T08:30:00+00:00,Running,1,2437.6,10.6,4.7,62.3,45.98,Pump A Running
2026-07-19T08:45:00+00:00,Running,1,2537.1,10.68,4.8,61.71,45.73,Pump A Running
2026-07-19T09:00:00+00:00,Running,1,2454.4,10.56,4.81,61.8,46.54,Pump A Running
2026-07-19T09:15:00+00:00,Running,1,2513.5,10.73,4.69,60.6,46.6,Pump A Running
2026-07-19T09:30:00+00:00,Running,1,2557.1,10.64,4.86,60.41,46.15,Pump A Running
2026-07-19T09:45:00+00:00,Running,1,2549.5,10.48,4.81,62.44,45.78,Pump A Running
2026-07-19T10:00:00+00:00,Running,1,2494.2,10.66,4.84,62.33,46.55,Pump A Running
2026-07-19T10:15:00+00:00,Running,1,2350.3,10.56,4.85,61.19,45.76,Pump A Running
2026-07-19T10:30:00+00:00,Running,1,2433.7,10.53,4.83,62.8,46.13,Pump A Running
2026-07-19T10:45:00+00:00,Running,1,2576.1,10.64,4.66,62.51,45.81,Pump A Running
2026-07-19T11:00:00+00:00,Running,1,2526.5,10.58,4.72,61.75,45.67,Pump A Running
2026-07-19T11:15:00+00:00,Running,1,2466.4,10.65,4.86,62.31,45.72,Pump A Running
2026-07-19T11:30:00+00:00,Running,1,2376.0,10.56,4.81,62.19,45.54,Pump A Running
2026-07-19T11:45:00+00:00,Running,1,2630.6,10.57,4.86,63.89,46.22,Pump A Running
2026-07-19T12:00:00+00:00,Running,1,2381.7,10.54,4.94,62.59,45.79,Pump A Running
2026-07-19T12:15:00+00:00,Running,1,2550.4,10.5,4.83,62.8,45.55,Pump A Running
2026-07-19T12:30:00+00:00,Running,1,2484.6,10.68,4.8,63.31,46.47,Pump A Running
2026-07-19T12:45:00+00:00,Running,1,2311.0,10.64,4.76,62.12,46.28,Pump A Running
2026-07-19T13:00:00+00:00,Running,1,2679.9,10.52,4.89,60.91,45.69,Pump A Running
2026-07-19T13:15:00+00:00,Running,1,2343.6,10.57,4.74,63.19,45.85,Pump A Running
2026-07-19T13:30:00+00:00,Running,1,2394.2,10.71,4.8,62.37,45.78,Pump A Running
2026-07-19T13:45:00+00:00,Running,1,2375.2,10.54,4.77,60.57,46.47,Pump A Running
2026-07-19T14:00:00+00:00,Running,1,2513.6,10.5,4.88,60.7,45.6,Pump A Running
2026-07-19T14:15:00+00:00,Running,1,2461.6,10.48,4.83,63.53,46.47,Pump A Running
2026-07-19T14:30:00+00:00,Running,1,2363.6,10.57,4.89,64.26,45.49,Pump A Running
2026-07-19T14:45:00+00:00,Running,1,2445.9,10.73,4.92,63.48,45.75,Pump A Running
2026-07-19T15:00:00+00:00,Running,1,2470.4,10.48,4.73,61.85,45.15,Pump A Running
2026-07-19T15:15:00+00:00,Running,1,2267.5,10.6,4.78,62.32,44.97,Pump A Running
2026-07-19T15:30:00+00:00,Running,1,2566.1,10.65,4.77,62.05,45.92,Pump A Running
2026-07-19T15:45:00+00:00,Running,1,2465.9,10.57,4.9,61.7,45.64,Pump A Running
2026-07-19T16:00:00+00:00,Running,1,2330.4,10.54,4.76,63.31,46.54,Pump A Running
2026-07-19T16:15:00+00:00,Running,1,2413.6,10.51,4.71,64.52,46.12,Pump A Running
2026-07-19T16:30:00+00:00,Running,1,2338.7,10.59,4.79,61.71,45.66,Pump A Running
2026-07-19T16:45:00+00:00,Running,1,2508.7,10.72,4.81,61.58,45.04,Pump A Running
2026-07-19T17:00:00+00:00,Running,1,2338.8,10.62,4.75,61.45,45.73,Pump A Running
2026-07-19T17:15:00+00:00,Running,1,2313.2,10.54,4.78,59.63,46.29,Pump A Running
2026-07-19T17:30:00+00:00,Running,1,2204.8,10.65,4.81,64.0,46.18,Pump A Running
2026-07-19T17:45:00+00:00,Running,1,2381.1,10.6,4.84,61.53,46.62,Pump A Running
2026-07-19T18:00:00+00:00,Running,1,2180.8,10.64,4.81,62.08,45.11,Pump A Running
2026-07-19T18:15:00+00:00,Running,1,2120.3,10.54,4.77,60.98,46.55,Pump A Running
2026-07-19T18:30:00+00:00,Running,1,2191.2,10.57,4.84,62.17,45.62,Pump A Running
2026-07-19T18:45:00+00:00,Running,1,2276.2,10.71,4.86,62.68,45.84,Pump A Running
2026-07-19T19:00:00+00:00,Running,1,2323.4,10.56,4.7,61.98,46.38,Pump A Running
2026-07-19T19:15:00+00:00,Running,1,2158.5,10.49,4.81,63.79,46.51,Pump A Running
2026-07-19T19:30:00+00:00,Running,1,2292.8,10.52,4.73,61.25,45.7,Pump A Running
2026-07-19T19:45:00+00:00,Running,1,2291.8,10.47,4.84,63.37,45.63,Pump A Running
2026-07-19T20:00:00+00:00,Running,1,2240.1,10.54,4.67,63.77,46.18,Pump A Running
2026-07-19T20:15:00+00:00,Running,1,2128.9,10.6,4.75,62.07,45.75,Pump A Running
2026-07-19T20:30:00+00:00,Running,1,2007.0,10.54,4.88,62.84,46.66,Pump A Running
2026-07-19T20:45:00+00:00,Running,1,2292.6,10.57,4.91,62.15,45.58,Pump A Running
2026-07-19T21:00:00+00:00,Running,1,2264.5,10.53,4.61,62.67,46.08,Pump A Running
2026-07-19T21:15:00+00:00,Running,1,2323.8,10.49,4.64,61.57,46.7,Pump A Running
2026-07-19T21:30:00+00:00,Running,1,2226.6,10.62,4.79,62.79,45.72,Pump A Running
2026-07-19T21:45:00+00:00,Running,1,2073.8,10.58,4.9,61.85,45.43,Pump A Running
2026-07-19T22:00:00+00:00,Running,1,2200.0,10.62,4.71,62.46,46.63,Pump A Running
2026-07-19T22:15:00+00:00,Running,1,2167.8,10.66,4.81,62.62,45.51,Pump A Running
2026-07-19T22:30:00+00:00,Running,1,2326.9,10.58,4.78,63.66,45.68,Pump A Running
2026-07-19T22:45:00+00:00,Running,1,2098.4,10.65,4.91,62.04,45.61,Pump A Running
2026-07-19T23:00:00+00:00,Running,1,2298.1,10.7,4.79,61.53,45.6,Pump A Running
2026-07-19T23:15:00+00:00,Running,1,2053.5,10.68,4.9,62.88,45.65,Pump A Running
2026-07-19T23:30:00+00:00,Running,1,2342.5,10.65,4.76,63.22,45.54,Pump A Running
2026-07-19T23:45:00+00:00,Running,1,2225.3,10.73,4.9,61.75,46.17,Pump A Running
2026-07-20T00:00:00+00:00,Running,1,2146.7,10.7,4.71,61.74,46.13,Pump A Running
2026-07-20T00:15:00+00:00,Running,1,2245.7,10.63,4.79,61.87,45.89,Pump A Running
2026-07-20T00:30:00+00:00,Running,1,2052.9,10.62,4.74,62.44,45.21,Pump A Running
2026-07-20T00:45:00+00:00,Running,1,2249.0,10.56,4.91,61.69,45.79,Pump A Running
2026-07-20T01:00:00+00:00,Running,1,2134.6,10.71,4.87,61.42,45.37,Pump A Running
2026-07-20T01:15:00+00:00,Running,1,2169.5,10.66,4.68,61.22,45.46,Pump A Running
2026-07-20T01:30:00+00:00,Running,1,2257.2,10.64,4.92,61.42,45.57,Pump A Running
2026-07-20T01:45:00+00:00,Running,1,2102.6,10.53,4.71,60.58,46.26,Pump A Running
2026-07-20T02:00:00+00:00,Stopped,0,0.0,0.0,0.2,0.0,29.41,Pumps Stopped
2026-07-20T02:15:00+00:00,Stopped,0,0.0,0.0,0.16,0.0,29.27,Pumps Stopped
2026-07-20T02:30:00+00:00,Stopped,0,0.0,0.0,0.11,0.0,28.57,Pumps Stopped
2026-07-20T02:45:00+00:00,Stopped,0,0.0,0.0,0.13,0.0,29.08,Pumps Stopped
2026-07-20T03:00:00+00:00,Stopped,0,0.0,0.0,0.1,0.0,28.74,Pumps Stopped
2026-07-20T03:15:00+00:00,Stopped,0,0.0,0.0,0.09,0.0,29.42,Pumps Stopped
2026-07-20T03:30:00+00:00,Running,1,2197.7,10.56,4.9,63.9,45.28,Pump A Running
2026-07-20T03:45:00+00:00,Running,1,2109.5,10.6,4.86,63.29,46.39,Pump A Running
2026-07-20T04:00:00+00:00,Running,1,2063.5,10.61,4.75,63.35,46.42,Pump A Running
2026-07-20T04:15:00+00:00,Running,1,2127.7,10.63,4.64,61.85,45.49,Pump A Running
2026-07-20T04:30:00+00:00,Running,1,2029.5,10.63,4.74,61.82,46.6,Pump A Running
2026-07-20T04:45:00+00:00,Running,1,2117.0,10.62,4.8,63.38,45.78,Pump A Running
2026-07-20T05:00:00+00:00,Running,1,2177.4,10.67,4.82,61.55,45.45,Pump A Running
2026-07-20T05:15:00+00:00,Running,1,2301.2,10.59,4.71,63.04,45.95,Pump A Running
2026-07-20T05:30:00+00:00,Running,1,1985.3,10.64,4.78,61.05,45.97,Pump A Running
2026-07-20T05:45:00+00:00,Running,1,2276.1,10.7,4.91,63.97,45.82,Pump A Running
2026-07-20T06:00:00+00:00,Running,1,2246.6,10.55,4.67,62.85,46.52,Pump A Running
2026-07-20T06:15:00+00:00,Running,1,2149.5,10.74,4.82,61.75,45.47,Pump A Running
2026-07-20T06:30:00+00:00,Running,1,2180.8,10.41,4.8,63.35,46.12,Pump A Running
2026-07-20T06:45:00+00:00,Running,1,2184.2,10.5,4.77,59.58,45.37,Pump A Running
2026-07-20T07:00:00+00:00,Running,1,2074.3,10.53,4.8,62.84,46.99,Pump A Running
2026-07-20T07:15:00+00:00,Running,1,2118.0,10.66,4.83,61.98,45.57,Pump A Running
2026-07-20T07:30:00+00:00,Running,1,2061.7,10.65,4.7,61.18,46.06,Pump A Running
2026-07-20T07:45:00+00:00,Running,1,1739.8,10.68,4.86,61.81,46.38,Pump A Running
2026-07-20T08:00:00+00:00,Running,1,2235.7,10.62,4.72,63.43,45.95,Pump A Running
2026-07-20T08:15:00+00:00,Running,1,1997.9,10.67,4.93,61.85,46.47,Pump A Running
2026-07-20T08:30:00+00:00,Running,1,2087.4,10.59,4.84,62.69,45.86,Pump A Running
2026-07-20T08:45:00+00:00,Running,1,2148.1,10.64,4.87,63.21,46.09,Pump A Running
2026-07-20T09:00:00+00:00,Running,1,2031.4,10.73,4.74,61.34,46.35,Pump A Running
2026-07-20T09:15:00+00:00,Running,1,2208.1,10.65,4.82,61.54,46.23,Pump A Running
2026-07-20T09:30:00+00:00,Running,1,2246.9,10.6,4.83,61.7,46.27,Pump A Running
2026-07-20T09:45:00+00:00,Running,1,2148.0,10.58,4.87,61.85,46.13,Pump A Running
2026-07-20T10:00:00+00:00,Running,1,2202.1,10.63,4.78,61.62,46.02,Pump A Running
2026-07-20T10:15:00+00:00,Running,1,2232.1,10.52,4.87,60.85,46.14,Pump A Running
2026-07-20T10:30:00+00:00,Running,1,2157.3,10.69,4.94,63.05,45.84,Pump A Running
2026-07-20T10:45:00+00:00,Running,1,2167.9,10.52,4.72,62.44,45.47,Pump A Running
2026-07-20T11:00:00+00:00,Running,1,2225.5,10.65,4.85,59.68,45.69,Pump A Running
2026-07-20T11:15:00+00:00,Running,1,2119.4,10.63,4.72,61.36,46.49,Pump A Running
2026-07-20T11:30:00+00:00,Running,1,2240.9,10.62,4.85,61.87,45.17,Pump A Running
2026-07-20T11:45:00+00:00,Running,1,2191.2,10.62,4.88,61.58,45.75,Pump A Running
2026-07-20T12:00:00+00:00,Running,1,2181.8,10.54,4.66,61.03,45.74,Pump A Running
2026-07-20T12:15:00+00:00,Running,1,2194.4,10.59,4.86,61.18,45.18,Pump A Running
2026-07-20T12:30:00+00:00,Running,1,2284.1,10.63,4.8,63.7,45.49,Pump A Running
2026-07-20T12:45:00+00:00,Running,1,2049.8,10.58,4.79,63.55,46.07,Pump A Running
2026-07-20T13:00:00+00:00,Running,1,2257.3,10.59,4.72,64.13,46.52,Pump A Running
2026-07-20T13:15:00+00:00,Running,1,2396.9,10.79,4.62,63.69,46.31,Pump A Running
2026-07-20T13:30:00+00:00,Running,1,2187.7,10.53,4.88,61.4,45.49,Pump A Running
2026-07-20T13:45:00+00:00,Running,1,2177.5,10.51,4.72,62.2,46.13,Pump A Running
2026-07-20T14:00:00+00:00,Running,1,2268.0,10.56,4.85,63.35,45.78,Pump A Running
2026-07-20T14:15:00+00:00,Running,1,2074.1,10.58,4.75,62.8,46.24,Pump A Running
2026-07-20T14:30:00+00:00,Running,1,2296.2,10.67,4.86,61.45,45.91,Pump A Running
2026-07-20T14:45:00+00:00,Running,1,2373.0,10.62,4.75,61.5,46.34,Pump A Running
2026-07-20T15:00:00+00:00,Running,1,2097.6,10.65,4.83,62.77,45.88,Pump A Running
2026-07-20T15:15:00+00:00,Running,1,2200.5,10.54,4.72,60.73,45.77,Pump A Running
2026-07-20T15:30:00+00:00,Running,1,2321.4,10.56,4.75,62.78,46.12,Pump A Running
2026-07-20T15:45:00+00:00,Running,1,2240.6,10.7,4.66,63.03,46.38,Pump A Running
2026-07-20T16:00:00+00:00,Running,1,2246.3,10.63,4.82,61.63,45.29,Pump A Running
2026-07-20T16:15:00+00:00,Running,1,2252.3,10.52,4.88,61.12,45.7,Pump A Running
2026-07-20T16:30:00+00:00,Running,1,2437.0,10.61,4.86,63.25,46.03,Pump A Running
2026-07-20T16:45:00+00:00,Running,1,2404.3,10.74,4.72,60.91,45.78,Pump A Running
2026-07-20T17:00:00+00:00,Running,1,2109.8,10.62,4.93,60.73,46.1,Pump A Running
2026-07-20T17:15:00+00:00,Running,1,2295.4,10.5,4.77,60.09,46.2,Pump A Running
2026-07-20T17:30:00+00:00,Running,1,2237.4,10.58,4.78,62.99,46.28,Pump A Running
2026-07-20T17:45:00+00:00,Running,1,2260.3,10.49,4.65,61.97,45.97,Pump A Running
2026-07-20T18:00:00+00:00,Running,1,2250.8,10.63,4.74,62.82,45.8,Pump A Running
2026-07-20T18:15:00+00:00,Running,1,2286.0,10.65,4.91,62.26,46.27,Pump A Running
2026-07-20T18:30:00+00:00,Running,1,2376.6,10.59,4.65,61.82,45.59,Pump A Running
2026-07-20T18:45:00+00:00,Running,1,2414.1,10.53,4.85,60.19,45.56,Pump A Running
2026-07-20T19:00:00+00:00,Running,1,2337.2,10.53,4.78,61.98,46.03,Pump A Running
2026-07-20T19:15:00+00:00,Running,1,2299.6,10.66,4.78,62.85,45.71,Pump A Running
2026-07-20T19:30:00+00:00,Running,1,2388.2,10.54,4.91,63.14,46.36,Pump A Running
2026-07-20T19:45:00+00:00,Running,1,2455.9,10.56,4.8,62.37,45.38,Pump A Running
2026-07-20T20:00:00+00:00,Running,1,2243.5,10.52,4.83,61.66,46.62,Pump A Running
2026-07-20T20:15:00+00:00,Running,1,2438.9,10.62,4.82,62.15,45.61,Pump A Running
2026-07-20T20:30:00+00:00,Running,1,2342.7,10.62,4.85,61.24,46.26,Pump A Running
2026-07-20T20:45:00+00:00,Running,1,2368.8,10.7,4.84,63.24,46.31,Pump A Running
2026-07-20T21:00:00+00:00,Running,1,2414.3,10.69,4.88,62.66,46.14,Pump A Running
2026-07-20T21:15:00+00:00,Running,1,2498.1,10.52,4.92,61.64,46.92,Pump A Running
2026-07-20T21:30:00+00:00,Running,1,2490.3,10.66,4.86,62.07,45.91,Pump A Running
2026-07-20T21:45:00+00:00,Running,1,2408.0,10.52,4.76,61.43,46.22,Pump A Running
2026-07-20T22:00:00+00:00,Running,1,2439.9,10.6,4.71,59.94,45.69,Pump A Running
2026-07-20T22:15:00+00:00,Running,1,2467.7,10.75,4.75,63.15,46.69,Pump A Running
2026-07-20T22:30:00+00:00,Running,1,2399.8,10.68,4.75,63.04,45.25,Pump A Running
2026-07-20T22:45:00+00:00,Running,1,2479.5,10.48,4.8,64.22,46.13,Pump A Running
2026-07-20T23:00:00+00:00,Running,1,2407.7,10.7,4.7,60.21,46.09,Pump A Running
2026-07-20T23:15:00+00:00,Running,1,2575.6,10.54,4.76,60.83,45.45,Pump A Running
2026-07-20T23:30:00+00:00,Running,1,2361.5,10.51,4.79,63.33,45.66,Pump A Running
2026-07-20T23:45:00+00:00,Running,1,2414.4,10.59,4.81,64.35,46.05,Pump A Running
2026-07-21T00:00:00+00:00,Running,1,2424.0,10.66,4.8,63.38,46.14,Pump A Running
2026-07-21T00:15:00+00:00,Running,1,2465.4,10.72,4.74,61.87,46.14,Pump A Running
2026-07-21T00:30:00+00:00,Running,1,2531.8,10.63,4.87,62.38,44.97,Pump A Running
2026-07-21T00:45:00+00:00,Running,1,2530.0,10.58,4.76,63.4,45.86,Pump A Running
2026-07-21T01:00:00+00:00,Running,1,2604.9,10.57,4.83,62.75,46.15,Pump A Running
2026-07-21T01:15:00+00:00,Running,1,2636.6,10.52,4.79,61.4,44.96,Pump A Running
2026-07-21T01:30:00+00:00,Running,1,2522.6,10.55,4.83,61.48,46.11,Pump A Running
2026-07-21T01:45:00+00:00,Running,1,2478.9,10.49,4.78,64.1,45.86,Pump A Running
2026-07-21T02:00:00+00:00,Stopped,0,0.0,0.0,0.2,0.0,29.47,Pumps Stopped
2026-07-21T02:15:00+00:00,Stopped,0,0.0,0.0,0.06,0.0,28.22,Pumps Stopped
2026-07-21T02:30:00+00:00,Stopped,0,0.0,0.0,0.12,0.0,28.99,Pumps Stopped
2026-07-21T02:45:00+00:00,Stopped,0,0.0,0.0,0.12,0.0,28.98,Pumps Stopped
2026-07-21T03:00:00+00:00,Stopped,0,0.0,0.0,0.13,0.0,29.07,Pumps Stopped
2026-07-21T03:15:00+00:00,Stopped,0,0.0,0.0,0.07,0.0,29.2,Pumps Stopped
2026-07-21T03:30:00+00:00,Running,1,2359.2,10.55,4.79,62.66,44.98,Pump A Running
2026-07-21T03:45:00+00:00,Running,1,2514.2,10.59,4.84,61.45,45.31,Pump A Running
2026-07-21T04:00:00+00:00,Running,1,2582.9,10.56,4.81,61.89,46.59,Pump A Running
2026-07-21T04:15:00+00:00,Running,1,2528.4,10.57,4.8,62.11,46.06,Pump A Running
2026-07-21T04:30:00+00:00,Running,1,2643.6,10.51,4.63,61.95,46.74,Pump A Running
2026-07-21T04:45:00+00:00,Running,1,2742.6,10.4,4.75,63.13,46.11,Pump A Running
2026-07-21T05:00:00+00:00,Running,1,2560.3,10.67,4.69,63.23,46.1,Pump A Running
2026-07-21T05:15:00+00:00,Running,1,2693.8,10.65,4.83,62.17,45.61,Pump A Running
2026-07-21T05:30:00+00:00,Running,1,2589.3,10.7,4.76,59.96,45.92,Pump A Running
2026-07-21T05:45:00+00:00,Running,1,2513.4,10.55,4.79,62.82,46.88,Pump A Running
2026-07-21T06:00:00+00:00,Running,1,2618.6,10.56,4.85,60.71,45.99,Pump A Running
2026-07-21T06:15:00+00:00,Running,1,2512.5,10.62,4.81,62.64,45.39,Pump A Running
2026-07-21T06:30:00+00:00,Running,1,2606.9,10.71,4.89,61.58,46.25,Pump A Running
2026-07-21T06:45:00+00:00,Running,1,2656.6,10.58,4.91,61.05,46.02,Pump A Running
2026-07-21T07:00:00+00:00,Running,1,2514.9,10.67,4.87,61.29,45.95,Pump A Running
2026-07-21T07:15:00+00:00,Running,1,2695.0,10.68,4.81,62.65,45.91,Pump A Running
2026-07-21T07:30:00+00:00,Running,1,2678.7,10.61,4.87,62.69,46.85,Pump A Running
2026-07-21T07:45:00+00:00,Running,1,2726.7,10.6,4.81,62.03,46.22,Pump A Running
2026-07-21T08:00:00+00:00,Running,1,2632.0,10.5,4.77,60.03,46.43,Pump A Running
2026-07-21T08:15:00+00:00,Running,1,2712.3,10.54,4.81,60.76,45.92,Pump A Running
2026-07-21T08:30:00+00:00,Running,1,2672.2,10.63,4.52,60.74,45.86,Pump A Running
2026-07-21T08:45:00+00:00,Running,1,2646.9,10.61,4.76,60.24,45.59,Pump A Running
2026-07-21T09:00:00+00:00,Running,1,2655.8,10.52,4.89,62.22,46.23,Pump A Running
2026-07-21T09:15:00+00:00,Running,1,2766.0,10.6,4.85,62.12,45.83,Pump A Running
2026-07-21T09:30:00+00:00,Running,1,2649.9,10.6,4.69,64.24,45.88,Pump A Running
2026-07-21T09:45:00+00:00,Running,1,2732.1,10.63,4.77,61.64,46.27,Pump A Running
2026-07-21T10:00:00+00:00,Running,1,2657.4,10.63,4.82,62.14,46.55,Pump A Running
2026-07-21T10:15:00+00:00,Running,1,2646.8,10.67,4.8,61.4,46.23,Pump A Running
2026-07-21T10:30:00+00:00,Running,1,2746.2,10.49,4.77,63.0,46.13,Pump A Running
2026-07-21T10:45:00+00:00,Running,1,2807.7,10.6,4.82,62.92,45.88,Pump A Running
2026-07-21T11:00:00+00:00,Running,1,2674.9,10.61,4.75,61.87,45.68,Pump A Running
2026-07-21T11:15:00+00:00,Running,1,2546.5,10.61,4.6,62.66,46.08,Pump A Running
2026-07-21T11:30:00+00:00,Running,1,2714.0,10.56,4.72,63.37,46.58,Pump A Running
2026-07-21T11:45:00+00:00,Running,1,2740.1,10.82,4.92,60.23,46.08,Pump A Running
2026-07-21T12:00:00+00:00,Running,1,2614.9,10.61,4.78,61.92,46.2,Pump A Running
2026-07-21T12:15:00+00:00,Running,1,3073.2,10.6,4.77,62.09,46.29,Pump A Running
2026-07-21T12:30:00+00:00,Running,1,2753.7,10.53,4.71,59.21,46.08,Pump A Running
2026-07-21T12:45:00+00:00,Running,1,2789.5,10.53,4.89,61.67,45.64,Pump A Running
2026-07-21T13:00:00+00:00,Running,1,2856.3,10.44,4.73,61.93,45.83,Pump A Running
2026-07-21T13:15:00+00:00,Running,1,2529.4,10.67,4.74,62.37,45.75,Pump A Running
2026-07-21T13:30:00+00:00,Running,1,2720.2,10.67,4.71,60.6,46.42,Pump A Running
2026-07-21T13:45:00+00:00,Running,1,2703.1,10.58,4.89,61.16,45.68,Pump A Running
2026-07-21T14:00:00+00:00,Running,1,2667.3,10.58,4.87,62.35,45.34,Pump A Running
2026-07-21T14:15:00+00:00,Running,1,2822.5,10.57,4.83,61.6,46.55,Pump A Running
2026-07-21T14:30:00+00:00,Running,1,2732.2,10.69,4.78,62.04,45.81,Pump A Running
2026-07-21T14:45:00+00:00,Running,1,2595.6,10.48,4.81,61.61,46.24,Pump A Running
2026-07-21T15:00:00+00:00,Running,1,2680.7,10.6,4.82,62.77,45.66,Pump A Running
2026-07-21T15:15:00+00:00,Running,1,2651.5,10.59,4.83,62.53,46.27,Pump A Running
2026-07-21T15:30:00+00:00,Running,1,2927.5,10.54,4.69,62.22,45.86,Pump A Running
2026-07-21T15:45:00+00:00,Running,1,2893.4,10.64,4.73,62.39,46.09,Pump A Running
2026-07-21T16:00:00+00:00,Running,1,2762.4,10.61,4.76,63.18,45.95,Pump A Running
2026-07-21T16:15:00+00:00,Running,1,2678.5,10.62,4.77,60.62,45.44,Pump A Running
2026-07-21T16:30:00+00:00,Running,1,2780.3,10.56,4.87,62.34,46.1,Pump A Running
2026-07-21T16:45:00+00:00,Running,1,2830.8,10.58,4.77,64.21,45.58,Pump A Running
2026-07-21T17:00:00+00:00,Running,1,2899.4,10.61,4.71,62.3,45.8,Pump A Running
2026-07-21T17:15:00+00:00,Running,1,2806.2,10.66,4.87,61.3,46.05,Pump A Running
2026-07-21T17:30:00+00:00,Running,1,2905.0,10.56,4.73,61.36,46.27,Pump A Running
2026-07-21T17:45:00+00:00,Running,1,2695.0,10.52,4.71,61.42,45.54,Pump A Running
2026-07-21T18:00:00+00:00,Running,1,2651.8,10.75,4.95,63.24,45.43,Pump A Running
2026-07-21T18:15:00+00:00,Running,1,2762.0,10.64,4.84,62.21,46.27,Pump A Running
2026-07-21T18:30:00+00:00,Running,1,2807.9,10.52,4.96,61.98,45.96,Pump A Running
2026-07-21T18:45:00+00:00,Running,1,2905.6,10.55,4.76,63.21,45.12,Pump A Running
2026-07-21T19:00:00+00:00,Running,1,2813.1,10.54,4.74,63.89,45.74,Pump A Running
2026-07-21T19:15:00+00:00,Running,1,2812.2,10.6,4.98,62.93,46.02,Pump A Running
2026-07-21T19:30:00+00:00,Running,1,2672.2,10.66,4.79,62.13,46.38,Pump A Running
2026-07-21T19:45:00+00:00,Running,1,2826.9,10.62,4.87,60.46,45.99,Pump A Running
2026-07-21T20:00:00+00:00,Running,1,2630.2,10.63,4.83,60.85,46.02,Pump A Running
2026-07-21T20:15:00+00:00,Running,1,2761.7,10.6,4.79,61.4,45.23,Pump A Running
2026-07-21T20:30:00+00:00,Running,1,2734.2,10.52,4.94,61.42,46.43,Pump A Running
2026-07-21T20:45:00+00:00,Running,1,2874.6,10.74,4.82,63.02,46.47,Pump A Running
2026-07-21T21:00:00+00:00,Running,1,2863.9,10.57,4.91,62.8,46.22,Pump A Running
2026-07-21T21:15:00+00:00,Running,1,2908.7,10.53,4.7,61.19,45.87,Pump A Running
2026-07-21T21:30:00+00:00,Running,1,2824.7,10.58,4.92,62.92,45.58,Pump A Running
2026-07-21T21:45:00+00:00,Running,1,2759.0,10.63,4.82,62.53,45.88,Pump A Running
2026-07-21T22:00:00+00:00,Running,1,2818.8,10.54,4.75,60.39,45.3,Pump A Running
2026-07-21T22:15:00+00:00,Running,1,2614.4,10.52,4.8,61.49,46.04,Pump A Running
2026-07-21T22:30:00+00:00,Running,1,2664.7,10.57,4.79,62.11,45.94,Pump A Running
2026-07-21T22:45:00+00:00,Running,1,2813.1,10.63,4.75,60.52,45.61,Pump A Running
2026-07-21T23:00:00+00:00,Running,1,2755.9,10.54,4.77,60.63,45.7,Pump A Running
2026-07-21T23:15:00+00:00,Running,1,2657.0,10.55,4.73,60.46,46.85,Pump A Running
2026-07-21T23:30:00+00:00,Running,1,2752.7,10.71,4.71,61.82,45.72,Pump A Running
2026-07-21T23:45:00+00:00,Running,1,2682.8,10.56,4.82,61.46,46.22,Pump A Running
2026-07-22T00:00:00+00:00,Running,1,2599.1,10.46,4.86,62.84,46.0,Pump A Running
2026-07-22T00:15:00+00:00,Running,1,2649.0,10.65,4.82,62.83,46.39,Pump A Running
2026-07-22T00:30:00+00:00,Running,1,2739.7,10.66,4.83,60.2,46.81,Pump A Running
2026-07-22T00:45:00+00:00,Running,1,2726.1,10.53,4.82,61.87,46.62,Pump A Running
2026-07-22T01:00:00+00:00,Running,1,2657.0,10.66,4.71,61.7,46.1,Pump A Running
2026-07-22T01:15:00+00:00,Running,1,2594.1,10.6,4.78,62.06,45.92,Pump A Running
2026-07-22T01:30:00+00:00,Running,1,2699.4,10.56,4.73,63.68,45.95,Pump A Running
2026-07-22T01:45:00+00:00,Running,1,2579.0,10.54,4.83,62.98,45.25,Pump A Running
2026-07-22T02:00:00+00:00,Stopped,0,0.0,0.0,0.16,0.0,29.15,Pumps Stopped
2026-07-22T02:15:00+00:00,Stopped,0,0.0,0.0,0.11,0.0,29.13,Pumps Stopped
2026-07-22T02:30:00+00:00,Stopped,0,0.0,0.0,0.14,0.0,28.99,Pumps Stopped
2026-07-22T02:45:00+00:00,Stopped,0,0.0,0.0,0.1,0.0,28.89,Pumps Stopped
2026-07-22T03:00:00+00:00,Stopped,0,0.0,0.0,0.13,0.0,28.76,Pumps Stopped
2026-07-22T03:15:00+00:00,Stopped,0,0.0,0.0,0.12,0.0,28.94,Pumps Stopped
2026-07-22T03:30:00+00:00,Running,1,2732.7,10.54,4.83,62.55,46.06,Pump A Running
2026-07-22T03:45:00+00:00,Running,1,2653.6,10.73,4.94,61.5,46.23,Pump A Running
2026-07-22T04:00:00+00:00,Running,1,2659.4,10.57,4.61,62.84,44.98,Pump A Running
2026-07-22T04:15:00+00:00,Running,1,2656.6,10.55,4.71,61.91,45.91,Pump A Running
2026-07-22T04:30:00+00:00,Running,1,2751.1,10.63,4.78,62.06,46.55,Pump A Running
2026-07-22T04:45:00+00:00,Running,1,2607.7,10.68,4.84,61.97,45.61,Pump A Running
2026-07-22T05:00:00+00:00,Running,1,2665.3,10.75,4.81,63.44,46.16,Pump A Running
2026-07-22T05:15:00+00:00,Running,1,2624.0,10.68,4.88,62.3,45.53,Pump A Running
2026-07-22T05:30:00+00:00,Running,1,2535.0,10.59,4.72,63.19,45.34,Pump A Running
2026-07-22T05:45:00+00:00,Running,1,2725.2,10.59,4.74,62.82,45.68,Pump A Running
2026-07-22T06:00:00+00:00,Running,1,2617.0,10.62,4.75,61.92,45.64,Pump A Running
2026-07-22T06:15:00+00:00,Running,1,2692.2,10.59,4.8,60.09,45.21,Pump A Running
2026-07-22T06:30:00+00:00,Running,1,2654.2,10.56,4.84,64.27,45.03,Pump A Running
2026-07-22T06:45:00+00:00,Running,1,2647.4,10.74,4.81,60.85,46.36,Pump A Running
2026-07-22T07:00:00+00:00,Running,1,2706.4,10.59,4.78,62.48,46.37,Pump A Running
2026-07-22T07:15:00+00:00,Running,1,2590.9,10.55,4.72,60.88,45.74,Pump A Running
2026-07-22T07:30:00+00:00,Running,1,2535.4,10.5,4.74,60.43,45.95,Pump A Running
2026-07-22T07:45:00+00:00,Running,1,2630.0,10.73,4.72,63.04,46.03,Pump A Running
2026-07-22T08:00:00+00:00,Running,1,2464.1,10.55,4.94,62.05,45.97,Pump A Running
2026-07-22T08:15:00+00:00,Running,1,2637.5,10.57,4.85,62.07,45.92,Pump A Running
2026-07-22T08:30:00+00:00,Running,1,2560.4,10.6,4.81,62.64,45.97,Pump A Running
2026-07-22T08:45:00+00:00,Running,1,2582.0,10.58,4.84,62.42,46.58,Pump A Running
2026-07-22T09:00:00+00:00,Running,1,2528.8,10.7,4.86,62.81,45.92,Pump A Running
2026-07-22T09:15:00+00:00,Running,1,2426.9,10.51,4.88,61.85,46.52,Pump A Running
2026-07-22T09:30:00+00:00,Running,1,2492.1,10.55,4.85,61.3,46.35,Pump A Running
2026-07-22T09:45:00+00:00,Running,1,2589.2,10.56,4.88,63.12,45.56,Pump A Running
2026-07-22T10:00:00+00:00,Running,1,2523.2,10.58,4.81,61.31,45.94,Pump A Running
2026-07-22T10:15:00+00:00,Running,1,2351.1,10.78,4.82,62.57,45.6,Pump A Running
2026-07-22T10:30:00+00:00,Running,1,2570.6,10.62,4.85,61.15,46.46,Pump A Running
2026-07-22T10:45:00+00:00,Running,1,2492.3,10.63,4.67,60.15,46.06,Pump A Running
2026-07-22T11:00:00+00:00,Running,1,2382.2,10.55,4.83,61.89,45.76,Pump A Running
2026-07-22T11:15:00+00:00,Running,1,2487.8,10.74,4.55,61.37,46.32,Pump A Running
2026-07-22T11:30:00+00:00,Running,1,2451.9,10.57,4.72,63.21,45.68,Pump A Running
2026-07-22T11:45:00+00:00,Running,1,2441.3,10.62,4.79,61.7,45.8,Pump A Running
2026-07-22T12:00:00+00:00,Running,1,2365.9,10.55,4.76,61.56,45.89,Pump A Running
2026-07-22T12:15:00+00:00,Running,1,2401.2,10.62,4.75,62.07,45.25,Pump A Running
2026-07-22T12:30:00+00:00,Running,1,2408.4,10.66,4.84,61.33,46.3,Pump A Running
2026-07-22T12:45:00+00:00,Running,1,2317.6,10.52,4.72,60.51,46.0,Pump A Running
2026-07-22T13:00:00+00:00,Running,1,2519.0,10.49,4.98,62.0,46.19,Pump A Running
2026-07-22T13:15:00+00:00,Running,1,2449.0,10.64,4.77,61.01,45.72,Pump A Running
2026-07-22T13:30:00+00:00,Running,1,2481.4,10.69,4.85,60.94,46.34,Pump A Running
2026-07-22T13:45:00+00:00,Running,1,2397.8,10.69,4.83,62.45,46.24,Pump A Running
2026-07-22T14:00:00+00:00,Running,1,2423.4,10.51,4.79,62.5,45.47,Pump A Running
2026-07-22T14:15:00+00:00,Running,1,2448.9,10.64,4.79,61.67,46.75,Pump A Running
2026-07-22T14:30:00+00:00,Running,1,2251.4,10.71,4.71,62.69,46.19,Pump A Running
2026-07-22T14:45:00+00:00,Running,1,2287.3,10.6,4.84,61.91,46.81,Pump A Running
2026-07-22T15:00:00+00:00,Running,1,2480.0,10.58,4.85,62.82,45.7,Pump A Running
2026-07-22T15:15:00+00:00,Running,1,2399.7,10.62,4.69,62.3,46.17,Pump A Running
2026-07-22T15:30:00+00:00,Running,1,2477.9,10.55,4.78,61.82,46.84,Pump A Running
2026-07-22T15:45:00+00:00,Running,1,2463.5,10.71,4.75,61.55,46.32,Pump A Running
2026-07-22T16:00:00+00:00,Running,1,2337.0,10.61,4.71,63.64,45.49,Pump A Running
2026-07-22T16:15:00+00:00,Running,1,2338.1,10.52,4.69,60.63,45.03,Pump A Running
2026-07-22T16:30:00+00:00,Running,1,2405.0,10.52,4.81,63.4,46.14,Pump A Running
2026-07-22T16:45:00+00:00,Running,1,2526.8,10.61,4.78,60.37,46.06,Pump A Running
2026-07-22T17:00:00+00:00,Running,1,2295.8,10.57,4.86,61.79,45.31,Pump A Running
2026-07-22T17:15:00+00:00,Running,1,2153.1,10.52,4.75,60.27,45.57,Pump A Running
2026-07-22T17:30:00+00:00,Running,1,2340.2,10.65,4.7,61.7,45.83,Pump A Running
2026-07-22T17:45:00+00:00,Running,1,2349.7,10.63,4.7,60.48,45.3,Pump A Running
2026-07-22T18:00:00+00:00,Running,1,2424.9,10.56,4.92,62.22,46.37,Pump A Running
2026-07-22T18:15:00+00:00,Running,1,2383.5,10.59,4.69,61.17,45.7,Pump A Running
2026-07-22T18:30:00+00:00,Running,1,2226.8,10.74,4.83,61.91,45.48,Pump A Running
2026-07-22T18:45:00+00:00,Running,1,2219.7,10.62,4.63,62.23,45.35,Pump A Running
2026-07-22T19:00:00+00:00,Running,1,2274.0,10.51,4.88,60.53,46.24,Pump A Running
2026-07-22T19:15:00+00:00,Running,1,2289.4,10.51,4.79,61.63,46.42,Pump A Running
2026-07-22T19:30:00+00:00,Running,1,2175.6,10.6,4.68,61.3,45.96,Pump A Running
2026-07-22T19:45:00+00:00,Running,1,2298.3,10.59,4.75,61.07,45.71,Pump A Running
2026-07-22T20:00:00+00:00,Running,1,2258.9,10.59,4.81,62.1,46.2,Pump A Running
2026-07-22T20:15:00+00:00,Running,1,2165.7,10.78,4.83,61.57,46.16,Pump A Running
2026-07-22T20:30:00+00:00,Running,1,2135.0,10.64,4.82,62.57,45.67,Pump A Running
2026-07-22T20:45:00+00:00,Running,1,2252.4,10.53,4.77,62.58,45.38,Pump A Running
2026-07-22T21:00:00+00:00,Running,1,2307.5,10.6,4.82,62.89,46.45,Pump A Running
2026-07-22T21:15:00+00:00,Running,1,2296.3,10.55,4.79,61.73,45.58,Pump A Running
2026-07-22T21:30:00+00:00,Running,1,2214.1,10.66,4.73,61.24,45.82,Pump A Running
2026-07-22T21:45:00+00:00,Running,1,2291.8,10.57,4.85,63.58,46.26,Pump A Running
2026-07-22T22:00:00+00:00,Running,1,2320.4,10.62,4.89,63.59,45.65,Pump A Running
2026-07-22T22:15:00+00:00,Running,1,2217.6,10.57,4.85,61.56,45.66,Pump A Running
2026-07-22T22:30:00+00:00,Running,1,2279.3,10.54,4.76,63.25,45.77,Pump A Running
2026-07-22T22:45:00+00:00,Running,1,2307.2,10.58,4.8,62.78,45.63,Pump A Running
2026-07-22T23:00:00+00:00,Running,1,2500.2,10.66,4.91,62.64,45.46,Pump A Running
2026-07-22T23:15:00+00:00,Running,1,2063.7,10.68,4.74,63.18,46.95,Pump A Running
2026-07-22T23:30:00+00:00,Running,1,2068.0,10.61,4.94,62.61,45.73,Pump A Running
2026-07-22T23:45:00+00:00,Running,1,2196.7,10.46,4.7,61.15,46.24,Pump A Running
2026-07-23T00:00:00+00:00,Running,1,2182.3,10.53,4.87,61.84,45.83,Pump A Running
2026-07-23T00:15:00+00:00,Running,1,2324.3,10.6,4.8,61.5,45.97,Pump A Running
2026-07-23T00:30:00+00:00,Running,1,2231.2,10.7,4.71,61.45,46.76,Pump A Running
2026-07-23T00:45:00+00:00,Running,1,2297.0,10.64,4.82,63.74,45.44,Pump A Running
2026-07-23T01:00:00+00:00,Running,1,2110.8,10.73,4.83,62.1,46.09,Pump A Running
2026-07-23T01:15:00+00:00,Running,1,2294.8,10.69,4.8,62.52,45.87,Pump A Running
2026-07-23T01:30:00+00:00,Running,1,2012.9,10.65,4.84,60.51,46.42,Pump A Running
2026-07-23T01:45:00+00:00,Running,1,2239.0,10.49,4.68,61.5,45.12,Pump A Running
2026-07-23T02:00:00+00:00,Stopped,0,0.0,0.0,0.15,0.0,28.84,Pumps Stopped
2026-07-23T02:15:00+00:00,Stopped,0,0.0,0.0,0.1,0.0,28.79,Pumps Stopped
2026-07-23T02:30:00+00:00,Stopped,0,0.0,0.0,0.16,0.0,28.72,Pumps Stopped
2026-07-23T02:45:00+00:00,Stopped,0,0.0,0.0,0.12,0.0,29.11,Pumps Stopped
2026-07-23T03:00:00+00:00,Stopped,0,0.0,0.0,0.12,0.0,28.79,Pumps Stopped
2026-07-23T03:15:00+00:00,Stopped,0,0.0,0.0,0.13,0.0,28.86,Pumps Stopped
2026-07-23T03:30:00+00:00,Running,1,2175.9,10.59,4.96,63.7,46.86,Pump A Running
2026-07-23T03:45:00+00:00,Running,1,2135.2,10.59,4.74,61.36,46.25,Pump A Running
2026-07-23T04:00:00+00:00,Running,1,2173.9,10.54,4.88,62.69,46.19,Pump A Running
2026-07-23T04:15:00+00:00,Running,1,1931.6,10.77,4.79,61.29,45.34,Pump A Running
2026-07-23T04:30:00+00:00,Running,1,2102.2,10.59,4.76,62.22,46.21,Pump A Running
2026-07-23T04:45:00+00:00,Running,1,1974.6,10.67,4.87,62.75,45.12,Pump A Running
2026-07-23T05:00:00+00:00,Running,1,2073.3,10.64,4.8,60.85,46.34,Pump A Running
2026-07-23T05:15:00+00:00,Running,1,2030.4,10.5,4.8,61.09,46.65,Pump A Running
2026-07-23T05:30:00+00:00,Running,1,2103.1,10.57,4.88,60.89,46.27,Pump A Running
2026-07-23T05:45:00+00:00,Running,1,2067.6,10.58,4.79,62.91,45.78,Pump A Running
2026-07-23T06:00:00+00:00,Running,1,2207.9,10.52,4.88,62.88,45.81,Pump A Running
2026-07-23T06:15:00+00:00,Running,1,2079.3,10.56,4.78,62.22,46.02,Pump A Running
2026-07-23T06:30:00+00:00,Running,1,2055.2,10.54,4.72,63.54,46.4,Pump A Running
2026-07-23T06:45:00+00:00,Running,1,2062.0,10.58,4.87,63.13,45.64,Pump A Running
2026-07-23T07:00:00+00:00,Running,1,2326.7,10.46,4.76,61.92,45.7,Pump A Running
2026-07-23T07:15:00+00:00,Running,1,2278.8,10.56,4.8,63.24,46.21,Pump A Running
2026-07-23T07:30:00+00:00,Running,1,2110.1,10.57,4.87,62.28,45.79,Pump A Running
2026-07-23T07:45:00+00:00,Running,1,2200.8,10.62,4.76,63.26,45.87,Pump A Running
2026-07-23T08:00:00+00:00,Running,1,2253.1,10.69,4.89,62.0,46.04,Pump A Running
2026-07-23T08:15:00+00:00,Running,1,2240.9,10.63,4.77,63.96,44.99,Pump A Running
2026-07-23T08:30:00+00:00,Running,1,2107.3,10.68,4.85,62.22,45.76,Pump A Running
2026-07-23T08:45:00+00:00,Running,1,2056.8,10.65,4.76,61.69,46.24,Pump A Running
2026-07-23T09:00:00+00:00,Running,1,2119.9,10.41,4.92,62.9,46.01,Pump A Running
2026-07-23T09:15:00+00:00,Running,1,2094.5,10.59,4.78,60.96,46.7,Pump A Running
2026-07-23T09:30:00+00:00,Running,1,2251.0,10.64,4.77,64.24,46.3,Pump A Running
2026-07-23T09:45:00+00:00,Running,1,2028.2,10.56,4.88,60.45,46.88,Pump A Running
2026-07-23T10:00:00+00:00,Running,1,2057.7,10.64,4.7,63.14,45.92,Pump A Running
2026-07-23T10:15:00+00:00,Running,1,2300.9,10.76,4.83,62.23,46.29,Pump A Running
2026-07-23T10:30:00+00:00,Running,1,2137.2,10.65,4.72,61.52,45.55,Pump A Running
2026-07-23T10:45:00+00:00,Running,1,2129.4,10.59,4.77,62.46,45.67,Pump A Running
2026-07-23T11:00:00+00:00,Running,1,2066.0,10.52,4.79,61.58,47.06,Pump A Running
2026-07-23T11:15:00+00:00,Running,1,2262.6,10.61,4.87,60.08,46.11,Pump A Running
2026-07-23T11:30:00+00:00,Running,1,2055.6,10.6,4.9,62.92,45.43,Pump A Running
2026-07-23T11:45:00+00:00,Running,1,2258.8,10.57,4.81,63.15,45.77,Pump A Running
2026-07-23T12:00:00+00:00,Running,1,2303.2,10.7,4.75,60.11,46.29,Pump A Running
2026-07-23T12:15:00+00:00,Running,1,2180.6,10.59,4.76,61.57,46.26,Pump A Running
2026-07-23T12:30:00+00:00,Running,1,2152.5,10.64,4.75,61.17,46.3,Pump A Running
2026-07-23T12:45:00+00:00,Running,1,2186.9,10.5,4.73,60.25,46.08,Pump A Running
2026-07-23T13:00:00+00:00,Running,1,2026.9,10.72,4.73,63.14,45.88,Pump A Running
2026-07-23T13:15:00+00:00,Running,1,2209.9,10.62,4.81,64.41,46.42,Pump A Running
2026-07-23T13:30:00+00:00,Running,1,2362.0,10.59,4.81,61.07,45.77,Pump A Running
2026-07-23T13:45:00+00:00,Running,1,2264.2,10.57,4.7,61.04,46.18,Pump A Running
2026-07-23T14:00:00+00:00,Running,1,2259.9,10.69,4.76,63.34,45.96,Pump A Running
2026-07-23T14:15:00+00:00,Running,1,2183.9,10.62,4.8,61.73,46.25,Pump A Running
2026-07-23T14:30:00+00:00,Running,1,2220.0,10.79,4.73,60.39,46.14,Pump A Running
2026-07-23T14:45:00+00:00,Running,1,2218.0,10.61,4.69,62.59,45.76,Pump A Running
2026-07-23T15:00:00+00:00,Running,1,2170.0,10.63,4.65,62.14,46.2,Pump A Running
2026-07-23T15:15:00+00:00,Running,1,2203.5,10.45,4.85,62.28,45.45,Pump A Running
2026-07-23T15:30:00+00:00,Running,1,2122.3,10.53,4.86,61.83,45.95,Pump A Running
2026-07-23T15:45:00+00:00,Running,1,2351.1,10.64,4.81,61.65,46.17,Pump A Running
2026-07-23T16:00:00+00:00,Running,1,2288.3,10.52,4.94,61.11,45.75,Pump A Running
2026-07-23T16:15:00+00:00,Running,1,2139.2,10.57,4.67,63.63,46.03,Pump A Running
2026-07-23T16:30:00+00:00,Running,1,2165.9,10.6,4.83,60.37,45.13,Pump A Running
2026-07-23T16:45:00+00:00,Running,1,2268.6,10.7,4.83,61.15,46.26,Pump A Running
2026-07-23T17:00:00+00:00,Running,1,2279.3,10.57,4.78,61.97,45.83,Pump A Running
2026-07-23T17:15:00+00:00,Running,1,2489.7,10.5,4.81,61.31,45.82,Pump A Running
2026-07-23T17:30:00+00:00,Running,1,2208.9,10.44,4.82,62.55,46.21,Pump A Running
2026-07-23T17:45:00+00:00,Running,1,2443.4,10.52,4.83,62.82,46.41,Pump A Running
2026-07-23T18:00:00+00:00,Running,1,2187.2,10.48,4.73,61.04,47.1,Pump A Running
2026-07-23T18:15:00+00:00,Running,1,2176.6,10.66,4.85,61.45,46.04,Pump A Running
2026-07-23T18:30:00+00:00,Running,1,2321.6,10.61,4.74,60.75,45.9,Pump A Running
2026-07-23T18:45:00+00:00,Running,1,2377.7,10.63,4.98,61.88,45.82,Pump A Running
2026-07-23T19:00:00+00:00,Running,1,2309.8,10.7,4.77,62.17,45.64,Pump A Running
2026-07-23T19:15:00+00:00,Running,1,2273.7,10.48,4.73,60.84,45.72,Pump A Running
2026-07-23T19:30:00+00:00,Running,1,2297.2,10.51,4.92,61.98,45.94,Pump A Running
2026-07-23T19:45:00+00:00,Running,1,2295.1,10.56,4.82,61.41,45.21,Pump A Running
2026-07-23T20:00:00+00:00,Running,1,2408.1,10.59,4.99,60.82,45.52,Pump A Running
2026-07-23T20:15:00+00:00,Running,1,2466.0,10.62,4.76,64.22,45.56,Pump A Running
2026-07-23T20:30:00+00:00,Running,1,2401.0,10.6,4.67,61.9,46.82,Pump A Running
2026-07-23T20:45:00+00:00,Running,1,2309.0,10.62,4.82,63.6,45.87,Pump A Running
2026-07-23T21:00:00+00:00,Running,1,2242.6,10.57,4.86,61.09,45.91,Pump A Running
2026-07-23T21:15:00+00:00,Running,1,2416.8,10.58,4.73,61.28,46.71,Pump A Running
2026-07-23T21:30:00+00:00,Running,1,2398.2,10.67,4.85,62.28,46.28,Pump A Running
2026-07-23T21:45:00+00:00,Running,1,2440.9,10.48,4.92,63.61,45.78,Pump A Running
2026-07-23T22:00:00+00:00,Running,1,2390.0,10.74,4.72,62.38,45.7,Pump A Running
2026-07-23T22:15:00+00:00,Running,1,2404.8,10.67,4.84,63.41,45.6,Pump A Running
2026-07-23T22:30:00+00:00,Running,1,2466.9,10.49,4.62,60.92,46.07,Pump A Running
2026-07-23T22:45:00+00:00,Running,1,2470.7,10.61,4.73,60.53,46.54,Pump A Running
2026-07-23T23:00:00+00:00,Running,1,2477.3,10.65,4.68,62.42,46.07,Pump A Running
2026-07-23T23:15:00+00:00,Running,1,2517.5,10.62,5.03,61.99,45.69,Pump A Running
2026-07-23T23:30:00+00:00,Running,1,2370.7,10.61,4.76,62.59,45.6,Pump A Running
2026-07-23T23:45:00+00:00,Running,1,2319.8,10.57,4.8,61.67,46.1,Pump A Running
2026-07-24T00:00:00+00:00,Running,1,2402.7,10.65,4.89,62.53,46.59,Pump A Running
2026-07-24T00:15:00+00:00,Running,1,2474.8,10.59,4.77,63.11,45.63,Pump A Running
2026-07-24T00:30:00+00:00,Running,1,2415.4,10.58,4.84,62.84,46.02,Pump A Running
2026-07-24T00:45:00+00:00,Running,1,2309.2,10.65,4.8,62.42,45.51,Pump A Running
2026-07-24T01:00:00+00:00,Running,1,2405.3,10.67,4.75,62.13,46.06,Pump A Running
2026-07-24T01:15:00+00:00,Running,1,2520.0,10.62,4.8,61.77,46.26,Pump A Running
2026-07-24T01:30:00+00:00,Running,1,2427.0,10.62,4.68,61.24,45.41,Pump A Running
2026-07-24T01:45:00+00:00,Running,1,2566.7,10.59,4.87,60.36,46.25,Pump A Running
2026-07-24T02:00:00+00:00,Stopped,0,0.0,0.0,0.1,0.0,29.34,Pumps Stopped
2026-07-24T02:15:00+00:00,Stopped,0,0.0,0.0,0.16,0.0,28.96,Pumps Stopped
2026-07-24T02:30:00+00:00,Stopped,0,0.0,0.0,0.16,0.0,28.79,Pumps Stopped
2026-07-24T02:45:00+00:00,Stopped,0,0.0,0.0,0.16,0.0,28.94,Pumps Stopped
2026-07-24T03:00:00+00:00,Stopped,0,0.0,0.0,0.13,0.0,28.64,Pumps Stopped
2026-07-24T03:15:00+00:00,Stopped,0,0.0,0.0,0.07,0.0,28.94,Pumps Stopped
2026-07-24T03:30:00+00:00,Running,1,2499.8,10.64,4.85,62.81,46.86,Pump A Running
2026-07-24T03:45:00+00:00,Running,1,2444.9,10.66,4.89,61.88,44.99,Pump A Running
2026-07-24T04:00:00+00:00,Running,1,2463.2,10.56,4.7,63.26,45.78,Pump A Running
2026-07-24T04:15:00+00:00,Running,1,2600.0,10.65,4.78,62.31,46.25,Pump A Running
2026-07-24T04:30:00+00:00,Running,1,2710.4,10.62,4.71,60.58,46.17,Pump A Running
2026-07-24T04:45:00+00:00,Running,1,2660.4,10.68,4.75,61.42,45.84,Pump A Running
2026-07-24T05:00:00+00:00,Running,1,2493.1,10.6,4.72,61.79,46.49,Pump A Running
2026-07-24T05:15:00+00:00,Running,1,2709.7,10.58,4.69,61.67,45.35,Pump A Running
2026-07-24T05:30:00+00:00,Running,1,2437.4,10.64,4.78,61.47,45.51,Pump A Running
2026-07-24T05:45:00+00:00,Running,1,2462.2,10.53,4.77,61.85,45.8,Pump A Running
2026-07-24T06:00:00+00:00,Running,1,2637.0,10.62,4.83,61.79,46.46,Pump A Running
2026-07-24T06:15:00+00:00,Running,1,2642.6,10.54,4.84,60.97,46.03,Pump A Running
2026-07-24T06:30:00+00:00,Running,1,2523.9,10.69,4.67,61.34,46.73,Pump A Running
2026-07-24T06:45:00+00:00,Running,1,2710.7,10.56,4.58,62.64,45.94,Pump A Running
2026-07-24T07:00:00+00:00,Running,1,2646.7,10.63,4.91,60.81,45.65,Pump A Running
2026-07-24T07:15:00+00:00,Running,1,2618.8,10.52,4.74,62.59,46.71,Pump A Running
2026-07-24T07:30:00+00:00,Running,1,2697.3,10.58,4.86,60.9,46.4,Pump A Running
2026-07-24T07:45:00+00:00,Running,1,2714.8,10.55,4.89,64.63,45.69,Pump A Running
2026-07-24T08:00:00+00:00,Running,1,2785.9,10.54,4.86,62.7,46.08,Pump A Running
2026-07-24T08:15:00+00:00,Running,1,2747.8,10.54,4.8,60.11,45.59,Pump A Running
2026-07-24T08:30:00+00:00,Running,1,2844.0,10.51,4.8,61.89,45.44,Pump A Running
2026-07-24T08:45:00+00:00,Running,1,2641.0,10.57,4.81,60.25,46.44,Pump A Running
2026-07-24T09:00:00+00:00,Running,1,2593.6,10.56,4.81,62.76,45.19,Pump A Running
2026-07-24T09:15:00+00:00,Running,1,2463.6,10.42,5.0,60.71,46.32,Pump A Running
2026-07-24T09:30:00+00:00,Running,1,2818.2,10.48,4.87,62.14,45.79,Pump A Running
2026-07-24T09:45:00+00:00,Running,1,2683.7,10.64,4.81,62.7,46.65,Pump A Running
2026-07-24T10:00:00+00:00,Running,1,2717.8,10.59,4.66,63.21,46.06,Pump A Running
2026-07-24T10:15:00+00:00,Running,1,2893.9,10.67,4.74,61.63,46.8,Pump A Running
2026-07-24T10:30:00+00:00,Running,1,2741.9,10.71,4.87,60.47,46.0,Pump A Running
2026-07-24T10:45:00+00:00,Running,1,2714.7,10.57,4.88,61.46,45.25,Pump A Running
2026-07-24T11:00:00+00:00,Running,1,2617.9,10.58,4.87,61.84,45.73,Pump A Running
2026-07-24T11:15:00+00:00,Running,1,2814.2,10.59,4.72,60.2,46.06,Pump A Running
2026-07-24T11:30:00+00:00,Running,1,2789.6,10.75,4.7,62.27,46.17,Pump A Running
2026-07-24T11:45:00+00:00,Running,1,2755.8,10.54,4.78,60.31,46.31,Pump A Running
2026-07-24T12:00:00+00:00,Running,1,2600.5,10.6,4.76,61.37,46.07,Pump A Running
2026-07-24T12:15:00+00:00,Running,1,2937.0,10.75,4.81,61.21,46.17,Pump A Running
2026-07-24T12:30:00+00:00,Running,1,2820.2,10.57,4.78,60.93,45.5,Pump A Running
2026-07-24T12:45:00+00:00,Running,1,2563.1,10.7,4.71,62.54,46.45,Pump A Running
2026-07-24T13:00:00+00:00,Running,1,2775.9,10.61,4.73,61.17,46.6,Pump A Running
2026-07-24T13:15:00+00:00,Running,1,2828.3,10.54,4.83,62.58,45.96,Pump A Running
2026-07-24T13:30:00+00:00,Running,1,2714.9,10.6,4.85,63.31,45.5,Pump A Running
2026-07-24T13:45:00+00:00,Running,1,2829.8,10.62,4.79,60.83,46.35,Pump A Running
2026-07-24T14:00:00+00:00,Running,1,2945.7,10.52,4.75,62.3,45.59,Pump A Running
2026-07-24T14:15:00+00:00,Running,1,2605.2,10.58,4.82,62.12,46.13,Pump A Running
2026-07-24T14:30:00+00:00,Running,1,2792.4,10.64,4.86,61.07,46.02,Pump A Running
2026-07-24T14:45:00+00:00,Running,1,2906.9,10.63,4.99,62.09,46.16,Pump A Running
2026-07-24T15:00:00+00:00,Running,1,2783.9,10.78,4.88,62.37,45.88,Pump A Running
2026-07-24T15:15:00+00:00,Running,1,2887.4,10.66,4.95,62.56,45.73,Pump A Running
2026-07-24T15:30:00+00:00,Running,1,3004.9,10.64,4.82,61.91,46.06,Pump A Running
2026-07-24T15:45:00+00:00,Running,1,2698.1,10.48,4.89,63.56,45.95,Pump A Running
2026-07-24T16:00:00+00:00,Running,1,2733.9,10.64,4.86,61.96,46.24,Pump A Running
2026-07-24T16:15:00+00:00,Running,1,2797.3,10.6,4.76,61.87,45.22,Pump A Running
2026-07-24T16:30:00+00:00,Running,1,2835.0,10.58,4.81,61.65,46.49,Pump A Running
2026-07-24T16:45:00+00:00,Running,1,2662.8,10.65,4.79,62.34,45.99,Pump A Running
2026-07-24T17:00:00+00:00,Running,1,2772.5,10.59,4.79,62.14,45.58,Pump A Running
2026-07-24T17:15:00+00:00,Running,1,2824.8,10.62,4.79,60.72,46.09,Pump A Running
2026-07-24T17:30:00+00:00,Running,1,2644.1,10.62,4.73,62.39,46.0,Pump A Running
2026-07-24T17:45:00+00:00,Running,1,2728.3,10.7,4.68,61.53,46.15,Pump A Running
2026-07-24T18:00:00+00:00,Running,1,2754.5,10.56,4.72,61.53,45.67,Pump A Running
2026-07-24T18:15:00+00:00,Running,1,2748.8,10.5,4.79,62.48,45.51,Pump A Running
2026-07-24T18:30:00+00:00,Running,1,2801.0,10.51,4.85,62.96,45.27,Pump A Running
2026-07-24T18:45:00+00:00,Running,1,2642.1,10.55,4.71,59.2,46.63,Pump A Running
2026-07-24T19:00:00+00:00,Running,1,2706.5,10.53,4.81,61.21,45.53,Pump A Running
2026-07-24T19:15:00+00:00,Running,1,2829.1,10.54,4.79,62.41,45.79,Pump A Running
2026-07-24T19:30:00+00:00,Running,1,2641.8,10.64,4.75,62.25,46.84,Pump A Running
2026-07-24T19:45:00+00:00,Running,1,2749.2,10.73,4.64,61.22,45.86,Pump A Running
2026-07-24T20:00:00+00:00,Running,1,2879.9,10.58,4.95,62.33,45.98,Pump A Running
2026-07-24T20:15:00+00:00,Running,1,2695.8,10.62,4.76,61.69,46.6,Pump A Running
2026-07-24T20:30:00+00:00,Running,1,2830.3,10.63,4.71,63.12,46.0,Pump A Running
2026-07-24T20:45:00+00:00,Running,1,2715.9,10.54,4.69,61.26,46.31,Pump A Running
2026-07-24T21:00:00+00:00,Running,1,2666.4,10.52,4.79,62.71,46.29,Pump A Running
2026-07-24T21:15:00+00:00,Running,1,2795.8,10.6,4.8,62.98,45.09,Pump A Running
2026-07-24T21:30:00+00:00,Running,1,2900.9,10.49,4.89,60.14,46.93,Pump A Running
2026-07-24T21:45:00+00:00,Running,1,2645.7,10.69,4.75,62.58,46.13,Pump A Running
2026-07-24T22:00:00+00:00,Running,1,2761.6,10.55,4.88,62.56,46.37,Pump A Running
2026-07-24T22:15:00+00:00,Running,1,2784.3,10.74,4.77,63.03,45.97,Pump A Running
2026-07-24T22:30:00+00:00,Running,1,2748.7,10.49,4.77,62.25,46.21,Pump A Running
2026-07-24T22:45:00+00:00,Running,1,2868.2,10.58,4.81,62.63,45.62,Pump A Running
2026-07-24T23:00:00+00:00,Running,1,2810.4,10.56,4.87,61.37,46.82,Pump A Running
2026-07-24T23:15:00+00:00,Running,1,2617.2,10.55,4.77,61.92,45.33,Pump A Running
2026-07-24T23:30:00+00:00,Running,1,2790.6,10.64,4.82,62.35,45.99,Pump A Running
2026-07-24T23:45:00+00:00,Running,1,2856.1,10.67,4.76,62.8,45.82,Pump A Running
2026-07-25T00:00:00+00:00,Running,1,2927.5,10.6,4.82,61.92,46.14,Pump A Running
2026-07-25T00:15:00+00:00,Running,1,2783.2,10.7,4.82,61.11,46.07,Pump A Running
2026-07-25T00:30:00+00:00,Running,1,2628.7,10.52,4.76,63.74,45.79,Pump A Running
2026-07-25T00:45:00+00:00,Running,1,2821.9,10.57,4.79,61.67,45.75,Pump A Running
2026-07-25T01:00:00+00:00,Running,1,2529.1,10.65,4.66,63.57,45.8,Pump A Running
2026-07-25T01:15:00+00:00,Running,1,2655.7,10.64,4.72,61.7,45.51,Pump A Running
2026-07-25T01:30:00+00:00,Running,1,2629.0,10.63,4.8,62.05,45.57,Pump A Running
2026-07-25T01:45:00+00:00,Running,1,2728.6,10.52,4.72,62.91,46.09,Pump A Running
2026-07-25T02:00:00+00:00,Stopped,0,0.0,0.0,0.16,0.0,28.85,Pumps Stopped
2026-07-25T02:15:00+00:00,Stopped,0,0.0,0.0,0.13,0.0,28.66,Pumps Stopped
2026-07-25T02:30:00+00:00,Stopped,0,0.0,0.0,0.11,0.0,29.03,Pumps Stopped
2026-07-25T02:45:00+00:00,Stopped,0,0.0,0.0,0.09,0.0,28.86,Pumps Stopped
2026-07-25T03:00:00+00:00,Stopped,0,0.0,0.0,0.12,0.0,29.26,Pumps Stopped
2026-07-25T03:15:00+00:00,Stopped,0,0.0,0.0,0.09,0.0,28.92,Pumps Stopped
2026-07-25T03:30:00+00:00,Running,1,2889.8,10.65,4.7,61.91,46.15,Pump A Running
2026-07-25T03:45:00+00:00,Running,1,2712.3,10.57,4.92,62.0,45.73,Pump A Running
2026-07-25T04:00:00+00:00,Running,1,2648.1,10.5,4.76,62.0,45.89,Pump A Running
2026-07-25T04:15:00+00:00,Running,1,2887.5,10.62,4.77,61.41,46.05,Pump A Running
2026-07-25T04:30:00+00:00,Running,1,2650.3,10.64,4.87,62.31,46.01,Pump A Running
2026-07-25T04:45:00+00:00,Running,1,2623.8,10.58,4.77,61.88,45.71,Pump A Running
2026-07-25T05:00:00+00:00,Running,1,2790.3,10.67,4.82,61.73,46.75,Pump A Running
2026-07-25T05:15:00+00:00,Running,1,2525.7,10.64,4.78,61.56,46.32,Pump A Running
2026-07-25T05:30:00+00:00,Running,1,2812.6,10.49,4.98,61.05,46.84,Pump A Running
2026-07-25T05:45:00+00:00,Running,1,2755.4,10.66,4.79,62.69,46.09,Pump A Running
2026-07-25T06:00:00+00:00,Running,1,2453.4,10.66,4.81,61.6,46.46,Pump A Running
2026-07-25T06:15:00+00:00,Running,1,2597.2,10.61,4.76,61.39,45.88,Pump A Running
2026-07-25T06:30:00+00:00,Running,1,2444.0,10.67,4.88,61.17,45.67,Pump A Running
2026-07-25T06:45:00+00:00,Running,1,2476.0,10.54,4.81,61.08,46.04,Pump A Running
2026-07-25T07:00:00+00:00,Running,1,2661.9,10.48,4.82,61.87,45.42,Pump A Running
2026-07-25T07:15:00+00:00,Running,1,2769.4,10.61,4.72,62.91,46.29,Pump A Running
2026-07-25T07:30:00+00:00,Running,1,2716.0,10.54,4.9,63.83,45.91,Pump A Running
2026-07-25T07:45:00+00:00,Running,1,2397.8,10.66,4.84,62.66,46.28,Pump A Running
2026-07-25T08:00:00+00:00,Running,1,2520.7,10.78,4.78,62.12,46.42,Pump A Running
2026-07-25T08:15:00+00:00,Running,1,2440.6,10.64,4.71,62.64,45.55,Pump A Running
2026-07-25T08:30:00+00:00,Running,1,2507.6,10.68,4.69,59.75,46.68,Pump A Running
2026-07-25T08:45:00+00:00,Running,1,2637.6,10.67,4.89,60.82,45.68,Pump A Running
2026-07-25T09:00:00+00:00,Running,1,2557.8,10.52,4.71,62.87,45.78,Pump A Running
2026-07-25T09:15:00+00:00,Running,1,2448.5,10.59,4.81,60.91,46.13,Pump A Running
2026-07-25T09:30:00+00:00,Running,1,2554.5,10.56,4.83,58.76,46.33,Pump A Running
2026-07-25T09:45:00+00:00,Running,1,2662.3,10.63,4.83,61.23,46.51,Pump A Running
2026-07-25T10:00:00+00:00,Running,1,2480.0,10.7,4.73,64.1,46.52,Pump A Running
2026-07-25T10:15:00+00:00,Running,1,2670.2,10.56,4.7,61.55,45.69,Pump A Running
2026-07-25T10:30:00+00:00,Running,1,2669.8,10.46,4.77,60.54,46.35,Pump A Running
2026-07-25T10:45:00+00:00,Running,1,2482.1,10.56,4.83,61.33,47.05,Pump A Running
2026-07-25T11:00:00+00:00,Running,1,2505.0,10.68,4.82,61.52,46.46,Pump A Running
2026-07-25T11:15:00+00:00,Running,1,2463.5,10.49,4.71,61.39,46.36,Pump A Running
2026-07-25T11:30:00+00:00,Running,1,2409.2,10.57,4.74,59.48,45.33,Pump A Running
2026-07-25T11:45:00+00:00,Running,1,2583.9,10.58,4.94,62.38,45.62,Pump A Running
2026-07-25T12:00:00+00:00,Running,1,2424.9,10.47,4.91,60.68,45.78,Pump A Running
2026-07-25T12:15:00+00:00,Running,1,2574.1,10.76,4.94,61.04,45.45,Pump A Running
2026-07-25T12:30:00+00:00,Running,1,2392.7,10.62,4.81,62.25,45.91,Pump A Running
2026-07-25T12:45:00+00:00,Running,1,2525.2,10.54,4.79,61.82,45.82,Pump A Running
2026-07-25T13:00:00+00:00,Running,1,2447.3,10.7,4.86,60.63,45.42,Pump A Running
2026-07-25T13:15:00+00:00,Running,1,2393.3,10.6,4.7,62.26,45.75,Pump A Running
2026-07-25T13:30:00+00:00,Running,1,2536.9,10.63,4.7,63.32,46.39,Pump A Running
2026-07-25T13:45:00+00:00,Running,1,2468.8,10.61,4.8,63.47,46.67,Pump A Running
2026-07-25T14:00:00+00:00,Running,1,2524.7,10.66,4.77,62.8,45.18,Pump A Running
2026-07-25T14:15:00+00:00,Running,1,2266.3,10.63,4.86,63.14,46.41,Pump A Running
2026-07-25T14:30:00+00:00,Running,1,2481.3,10.64,4.7,63.22,46.16,Pump A Running
2026-07-25T14:45:00+00:00,Running,1,2373.7,10.59,4.62,62.95,45.93,Pump A Running
2026-07-25T15:00:00+00:00,Running,1,2508.5,10.49,4.78,60.22,46.03,Pump A Running
2026-07-25T15:15:00+00:00,Running,1,2411.7,10.52,4.85,61.03,46.11,Pump A Running
2026-07-25T15:30:00+00:00,Running,1,2313.3,10.63,4.88,62.08,45.24,Pump A Running
2026-07-25T15:45:00+00:00,Running,1,2192.1,10.44,4.84,60.87,45.8,Pump A Running
2026-07-25T16:00:00+00:00,Running,1,2321.5,10.51,4.9,61.66,46.26,Pump A Running
2026-07-25T16:15:00+00:00,Running,1,2405.1,10.6,4.79,61.25,45.49,Pump A Running
2026-07-25T16:30:00+00:00,Running,1,2313.0,10.61,4.78,61.65,45.23,Pump A Running
2026-07-25T16:45:00+00:00,Running,1,2337.8,10.52,4.8,63.57,45.57,Pump A Running
2026-07-25T17:00:00+00:00,Running,1,2374.3,10.59,4.81,62.18,45.97,Pump A Running
2026-07-25T17:15:00+00:00,Running,1,2320.9,10.73,4.82,61.54,46.1,Pump A Running
2026-07-25T17:30:00+00:00,Running,1,2403.8,10.65,4.92,59.81,46.38,Pump A Running
2026-07-25T17:45:00+00:00,Running,1,2264.4,10.59,4.77,61.7,45.52,Pump A Running
2026-07-25T18:00:00+00:00,Running,1,2214.4,10.67,4.74,61.42,46.16,Pump A Running
2026-07-25T18:15:00+00:00,Running,1,2065.9,10.54,4.74,62.35,46.25,Pump A Running
2026-07-25T18:30:00+00:00,Running,1,2239.8,10.41,4.88,60.54,45.72,Pump A Running
2026-07-25T18:45:00+00:00,Running,1,2368.8,10.51,4.74,61.78,46.13,Pump A Running
2026-07-25T19:00:00+00:00,Running,1,2346.6,10.66,4.66,61.27,46.37,Pump A Running
2026-07-25T19:15:00+00:00,Running,1,2471.3,10.52,4.8,60.44,45.37,Pump A Running
2026-07-25T19:30:00+00:00,Running,1,2299.0,10.59,4.76,63.2,46.37,Pump A Running
2026-07-25T19:45:00+00:00,Running,1,2400.5,10.74,4.62,61.29,45.88,Pump A Running
2026-07-25T20:00:00+00:00,Running,1,2186.7,10.59,4.77,62.1,46.31,Pump A Running
2026-07-25T20:15:00+00:00,Running,1,2127.8,10.59,4.77,63.73,45.41,Pump A Running
2026-07-25T20:30:00+00:00,Running,1,2275.8,10.61,4.81,62.4,46.65,Pump A Running
2026-07-25T20:45:00+00:00,Running,1,2203.6,10.69,4.76,61.34,45.61,Pump A Running
2026-07-25T21:00:00+00:00,Running,1,2241.8,10.55,4.88,60.0,46.36,Pump A Running
2026-07-25T21:15:00+00:00,Running,1,2227.1,10.44,4.78,64.13,46.22,Pump A Running
2026-07-25T21:30:00+00:00,Running,1,2273.0,10.59,4.86,61.85,46.18,Pump A Running
2026-07-25T21:45:00+00:00,Running,1,2351.1,10.76,4.62,62.81,46.14,Pump A Running
2026-07-25T22:00:00+00:00,Running,1,2230.4,10.65,4.75,61.71,45.78,Pump A Running
2026-07-25T22:15:00+00:00,Running,1,2282.7,10.61,4.83,62.09,46.19,Pump A Running
2026-07-25T22:30:00+00:00,Running,1,2256.8,10.72,4.98,61.05,46.31,Pump A Running
2026-07-25T22:45:00+00:00,Running,1,2257.8,10.57,4.78,62.52,46.47,Pump A Running
2026-07-25T23:00:00+00:00,Running,1,2093.4,10.65,4.64,63.6,46.02,Pump A Running
2026-07-25T23:15:00+00:00,Running,1,2115.5,10.59,4.88,59.58,46.07,Pump A Running
2026-07-25T23:30:00+00:00,Running,1,2173.9,10.44,4.76,63.28,46.17,Pump A Running
2026-07-25T23:45:00+00:00,Running,1,2217.9,10.68,4.76,64.26,46.09,Pump A Running
2026-07-26T00:00:00+00:00,Running,1,2203.8,10.62,4.83,62.58,46.14,Pump A Running
2026-07-26T00:15:00+00:00,Running,1,2130.7,10.59,4.83,61.12,46.22,Pump A Running
2026-07-26T00:30:00+00:00,Running,1,2198.1,10.57,4.82,62.27,45.81,Pump A Running
2026-07-26T00:45:00+00:00,Running,1,2319.8,10.59,4.81,61.97,46.31,Pump A Running
2026-07-26T01:00:00+00:00,Running,1,2177.1,10.62,4.95,60.13,45.42,Pump A Running
2026-07-26T01:15:00+00:00,Running,1,2121.4,10.54,4.86,61.83,45.57,Pump A Running
2026-07-26T01:30:00+00:00,Running,1,2325.3,10.58,4.73,62.22,46.17,Pump A Running
2026-07-26T01:45:00+00:00,Running,1,2119.8,10.62,4.74,63.45,45.91,Pump A Running
2026-07-26T02:00:00+00:00,Stopped,0,0.0,0.0,0.15,0.0,29.14,Pumps Stopped
2026-07-26T02:15:00+00:00,Stopped,0,0.0,0.0,0.14,0.0,29.24,Pumps Stopped
2026-07-26T02:30:00+00:00,Stopped,0,0.0,0.0,0.1,0.0,28.92,Pumps Stopped
2026-07-26T02:45:00+00:00,Stopped,0,0.0,0.0,0.1,0.0,28.92,Pumps Stopped
2026-07-26T03:00:00+00:00,Stopped,0,0.0,0.0,0.15,0.0,28.67,Pumps Stopped
2026-07-26T03:15:00+00:00,Stopped,0,0.0,0.0,0.12,0.0,29.24,Pumps Stopped
2026-07-26T03:30:00+00:00,Running,1,2044.3,10.56,4.9,62.62,45.73,Pump A Running
2026-07-26T03:45:00+00:00,Running,1,2315.6,10.65,4.72,60.54,46.08,Pump A Running
2026-07-26T04:00:00+00:00,Running,1,2393.6,10.62,4.72,61.8,46.53,Pump A Running
2026-07-26T04:15:00+00:00,Running,1,2183.5,10.71,4.84,62.46,46.08,Pump A Running
2026-07-26T04:30:00+00:00,Running,1,2315.6,10.65,4.84,61.91,45.38,Pump A Running
2026-07-26T04:45:00+00:00,Running,1,2201.7,10.62,4.69,62.79,45.72,Pump A Running
2026-07-26T05:00:00+00:00,Running,1,2047.2,10.68,4.79,62.47,45.94,Pump A Running
2026-07-26T05:15:00+00:00,Running,1,2205.6,10.5,4.75,60.61,45.84,Pump A Running
2026-07-26T05:30:00+00:00,Running,1,2096.2,10.65,4.81,62.69,46.54,Pump A Running
2026-07-26T05:45:00+00:00,Running,1,2225.3,10.56,4.81,62.46,45.83,Pump A Running
2026-07-26T06:00:00+00:00,Running,1,2176.0,10.53,4.8,60.64,45.74,Pump A Running
2026-07-26T06:15:00+00:00,Running,1,2176.4,10.74,4.92,62.08,46.06,Pump A Running
2026-07-26T06:30:00+00:00,Running,1,2238.4,10.49,4.77,63.84,45.96,Pump A Running
2026-07-26T06:45:00+00:00,Running,1,2190.5,10.56,4.67,61.06,46.16,Pump A Running
2026-07-26T07:00:00+00:00,Running,1,2168.2,10.58,4.71,62.97,45.05,Pump A Running
2026-07-26T07:15:00+00:00,Running,1,2227.6,10.58,4.73,60.55,46.56,Pump A Running
2026-07-26T07:30:00+00:00,Running,1,2118.1,10.63,4.81,61.9,46.32,Pump A Running
2026-07-26T07:45:00+00:00,Running,1,2171.1,10.42,4.66,61.94,45.83,Pump A Running
2026-07-26T08:00:00+00:00,Running,1,2201.2,10.6,4.79,60.04,46.11,Pump A Running
2026-07-26T08:15:00+00:00,Running,1,2134.4,10.55,4.69,63.5,46.38,Pump A Running
2026-07-26T08:30:00+00:00,Running,1,2147.9,10.59,4.86,63.98,45.48,Pump A Running
2026-07-26T08:45:00+00:00,Running,1,2162.7,10.54,4.75,60.85,46.29,Pump A Running
2026-07-26T09:00:00+00:00,Running,1,2231.0,10.65,4.74,61.59,45.97,Pump A Running
2026-07-26T09:15:00+00:00,Running,1,2022.5,10.73,4.86,60.49,45.86,Pump A Running
2026-07-26T09:30:00+00:00,Running,1,1967.7,10.66,4.95,61.53,46.09,Pump A Running
2026-07-26T09:45:00+00:00,Running,1,2226.8,10.63,4.74,61.33,46.37,Pump A Running
2026-07-26T10:00:00+00:00,Running,1,1977.1,10.53,4.86,61.3,46.37,Pump A Running
2026-07-26T10:15:00+00:00,Running,1,2191.5,10.6,4.74,61.97,46.2,Pump A Running
2026-07-26T10:30:00+00:00,Running,1,2206.7,10.66,4.72,63.44,46.21,Pump A Running
2026-07-26T10:45:00+00:00,Running,1,1990.4,10.56,4.75,62.42,46.0,Pump A Running
2026-07-26T11:00:00+00:00,Running,1,2143.7,10.63,4.61,63.06,46.23,Pump A Running
2026-07-26T11:15:00+00:00,Running,1,2107.6,10.61,4.86,60.31,45.75,Pump A Running
2026-07-26T11:30:00+00:00,Running,1,2176.0,10.49,4.77,63.98,45.82,Pump A Running
2026-07-26T11:45:00+00:00,Running,1,2145.1,10.5,4.82,62.74,46.18,Pump A Running
2026-07-26T12:00:00+00:00,Running,1,2233.0,10.56,4.88,61.59,46.3,Pump A Running
2026-07-26T12:15:00+00:00,Running,1,2195.3,10.65,4.83,62.58,45.56,Pump A Running
2026-07-26T12:30:00+00:00,Running,1,2215.7,10.61,4.91,61.6,45.09,Pump A Running
2026-07-26T12:45:00+00:00,Running,1,2109.4,10.53,4.83,62.41,46.3,Pump A Running
2026-07-26T13:00:00+00:00,Running,1,2247.7,10.63,4.95,60.75,46.15,Pump A Running
2026-07-26T13:15:00+00:00,Running,1,2157.0,10.69,4.76,61.44,46.08,Pump A Running
2026-07-26T13:30:00+00:00,Running,1,2259.6,10.56,4.94,62.68,45.7,Pump A Running
2026-07-26T13:45:00+00:00,Running,1,2081.7,10.71,4.71,62.35,46.13,Pump A Running
2026-07-26T14:00:00+00:00,Running,1,2131.3,10.65,4.74,61.71,46.16,Pump A Running
2026-07-26T14:15:00+00:00,Running,1,2044.9,10.66,4.84,61.36,45.88,Pump A Running
2026-07-26T14:30:00+00:00,Running,1,2224.1,10.69,4.75,62.22,45.85,Pump A Running
2026-07-26T14:45:00+00:00,Running,1,2288.6,10.58,4.88,63.42,46.2,Pump A Running
2026-07-26T15:00:00+00:00,Running,1,2136.1,10.69,4.78,61.93,46.18,Pump A Running
2026-07-26T15:15:00+00:00,Running,1,2187.6,10.51,4.88,61.64,45.43,Pump A Running
2026-07-26T15:30:00+00:00,Running,1,2400.5,10.53,4.7,62.14,46.34,Pump A Running
2026-07-26T15:45:00+00:00,Running,1,2159.5,10.48,4.78,62.09,46.09,Pump A Running
2026-07-26T16:00:00+00:00,Running,1,2206.9,10.52,4.72,62.82,45.5,Pump A Running
2026-07-26T16:15:00+00:00,Running,1,2338.6,10.66,4.82,62.3,45.48,Pump A Running
2026-07-26T16:30:00+00:00,Running,1,2299.9,10.53,4.72,61.68,46.39,Pump A Running
2026-07-26T16:45:00+00:00,Running,1,2218.7,10.59,4.83,60.47,45.72,Pump A Running
2026-07-26T17:00:00+00:00,Running,1,2311.1,10.55,4.8,62.46,46.08,Pump A Running
2026-07-26T17:15:00+00:00,Running,1,2153.9,10.64,4.95,61.53,45.85,Pump A Running
2026-07-26T17:30:00+00:00,Running,1,2130.4,10.55,4.8,61.77,45.49,Pump A Running
2026-07-26T17:45:00+00:00,Running,1,2350.7,10.51,4.7,62.86,46.02,Pump A Running
2026-07-26T18:00:00+00:00,Running,1,2345.0,10.48,4.73,63.09,45.57,Pump A Running
2026-07-26T18:15:00+00:00,Running,1,2468.0,10.6,4.79,62.73,46.28,Pump A Running
2026-07-26T18:30:00+00:00,Running,1,2304.5,10.73,4.81,62.04,46.05,Pump A Running
2026-07-26T18:45:00+00:00,Running,1,2497.2,10.52,4.71,63.28,46.08,Pump A Running
2026-07-26T19:00:00+00:00,Running,1,2287.9,10.7,4.77,61.86,46.54,Pump A Running
2026-07-26T19:15:00+00:00,Running,1,2337.9,10.46,4.81,63.08,46.13,Pump A Running
2026-07-26T19:30:00+00:00,Running,1,2317.6,10.6,4.92,62.29,45.81,Pump A Running
2026-07-26T19:45:00+00:00,Running,1,2378.9,10.5,4.74,62.16,46.26,Pump A Running
2026-07-26T20:00:00+00:00,Running,1,2220.0,10.58,4.57,61.24,46.35,Pump A Running
2026-07-26T20:15:00+00:00,Running,1,2153.1,10.66,4.85,61.75,46.0,Pump A Running
2026-07-26T20:30:00+00:00,Running,1,2414.7,10.65,4.8,61.47,46.33,Pump A Running
2026-07-26T20:45:00+00:00,Running,1,2315.4,10.55,4.79,61.13,46.08,Pump A Running
2026-07-26T21:00:00+00:00,Running,1,2486.6,10.55,4.65,63.58,46.23,Pump A Running
2026-07-26T21:15:00+00:00,Running,1,2388.3,10.63,4.91,61.58,44.98,Pump A Running
2026-07-26T21:30:00+00:00,Running,1,2347.8,10.6,4.71,63.28,46.29,Pump A Running
2026-07-26T21:45:00+00:00,Running,1,2334.9,10.71,4.8,62.51,45.3,Pump A Running
2026-07-26T22:00:00+00:00,Running,1,2522.5,10.51,4.75,62.66,45.67,Pump A Running
2026-07-26T22:15:00+00:00,Running,1,2562.3,10.5,4.86,61.84,46.07,Pump A Running
2026-07-26T22:30:00+00:00,Running,1,2331.5,10.47,4.76,60.92,46.53,Pump A Running
2026-07-26T22:45:00+00:00,Running,1,2410.8,10.74,4.83,61.74,45.68,Pump A Running
2026-07-26T23:00:00+00:00,Running,1,2564.9,10.71,4.87,62.17,46.08,Pump A Running
2026-07-26T23:15:00+00:00,Running,1,2314.1,10.76,4.94,61.85,46.17,Pump A Running
2026-07-26T23:30:00+00:00,Running,1,2354.3,10.55,4.77,62.68,45.84,Pump A Running
2026-07-26T23:45:00+00:00,Running,1,2372.3,10.54,4.8,61.34,46.18,Pump A Running
2026-07-27T00:00:00+00:00,Running,1,2573.5,10.63,4.94,63.08,46.34,Pump A Running
2026-07-27T00:15:00+00:00,Running,1,2418.6,10.66,4.72,62.31,45.62,Pump A Running
2026-07-27T00:30:00+00:00,Running,1,2455.2,10.61,4.75,63.72,46.1,Pump A Running
2026-07-27T00:45:00+00:00,Running,1,2481.9,10.67,4.7,61.39,46.21,Pump A Running
2026-07-27T01:00:00+00:00,Running,1,2441.7,10.64,4.67,61.91,46.06,Pump A Running
2026-07-27T01:15:00+00:00,Running,1,2563.0,10.63,4.67,60.56,45.65,Pump A Running
2026-07-27T01:30:00+00:00,Running,1,2500.7,10.43,4.85,62.79,46.1,Pump A Running
2026-07-27T01:45:00+00:00,Running,1,2429.3,10.65,4.65,60.65,45.88,Pump A Running
2026-07-27T02:00:00+00:00,Stopped,0,0.0,0.0,0.09,0.0,29.32,Pumps Stopped
2026-07-27T02:15:00+00:00,Stopped,0,0.0,0.0,0.15,0.0,29.19,Pumps Stopped
2026-07-27T02:30:00+00:00,Stopped,0,0.0,0.0,0.09,0.0,28.9,Pumps Stopped
2026-07-27T02:45:00+00:00,Stopped,0,0.0,0.0,0.08,0.0,29.11,Pumps Stopped
2026-07-27T03:00:00+00:00,Stopped,0,0.0,0.0,0.09,0.0,28.25,Pumps Stopped
2026-07-27T03:15:00+00:00,Stopped,0,0.0,0.0,0.12,0.0,28.92,Pumps Stopped
2026-07-27T03:30:00+00:00,Running,1,2601.6,10.42,4.9,61.67,46.57,Pump A Running
2026-07-27T03:45:00+00:00,Running,1,2642.0,10.69,4.92,59.95,46.71,Pump A Running
2026-07-27T04:00:00+00:00,Running,1,2603.8,10.57,4.67,62.45,46.1,Pump A Running
2026-07-27T04:15:00+00:00,Running,1,2543.0,10.68,4.76,63.68,45.53,Pump A Running
2026-07-27T04:30:00+00:00,Running,1,2566.5,10.61,4.77,60.51,46.16,Pump A Running
2026-07-27T04:45:00+00:00,Running,1,2576.7,10.55,4.9,60.33,45.75,Pump A Running
2026-07-27T05:00:00+00:00,Running,1,2625.8,10.59,4.82,62.07,46.16,Pump A Running
2026-07-27T05:15:00+00:00,Running,1,2594.9,10.57,4.89,61.18,46.16,Pump A Running
2026-07-27T05:30:00+00:00,Running,1,2627.0,10.55,4.73,61.32,45.75,Pump A Running
2026-07-27T05:45:00+00:00,Running,1,2673.6,10.58,4.82,62.67,46.1,Pump A Running
2026-07-27T06:00:00+00:00,Running,1,2591.3,10.76,4.65,59.67,45.46,Pump A Running
2026-07-27T06:15:00+00:00,Running,1,2574.3,10.69,4.83,61.12,46.6,Pump A Running
2026-07-27T06:30:00+00:00,Running,1,2513.1,10.51,4.85,61.69,46.12,Pump A Running
2026-07-27T06:45:00+00:00,Running,1,2671.1,10.52,4.8,61.27,45.46,Pump A Running
2026-07-27T07:00:00+00:00,Running,1,2637.0,10.56,4.86,60.34,46.16,Pump A Running
2026-07-27T07:15:00+00:00,Running,1,2603.6,10.63,4.83,62.02,46.28,Pump A Running
2026-07-27T07:30:00+00:00,Running,1,2492.4,10.66,4.96,61.69,46.24,Pump A Running
2026-07-27T07:45:00+00:00,Running,1,2631.7,10.58,4.73,61.13,45.61,Pump A Running
2026-07-27T08:00:00+00:00,Running,1,2519.9,10.75,4.83,62.03,45.67,Pump A Running
2026-07-27T08:15:00+00:00,Running,1,2633.8,10.68,4.76,62.41,46.14,Pump A Running
2026-07-27T08:30:00+00:00,Running,1,2815.9,10.6,4.83,61.63,46.28,Pump A Running
2026-07-27T08:45:00+00:00,Running,1,2759.6,10.68,4.84,62.56,46.32,Pump A Running
2026-07-27T09:00:00+00:00,Running,1,2769.9,10.75,4.69,62.1,45.34,Pump A Running
2026-07-27T09:15:00+00:00,Running,1,2667.4,10.6,4.7,60.01,45.98,Pump A Running
2026-07-27T09:30:00+00:00,Running,1,2711.4,10.51,4.76,62.48,45.7,Pump A Running
2026-07-27T09:45:00+00:00,Running,1,2855.4,10.61,4.72,62.89,45.62,Pump A Running
2026-07-27T10:00:00+00:00,Running,1,2718.4,10.62,4.81,62.36,46.21,Pump A Running
2026-07-27T10:15:00+00:00,Running,1,2697.2,10.62,4.81,62.81,46.3,Pump A Running
2026-07-27T10:30:00+00:00,Running,1,2760.3,10.48,4.88,62.05,46.74,Pump A Running
2026-07-27T10:45:00+00:00,Running,1,2741.3,10.61,4.9,61.32,45.51,Pump A Running
2026-07-27T11:00:00+00:00,Running,1,2792.4,10.57,4.97,62.23,45.83,Pump A Running
2026-07-27T11:15:00+00:00,Running,1,2701.7,10.7,4.71,63.39,46.03,Pump A Running
2026-07-27T11:30:00+00:00,Running,1,2729.5,10.51,4.9,61.72,45.23,Pump A Running
2026-07-27T11:45:00+00:00,Running,1,2749.5,10.59,4.72,63.84,46.28,Pump A Running
2026-07-27T12:00:00+00:00,Running,1,2756.9,10.6,4.88,63.07,45.77,Pump A Running
2026-07-27T12:15:00+00:00,Running,1,2836.6,10.61,4.85,62.88,45.95,Pump A Running
2026-07-27T12:30:00+00:00,Running,1,2644.8,10.67,4.89,61.11,45.63,Pump A Running
2026-07-27T12:45:00+00:00,Running,1,2826.4,10.52,4.91,62.76,46.43,Pump A Running
2026-07-27T13:00:00+00:00,Running,1,2739.9,10.68,4.88,61.02,46.78,Pump A Running
2026-07-27T13:15:00+00:00,Running,1,2840.5,10.62,4.75,62.83,46.6,Pump A Running
2026-07-27T13:30:00+00:00,Running,1,2752.0,10.59,4.83,61.5,46.54,Pump A Running
2026-07-27T13:45:00+00:00,Running,1,2694.4,10.41,4.74,61.08,45.49,Pump A Running
2026-07-27T14:00:00+00:00,Running,1,2620.9,10.69,4.68,61.41,46.04,Pump A Running
2026-07-27T14:15:00+00:00,Running,1,2593.3,10.62,4.77,60.36,46.43,Pump A Running
2026-07-27T14:30:00+00:00,Running,1,2762.8,10.65,4.8,61.62,46.29,Pump A Running
2026-07-27T14:45:00+00:00,Running,1,2884.6,10.58,4.77,63.26,46.05,Pump A Running
2026-07-27T15:00:00+00:00,Running,1,2796.6,10.68,4.81,62.6,45.81,Pump A Running
2026-07-27T15:15:00+00:00,Running,1,2646.4,10.64,4.73,63.68,46.27,Pump A Running
2026-07-27T15:30:00+00:00,Running,1,2694.7,10.69,4.73,62.09,45.88,Pump A Running
2026-07-27T15:45:00+00:00,Running,1,2803.4,10.64,4.66,60.77,46.07,Pump A Running
2026-07-27T16:00:00+00:00,Running,1,2823.0,10.57,4.78,61.36,46.18,Pump A Running
2026-07-27T16:15:00+00:00,Running,1,2816.2,10.62,4.83,61.25,45.89,Pump A Running
2026-07-27T16:30:00+00:00,Running,1,2681.4,10.56,4.71,61.66,46.33,Pump A Running
2026-07-27T16:45:00+00:00,Running,1,2773.4,10.52,4.71,61.41,45.7,Pump A Running
2026-07-27T17:00:00+00:00,Running,1,2541.8,10.53,4.79,60.62,46.0,Pump A Running
2026-07-27T17:15:00+00:00,Running,1,2653.3,10.62,4.78,62.68,46.15,Pump A Running
2026-07-27T17:30:00+00:00,Running,1,2713.6,10.58,4.69,61.68,45.95,Pump A Running
2026-07-27T17:45:00+00:00,Running,1,2840.2,10.68,4.86,60.93,46.65,Pump A Running
2026-07-27T18:00:00+00:00,Running,1,2850.5,10.58,4.63,61.93,46.02,Pump A Running
2026-07-27T18:15:00+00:00,Running,1,2703.8,10.55,4.88,61.89,46.05,Pump A Running
2026-07-27T18:30:00+00:00,Running,1,2827.2,10.59,4.94,62.46,45.55,Pump A Running
2026-07-27T18:45:00+00:00,Running,1,2864.2,10.68,4.9,62.81,46.34,Pump A Running
2026-07-27T19:00:00+00:00,Running,1,2750.2,10.58,4.76,63.32,45.86,Pump A Running
2026-07-27T19:15:00+00:00,Running,1,2624.1,10.71,4.65,61.84,45.64,Pump A Running
2026-07-27T19:30:00+00:00,Running,1,2781.6,10.7,4.88,63.11,45.7,Pump A Running
2026-07-27T19:45:00+00:00,Running,1,2799.8,10.62,4.84,61.7,45.81,Pump A Running
2026-07-27T20:00:00+00:00,Running,1,2892.7,10.6,4.77,62.22,45.94,Pump A Running
2026-07-27T20:15:00+00:00,Running,1,2740.0,10.66,4.8,62.09,46.12,Pump A Running
2026-07-27T20:30:00+00:00,Running,1,2873.0,10.52,4.77,62.91,46.57,Pump A Running
2026-07-27T20:45:00+00:00,Running,1,2695.4,10.69,4.83,62.03,46.32,Pump A Running
2026-07-27T21:00:00+00:00,Running,1,2717.1,10.63,4.84,63.3,46.46,Pump A Running
2026-07-27T21:15:00+00:00,Running,1,2508.1,10.56,4.78,61.89,46.2,Pump A Running
2026-07-27T21:30:00+00:00,Running,1,2680.7,10.54,4.85,61.39,46.01,Pump A Running
2026-07-27T21:45:00+00:00,Running,1,2823.5,10.6,4.96,61.7,46.01,Pump A Running
2026-07-27T22:00:00+00:00,Running,1,2800.4,10.59,4.74,62.29,46.03,Pump A Running
2026-07-27T22:15:00+00:00,Running,1,2876.3,10.52,4.93,62.8,46.69,Pump A Running
2026-07-27T22:30:00+00:00,Running,1,2746.7,10.59,4.66,63.62,45.74,Pump A Running
2026-07-27T22:45:00+00:00,Running,1,2812.7,10.6,4.77,63.83,46.21,Pump A Running
2026-07-27T23:00:00+00:00,Running,1,2692.6,10.52,4.66,60.95,46.19,Pump A Running
2026-07-27T23:15:00+00:00,Running,1,2633.4,10.6,4.78,61.8,45.94,Pump A Running
2026-07-27T23:30:00+00:00,Running,1,2704.8,10.58,4.72,61.64,46.76,Pump A Running
2026-07-27T23:45:00+00:00,Running,1,2867.5,10.53,4.78,63.26,46.44,Pump A Running
2026-07-28T00:00:00+00:00,Running,1,2717.1,10.58,4.86,61.47,45.78,Pump A Running
2026-07-28T00:15:00+00:00,Running,1,2699.0,10.59,4.77,62.94,46.76,Pump A Running
2026-07-28T00:30:00+00:00,Running,1,2876.5,10.53,4.7,61.99,46.37,Pump A Running
2026-07-28T00:45:00+00:00,Running,1,2667.5,10.58,4.73,61.39,45.96,Pump A Running
2026-07-28T01:00:00+00:00,Running,1,2705.6,10.65,4.86,62.74,45.96,Pump A Running
2026-07-28T01:15:00+00:00,Running,1,2507.7,10.64,4.77,61.16,46.16,Pump A Running
2026-07-28T01:30:00+00:00,Running,1,2593.2,10.63,4.83,60.96,45.77,Pump A Running
2026-07-28T01:45:00+00:00,Running,1,2738.8,10.55,4.7,59.41,45.89,Pump A Running
2026-07-28T02:00:00+00:00,Stopped,0,0.0,0.0,0.11,0.0,29.38,Pumps Stopped
2026-07-28T02:15:00+00:00,Stopped,0,0.0,0.0,0.14,0.0,29.1,Pumps Stopped
2026-07-28T02:30:00+00:00,Stopped,0,0.0,0.0,0.15,0.0,28.84,Pumps Stopped
2026-07-28T02:45:00+00:00,Stopped,0,0.0,0.0,0.15,0.0,28.89,Pumps Stopped
2026-07-28T03:00:00+00:00,Stopped,0,0.0,0.0,0.06,0.0,28.83,Pumps Stopped
2026-07-28T03:15:00+00:00,Stopped,0,0.0,0.0,0.14,0.0,28.66,Pumps Stopped
2026-07-28T03:30:00+00:00,Running,1,2810.5,10.61,4.78,60.71,45.87,Pump A Running
2026-07-28T03:45:00+00:00,Running,1,2678.4,10.67,4.77,61.5,46.02,Pump A Running
2026-07-28T04:00:00+00:00,Running,1,2681.1,10.62,4.74,60.03,45.58,Pump A Running
2026-07-28T04:15:00+00:00,Running,1,2629.7,10.63,4.69,60.75,46.08,Pump A Running
2026-07-28T04:30:00+00:00,Running,1,2655.0,10.56,4.79,62.7,46.21,Pump A Running
2026-07-28T04:45:00+00:00,Running,1,2779.9,10.62,4.95,61.64,46.61,Pump A Running
2026-07-28T05:00:00+00:00,Running,1,2678.7,10.59,4.78,62.5,46.31,Pump A Running
2026-07-28T05:15:00+00:00,Running,1,2531.5,10.61,4.79,61.19,46.35,Pump A Running
2026-07-28T05:30:00+00:00,Running,1,2566.0,10.71,4.86,62.2,45.8,Pump A Running
2026-07-28T05:45:00+00:00,Running,1,2647.4,10.61,4.63,62.41,46.64,Pump A Running
2026-07-28T06:00:00+00:00,Running,1,2590.6,10.57,4.69,63.42,46.09,Pump A Running
2026-07-28T06:15:00+00:00,Running,1,2662.8,10.56,4.69,63.64,45.71,Pump A Running
2026-07-28T06:30:00+00:00,Running,1,2551.5,10.61,4.68,62.31,45.46,Pump A Running
2026-07-28T06:45:00+00:00,Running,1,2670.8,10.78,4.78,61.69,46.31,Pump A Running
2026-07-28T07:00:00+00:00,Running,1,2567.3,10.49,4.82,61.45,45.57,Pump A Running
2026-07-28T07:15:00+00:00,Running,1,2464.3,10.71,4.72,62.08,46.8,Pump A Running
2026-07-28T07:30:00+00:00,Running,1,2647.9,10.64,4.87,60.22,45.46,Pump A Running
2026-07-28T07:45:00+00:00,Running,1,2643.6,10.64,5.0,62.24,46.01,Pump A Running
2026-07-28T08:00:00+00:00,Running,1,2512.6,10.63,4.85,59.33,45.36,Pump A Running
2026-07-28T08:15:00+00:00,Running,1,2706.3,10.63,4.86,61.48,46.04,Pump A Running
2026-07-28T08:30:00+00:00,Running,1,2649.3,10.66,4.78,61.82,45.77,Pump A Running
2026-07-28T08:45:00+00:00,Running,1,2586.4,10.51,4.85,59.54,45.56,Pump A Running
2026-07-28T09:00:00+00:00,Running,1,2627.7,10.57,4.79,61.35,44.81,Pump A Running
2026-07-28T09:15:00+00:00,Running,1,2386.9,10.64,4.77,60.95,46.56,Pump A Running
2026-07-28T09:30:00+00:00,Running,1,2507.1,10.54,4.67,62.28,46.0,Pump A Running
2026-07-28T09:45:00+00:00,Running,1,2584.9,10.44,4.85,62.54,46.34,Pump A Running
2026-07-28T10:00:00+00:00,Running,1,2351.8,10.65,4.61,62.27,46.0,Pump A Running
2026-07-28T10:15:00+00:00,Running,1,2492.8,10.57,4.71,62.19,45.6,Pump A Running
2026-07-28T10:30:00+00:00,Running,1,2479.3,10.62,4.92,60.87,46.76,Pump A Running
2026-07-28T10:45:00+00:00,Running,1,2430.0,10.63,4.81,63.41,45.9,Pump A Running
2026-07-28T11:00:00+00:00,Running,1,2491.9,10.65,4.81,63.29,45.83,Pump A Running
2026-07-28T11:15:00+00:00,Running,1,2475.7,10.64,4.74,63.24,46.13,Pump A Running
2026-07-28T11:30:00+00:00,Running,1,2366.8,10.67,4.81,61.33,46.08,Pump A Running
2026-07-28T11:45:00+00:00,Running,1,2530.1,10.55,4.91,62.78,46.34,Pump A Running
2026-07-28T12:00:00+00:00,Running,1,2256.8,10.56,4.75,62.31,45.95,Pump A Running
2026-07-28T12:15:00+00:00,Running,1,2465.0,10.53,4.74,61.68,46.93,Pump A Running
2026-07-28T12:30:00+00:00,Running,1,2443.2,10.6,4.75,61.8,45.67,Pump A Running
2026-07-28T12:45:00+00:00,Running,1,2465.9,10.65,4.8,62.22,45.72,Pump A Running
2026-07-28T13:00:00+00:00,Running,1,2501.4,10.71,4.8,61.51,45.33,Pump A Running
2026-07-28T13:15:00+00:00,Running,1,2454.8,10.68,4.88,62.51,45.92,Pump A Running
2026-07-28T13:30:00+00:00,Running,1,2414.2,10.7,4.78,63.0,46.52,Pump A Running
2026-07-28T13:45:00+00:00,Running,1,2532.6,10.64,4.58,62.13,45.97,Pump A Running
2026-07-28T14:00:00+00:00,Running,1,2438.3,10.51,4.88,62.25,45.38,Pump A Running
2026-07-28T14:15:00+00:00,Running,1,2396.5,10.67,4.75,62.64,47.04,Pump A Running
2026-07-28T14:30:00+00:00,Running,1,2444.3,10.57,4.79,61.47,45.49,Pump A Running
2026-07-28T14:45:00+00:00,Running,1,2242.2,10.7,4.84,63.27,46.27,Pump A Running
2026-07-28T15:00:00+00:00,Running,1,2452.9,10.65,4.73,61.18,45.93,Pump A Running
2026-07-28T15:15:00+00:00,Running,1,2360.4,10.62,4.9,61.67,45.52,Pump A Running
2026-07-28T15:30:00+00:00,Running,1,2249.4,10.55,4.7,61.22,46.18,Pump A Running
2026-07-28T15:45:00+00:00,Running,1,2281.0,10.75,4.84,60.25,46.36,Pump A Running
2026-07-28T16:00:00+00:00,Running,1,2290.4,10.5,4.73,61.75,45.89,Pump A Running
2026-07-28T16:15:00+00:00,Running,1,2333.7,10.62,4.88,60.99,46.01,Pump A Running
2026-07-28T16:30:00+00:00,Running,1,2319.9,10.5,4.76,62.42,45.42,Pump A Running
2026-07-28T16:45:00+00:00,Running,1,2386.4,10.66,4.89,62.81,46.25,Pump A Running
2026-07-28T17:00:00+00:00,Running,1,2344.4,10.59,4.77,60.34,45.67,Pump A Running
2026-07-28T17:15:00+00:00,Running,1,2292.5,10.67,4.8,62.19,45.98,Pump A Running
2026-07-28T17:30:00+00:00,Running,1,2348.2,10.57,4.8,62.3,46.11,Pump A Running
2026-07-28T17:45:00+00:00,Running,1,2334.7,10.51,4.78,61.04,45.88,Pump A Running
2026-07-28T18:00:00+00:00,Running,1,2279.5,10.7,4.78,62.29,45.95,Pump A Running
2026-07-28T18:15:00+00:00,Running,1,2265.9,10.51,4.66,60.24,46.37,Pump A Running
2026-07-28T18:30:00+00:00,Running,1,2337.9,10.5,4.83,62.49,46.36,Pump A Running
2026-07-28T18:45:00+00:00,Running,1,2137.1,10.54,4.62,62.89,46.18,Pump A Running
2026-07-28T19:00:00+00:00,Running,1,2286.4,10.47,4.65,61.59,46.21,Pump A Running
2026-07-28T19:15:00+00:00,Running,1,2317.3,10.61,4.83,62.63,45.93,Pump A Running
2026-07-28T19:30:00+00:00,Running,1,2330.0,10.7,4.87,61.87,46.14,Pump A Running
2026-07-28T19:45:00+00:00,Running,1,2161.6,10.65,4.79,61.26,45.44,Pump A Running
2026-07-28T20:00:00+00:00,Running,1,2222.9,10.66,4.81,62.15,46.11,Pump A Running
2026-07-28T20:15:00+00:00,Running,1,2287.7,10.54,4.86,61.46,46.3,Pump A Running
2026-07-28T20:30:00+00:00,Running,1,2368.6,10.47,4.77,60.31,46.01,Pump A Running
2026-07-28T20:45:00+00:00,Running,1,2160.0,10.71,4.8,62.93,46.82,Pump A Running
2026-07-28T21:00:00+00:00,Running,1,2285.6,10.57,4.82,60.54,45.76,Pump A Running
2026-07-28T21:15:00+00:00,Running,1,2347.8,10.61,4.68,62.36,46.05,Pump A Running
2026-07-28T21:30:00+00:00,Running,1,2213.7,10.61,4.72,61.07,45.9,Pump A Running
2026-07-28T21:45:00+00:00,Running,1,2247.5,10.65,4.81,63.06,45.29,Pump A Running
2026-07-28T22:00:00+00:00,Running,1,2219.4,10.65,4.78,62.04,46.09,Pump A Running
2026-07-28T22:15:00+00:00,Running,1,2277.4,10.73,4.79,59.47,46.53,Pump A Running
2026-07-28T22:30:00+00:00,Running,1,2232.2,10.55,4.79,60.56,46.29,Pump A Running
2026-07-28T22:45:00+00:00,Running,1,2224.5,10.65,4.95,63.06,45.97,Pump A Running
2026-07-28T23:00:00+00:00,Running,1,2321.5,10.47,4.68,62.76,45.6,Pump A Running
2026-07-28T23:15:00+00:00,Running,1,2286.7,10.66,4.68,61.58,46.59,Pump A Running
2026-07-28T23:30:00+00:00,Running,1,2292.6,10.66,4.83,61.99,46.24,Pump A Running
2026-07-28T23:45:00+00:00,Running,1,2093.7,10.59,4.78,62.41,45.98,Pump A Running
2026-07-29T00:00:00+00:00,Running,1,2167.5,10.51,4.79,61.02,45.7,Pump A Running
2026-07-29T00:15:00+00:00,Running,1,2106.2,10.62,4.86,62.07,45.96,Pump A Running
2026-07-29T00:30:00+00:00,Running,1,2128.1,10.53,4.71,60.53,45.96,Pump A Running
2026-07-29T00:45:00+00:00,Running,1,2149.3,10.59,4.77,60.32,46.14,Pump A Running
2026-07-29T01:00:00+00:00,Running,1,2244.0,10.5,4.8,63.46,45.99,Pump A Running
2026-07-29T01:15:00+00:00,Running,1,2112.5,10.61,4.86,61.55,46.45,Pump A Running
2026-07-29T01:30:00+00:00,Running,1,2172.1,10.63,4.76,61.87,45.65,Pump A Running
2026-07-29T01:45:00+00:00,Running,1,2214.6,10.65,4.85,62.45,46.98,Pump A Running
2026-07-29T02:00:00+00:00,Stopped,0,0.0,0.0,0.13,0.0,28.79,Pumps Stopped
2026-07-29T02:15:00+00:00,Stopped,0,0.0,0.0,0.1,0.0,28.84,Pumps Stopped
2026-07-29T02:30:00+00:00,Stopped,0,0.0,0.0,0.11,0.0,28.13,Pumps Stopped
2026-07-29T02:45:00+00:00,Stopped,0,0.0,0.0,0.11,0.0,28.8,Pumps Stopped
2026-07-29T03:00:00+00:00,Stopped,0,0.0,0.0,0.07,0.0,28.64,Pumps Stopped
2026-07-29T03:15:00+00:00,Stopped,0,0.0,0.0,0.12,0.0,29.05,Pumps Stopped
2026-07-29T03:30:00+00:00,Running,1,2222.0,10.64,4.87,59.86,46.3,Pump A Running
2026-07-29T03:45:00+00:00,Running,1,2246.0,10.49,4.81,61.13,45.75,Pump A Running
2026-07-29T04:00:00+00:00,Running,1,2074.4,10.52,4.81,60.84,44.88,Pump A Running
2026-07-29T04:15:00+00:00,Running,1,2100.6,10.47,4.78,62.79,45.9,Pump A Running
2026-07-29T04:30:00+00:00,Running,1,2244.2,10.45,4.92,61.08,46.36,Pump A Running
2026-07-29T04:45:00+00:00,Running,1,2184.1,10.61,4.81,62.97,45.81,Pump A Running
2026-07-29T05:00:00+00:00,Running,1,2006.3,10.6,4.85,63.08,46.15,Pump A Running
2026-07-29T05:15:00+00:00,Running,1,2333.1,10.5,4.73,61.98,46.06,Pump A Running
2026-07-29T05:30:00+00:00,Running,1,2222.6,10.53,4.73,59.73,46.2,Pump A Running
2026-07-29T05:45:00+00:00,Running,1,2095.8,10.57,4.79,62.03,46.24,Pump A Running
2026-07-29T06:00:00+00:00,Running,1,1997.8,10.53,4.71,62.77,46.48,Pump A Running
2026-07-29T06:15:00+00:00,Running,1,2035.7,10.76,4.92,62.65,46.58,Pump A Running
2026-07-29T06:30:00+00:00,Running,1,2224.0,10.64,4.93,62.19,45.44,Pump A Running
2026-07-29T06:45:00+00:00,Running,1,2085.3,10.6,4.72,61.55,45.44,Pump A Running
2026-07-29T07:00:00+00:00,Running,1,2149.6,10.65,4.89,62.64,46.69,Pump A Running
2026-07-29T07:15:00+00:00,Running,1,2111.8,10.52,4.89,61.48,45.57,Pump A Running
2026-07-29T07:30:00+00:00,Running,1,1976.2,10.66,4.77,62.53,46.09,Pump A Running
2026-07-29T07:45:00+00:00,Running,1,2141.5,10.64,4.81,61.05,45.93,Pump A Running
2026-07-29T08:00:00+00:00,Running,1,2162.6,10.63,4.78,62.52,46.51,Pump A Running
2026-07-29T08:15:00+00:00,Running,1,2122.5,10.65,4.79,61.85,46.04,Pump A Running
2026-07-29T08:30:00+00:00,Running,1,2065.7,10.59,4.97,64.29,45.98,Pump A Running
2026-07-29T08:45:00+00:00,Running,1,2177.3,10.58,4.76,62.64,46.1,Pump A Running
2026-07-29T09:00:00+00:00,Running,1,2061.6,10.61,4.8,62.23,46.05,Pump A Running
2026-07-29T09:15:00+00:00,Running,1,2225.4,10.56,4.76,63.59,46.07,Pump A Running
2026-07-29T09:30:00+00:00,Running,1,2213.7,10.5,4.86,61.99,45.77,Pump A Running
2026-07-29T09:45:00+00:00,Running,1,2128.8,10.53,4.71,61.98,45.81,Pump A Running
2026-07-29T10:00:00+00:00,Running,1,2064.9,10.52,4.82,62.25,47.05,Pump A Running
2026-07-29T10:15:00+00:00,Running,1,2053.3,10.59,4.79,62.16,45.47,Pump A Running
2026-07-29T10:30:00+00:00,Running,1,2140.3,10.6,4.72,63.93,46.04,Pump A Running
2026-07-29T10:45:00+00:00,Running,1,2035.0,10.61,4.78,63.36,45.9,Pump A Running
2026-07-29T11:00:00+00:00,Running,1,2186.0,10.59,4.74,60.04,46.62,Pump A Running
2026-07-29T11:15:00+00:00,Running,1,2090.7,10.58,4.79,62.97,46.28,Pump A Running
2026-07-29T11:30:00+00:00,Running,1,2089.6,10.69,4.71,60.93,45.83,Pump A Running
2026-07-29T11:45:00+00:00,Running,1,2161.3,10.59,4.72,61.51,46.16,Pump A Running
2026-07-29T12:00:00+00:00,Running,1,2141.9,10.55,4.81,62.11,46.73,Pump A Running
2026-07-29T12:15:00+00:00,Running,1,2204.6,10.63,4.88,62.08,46.83,Pump A Running
2026-07-29T12:30:00+00:00,Running,1,2164.2,10.54,4.82,62.86,45.19,Pump A Running
2026-07-29T12:45:00+00:00,Running,1,2324.3,10.67,4.84,62.34,46.49,Pump A Running
2026-07-29T13:00:00+00:00,Running,1,2059.8,10.54,4.75,61.67,45.44,Pump A Running
2026-07-29T13:15:00+00:00,Running,1,2474.0,10.58,4.71,63.0,46.1,Pump A Running
2026-07-29T13:30:00+00:00,Running,1,2191.4,10.54,4.84,61.22,45.34,Pump A Running
2026-07-29T13:45:00+00:00,Running,1,2248.0,10.66,4.92,62.47,46.68,Pump A Running
2026-07-29T14:00:00+00:00,Running,1,2141.2,10.65,4.83,62.01,45.36,Pump A Running
2026-07-29T14:15:00+00:00,Running,1,2357.5,10.6,4.79,60.52,46.09,Pump A Running
2026-07-29T14:30:00+00:00,Running,1,2322.6,10.63,4.93,63.28,45.92,Pump A Running
2026-07-29T14:45:00+00:00,Running,1,2166.5,10.52,4.84,61.27,46.06,Pump A Running
2026-07-29T15:00:00+00:00,Running,1,2199.9,10.71,4.78,63.75,46.61,Pump A Running
2026-07-29T15:15:00+00:00,Running,1,2186.6,10.51,4.73,60.58,45.44,Pump A Running
2026-07-29T15:30:00+00:00,Running,1,2396.7,10.61,4.86,61.47,45.82,Pump A Running
2026-07-29T15:45:00+00:00,Running,1,2411.9,10.61,4.82,62.56,45.92,Pump A Running
2026-07-29T16:00:00+00:00,Running,1,2213.1,10.59,4.82,61.47,46.1,Pump A Running
2026-07-29T16:15:00+00:00,Running,1,2348.9,10.65,5.0,62.46,46.45,Pump A Running
2026-07-29T16:30:00+00:00,Running,1,2221.0,10.7,4.99,61.88,46.06,Pump A Running
2026-07-29T16:45:00+00:00,Running,1,2380.8,10.62,4.86,61.37,46.02,Pump A Running
2026-07-29T17:00:00+00:00,Running,1,2313.9,10.5,4.79,60.57,46.45,Pump A Running
2026-07-29T17:15:00+00:00,Running,1,2207.2,10.53,4.96,61.78,45.82,Pump A Running
2026-07-29T17:30:00+00:00,Running,1,2335.5,10.77,4.9,62.96,46.12,Pump A Running
2026-07-29T17:45:00+00:00,Running,1,2458.4,10.59,4.76,62.9,46.49,Pump A Running
2026-07-29T18:00:00+00:00,Running,1,2471.4,10.56,4.77,63.27,45.43,Pump A Running
2026-07-29T18:15:00+00:00,Running,1,2162.9,10.54,4.74,61.9,46.21,Pump A Running
2026-07-29T18:30:00+00:00,Running,1,2206.7,10.72,4.86,61.35,45.53,Pump A Running
2026-07-29T18:45:00+00:00,Running,1,2129.3,10.62,4.84,61.88,46.29,Pump A Running
2026-07-29T19:00:00+00:00,Running,1,2281.8,10.59,4.81,60.28,47.54,Pump A Running
2026-07-29T19:15:00+00:00,Running,1,2476.4,10.64,4.79,63.03,46.33,Pump A Running
2026-07-29T19:30:00+00:00,Running,1,2443.2,10.61,4.82,63.66,45.7,Pump A Running
2026-07-29T19:45:00+00:00,Running,1,2383.3,10.59,4.77,60.69,46.59,Pump A Running
2026-07-29T20:00:00+00:00,Running,1,2416.1,10.58,4.77,59.61,45.76,Pump A Running
2026-07-29T20:15:00+00:00,Running,1,2492.5,10.54,4.88,62.53,45.61,Pump A Running
2026-07-29T20:30:00+00:00,Running,1,2424.6,10.7,4.85,62.67,46.07,Pump A Running
2026-07-29T20:45:00+00:00,Running,1,2441.2,10.67,4.85,61.16,45.86,Pump A Running
2026-07-29T21:00:00+00:00,Running,1,2326.9,10.57,4.83,63.15,45.91,Pump A Running
2026-07-29T21:15:00+00:00,Running,1,2338.4,10.56,4.73,61.32,45.78,Pump A Running
2026-07-29T21:30:00+00:00,Running,1,2305.2,10.63,4.73,62.22,46.22,Pump A Running
2026-07-29T21:45:00+00:00,Running,1,2230.1,10.62,4.83,61.08,46.35,Pump A Running
2026-07-29T22:00:00+00:00,Running,1,2269.3,10.58,4.62,62.26,46.66,Pump A Running
2026-07-29T22:15:00+00:00,Running,1,2217.9,10.67,4.81,62.77,45.93,Pump A Running
2026-07-29T22:30:00+00:00,Running,1,2348.7,10.63,4.73,60.82,45.93,Pump A Running
2026-07-29T22:45:00+00:00,Running,1,2436.3,10.7,4.83,60.68,46.46,Pump A Running
2026-07-29T23:00:00+00:00,Running,1,2380.2,10.66,4.71,61.12,46.08,Pump A Running
2026-07-29T23:15:00+00:00,Running,1,2440.5,10.66,4.87,61.44,46.01,Pump A Running
2026-07-29T23:30:00+00:00,Running,1,2298.7,10.68,4.83,63.52,45.96,Pump A Running
2026-07-29T23:45:00+00:00,Running,1,2395.8,10.6,4.82,63.58,46.1,Pump A Running
2026-07-30T00:00:00+00:00,Running,1,2516.5,10.62,4.91,62.08,45.91,Pump A Running
2026-07-30T00:15:00+00:00,Running,1,2492.2,10.58,4.82,60.73,45.9,Pump A Running
2026-07-30T00:30:00+00:00,Running,1,2496.6,10.63,4.71,63.18,45.69,Pump A Running
2026-07-30T00:45:00+00:00,Running,1,2523.5,10.64,4.88,60.65,45.66,Pump A Running
2026-07-30T01:00:00+00:00,Running,1,2531.0,10.53,4.93,63.44,46.19,Pump A Running
2026-07-30T01:15:00+00:00,Running,1,2475.3,10.56,4.94,61.14,45.91,Pump A Running
2026-07-30T01:30:00+00:00,Running,1,2420.8,10.59,4.69,61.67,46.43,Pump A Running
2026-07-30T01:45:00+00:00,Running,1,2488.0,10.52,4.82,62.0,46.37,Pump A Running
2026-07-30T02:00:00+00:00,Stopped,0,0.0,0.0,0.14,0.0,28.84,Pumps Stopped
2026-07-30T02:15:00+00:00,Stopped,0,0.0,0.0,0.12,0.0,29.13,Pumps Stopped
2026-07-30T02:30:00+00:00,Stopped,0,0.0,0.0,0.1,0.0,29.09,Pumps Stopped
2026-07-30T02:45:00+00:00,Stopped,0,0.0,0.0,0.12,0.0,29.32,Pumps Stopped
2026-07-30T03:00:00+00:00,Stopped,0,0.0,0.0,0.12,0.0,28.53,Pumps Stopped
2026-07-30T03:15:00+00:00,Stopped,0,0.0,0.0,0.1,0.0,28.74,Pumps Stopped
2026-07-30T03:30:00+00:00,Running,1,2591.4,10.64,4.83,60.54,46.35,Pump A Running
2026-07-30T03:45:00+00:00,Running,1,2590.9,10.61,4.77,62.27,45.5,Pump A Running
2026-07-30T04:00:00+00:00,Running,1,2618.4,10.55,4.83,62.66,45.52,Pump A Running
2026-07-30T04:15:00+00:00,Running,1,2627.5,10.51,4.71,60.95,46.24,Pump A Running
2026-07-30T04:30:00+00:00,Running,1,2588.6,10.54,4.96,64.66,46.51,Pump A Running
2026-07-30T04:45:00+00:00,Running,1,2416.8,10.64,4.82,61.72,46.14,Pump A Running
2026-07-30T05:00:00+00:00,Running,1,2527.5,10.42,4.78,59.7,45.62,Pump A Running
2026-07-30T05:15:00+00:00,Running,1,2449.1,10.58,4.79,61.73,45.83,Pump A Running
2026-07-30T05:30:00+00:00,Running,1,2553.2,10.57,4.71,61.65,45.06,Pump A Running
2026-07-30T05:45:00+00:00,Running,1,2487.1,10.73,4.82,59.24,45.96,Pump A Running
2026-07-30T06:00:00+00:00,Running,1,2652.7,10.7,4.76,62.12,45.97,Pump A Running
2026-07-30T06:15:00+00:00,Running,1,2546.2,10.66,4.86,61.0,45.45,Pump A Running
2026-07-30T06:30:00+00:00,Running,1,2743.9,10.67,4.75,61.27,46.0,Pump A Running
2026-07-30T06:45:00+00:00,Running,1,2555.9,10.67,4.92,62.43,46.38,Pump A Running
2026-07-30T07:00:00+00:00,Running,1,2807.9,10.6,4.75,62.55,45.51,Pump A Running
2026-07-30T07:15:00+00:00,Running,1,2593.0,10.57,4.83,64.19,46.67,Pump A Running
2026-07-30T07:30:00+00:00,Running,1,2711.8,10.51,4.77,63.15,45.5,Pump A Running
2026-07-30T07:45:00+00:00,Running,1,2688.6,10.66,4.73,62.63,45.27,Pump A Running
2026-07-30T08:00:00+00:00,Running,1,2455.9,10.71,4.83,63.76,45.65,Pump A Running
2026-07-30T08:15:00+00:00,Running,1,2554.5,10.52,4.72,61.41,45.73,Pump A Running
2026-07-30T08:30:00+00:00,Running,1,2861.4,10.58,4.86,60.8,45.91,Pump A Running
2026-07-30T08:45:00+00:00,Running,1,2645.8,10.46,4.79,63.01,45.9,Pump A Running
2026-07-30T09:00:00+00:00,Running,1,2587.4,10.65,5.0,62.37,45.82,Pump A Running
2026-07-30T09:15:00+00:00,Running,1,2606.2,10.74,4.94,62.96,45.65,Pump A Running
2026-07-30T09:30:00+00:00,Running,1,2565.1,10.71,4.86,62.69,45.99,Pump A Running
2026-07-30T09:45:00+00:00,Running,1,2588.4,10.59,4.78,62.58,45.47,Pump A Running
2026-07-30T10:00:00+00:00,Running,1,2710.8,10.66,4.79,62.83,46.5,Pump A Running
2026-07-30T10:15:00+00:00,Running,1,2720.8,10.62,4.79,61.87,45.39,Pump A Running
2026-07-30T10:30:00+00:00,Running,1,2862.5,10.62,4.72,62.14,47.23,Pump A Running
2026-07-30T10:45:00+00:00,Running,1,2662.8,10.57,4.83,62.68,45.46,Pump A Running
2026-07-30T11:00:00+00:00,Running,1,2759.8,10.58,4.76,62.37,45.88,Pump A Running
2026-07-30T11:15:00+00:00,Running,1,2672.2,10.68,4.8,60.81,46.13,Pump A Running
2026-07-30T11:30:00+00:00,Running,1,2629.9,10.58,4.88,61.87,46.17,Pump A Running
2026-07-30T11:45:00+00:00,Running,1,2569.2,10.66,4.78,59.3,46.34,Pump A Running
2026-07-30T12:00:00+00:00,Running,1,2758.2,10.58,4.84,61.82,46.05,Pump A Running
2026-07-30T12:15:00+00:00,Running,1,2783.7,10.73,4.88,62.61,46.58,Pump A Running
2026-07-30T12:30:00+00:00,Running,1,2622.5,10.6,4.88,61.93,46.45,Pump A Running
2026-07-30T12:45:00+00:00,Running,1,2718.1,10.62,4.85,62.77,45.76,Pump A Running
2026-07-30T13:00:00+00:00,Running,1,2692.1,10.56,4.76,62.81,45.81,Pump A Running
2026-07-30T13:15:00+00:00,Running,1,2649.8,10.67,4.83,63.48,45.93,Pump A Running
2026-07-30T13:30:00+00:00,Running,1,2723.7,10.61,4.87,62.01,46.21,Pump A Running
2026-07-30T13:45:00+00:00,Running,1,2863.4,10.55,4.82,63.82,45.79,Pump A Running
2026-07-30T14:00:00+00:00,Running,1,2693.3,10.63,4.89,61.82,45.88,Pump A Running
2026-07-30T14:15:00+00:00,Running,1,2797.8,10.6,4.86,63.14,45.5,Pump A Running
2026-07-30T14:30:00+00:00,Running,1,2785.3,10.63,4.71,61.56,45.16,Pump A Running
2026-07-30T14:45:00+00:00,Running,1,2691.8,10.61,4.82,63.12,46.18,Pump A Running
2026-07-30T15:00:00+00:00,Running,1,2630.6,10.64,4.75,61.0,45.73,Pump A Running
2026-07-30T15:15:00+00:00,Running,1,2860.8,10.64,4.94,62.05,45.75,Pump A Running
2026-07-30T15:30:00+00:00,Running,1,2745.0,10.67,4.86,63.97,46.6,Pump A Running
2026-07-30T15:45:00+00:00,Running,1,2760.2,10.47,4.81,62.24,45.89,Pump A Running
2026-07-30T16:00:00+00:00,Running,1,2728.5,10.68,4.9,62.0,46.38,Pump A Running
2026-07-30T16:15:00+00:00,Running,1,2727.8,10.6,4.81,59.83,46.43,Pump A Running
2026-07-30T16:30:00+00:00,Running,1,2764.9,10.42,4.8,63.48,45.62,Pump A Running
2026-07-30T16:45:00+00:00,Running,1,2961.6,10.68,4.82,61.78,45.86,Pump A Running
2026-07-30T17:00:00+00:00,Running,1,2818.7,10.58,4.58,64.46,46.1,Pump A Running
2026-07-30T17:15:00+00:00,Running,1,2608.4,10.63,4.87,61.14,45.27,Pump A Running
2026-07-30T17:30:00+00:00,Running,1,2673.7,10.54,4.97,63.63,45.88,Pump A Running
2026-07-30T17:45:00+00:00,Running,1,2789.7,10.53,4.79,64.47,45.81,Pump A Running
2026-07-30T18:00:00+00:00,Running,1,2796.3,10.53,4.71,60.69,45.3,Pump A Running
2026-07-30T18:15:00+00:00,Running,1,2768.5,10.55,4.9,61.88,45.69,Pump A Running
2026-07-30T18:30:00+00:00,Running,1,2785.5,10.5,4.82,61.89,45.88,Pump A Running
2026-07-30T18:45:00+00:00,Running,1,2879.2,10.54,4.74,60.28,46.15,Pump A Running
2026-07-30T19:00:00+00:00,Running,1,2947.5,10.59,4.84,63.24,45.31,Pump A Running
2026-07-30T19:15:00+00:00,Running,1,2722.8,10.6,4.68,62.78,45.71,Pump A Running
2026-07-30T19:30:00+00:00,Running,1,2713.2,10.68,4.85,61.2,45.85,Pump A Running
2026-07-30T19:45:00+00:00,Running,1,2544.5,10.55,4.83,61.05,45.87,Pump A Running
2026-07-30T20:00:00+00:00,Running,1,2705.9,10.7,4.86,62.24,46.01,Pump A Running
2026-07-30T20:15:00+00:00,Running,1,2705.0,10.66,4.76,62.14,46.43,Pump A Running
2026-07-30T20:30:00+00:00,Running,1,2653.1,10.59,4.72,62.8,46.38,Pump A Running
2026-07-30T20:45:00+00:00,Running,1,2951.0,10.67,4.8,61.18,46.21,Pump A Running
2026-07-30T21:00:00+00:00,Running,1,2696.0,10.64,4.89,62.14,45.52,Pump A Running
2026-07-30T21:15:00+00:00,Running,1,2890.3,10.64,4.83,63.17,45.75,Pump A Running
2026-07-30T21:30:00+00:00,Running,1,2829.3,10.62,4.76,62.91,45.73,Pump A Running
2026-07-30T21:45:00+00:00,Running,1,2799.9,10.52,4.77,63.62,45.57,Pump A Running
2026-07-30T22:00:00+00:00,Running,1,2826.1,10.58,4.81,62.21,45.97,Pump A Running
2026-07-30T22:15:00+00:00,Running,1,2619.4,10.69,4.84,63.57,45.92,Pump A Running
2026-07-30T22:30:00+00:00,Running,1,2657.1,10.49,4.97,61.77,45.9,Pump A Running
2026-07-30T22:45:00+00:00,Running,1,2751.0,10.53,4.85,61.69,46.55,Pump A Running
2026-07-30T23:00:00+00:00,Running,1,2757.7,10.66,4.76,62.3,45.94,Pump A Running
2026-07-30T23:15:00+00:00,Running,1,2817.1,10.62,4.94,59.79,46.27,Pump A Running
2026-07-30T23:30:00+00:00,Running,1,2726.8,10.69,4.88,63.6,45.53,Pump A Running
2026-07-30T23:45:00+00:00,Running,1,2723.3,10.61,4.9,61.07,46.36,Pump A Running
2026-07-31T00:00:00+00:00,Running,1,2740.4,10.6,4.77,60.6,46.29,Pump A Running
2026-07-31T00:15:00+00:00,Running,1,2794.5,10.59,4.73,62.81,44.99,Pump A Running
2026-07-31T00:30:00+00:00,Running,1,2798.6,10.63,4.8,60.1,46.47,Pump A Running
2026-07-31T00:45:00+00:00,Running,1,2710.6,10.63,4.69,61.49,45.63,Pump A Running
2026-07-31T01:00:00+00:00,Running,1,2666.7,10.59,4.89,62.6,45.58,Pump A Running
2026-07-31T01:15:00+00:00,Running,1,2711.1,10.49,4.77,62.29,46.48,Pump A Running
2026-07-31T01:30:00+00:00,Running,1,2788.5,10.63,4.73,62.95,45.74,Pump A Running
2026-07-31T01:45:00+00:00,Running,1,2802.5,10.46,4.72,60.71,46.4,Pump A Running
2026-07-31T02:00:00+00:00,Stopped,0,0.0,0.0,0.06,0.0,28.76,Pumps Stopped
2026-07-31T02:15:00+00:00,Stopped,0,0.0,0.0,0.13,0.0,28.82,Pumps Stopped
2026-07-31T02:30:00+00:00,Stopped,0,0.0,0.0,0.16,0.0,29.27,Pumps Stopped
2026-07-31T02:45:00+00:00,Stopped,0,0.0,0.0,0.15,0.0,29.42,Pumps Stopped
2026-07-31T03:00:00+00:00,Stopped,0,0.0,0.0,0.13,0.0,29.19,Pumps Stopped
2026-07-31T03:15:00+00:00,Stopped,0,0.0,0.0,0.11,0.0,29.45,Pumps Stopped
2026-07-31T03:30:00+00:00,Running,1,2802.8,10.64,4.67,62.64,46.37,Pump A Running
2026-07-31T03:45:00+00:00,Running,1,2850.7,10.57,5.0,61.72,45.91,Pump A Running
2026-07-31T04:00:00+00:00,Running,1,2656.6,10.73,4.69,61.75,46.45,Pump A Running
2026-07-31T04:15:00+00:00,Running,1,2658.1,10.48,4.81,61.25,46.12,Pump A Running
2026-07-31T04:30:00+00:00,Running,1,2548.6,10.61,4.79,61.08,46.12,Pump A Running
2026-07-31T04:45:00+00:00,Running,1,2538.3,10.54,4.75,62.35,45.49,Pump A Running
2026-07-31T05:00:00+00:00,Running,1,2701.1,10.68,4.87,60.58,46.06,Pump A Running
2026-07-31T05:15:00+00:00,Running,1,2625.8,10.58,4.78,61.51,45.82,Pump A Running
2026-07-31T05:30:00+00:00,Running,1,2698.7,10.68,4.89,60.91,46.43,Pump A Running
2026-07-31T05:45:00+00:00,Running,1,2552.8,10.7,4.93,61.69,46.44,Pump A Running
2026-07-31T06:00:00+00:00,Running,1,2624.0,10.58,4.79,61.06,45.62,Pump A Running
2026-07-31T06:15:00+00:00,Running,1,2536.0,10.69,4.76,62.67,45.3,Pump A Running
2026-07-31T06:30:00+00:00,Running,1,2751.8,10.59,4.82,62.97,45.95,Pump A Running
2026-07-31T06:45:00+00:00,Running,1,2719.1,10.68,4.88,62.0,46.01,Pump A Running
2026-07-31T07:00:00+00:00,Running,1,2585.2,10.67,4.75,61.81,45.79,Pump A Running
2026-07-31T07:15:00+00:00,Running,1,2570.2,10.65,4.8,62.15,45.7,Pump A Running
2026-07-31T07:30:00+00:00,Running,1,2465.9,10.61,4.65,62.89,45.79,Pump A Running
2026-07-31T07:45:00+00:00,Running,1,2270.0,10.6,4.86,61.45,45.66,Pump A Running
2026-07-31T08:00:00+00:00,Running,1,2565.1,10.57,4.93,62.5,45.45,Pump A Running
2026-07-31T08:15:00+00:00,Running,1,2300.6,10.53,4.76,60.57,46.13,Pump A Running
2026-07-31T08:30:00+00:00,Running,1,2436.3,10.6,4.73,62.78,45.75,Pump A Running
2026-07-31T08:45:00+00:00,Running,1,2573.2,10.54,4.83,62.81,46.44,Pump A Running
2026-07-31T09:00:00+00:00,Running,1,2592.0,10.49,4.71,60.03,46.05,Pump A Running
2026-07-31T09:15:00+00:00,Running,1,2464.3,10.54,4.92,62.24,46.2,Pump A Running
2026-07-31T09:30:00+00:00,Running,1,2538.3,10.5,4.77,61.84,46.51,Pump A Running
2026-07-31T09:45:00+00:00,Running,1,2578.7,10.44,4.8,62.78,45.46,Pump A Running
2026-07-31T10:00:00+00:00,Running,1,2418.2,10.76,4.93,60.57,46.07,Pump A Running
2026-07-31T10:15:00+00:00,Running,1,2605.4,10.51,4.8,61.34,45.86,Pump A Running
2026-07-31T10:30:00+00:00,Running,1,2519.6,10.62,4.69,63.43,45.64,Pump A Running
2026-07-31T10:45:00+00:00,Running,1,2414.8,10.62,4.85,62.06,46.6,Pump A Running
2026-07-31T11:00:00+00:00,Running,1,2575.8,10.6,4.86,60.2,45.6,Pump A Running
2026-07-31T11:15:00+00:00,Running,1,2429.4,10.52,4.92,63.82,45.19,Pump A Running
2026-07-31T11:30:00+00:00,Running,1,2571.8,10.67,4.71,61.94,45.36,Pump A Running
2026-07-31T11:45:00+00:00,Running,1,2534.1,10.7,4.73,62.35,46.34,Pump A Running
2026-07-31T12:00:00+00:00,Running,1,2479.2,10.69,4.94,62.76,45.81,Pump A Running
2026-07-31T12:15:00+00:00,Running,1,2464.5,10.57,4.91,63.01,45.96,Pump A Running
2026-07-31T12:30:00+00:00,Running,1,2442.0,10.72,4.74,62.51,46.2,Pump A Running
2026-07-31T12:45:00+00:00,Running,1,2421.5,10.6,4.82,61.56,46.91,Pump A Running
2026-07-31T13:00:00+00:00,Running,1,2422.8,10.68,4.8,62.5,46.0,Pump A Running
2026-07-31T13:15:00+00:00,Running,1,2401.2,10.6,4.76,61.62,46.18,Pump A Running
2026-07-31T13:30:00+00:00,Running,1,2437.8,10.68,4.74,62.83,46.35,Pump A Running
2026-07-31T13:45:00+00:00,Running,1,2439.2,10.62,4.79,63.61,46.26,Pump A Running
2026-07-31T14:00:00+00:00,Running,1,2526.6,10.47,4.84,63.38,45.68,Pump A Running
2026-07-31T14:15:00+00:00,Running,1,2447.1,10.49,4.81,61.86,46.5,Pump A Running
2026-07-31T14:30:00+00:00,Running,1,2464.0,10.73,4.79,63.2,46.36,Pump A Running
2026-07-31T14:45:00+00:00,Running,1,2231.7,10.59,4.86,62.19,46.45,Pump A Running
2026-07-31T15:00:00+00:00,Running,1,2258.1,10.58,4.61,62.9,46.98,Pump A Running
2026-07-31T15:15:00+00:00,Running,1,2506.8,10.53,4.89,61.52,46.53,Pump A Running
2026-07-31T15:30:00+00:00,Running,1,2436.7,10.55,4.85,62.17,45.82,Pump A Running
2026-07-31T15:45:00+00:00,Running,1,2461.2,10.56,4.71,62.97,46.12,Pump A Running
2026-07-31T16:00:00+00:00,Running,1,2497.7,10.57,4.8,61.6,45.95,Pump A Running
2026-07-31T16:15:00+00:00,Running,1,2220.9,10.55,4.74,61.2,45.98,Pump A Running
2026-07-31T16:30:00+00:00,Running,1,2415.4,10.68,4.74,61.31,46.25,Pump A Running
2026-07-31T16:45:00+00:00,Running,1,2252.0,10.55,4.8,61.81,46.9,Pump A Running
2026-07-31T17:00:00+00:00,Running,1,2412.2,10.69,4.85,61.93,45.74,Pump A Running
2026-07-31T17:15:00+00:00,Running,1,2336.7,10.64,4.72,60.46,46.29,Pump A Running
2026-07-31T17:30:00+00:00,Running,1,2378.7,10.59,4.82,61.98,46.43,Pump A Running
2026-07-31T17:45:00+00:00,Running,1,2243.6,10.47,4.71,61.75,45.78,Pump A Running
2026-07-31T18:00:00+00:00,Running,1,2273.8,10.64,4.87,60.92,46.2,Pump A Running
2026-07-31T18:15:00+00:00,Running,1,2221.1,10.63,5.01,61.16,46.08,Pump A Running
2026-07-31T18:30:00+00:00,Running,1,2467.1,10.6,4.86,60.75,46.14,Pump A Running
2026-07-31T18:45:00+00:00,Running,1,2340.4,10.59,4.76,61.42,46.37,Pump A Running
2026-07-31T19:00:00+00:00,Running,1,2253.7,10.6,4.87,61.87,45.79,Pump A Running
2026-07-31T19:15:00+00:00,Running,1,2420.5,10.64,4.93,60.49,46.48,Pump A Running
2026-07-31T19:30:00+00:00,Running,1,2204.2,10.66,4.83,62.05,45.31,Pump A Running
2026-07-31T19:45:00+00:00,Running,1,2199.4,10.55,4.78,63.11,45.85,Pump A Running
2026-07-31T20:00:00+00:00,Running,1,2322.8,10.64,4.81,62.16,46.16,Pump A Running
2026-07-31T20:15:00+00:00,Running,1,2310.9,10.65,4.73,62.62,45.84,Pump A Running
2026-07-31T20:30:00+00:00,Running,1,2192.3,10.69,4.9,61.0,45.98,Pump A Running
2026-07-31T20:45:00+00:00,Running,1,2142.7,10.55,4.83,61.52,46.3,Pump A Running
2026-07-31T21:00:00+00:00,Running,1,2224.0,10.68,4.9,61.86,45.78,Pump A Running
2026-07-31T21:15:00+00:00,Running,1,2141.2,10.69,4.79,61.16,45.6,Pump A Running
2026-07-31T21:30:00+00:00,Running,1,2160.1,10.69,4.74,61.47,45.73,Pump A Running
2026-07-31T21:45:00+00:00,Running,1,2187.4,10.59,4.81,62.07,46.03,Pump A Running
2026-07-31T22:00:00+00:00,Running,1,2226.2,10.58,4.89,61.19,45.75,Pump A Running
2026-07-31T22:15:00+00:00,Running,1,2276.1,10.6,4.66,62.07,46.09,Pump A Running
2026-07-31T22:30:00+00:00,Running,1,2067.7,10.6,4.73,62.57,46.07,Pump A Running
2026-07-31T22:45:00+00:00,Running,1,2161.5,10.67,4.85,61.17,46.39,Pump A Running
2026-07-31T23:00:00+00:00,Running,1,2174.5,10.63,4.82,62.56,46.54,Pump A Running
2026-07-31T23:15:00+00:00,Running,1,2117.8,10.58,4.77,61.89,45.85,Pump A Running
2026-07-31T23:30:00+00:00,Running,1,2129.5,10.73,4.85,60.4,46.2,Pump A Running
2026-07-31T23:45:00+00:00,Running,1,2206.9,10.61,4.75,61.99,46.73,Pump A Running
2026-08-01T00:00:00+00:00,Running,1,2127.5,10.61,4.67,62.6,45.77,Pump A Running
2026-08-01T00:15:00+00:00,Running,1,2076.7,10.52,4.78,64.16,45.51,Pump A Running
2026-08-01T00:30:00+00:00,Running,1,2070.2,10.62,4.79,60.85,45.82,Pump A Running
2026-08-01T00:45:00+00:00,Running,1,2186.2,10.58,4.74,62.13,45.87,Pump A Running
2026-08-01T01:00:00+00:00,Running,1,2309.8,10.54,4.76,63.42,45.89,Pump A Running
2026-08-01T01:15:00+00:00,Running,1,2221.3,10.51,4.82,61.37,45.64,Pump A Running
2026-08-01T01:30:00+00:00,Running,1,1960.9,10.47,4.84,62.85,45.74,Pump A Running
2026-08-01T01:45:00+00:00,Running,1,2062.3,10.61,4.77,62.15,46.38,Pump A Running
2026-08-01T02:00:00+00:00,Stopped,0,0.0,0.0,0.14,0.0,28.85,Pumps Stopped
2026-08-01T02:15:00+00:00,Stopped,0,0.0,0.0,0.13,0.0,28.91,Pumps Stopped
2026-08-01T02:30:00+00:00,Stopped,0,0.0,0.0,0.17,0.0,28.58,Pumps Stopped
2026-08-01T02:45:00+00:00,Stopped,0,0.0,0.0,0.14,0.0,29.08,Pumps Stopped
2026-08-01T03:00:00+00:00,Stopped,0,0.0,0.0,0.12,0.0,28.93,Pumps Stopped
2026-08-01T03:15:00+00:00,Stopped,0,0.0,0.0,0.12,0.0,28.6,Pumps Stopped
2026-08-01T03:30:00+00:00,Running,1,2127.4,10.57,4.85,62.9,45.82,Pump A Running
2026-08-01T03:45:00+00:00,Running,1,2304.1,10.7,4.96,61.87,46.17,Pump A Running
2026-08-01T04:00:00+00:00,Running,1,2139.3,10.63,4.83,62.6,46.4,Pump A Running
2026-08-01T04:15:00+00:00,Running,1,2163.7,10.62,4.69,62.75,46.22,Pump A Running
2026-08-01T04:30:00+00:00,Running,1,2299.0,10.65,4.86,62.41,45.8,Pump A Running
2026-08-01T04:45:00+00:00,Running,1,2175.9,10.55,4.8,61.9,46.57,Pump A Running
2026-08-01T05:00:00+00:00,Running,1,2104.0,10.6,4.77,63.02,45.64,Pump A Running
2026-08-01T05:15:00+00:00,Running,1,2189.5,10.59,4.82,61.03,46.31,Pump A Running
2026-08-01T05:30:00+00:00,Running,1,2220.8,10.61,4.82,60.44,46.17,Pump A Running
2026-08-01T05:45:00+00:00,Running,1,2166.0,10.71,4.84,60.65,46.27,Pump A Running
2026-08-01T06:00:00+00:00,Running,1,2204.2,10.6,4.95,61.18,45.77,Pump A Running
2026-08-01T06:15:00+00:00,Running,1,2053.9,10.45,4.75,60.91,45.62,Pump A Running
2026-08-01T06:30:00+00:00,Running,1,2177.5,10.54,4.89,62.1,45.71,Pump A Running
2026-08-01T06:45:00+00:00,Running,1,2184.5,10.65,4.73,63.02,45.98,Pump A Running
2026-08-01T07:00:00+00:00,Running,1,2342.8,10.59,4.95,61.81,46.21,Pump A Running
2026-08-01T07:15:00+00:00,Running,1,2131.1,10.58,4.81,61.97,46.04,Pump A Running
2026-08-01T07:30:00+00:00,Running,1,2078.2,10.52,4.95,62.03,46.7,Pump A Running
2026-08-01T07:45:00+00:00,Running,1,2131.8,10.72,4.75,61.25,46.25,Pump A Running
2026-08-01T08:00:00+00:00,Running,1,2157.2,10.65,4.91,61.21,46.5,Pump A Running
2026-08-01T08:15:00+00:00,Running,1,2213.9,10.6,4.79,62.65,45.47,Pump A Running
2026-08-01T08:30:00+00:00,Running,1,2101.5,10.49,4.83,60.66,46.78,Pump A Running
2026-08-01T08:45:00+00:00,Running,1,2272.7,10.68,4.71,62.29,46.7,Pump A Running
2026-08-01T09:00:00+00:00,Running,1,2260.4,10.62,4.76,61.81,45.49,Pump A Running
2026-08-01T09:15:00+00:00,Running,1,2140.7,10.66,4.84,61.37,46.58,Pump A Running
2026-08-01T09:30:00+00:00,Running,1,2283.7,10.63,4.68,60.49,46.5,Pump A Running
2026-08-01T09:45:00+00:00,Running,1,2217.7,10.58,4.66,62.87,45.86,Pump A Running
2026-08-01T10:00:00+00:00,Running,1,2209.6,10.56,4.79,61.85,45.57,Pump A Running
2026-08-01T10:15:00+00:00,Running,1,2131.1,10.58,4.75,59.39,45.68,Pump A Running
2026-08-01T10:30:00+00:00,Running,1,2167.1,10.65,4.9,63.34,45.88,Pump A Running
2026-08-01T10:45:00+00:00,Running,1,2211.5,10.6,4.97,59.92,45.63,Pump A Running
2026-08-01T11:00:00+00:00,Running,1,2147.2,10.66,4.84,62.46,45.71,Pump A Running
2026-08-01T11:15:00+00:00,Running,1,2174.2,10.6,4.92,61.55,45.94,Pump A Running
2026-08-01T11:30:00+00:00,Running,1,2026.5,10.51,4.89,61.78,45.6,Pump A Running
2026-08-01T11:45:00+00:00,Running,1,1987.5,10.53,4.81,63.17,46.43,Pump A Running
2026-08-01T12:00:00+00:00,Running,1,2303.1,10.58,4.82,61.32,45.87,Pump A Running
2026-08-01T12:15:00+00:00,Running,1,2088.8,10.57,4.9,61.54,45.93,Pump A Running
2026-08-01T12:30:00+00:00,Running,1,2060.2,10.5,4.75,61.0,46.6,Pump A Running
2026-08-01T12:45:00+00:00,Running,1,2016.1,10.64,4.81,64.08,46.27,Pump A Running
2026-08-01T13:00:00+00:00,Running,1,2191.2,10.61,4.85,61.26,45.79,Pump A Running
2026-08-01T13:15:00+00:00,Running,1,2278.7,10.63,4.78,62.51,45.93,Pump A Running
2026-08-01T13:30:00+00:00,Running,1,2199.2,10.66,4.85,61.44,45.67,Pump A Running
2026-08-01T13:45:00+00:00,Running,1,2205.7,10.51,4.87,62.42,46.49,Pump A Running
2026-08-01T14:00:00+00:00,Running,1,1882.2,10.6,4.72,60.43,46.16,Pump A Running
2026-08-01T14:15:00+00:00,Running,1,2242.5,10.52,4.83,62.75,45.55,Pump A Running
2026-08-01T14:30:00+00:00,Running,1,2193.3,10.54,4.84,62.98,46.07,Pump A Running
2026-08-01T14:45:00+00:00,Running,1,2263.4,10.56,4.89,61.65,45.62,Pump A Running
2026-08-01T15:00:00+00:00,Running,1,2339.4,10.51,4.93,62.33,45.62,Pump A Running
2026-08-01T15:15:00+00:00,Running,1,2252.9,10.68,4.82,61.64,45.64,Pump A Running
2026-08-01T15:30:00+00:00,Running,1,2118.3,10.65,4.69,62.98,45.73,Pump A Running
2026-08-01T15:45:00+00:00,Running,1,2343.3,10.64,4.66,61.4,45.81,Pump A Running
2026-08-01T16:00:00+00:00,Running,1,2270.7,10.69,4.82,60.78,45.91,Pump A Running
2026-08-01T16:15:00+00:00,Running,1,2203.7,10.54,4.86,62.63,45.92,Pump A Running
2026-08-01T16:30:00+00:00,Running,1,2281.7,10.62,4.79,64.47,45.84,Pump A Running
2026-08-01T16:45:00+00:00,Running,1,2172.3,10.57,4.78,61.86,45.91,Pump A Running
2026-08-01T17:00:00+00:00,Running,1,2344.6,10.45,4.89,61.35,44.99,Pump A Running
2026-08-01T17:15:00+00:00,Running,1,2285.5,10.64,4.77,61.77,46.27,Pump A Running
2026-08-01T17:30:00+00:00,Running,1,2256.3,10.5,4.86,62.25,45.89,Pump A Running
2026-08-01T17:45:00+00:00,Running,1,2243.1,10.66,4.95,63.74,46.13,Pump A Running
2026-08-01T18:00:00+00:00,Running,1,2309.7,10.63,4.86,61.39,46.21,Pump A Running
2026-08-01T18:15:00+00:00,Running,1,2187.8,10.49,4.71,61.44,46.11,Pump A Running
2026-08-01T18:30:00+00:00,Running,1,2249.6,10.48,4.84,63.15,45.32,Pump A Running
2026-08-01T18:45:00+00:00,Running,1,2235.2,10.68,4.83,62.12,45.87,Pump A Running
2026-08-01T19:00:00+00:00,Running,1,2244.8,10.68,4.89,62.98,45.77,Pump A Running
2026-08-01T19:15:00+00:00,Running,1,2508.3,10.66,4.9,61.0,46.2,Pump A Running
2026-08-01T19:30:00+00:00,Running,1,2299.5,10.61,4.88,61.62,45.42,Pump A Running
2026-08-01T19:45:00+00:00,Running,1,2268.2,10.46,4.77,61.2,46.53,Pump A Running
2026-08-01T20:00:00+00:00,Running,1,2446.3,10.6,4.8,62.33,46.35,Pump A Running
2026-08-01T20:15:00+00:00,Running,1,2212.5,10.57,4.8,62.25,45.89,Pump A Running
2026-08-01T20:30:00+00:00,Running,1,2342.9,10.68,4.88,61.96,46.71,Pump A Running
2026-08-01T20:45:00+00:00,Running,1,2384.4,10.56,4.86,60.62,45.49,Pump A Running
2026-08-01T21:00:00+00:00,Running,1,2562.8,10.58,4.8,62.22,45.86,Pump A Running
2026-08-01T21:15:00+00:00,Running,1,2492.3,10.68,4.8,62.13,45.76,Pump A Running
2026-08-01T21:30:00+00:00,Running,1,2391.3,10.68,4.89,62.88,45.99,Pump A Running
2026-08-01T21:45:00+00:00,Running,1,2457.3,10.55,4.65,62.49,45.65,Pump A Running
2026-08-01T22:00:00+00:00,Running,1,2418.7,10.55,4.81,62.51,46.18,Pump A Running
2026-08-01T22:15:00+00:00,Running,1,2398.7,10.71,4.84,61.64,46.18,Pump A Running
2026-08-01T22:30:00+00:00,Running,1,2608.5,10.58,4.79,61.93,46.36,Pump A Running
2026-08-01T22:45:00+00:00,Running,1,2430.1,10.57,4.71,61.13,45.71,Pump A Running
2026-08-01T23:00:00+00:00,Running,1,2565.0,10.48,4.81,61.8,45.99,Pump A Running
2026-08-01T23:15:00+00:00,Running,1,2406.0,10.63,4.83,63.19,45.68,Pump A Running
2026-08-01T23:30:00+00:00,Running,1,2476.5,10.7,4.7,62.31,46.28,Pump A Running
2026-08-01T23:45:00+00:00,Running,1,2546.5,10.6,4.8,61.43,45.8,Pump A Running
2026-08-02T00:00:00+00:00,Running,1,2471.9,10.66,4.79,63.28,46.22,Pump A Running
2026-08-02T00:15:00+00:00,Running,1,2430.3,10.65,4.69,60.41,46.68,Pump A Running
2026-08-02T00:30:00+00:00,Running,1,2466.3,10.6,4.74,61.83,45.74,Pump A Running
2026-08-02T00:45:00+00:00,Running,1,2516.2,10.58,4.93,61.88,46.2,Pump A Running
2026-08-02T01:00:00+00:00,Running,1,2396.2,10.66,4.89,60.12,45.72,Pump A Running
2026-08-02T01:15:00+00:00,Running,1,2568.4,10.71,4.9,60.17,46.5,Pump A Running
2026-08-02T01:30:00+00:00,Running,1,2342.6,10.63,4.82,61.07,45.53,Pump A Running
2026-08-02T01:45:00+00:00,Running,1,2453.1,10.59,4.82,62.63,46.11,Pump A Running
2026-08-02T02:00:00+00:00,Stopped,0,0.0,0.0,0.16,0.0,28.63,Pumps Stopped
2026-08-02T02:15:00+00:00,Stopped,0,0.0,0.0,0.09,0.0,29.23,Pumps Stopped
2026-08-02T02:30:00+00:00,Stopped,0,0.0,0.0,0.11,0.0,28.98,Pumps Stopped
2026-08-02T02:45:00+00:00,Stopped,0,0.0,0.0,0.13,0.0,29.09,Pumps Stopped
2026-08-02T03:00:00+00:00,Stopped,0,0.0,0.0,0.05,0.0,28.8,Pumps Stopped
2026-08-02T03:15:00+00:00,Stopped,0,0.0,0.0,0.16,0.0,28.52,Pumps Stopped
2026-08-02T03:30:00+00:00,Running,1,2343.9,10.61,4.69,63.13,46.12,Pump A Running
2026-08-02T03:45:00+00:00,Running,1,2605.8,10.56,4.75,62.65,46.31,Pump A Running
2026-08-02T04:00:00+00:00,Running,1,2513.7,10.55,4.83,58.95,45.8,Pump A Running
2026-08-02T04:15:00+00:00,Running,1,2553.2,10.66,4.76,62.64,45.84,Pump A Running
2026-08-02T04:30:00+00:00,Running,1,2520.7,10.61,4.81,59.97,45.78,Pump A Running
2026-08-02T04:45:00+00:00,Running,1,2660.7,10.57,4.73,60.64,45.7,Pump A Running
2026-08-02T05:00:00+00:00,Running,1,2726.6,10.6,5.03,63.48,46.07,Pump A Running
2026-08-02T05:15:00+00:00,Running,1,2691.4,10.69,4.74,62.06,45.37,Pump A Running
2026-08-02T05:30:00+00:00,Running,1,2616.1,10.72,4.87,62.47,46.45,Pump A Running
2026-08-02T05:45:00+00:00,Running,1,2651.3,10.61,4.91,62.64,46.34,Pump A Running
2026-08-02T06:00:00+00:00,Running,1,2695.6,10.59,4.79,60.98,45.88,Pump A Running
2026-08-02T06:15:00+00:00,Running,1,2646.7,10.49,4.69,61.16,46.4,Pump A Running
2026-08-02T06:30:00+00:00,Running,1,2588.9,10.52,4.74,63.33,45.99,Pump A Running
2026-08-02T06:45:00+00:00,Running,1,2739.4,10.6,4.88,62.33,46.28,Pump A Running
2026-08-02T07:00:00+00:00,Running,1,2601.8,10.61,4.76,60.75,45.76,Pump A Running
2026-08-02T07:15:00+00:00,Running,1,2689.7,10.67,4.86,62.17,45.51,Pump A Running
2026-08-02T07:30:00+00:00,Running,1,2590.8,10.66,4.85,62.83,46.44,Pump A Running
2026-08-02T07:45:00+00:00,Running,1,2646.8,10.7,4.75,63.01,45.82,Pump A Running
2026-08-02T08:00:00+00:00,Running,1,2662.2,10.59,4.8,61.2,45.92,Pump A Running
2026-08-02T08:15:00+00:00,Running,1,2583.2,10.53,4.87,61.2,46.02,Pump A Running
2026-08-02T08:30:00+00:00,Running,1,2480.2,10.6,4.78,61.64,45.98,Pump A Running
2026-08-02T08:45:00+00:00,Running,1,2694.1,10.54,4.9,61.11,46.27,Pump A Running
2026-08-02T09:00:00+00:00,Running,1,2814.0,10.6,4.77,62.53,45.81,Pump A Running
2026-08-02T09:15:00+00:00,Running,1,2740.3,10.62,4.93,62.45,46.31,Pump A Running
2026-08-02T09:30:00+00:00,Running,1,2800.3,10.53,4.87,61.49,46.52,Pump A Running
2026-08-02T09:45:00+00:00,Running,1,2718.2,10.66,4.62,60.23,45.69,Pump A Running
2026-08-02T10:00:00+00:00,Running,1,2883.0,10.57,4.83,62.75,45.84,Pump A Running
2026-08-02T10:15:00+00:00,Running,1,2696.5,10.63,4.86,61.93,45.63,Pump A Running
2026-08-02T10:30:00+00:00,Running,1,2721.7,10.6,4.75,61.68,45.74,Pump A Running
2026-08-02T10:45:00+00:00,Running,1,2664.3,10.62,4.75,61.91,46.02,Pump A Running
2026-08-02T11:00:00+00:00,Running,1,2583.3,10.55,4.68,62.8,45.88,Pump A Running
2026-08-02T11:15:00+00:00,Running,1,2699.5,10.55,4.92,61.12,45.8,Pump A Running
2026-08-02T11:30:00+00:00,Running,1,2757.0,10.62,4.76,60.75,45.9,Pump A Running
2026-08-02T11:45:00+00:00,Running,1,2705.5,10.62,4.77,62.41,45.62,Pump A Running
2026-08-02T12:00:00+00:00,Running,1,2691.7,10.63,4.72,61.06,45.97,Pump A Running
2026-08-02T12:15:00+00:00,Running,1,2777.6,10.54,4.75,62.07,45.84,Pump A Running
2026-08-02T12:30:00+00:00,Running,1,2746.5,10.68,4.75,61.39,46.28,Pump A Running
2026-08-02T12:45:00+00:00,Running,1,2813.0,10.51,4.85,62.58,45.61,Pump A Running
2026-08-02T13:00:00+00:00,Running,1,2702.9,10.73,4.7,60.11,45.68,Pump A Running
2026-08-02T13:15:00+00:00,Running,1,2532.5,10.65,4.88,62.88,46.23,Pump A Running
2026-08-02T13:30:00+00:00,Running,1,2694.4,10.62,4.88,61.56,45.85,Pump A Running
2026-08-02T13:45:00+00:00,Running,1,2664.3,10.58,4.82,61.54,45.71,Pump A Running
2026-08-02T14:00:00+00:00,Running,1,2789.5,10.55,4.68,60.51,46.23,Pump A Running
2026-08-02T14:15:00+00:00,Running,1,2764.9,10.73,4.88,62.95,46.31,Pump A Running
2026-08-02T14:30:00+00:00,Running,1,2727.7,10.5,4.78,60.83,45.73,Pump A Running
2026-08-02T14:45:00+00:00,Running,1,2814.7,10.6,4.87,62.17,46.63,Pump A Running
2026-08-02T15:00:00+00:00,Running,1,2863.7,10.65,4.8,62.07,46.03,Pump A Running
2026-08-02T15:15:00+00:00,Running,1,2749.5,10.74,4.97,61.63,46.09,Pump A Running
2026-08-02T15:30:00+00:00,Running,1,2583.5,10.65,4.74,62.3,45.85,Pump A Running
2026-08-02T15:45:00+00:00,Running,1,2742.8,10.45,4.83,63.12,46.29,Pump A Running
2026-08-02T16:00:00+00:00,Running,1,2825.9,10.63,4.8,59.93,45.87,Pump A Running
2026-08-02T16:15:00+00:00,Running,1,2791.2,10.68,4.86,62.94,46.13,Pump A Running
2026-08-02T16:30:00+00:00,Running,1,2807.4,10.71,4.87,61.67,46.74,Pump A Running
2026-08-02T16:45:00+00:00,Running,1,2700.5,10.52,4.83,62.92,45.26,Pump A Running
2026-08-02T17:00:00+00:00,Running,1,2795.3,10.6,4.79,60.71,46.29,Pump A Running
2026-08-02T17:15:00+00:00,Running,1,2666.2,10.46,4.9,60.87,46.09,Pump A Running
2026-08-02T17:30:00+00:00,Running,1,2916.5,10.7,4.89,62.19,45.82,Pump A Running
2026-08-02T17:45:00+00:00,Running,1,2767.8,10.64,4.79,61.42,45.72,Pump A Running
2026-08-02T18:00:00+00:00,Running,1,2760.1,10.56,4.77,62.69,46.38,Pump A Running
2026-08-02T18:15:00+00:00,Running,1,2759.2,10.61,4.9,61.79,46.07,Pump A Running
2026-08-02T18:30:00+00:00,Running,1,2889.6,10.55,4.88,62.87,46.38,Pump A Running
2026-08-02T18:45:00+00:00,Running,1,2632.9,10.58,4.78,63.09,45.75,Pump A Running
2026-08-02T19:00:00+00:00,Running,1,2602.6,10.53,4.82,63.13,46.22,Pump A Running
2026-08-02T19:15:00+00:00,Running,1,2726.8,10.52,4.81,61.91,46.43,Pump A Running
2026-08-02T19:30:00+00:00,Running,1,2736.5,10.54,4.78,61.98,46.05,Pump A Running
2026-08-02T19:45:00+00:00,Running,1,2711.6,10.61,4.73,62.31,45.86,Pump A Running
2026-08-02T20:00:00+00:00,Running,1,2949.3,10.78,4.74,61.01,46.57,Pump A Running
2026-08-02T20:15:00+00:00,Running,1,2845.3,10.7,4.9,62.45,45.65,Pump A Running
2026-08-02T20:30:00+00:00,Running,1,2694.7,10.52,4.84,61.55,46.01,Pump A Running
2026-08-02T20:45:00+00:00,Running,1,2714.0,10.53,4.9,61.66,46.6,Pump A Running
2026-08-02T21:00:00+00:00,Running,1,2739.2,10.7,4.94,60.34,46.23,Pump A Running
2026-08-02T21:15:00+00:00,Running,1,2641.0,10.59,4.93,61.97,45.49,Pump A Running
2026-08-02T21:30:00+00:00,Running,1,2676.1,10.6,4.82,60.89,45.51,Pump A Running
2026-08-02T21:45:00+00:00,Running,1,2880.6,10.67,4.77,64.14,46.81,Pump A Running
2026-08-02T22:00:00+00:00,Running,1,2703.6,10.49,4.7,60.23,45.46,Pump A Running
2026-08-02T22:15:00+00:00,Running,1,2607.5,10.63,4.77,61.05,46.4,Pump A Running
2026-08-02T22:30:00+00:00,Running,1,2883.3,10.57,4.83,64.33,45.93,Pump A Running
2026-08-02T22:45:00+00:00,Running,1,2782.0,10.64,4.68,61.42,46.26,Pump A Running
2026-08-02T23:00:00+00:00,Running,1,2683.4,10.58,4.78,61.78,45.36,Pump A Running
2026-08-02T23:15:00+00:00,Running,1,2812.9,10.57,4.81,63.14,46.0,Pump A Running
2026-08-02T23:30:00+00:00,Running,1,2646.7,10.52,4.86,59.42,46.77,Pump A Running
2026-08-02T23:45:00+00:00,Running,1,2727.4,10.62,4.7,63.0,46.17,Pump A Running
2026-08-03T00:00:00+00:00,Running,1,2643.0,10.58,4.85,61.07,45.8,Pump A Running
2026-08-03T00:15:00+00:00,Running,1,2723.7,10.48,4.89,61.35,45.65,Pump A Running
2026-08-03T00:30:00+00:00,Running,1,2945.1,10.56,4.74,61.57,46.15,Pump A Running
2026-08-03T00:45:00+00:00,Running,1,2766.7,10.48,4.74,61.8,46.58,Pump A Running
2026-08-03T01:00:00+00:00,Running,1,2654.2,10.53,4.86,63.16,46.52,Pump A Running
2026-08-03T01:15:00+00:00,Running,1,2709.6,10.54,4.87,61.36,46.21,Pump A Running
2026-08-03T01:30:00+00:00,Running,1,2587.2,10.64,4.89,61.54,45.62,Pump A Running
2026-08-03T01:45:00+00:00,Running,1,2608.4,10.57,4.69,62.62,46.48,Pump A Running
2026-08-03T02:00:00+00:00,Stopped,0,0.0,0.0,0.12,0.0,29.01,Pumps Stopped
2026-08-03T02:15:00+00:00,Stopped,0,0.0,0.0,0.08,0.0,29.04,Pumps Stopped
2026-08-03T02:30:00+00:00,Stopped,0,0.0,0.0,0.12,0.0,29.28,Pumps Stopped
2026-08-03T02:45:00+00:00,Stopped,0,0.0,0.0,0.13,0.0,28.85,Pumps Stopped
2026-08-03T03:00:00+00:00,Stopped,0,0.0,0.0,0.08,0.0,28.68,Pumps Stopped
2026-08-03T03:15:00+00:00,Stopped,0,0.0,0.0,0.19,0.0,28.82,Pumps Stopped
2026-08-03T03:30:00+00:00,Running,1,2694.7,10.54,4.73,61.79,45.68,Pump A Running
2026-08-03T03:45:00+00:00,Running,1,2693.4,10.5,4.8,61.78,46.28,Pump A Running
2026-08-03T04:00:00+00:00,Running,1,2396.3,10.55,4.82,61.61,46.41,Pump A Running
2026-08-03T04:15:00+00:00,Running,1,2678.2,10.42,4.7,62.33,46.62,Pump A Running
2026-08-03T04:30:00+00:00,Running,1,2641.7,10.54,4.69,61.11,45.41,Pump A Running
2026-08-03T04:45:00+00:00,Running,1,2694.9,10.63,4.82,61.22,46.2,Pump A Running
2026-08-03T05:00:00+00:00,Running,1,2723.2,10.54,4.75,61.69,45.79,Pump A Running
2026-08-03T05:15:00+00:00,Running,1,2612.7,10.47,4.87,62.98,45.93,Pump A Running
2026-08-03T05:30:00+00:00,Running,1,2487.9,10.56,4.8,62.19,45.65,Pump A Running
2026-08-03T05:45:00+00:00,Running,1,2647.9,10.65,4.78,63.72,45.79,Pump A Running
2026-08-03T06:00:00+00:00,Running,1,2670.5,10.66,4.69,62.96,46.46,Pump A Running
2026-08-03T06:15:00+00:00,Running,1,2743.6,10.61,4.84,60.22,46.12,Pump A Running
2026-08-03T06:30:00+00:00,Running,1,2690.2,10.57,4.82,61.53,45.96,Pump A Running
2026-08-03T06:45:00+00:00,Running,1,2604.9,10.65,4.84,61.8,45.41,Pump A Running
2026-08-03T07:00:00+00:00,Running,1,2638.8,10.59,4.77,61.96,46.27,Pump A Running
2026-08-03T07:15:00+00:00,Running,1,2506.3,10.65,4.85,62.33,46.17,Pump A Running
2026-08-03T07:30:00+00:00,Running,1,2500.1,10.65,4.88,63.26,45.32,Pump A Running
2026-08-03T07:45:00+00:00,Running,1,2541.3,10.62,4.81,62.23,45.61,Pump A Running
2026-08-03T08:00:00+00:00,Running,1,2677.5,10.62,4.78,60.67,46.12,Pump A Running
2026-08-03T08:15:00+00:00,Running,1,2590.8,10.79,4.88,61.74,45.49,Pump A Running
2026-08-03T08:30:00+00:00,Running,1,2715.1,10.47,4.79,63.65,46.09,Pump A Running
2026-08-03T08:45:00+00:00,Running,1,2520.7,10.58,4.85,64.37,46.56,Pump A Running
2026-08-03T09:00:00+00:00,Running,1,2482.6,10.59,4.77,61.59,45.8,Pump A Running
2026-08-03T09:15:00+00:00,Running,1,2456.4,10.68,4.74,63.42,46.05,Pump A Running
2026-08-03T09:30:00+00:00,Running,1,2562.9,10.74,4.82,62.39,44.99,Pump A Running
2026-08-03T09:45:00+00:00,Running,1,2475.0,10.57,4.8,62.75,45.71,Pump A Running
2026-08-03T10:00:00+00:00,Running,1,2300.6,10.69,4.81,62.1,45.65,Pump A Running
2026-08-03T10:15:00+00:00,Running,1,2426.1,10.63,4.89,61.19,46.14,Pump A Running
2026-08-03T10:30:00+00:00,Running,1,2506.4,10.65,4.7,63.21,45.61,Pump A Running
2026-08-03T10:45:00+00:00,Running,1,2448.0,10.56,4.79,60.66,46.15,Pump A Running
2026-08-03T11:00:00+00:00,Running,1,2493.6,10.52,4.82,62.59,45.66,Pump A Running
2026-08-03T11:15:00+00:00,Running,1,2351.7,10.59,4.9,62.76,45.62,Pump A Running
2026-08-03T11:30:00+00:00,Running,1,2531.9,10.59,4.69,61.57,45.19,Pump A Running
2026-08-03T11:45:00+00:00,Running,1,2458.3,10.6,4.76,63.79,45.72,Pump A Running
2026-08-03T12:00:00+00:00,Running,1,2364.0,10.61,4.77,61.76,46.73,Pump A Running
2026-08-03T12:15:00+00:00,Running,1,2470.6,10.48,4.9,62.73,45.48,Pump A Running
2026-08-03T12:30:00+00:00,Running,1,2346.0,10.43,4.79,63.45,45.97,Pump A Running
2026-08-03T12:45:00+00:00,Running,1,2526.8,10.65,4.88,64.32,45.59,Pump A Running
2026-08-03T13:00:00+00:00,Running,1,2398.1,10.64,4.96,61.75,46.43,Pump A Running
2026-08-03T13:15:00+00:00,Running,1,2347.9,10.56,4.79,61.39,46.38,Pump A Running
2026-08-03T13:30:00+00:00,Running,1,2364.5,10.53,4.9,60.63,45.45,Pump A Running
2026-08-03T13:45:00+00:00,Running,1,2442.6,10.55,4.8,63.19,46.5,Pump A Running
2026-08-03T14:00:00+00:00,Running,1,2444.7,10.74,4.79,61.47,44.65,Pump A Running
2026-08-03T14:15:00+00:00,Running,1,2399.2,10.59,4.84,60.66,46.18,Pump A Running
2026-08-03T14:30:00+00:00,Running,1,2374.9,10.59,4.9,60.38,45.87,Pump A Running
2026-08-03T14:45:00+00:00,Running,1,2321.9,10.66,4.9,62.7,45.78,Pump A Running
2026-08-03T15:00:00+00:00,Running,1,2372.6,10.64,4.72,62.34,45.74,Pump A Running
2026-08-03T15:15:00+00:00,Running,1,2406.0,10.62,4.92,61.87,45.53,Pump A Running
2026-08-03T15:30:00+00:00,Running,1,2527.1,10.63,4.84,61.21,46.25,Pump A Running
2026-08-03T15:45:00+00:00,Running,1,2345.9,10.73,4.73,61.09,46.06,Pump A Running
2026-08-03T16:00:00+00:00,Running,1,2365.2,10.65,4.83,60.97,45.76,Pump A Running
2026-08-03T16:15:00+00:00,Running,1,2522.9,10.52,4.83,60.35,46.56,Pump A Running
2026-08-03T16:30:00+00:00,Running,1,2185.4,10.6,4.9,63.76,46.04,Pump A Running
2026-08-03T16:45:00+00:00,Running,1,2263.1,10.57,4.78,61.54,45.82,Pump A Running
2026-08-03T17:00:00+00:00,Running,1,2320.3,10.55,4.82,63.22,46.72,Pump A Running
2026-08-03T17:15:00+00:00,Running,1,2321.5,10.6,4.67,61.27,45.97,Pump A Running
2026-08-03T17:30:00+00:00,Running,1,2313.0,10.68,4.75,61.05,45.94,Pump A Running
2026-08-03T17:45:00+00:00,Running,1,2379.4,10.58,4.78,63.38,45.46,Pump A Running
2026-08-03T18:00:00+00:00,Running,1,2218.7,10.6,4.85,60.76,45.27,Pump A Running
2026-08-03T18:15:00+00:00,Running,1,2190.7,10.61,4.78,62.7,45.8,Pump A Running
2026-08-03T18:30:00+00:00,Running,1,2234.8,10.55,4.73,61.01,46.29,Pump A Running
2026-08-03T18:45:00+00:00,Running,1,2252.5,10.53,4.75,60.6,45.39,Pump A Running
2026-08-03T19:00:00+00:00,Running,1,2215.1,10.46,4.79,61.53,46.69,Pump A Running
2026-08-03T19:15:00+00:00,Running,1,2391.5,10.61,4.71,61.02,45.79,Pump A Running
2026-08-03T19:30:00+00:00,Running,1,2104.7,10.68,4.81,63.64,46.11,Pump A Running
2026-08-03T19:45:00+00:00,Running,1,2458.1,10.68,4.76,62.94,46.14,Pump A Running
2026-08-03T20:00:00+00:00,Running,1,2186.2,10.6,4.79,62.05,46.02,Pump A Running
2026-08-03T20:15:00+00:00,Running,1,2206.9,10.63,4.76,61.44,45.68,Pump A Running
2026-08-03T20:30:00+00:00,Running,1,2224.1,10.61,4.7,62.72,45.41,Pump A Running
2026-08-03T20:45:00+00:00,Running,1,2228.6,10.62,4.87,62.11,45.55,Pump A Running
2026-08-03T21:00:00+00:00,Running,1,2284.0,10.67,4.69,60.56,46.3,Pump A Running
2026-08-03T21:15:00+00:00,Running,1,2434.4,10.65,4.65,61.25,46.07,Pump A Running
2026-08-03T21:30:00+00:00,Running,1,2258.7,10.59,4.81,63.69,46.53,Pump A Running
2026-08-03T21:45:00+00:00,Running,1,2300.8,10.63,4.7,61.6,45.79,Pump A Running
2026-08-03T22:00:00+00:00,Running,1,2146.8,10.56,4.78,62.1,46.04,Pump A Running
2026-08-03T22:15:00+00:00,Running,1,2258.6,10.58,4.86,61.9,45.71,Pump A Running
2026-08-03T22:30:00+00:00,Running,1,2098.3,10.59,4.79,62.15,46.33,Pump A Running
2026-08-03T22:45:00+00:00,Running,1,2195.6,10.65,4.78,61.52,45.41,Pump A Running
2026-08-03T23:00:00+00:00,Running,1,2098.2,10.62,4.73,62.33,45.95,Pump A Running
2026-08-03T23:15:00+00:00,Running,1,2156.8,10.69,4.77,62.17,46.17,Pump A Running
2026-08-03T23:30:00+00:00,Running,1,2164.0,10.74,4.96,63.11,45.13,Pump A Running
2026-08-03T23:45:00+00:00,Running,1,2207.8,10.74,4.96,61.57,46.55,Pump A Running
2026-08-04T00:00:00+00:00,Running,1,2155.4,10.57,4.89,59.32,45.87,Pump A Running
2026-08-04T00:15:00+00:00,Running,1,2282.0,10.66,4.72,62.07,45.84,Pump A Running
2026-08-04T00:30:00+00:00,Running,1,2104.0,10.46,4.99,63.09,46.16,Pump A Running
2026-08-04T00:45:00+00:00,Running,1,2249.5,10.61,4.77,62.06,46.15,Pump A Running
2026-08-04T01:00:00+00:00,Running,1,2057.1,10.55,4.77,61.7,45.25,Pump A Running
2026-08-04T01:15:00+00:00,Running,1,2209.8,10.63,4.83,61.03,45.99,Pump A Running
2026-08-04T01:30:00+00:00,Running,1,2036.2,10.69,4.93,61.54,45.99,Pump A Running
2026-08-04T01:45:00+00:00,Running,1,2201.7,10.61,4.78,60.57,45.51,Pump A Running
2026-08-04T02:00:00+00:00,Stopped,0,0.0,0.0,0.08,0.0,29.35,Pumps Stopped
2026-08-04T02:15:00+00:00,Stopped,0,0.0,0.0,0.14,0.0,28.67,Pumps Stopped
2026-08-04T02:30:00+00:00,Stopped,0,0.0,0.0,0.1,0.0,28.58,Pumps Stopped
2026-08-04T02:45:00+00:00,Stopped,0,0.0,0.0,0.12,0.0,29.5,Pumps Stopped
2026-08-04T03:00:00+00:00,Stopped,0,0.0,0.0,0.11,0.0,29.35,Pumps Stopped
2026-08-04T03:15:00+00:00,Stopped,0,0.0,0.0,0.09,0.0,28.99,Pumps Stopped
2026-08-04T03:30:00+00:00,Running,1,2177.8,10.63,4.79,64.27,45.99,Pump A Running
2026-08-04T03:45:00+00:00,Running,1,2219.0,10.62,4.93,61.06,46.24,Pump A Running
2026-08-04T04:00:00+00:00,Running,1,2133.2,10.6,4.8,63.42,45.66,Pump A Running
2026-08-04T04:15:00+00:00,Running,1,2235.8,10.65,4.86,61.89,45.62,Pump A Running
2026-08-04T04:30:00+00:00,Running,1,1998.6,10.4,4.72,62.38,46.12,Pump A Running
2026-08-04T04:45:00+00:00,Running,1,2215.1,10.6,4.82,61.78,45.68,Pump A Running
2026-08-04T05:00:00+00:00,Running,1,2060.4,10.63,4.72,61.22,45.74,Pump A Running
2026-08-04T05:15:00+00:00,Running,1,2049.2,10.7,4.8,61.8,46.21,Pump A Running
2026-08-04T05:30:00+00:00,Running,1,2163.4,10.68,4.84,61.54,46.1,Pump A Running
2026-08-04T05:45:00+00:00,Running,1,2254.7,10.61,4.67,62.12,45.71,Pump A Running
2026-08-04T06:00:00+00:00,Running,1,2145.0,10.66,4.88,62.75,45.9,Pump A Running
2026-08-04T06:15:00+00:00,Running,1,2105.7,10.6,4.76,62.39,46.07,Pump A Running
2026-08-04T06:30:00+00:00,Running,1,2150.9,10.56,4.91,61.76,46.08,Pump A Running
2026-08-04T06:45:00+00:00,Running,1,2335.5,10.58,4.83,61.93,45.99,Pump A Running
2026-08-04T07:00:00+00:00,Running,1,2139.7,10.61,4.83,60.8,45.87,Pump A Running
2026-08-04T07:15:00+00:00,Running,1,2231.5,10.47,4.75,63.81,45.89,Pump A Running
2026-08-04T07:30:00+00:00,Running,1,2157.2,10.66,4.8,62.47,46.01,Pump A Running
2026-08-04T07:45:00+00:00,Running,1,2110.4,10.57,4.72,62.32,45.39,Pump A Running
2026-08-04T08:00:00+00:00,Running,1,2159.9,10.47,4.75,61.37,46.17,Pump A Running
2026-08-04T08:15:00+00:00,Running,1,2173.1,10.64,4.79,63.42,45.29,Pump A Running
2026-08-04T08:30:00+00:00,Running,1,2284.6,10.76,4.74,62.53,45.38,Pump A Running
2026-08-04T08:45:00+00:00,Running,1,2245.2,10.76,4.74,63.02,45.33,Pump A Running
2026-08-04T09:00:00+00:00,Running,1,2054.2,10.7,4.83,61.09,46.33,Pump A Running
2026-08-04T09:15:00+00:00,Running,1,2076.2,10.63,4.92,60.63,46.2,Pump A Running
2026-08-04T09:30:00+00:00,Running,1,2210.3,10.56,4.76,63.58,46.85,Pump A Running
2026-08-04T09:45:00+00:00,Running,1,2025.9,10.64,4.88,62.34,46.38,Pump A Running
2026-08-04T10:00:00+00:00,Running,1,2213.1,10.5,4.64,61.59,46.26,Pump A Running
2026-08-04T10:15:00+00:00,Running,1,2162.6,10.59,4.78,61.62,45.74,Pump A Running
2026-08-04T10:30:00+00:00,Running,1,2183.1,10.62,4.64,62.01,45.68,Pump A Running
2026-08-04T10:45:00+00:00,Running,1,2142.1,10.54,4.88,62.28,46.44,Pump A Running
2026-08-04T11:00:00+00:00,Running,1,2168.5,10.66,4.84,61.45,46.1,Pump A Running
2026-08-04T11:15:00+00:00,Running,1,2071.8,10.72,4.71,62.25,46.88,Pump A Running
2026-08-04T11:30:00+00:00,Running,1,2207.1,10.54,4.8,62.08,46.08,Pump A Running
2026-08-04T11:45:00+00:00,Running,1,2152.6,10.68,4.72,65.19,46.34,Pump A Running
2026-08-04T12:00:00+00:00,Running,1,2385.2,10.67,4.72,61.16,46.59,Pump A Running
2026-08-04T12:15:00+00:00,Running,1,2250.1,10.61,4.92,63.33,46.4,Pump A Running
2026-08-04T12:30:00+00:00,Running,1,2002.6,10.62,4.86,61.41,45.48,Pump A Running
2026-08-04T12:45:00+00:00,Running,1,2283.4,10.67,4.92,62.33,45.12,Pump A Running
2026-08-04T13:00:00+00:00,Running,1,2130.3,10.54,4.7,61.63,46.94,Pump A Running
2026-08-04T13:15:00+00:00,Running,1,2191.5,10.64,4.73,63.15,45.65,Pump A Running
2026-08-04T13:30:00+00:00,Running,1,2260.9,10.61,4.7,61.59,46.27,Pump A Running
2026-08-04T13:45:00+00:00,Running,1,2285.7,10.47,4.85,62.53,46.15,Pump A Running
2026-08-04T14:00:00+00:00,Running,1,2094.6,10.75,4.88,61.37,45.9,Pump A Running
2026-08-04T14:15:00+00:00,Running,1,2228.2,10.67,4.71,61.98,45.78,Pump A Running
2026-08-04T14:30:00+00:00,Running,1,2369.6,10.65,4.82,62.54,45.8,Pump A Running
2026-08-04T14:45:00+00:00,Running,1,2285.4,10.5,4.74,61.43,46.23,Pump A Running
2026-08-04T15:00:00+00:00,Running,1,2316.4,10.53,4.82,61.64,46.15,Pump A Running
2026-08-04T15:15:00+00:00,Running,1,2258.6,10.55,4.79,59.61,45.74,Pump A Running
2026-08-04T15:30:00+00:00,Running,1,2244.1,10.68,4.7,61.65,45.65,Pump A Running
2026-08-04T15:45:00+00:00,Running,1,2176.8,10.67,4.81,63.62,46.01,Pump A Running
2026-08-04T16:00:00+00:00,Running,1,2274.8,10.62,4.84,62.36,46.06,Pump A Running
2026-08-04T16:15:00+00:00,Running,1,2280.8,10.53,4.65,61.6,46.33,Pump A Running
2026-08-04T16:30:00+00:00,Running,1,2320.7,10.57,4.65,63.2,45.91,Pump A Running
2026-08-04T16:45:00+00:00,Running,1,2209.4,10.57,4.74,62.13,45.49,Pump A Running
2026-08-04T17:00:00+00:00,Running,1,2323.3,10.57,4.77,63.55,46.18,Pump A Running
2026-08-04T17:15:00+00:00,Running,1,2323.2,10.58,4.85,59.73,46.09,Pump A Running
2026-08-04T17:30:00+00:00,Running,1,2328.4,10.61,4.8,60.92,46.91,Pump A Running
2026-08-04T17:45:00+00:00,Running,1,2180.8,10.66,4.7,61.15,46.74,Pump A Running
2026-08-04T18:00:00+00:00,Running,1,2422.6,10.56,4.82,64.12,46.12,Pump A Running
2026-08-04T18:15:00+00:00,Running,1,2289.5,10.58,4.72,63.92,45.6,Pump A Running
2026-08-04T18:30:00+00:00,Running,1,2273.6,10.57,4.79,61.38,45.53,Pump A Running
2026-08-04T18:45:00+00:00,Running,1,2092.9,10.57,4.81,61.13,45.66,Pump A Running
2026-08-04T19:00:00+00:00,Running,1,2313.3,10.53,4.85,61.48,46.24,Pump A Running
2026-08-04T19:15:00+00:00,Running,1,2269.2,10.59,4.76,61.4,45.92,Pump A Running
2026-08-04T19:30:00+00:00,Running,1,2344.7,10.55,4.91,61.09,46.25,Pump A Running
2026-08-04T19:45:00+00:00,Running,1,2309.4,10.62,4.65,63.38,45.67,Pump A Running
2026-08-04T20:00:00+00:00,Running,1,2289.1,10.58,4.69,60.43,45.92,Pump A Running
2026-08-04T20:15:00+00:00,Running,1,2461.6,10.68,4.72,62.44,46.09,Pump A Running
2026-08-04T20:30:00+00:00,Running,1,2355.3,10.62,4.89,60.79,46.66,Pump A Running
2026-08-04T20:45:00+00:00,Running,1,2445.2,10.73,4.95,62.98,45.76,Pump A Running
2026-08-04T21:00:00+00:00,Running,1,2188.8,10.56,4.89,63.27,45.6,Pump A Running
2026-08-04T21:15:00+00:00,Running,1,2380.1,10.55,4.79,62.76,45.36,Pump A Running
2026-08-04T21:30:00+00:00,Running,1,2369.9,10.64,4.89,60.5,45.71,Pump A Running
2026-08-04T21:45:00+00:00,Running,1,2319.6,10.5,4.82,61.46,45.81,Pump A Running
2026-08-04T22:00:00+00:00,Running,1,2384.2,10.5,4.74,63.06,46.39,Pump A Running
2026-08-04T22:15:00+00:00,Running,1,2290.4,10.52,4.73,62.32,45.81,Pump A Running
2026-08-04T22:30:00+00:00,Running,1,2284.2,10.62,4.86,62.15,45.07,Pump A Running
2026-08-04T22:45:00+00:00,Running,1,2506.9,10.58,4.79,62.84,46.06,Pump A Running
2026-08-04T23:00:00+00:00,Running,1,2403.9,10.54,4.75,62.76,46.07,Pump A Running
2026-08-04T23:15:00+00:00,Running,1,2459.9,10.66,4.76,62.27,45.69,Pump A Running
2026-08-04T23:30:00+00:00,Running,1,2271.7,10.57,4.73,62.3,46.17,Pump A Running
2026-08-04T23:45:00+00:00,Running,1,2465.9,10.65,4.79,61.17,46.44,Pump A Running
2026-08-05T00:00:00+00:00,Running,1,2562.0,10.63,4.81,61.58,45.92,Pump A Running
2026-08-05T00:15:00+00:00,Running,1,2442.6,10.65,4.78,62.19,46.05,Pump A Running
2026-08-05T00:30:00+00:00,Running,1,2452.3,10.54,4.74,60.42,46.16,Pump A Running
2026-08-05T00:45:00+00:00,Running,1,2398.5,10.63,4.93,62.84,45.66,Pump A Running
2026-08-05T01:00:00+00:00,Running,1,2361.7,10.65,4.69,62.6,46.5,Pump A Running
2026-08-05T01:15:00+00:00,Running,1,2610.3,10.65,4.95,62.45,46.12,Pump A Running
2026-08-05T01:30:00+00:00,Running,1,2386.8,10.55,4.75,62.95,45.61,Pump A Running
2026-08-05T01:45:00+00:00,Running,1,2606.0,10.7,4.93,62.09,46.29,Pump A Running
2026-08-05T02:00:00+00:00,Stopped,0,0.0,0.0,0.15,0.0,29.28,Pumps Stopped
2026-08-05T02:15:00+00:00,Stopped,0,0.0,0.0,0.15,0.0,28.89,Pumps Stopped
2026-08-05T02:30:00+00:00,Stopped,0,0.0,0.0,0.11,0.0,28.8,Pumps Stopped
2026-08-05T02:45:00+00:00,Stopped,0,0.0,0.0,0.17,0.0,29.36,Pumps Stopped
2026-08-05T03:00:00+00:00,Stopped,0,0.0,0.0,0.06,0.0,28.83,Pumps Stopped
2026-08-05T03:15:00+00:00,Stopped,0,0.0,0.0,0.14,0.0,28.76,Pumps Stopped
2026-08-05T03:30:00+00:00,Running,1,2748.1,10.59,4.87,61.9,45.94,Pump A Running
2026-08-05T03:45:00+00:00,Running,1,2725.9,10.64,4.77,62.66,46.1,Pump A Running
2026-08-05T04:00:00+00:00,Running,1,2576.1,10.71,4.82,62.99,45.78,Pump A Running
2026-08-05T04:15:00+00:00,Running,1,2404.8,10.67,4.58,62.73,45.65,Pump A Running
2026-08-05T04:30:00+00:00,Running,1,2548.1,10.5,4.71,59.61,45.85,Pump A Running
2026-08-05T04:45:00+00:00,Running,1,2510.5,10.72,4.84,61.86,46.17,Pump A Running
2026-08-05T05:00:00+00:00,Running,1,2610.0,10.58,4.75,60.55,46.22,Pump A Running
2026-08-05T05:15:00+00:00,Running,1,2515.0,10.54,4.64,61.96,46.18,Pump A Running
2026-08-05T05:30:00+00:00,Running,1,2564.9,10.66,4.87,61.37,46.2,Pump A Running
2026-08-05T05:45:00+00:00,Running,1,2598.3,10.51,4.83,61.2,45.5,Pump A Running
2026-08-05T06:00:00+00:00,Running,1,2624.2,10.69,4.9,60.07,46.31,Pump A Running
2026-08-05T06:15:00+00:00,Running,1,2649.0,10.63,4.84,62.68,45.98,Pump A Running
2026-08-05T06:30:00+00:00,Running,1,2538.8,10.65,4.67,60.52,45.87,Pump A Running
2026-08-05T06:45:00+00:00,Running,1,2588.5,10.62,4.7,62.19,46.06,Pump A Running
2026-08-05T07:00:00+00:00,Running,1,2624.9,10.57,4.68,62.21,46.3,Pump A Running
2026-08-05T07:15:00+00:00,Running,1,2657.4,10.63,4.8,61.75,45.46,Pump A Running
2026-08-05T07:30:00+00:00,Running,1,2704.9,10.66,4.76,61.9,46.12,Pump A Running
2026-08-05T07:45:00+00:00,Running,1,2664.2,10.58,4.72,60.73,45.97,Pump A Running
2026-08-05T08:00:00+00:00,Running,1,2718.7,10.57,4.72,62.67,45.99,Pump A Running
2026-08-05T08:15:00+00:00,Running,1,2738.1,10.64,4.86,61.09,45.83,Pump A Running
2026-08-05T08:30:00+00:00,Running,1,2534.5,10.56,4.79,62.08,46.31,Pump A Running
2026-08-05T08:45:00+00:00,Running,1,2710.5,10.58,4.85,61.8,46.44,Pump A Running
2026-08-05T09:00:00+00:00,Running,1,2659.0,10.59,4.75,64.33,45.24,Pump A Running
2026-08-05T09:15:00+00:00,Running,1,2679.7,10.6,4.91,60.84,45.31,Pump A Running
2026-08-05T09:30:00+00:00,Running,1,2755.1,10.71,4.76,62.38,46.09,Pump A Running
2026-08-05T09:45:00+00:00,Running,1,2688.3,10.68,4.9,60.37,46.18,Pump A Running
2026-08-05T10:00:00+00:00,Running,1,2634.0,10.76,4.71,61.68,45.36,Pump A Running
2026-08-05T10:15:00+00:00,Running,1,2666.7,10.61,4.8,62.35,46.45,Pump A Running
2026-08-05T10:30:00+00:00,Running,1,2501.9,10.64,4.72,62.31,46.13,Pump A Running
2026-08-05T10:45:00+00:00,Running,1,2673.6,10.74,4.85,61.43,45.3,Pump A Running
2026-08-05T11:00:00+00:00,Running,1,2902.4,10.7,4.77,62.25,45.88,Pump A Running
2026-08-05T11:15:00+00:00,Running,1,2722.2,10.66,4.67,61.4,45.7,Pump A Running
2026-08-05T11:30:00+00:00,Running,1,2864.7,10.67,4.81,61.27,46.04,Pump A Running
2026-08-05T11:45:00+00:00,Running,1,2724.6,10.67,4.83,61.54,46.01,Pump A Running
2026-08-05T12:00:00+00:00,Running,1,2628.3,10.51,4.82,61.02,45.87,Pump A Running
2026-08-05T12:15:00+00:00,Running,1,2715.0,10.54,4.72,61.27,46.02,Pump A Running
2026-08-05T12:30:00+00:00,Running,1,2742.8,10.72,4.68,63.18,45.84,Pump A Running
2026-08-05T12:45:00+00:00,Running,1,2730.6,10.69,4.72,62.5,46.22,Pump A Running
2026-08-05T13:00:00+00:00,Running,1,2827.2,10.64,4.79,61.69,46.16,Pump A Running
2026-08-05T13:15:00+00:00,Running,1,2619.8,10.67,4.8,62.31,46.23,Pump A Running
2026-08-05T13:30:00+00:00,Running,1,2713.5,10.61,4.68,62.64,46.72,Pump A Running
2026-08-05T13:45:00+00:00,Running,1,2802.0,10.63,4.74,60.89,46.65,Pump A Running
2026-08-05T14:00:00+00:00,Running,1,2656.3,10.59,4.82,62.98,46.32,Pump A Running
2026-08-05T14:15:00+00:00,Running,1,2862.0,10.57,4.92,60.49,45.3,Pump A Running
2026-08-05T14:30:00+00:00,Running,1,2799.4,10.68,4.86,60.46,46.23,Pump A Running
2026-08-05T14:45:00+00:00,Running,1,2692.6,10.48,4.67,61.52,45.6,Pump A Running
2026-08-05T15:00:00+00:00,Running,1,2610.6,10.6,4.75,62.09,45.57,Pump A Running
2026-08-05T15:15:00+00:00,Running,1,2740.9,10.64,4.78,63.65,46.1,Pump A Running
2026-08-05T15:30:00+00:00,Running,1,2629.9,10.51,4.92,59.42,45.73,Pump A Running
2026-08-05T15:45:00+00:00,Running,1,2742.0,10.6,4.82,62.24,46.29,Pump A Running
2026-08-05T16:00:00+00:00,Running,1,2754.3,10.63,4.75,60.37,46.13,Pump A Running
2026-08-05T16:15:00+00:00,Running,1,2876.2,10.63,4.84,60.6,45.99,Pump A Running
2026-08-05T16:30:00+00:00,Running,1,2706.6,10.65,4.74,63.21,46.85,Pump A Running
2026-08-05T16:45:00+00:00,Running,1,2785.5,10.59,4.83,62.28,44.92,Pump A Running
2026-08-05T17:00:00+00:00,Running,1,2711.7,10.61,4.81,61.59,45.71,Pump A Running
2026-08-05T17:15:00+00:00,Running,1,2755.9,10.58,4.89,62.73,46.26,Pump A Running
2026-08-05T17:30:00+00:00,Running,1,2799.9,10.58,4.78,61.25,46.08,Pump A Running
2026-08-05T17:45:00+00:00,Running,1,2780.4,10.53,4.8,60.91,45.54,Pump A Running
2026-08-05T18:00:00+00:00,Running,1,2683.8,10.65,4.84,59.81,45.04,Pump A Running
2026-08-05T18:15:00+00:00,Running,1,2857.6,10.64,4.79,63.02,46.09,Pump A Running
2026-08-05T18:30:00+00:00,Running,1,2860.2,10.59,4.75,60.85,45.34,Pump A Running
2026-08-05T18:45:00+00:00,Running,1,2750.2,10.51,4.82,62.5,45.72,Pump A Running
2026-08-05T19:00:00+00:00,Running,1,2740.2,10.61,4.67,62.16,46.18,Pump A Running
2026-08-05T19:15:00+00:00,Running,1,2719.0,10.67,4.76,62.5,46.65,Pump A Running
2026-08-05T19:30:00+00:00,Running,1,2766.3,10.74,4.81,62.23,45.63,Pump A Running
2026-08-05T19:45:00+00:00,Running,1,2982.6,10.67,4.9,61.99,46.31,Pump A Running
2026-08-05T20:00:00+00:00,Running,1,2748.4,10.72,4.67,60.54,45.98,Pump A Running
2026-08-05T20:15:00+00:00,Running,1,2734.8,10.58,4.9,60.56,45.95,Pump A Running
2026-08-05T20:30:00+00:00,Running,1,2774.4,10.72,4.7,59.86,46.76,Pump A Running
2026-08-05T20:45:00+00:00,Running,1,2775.0,10.66,4.67,62.85,46.21,Pump A Running
2026-08-05T21:00:00+00:00,Running,1,2949.8,10.68,4.89,63.38,46.5,Pump A Running
2026-08-05T21:15:00+00:00,Running,1,2798.0,10.58,4.9,62.28,46.12,Pump A Running
2026-08-05T21:30:00+00:00,Running,1,2867.7,10.57,4.84,63.13,46.0,Pump A Running
2026-08-05T21:45:00+00:00,Running,1,2569.4,10.67,4.84,62.31,46.32,Pump A Running
2026-08-05T22:00:00+00:00,Running,1,2658.6,10.65,4.68,61.24,46.1,Pump A Running
2026-08-05T22:15:00+00:00,Running,1,2786.2,10.42,4.77,63.27,46.6,Pump A Running
2026-08-05T22:30:00+00:00,Running,1,2854.2,10.52,4.76,62.25,45.62,Pump A Running
2026-08-05T22:45:00+00:00,Running,1,2684.9,10.61,4.74,63.04,46.63,Pump A Running
2026-08-05T23:00:00+00:00,Running,1,2681.5,10.49,4.84,62.03,46.43,Pump A Running
2026-08-05T23:15:00+00:00,Running,1,2860.9,10.66,4.75,61.19,46.09,Pump A Running
2026-08-05T23:30:00+00:00,Running,1,2607.7,10.52,4.76,62.26,45.82,Pump A Running
2026-08-05T23:45:00+00:00,Running,1,2772.9,10.63,4.83,61.47,46.4,Pump A Running
2026-08-06T00:00:00+00:00,Running,1,2798.5,10.42,4.79,61.02,44.87,Pump A Running
2026-08-06T00:15:00+00:00,Running,1,2727.5,10.63,4.81,59.27,45.72,Pump A Running
2026-08-06T00:30:00+00:00,Running,1,2529.3,10.63,4.85,61.05,46.18,Pump A Running
2026-08-06T00:45:00+00:00,Running,1,2648.4,10.54,4.84,59.42,45.67,Pump A Running
2026-08-06T01:00:00+00:00,Running,1,2766.3,10.59,4.74,62.8,45.44,Pump A Running
2026-08-06T01:15:00+00:00,Running,1,2710.7,10.57,4.75,61.83,45.66,Pump A Running
2026-08-06T01:30:00+00:00,Running,1,2743.0,10.58,4.73,61.28,45.53,Pump A Running
2026-08-06T01:45:00+00:00,Running,1,2797.8,10.63,4.97,61.69,45.97,Pump A Running
2026-08-06T02:00:00+00:00,Stopped,0,0.0,0.0,0.15,0.0,29.02,Pumps Stopped
2026-08-06T02:15:00+00:00,Stopped,0,0.0,0.0,0.13,0.0,29.29,Pumps Stopped
2026-08-06T02:30:00+00:00,Stopped,0,0.0,0.0,0.11,0.0,28.81,Pumps Stopped
2026-08-06T02:45:00+00:00,Stopped,0,0.0,0.0,0.07,0.0,29.3,Pumps Stopped
2026-08-06T03:00:00+00:00,Stopped,0,0.0,0.0,0.12,0.0,29.2,Pumps Stopped
2026-08-06T03:15:00+00:00,Stopped,0,0.0,0.0,0.09,0.0,29.17,Pumps Stopped
2026-08-06T03:30:00+00:00,Running,1,2622.2,10.77,4.82,62.98,45.27,Pump A Running
2026-08-06T03:45:00+00:00,Running,1,2603.2,10.5,4.85,62.54,46.71,Pump A Running
2026-08-06T04:00:00+00:00,Running,1,2744.5,10.63,4.87,64.4,46.49,Pump A Running
2026-08-06T04:15:00+00:00,Running,1,2719.5,10.74,4.88,63.18,45.98,Pump A Running
2026-08-06T04:30:00+00:00,Running,1,2549.3,10.53,4.65,63.34,46.2,Pump A Running
2026-08-06T04:45:00+00:00,Running,1,2634.2,10.56,4.91,62.03,46.31,Pump A Running
2026-08-06T05:00:00+00:00,Running,1,2610.1,10.6,4.74,62.24,45.66,Pump A Running
2026-08-06T05:15:00+00:00,Running,1,2674.0,10.64,4.78,62.39,46.47,Pump A Running
2026-08-06T05:30:00+00:00,Running,1,2685.0,10.57,4.69,61.72,45.53,Pump A Running
2026-08-06T05:45:00+00:00,Running,1,2591.0,10.55,4.76,60.69,46.39,Pump A Running
2026-08-06T06:00:00+00:00,Running,1,2493.6,10.51,4.94,63.11,46.47,Pump A Running
2026-08-06T06:15:00+00:00,Running,1,2606.7,10.66,4.73,62.05,45.91,Pump A Running
2026-08-06T06:30:00+00:00,Running,1,2721.5,10.72,4.86,62.07,46.08,Pump A Running
2026-08-06T06:45:00+00:00,Running,1,2690.8,10.62,4.75,61.98,46.39,Pump A Running
2026-08-06T07:00:00+00:00,Running,1,2619.0,10.56,4.78,61.86,46.12,Pump A Running
2026-08-06T07:15:00+00:00,Running,1,2685.7,10.69,4.78,61.63,45.83,Pump A Running
2026-08-06T07:30:00+00:00,Running,1,2669.2,10.67,4.68,61.76,45.92,Pump A Running
2026-08-06T07:45:00+00:00,Running,1,2616.4,10.73,4.82,60.95,45.5,Pump A Running
2026-08-06T08:00:00+00:00,Running,1,2537.0,10.61,4.77,62.36,45.87,Pump A Running
2026-08-06T08:15:00+00:00,Running,1,2554.1,10.59,4.84,64.28,46.24,Pump A Running
2026-08-06T08:30:00+00:00,Running,1,2415.9,10.56,4.74,61.53,46.59,Pump A Running
2026-08-06T08:45:00+00:00,Running,1,2586.5,10.76,4.82,62.75,45.7,Pump A Running
2026-08-06T09:00:00+00:00,Running,1,2399.4,10.51,4.91,61.8,45.58,Pump A Running
2026-08-06T09:15:00+00:00,Running,1,2587.1,10.57,4.79,60.13,46.19,Pump A Running
2026-08-06T09:30:00+00:00,Running,1,2642.9,10.67,4.83,61.63,45.61,Pump A Running
2026-08-06T09:45:00+00:00,Running,1,2577.6,10.72,4.69,63.27,45.56,Pump A Running
2026-08-06T10:00:00+00:00,Running,1,2519.2,10.63,4.8,62.97,45.82,Pump A Running
2026-08-06T10:15:00+00:00,Running,1,2316.5,10.41,4.87,62.07,45.78,Pump A Running
2026-08-06T10:30:00+00:00,Running,1,2563.3,10.46,4.94,63.07,45.96,Pump A Running
2026-08-06T10:45:00+00:00,Running,1,2704.4,10.7,4.74,59.05,46.22,Pump A Running
2026-08-06T11:00:00+00:00,Running,1,2253.8,10.74,4.87,60.75,46.34,Pump A Running
2026-08-06T11:15:00+00:00,Running,1,2581.6,10.57,4.68,62.68,46.42,Pump A Running
2026-08-06T11:30:00+00:00,Running,1,2458.8,10.54,5.07,61.09,45.2,Pump A Running
2026-08-06T11:45:00+00:00,Running,1,2531.5,10.65,4.73,62.43,45.93,Pump A Running
2026-08-06T12:00:00+00:00,Running,1,2525.6,10.56,4.74,60.46,45.64,Pump A Running
2026-08-06T12:15:00+00:00,Running,1,2426.7,10.6,4.7,61.76,45.54,Pump A Running
2026-08-06T12:30:00+00:00,Running,1,2502.2,10.54,4.72,62.68,45.36,Pump A Running
2026-08-06T12:45:00+00:00,Running,1,2416.8,10.49,4.78,62.62,45.97,Pump A Running
2026-08-06T13:00:00+00:00,Running,1,2480.4,10.67,4.87,63.22,46.2,Pump A Running
2026-08-06T13:15:00+00:00,Running,1,2432.9,10.46,4.73,61.71,46.25,Pump A Running
2026-08-06T13:30:00+00:00,Running,1,2305.5,10.52,4.79,62.5,45.53,Pump A Running
2026-08-06T13:45:00+00:00,Running,1,2272.4,10.6,4.89,61.76,45.65,Pump A Running
2026-08-06T14:00:00+00:00,Running,1,2357.7,10.7,4.72,63.26,46.02,Pump A Running
2026-08-06T14:15:00+00:00,Running,1,2233.4,10.6,4.85,61.83,45.82,Pump A Running
2026-08-06T14:30:00+00:00,Running,1,2524.7,10.64,4.8,61.55,46.11,Pump A Running
2026-08-06T14:45:00+00:00,Running,1,2488.2,10.54,4.65,61.13,46.53,Pump A Running
2026-08-06T15:00:00+00:00,Running,1,2432.3,10.61,4.82,61.84,46.01,Pump A Running
2026-08-06T15:15:00+00:00,Running,1,2293.9,10.58,4.78,62.82,46.11,Pump A Running
2026-08-06T15:30:00+00:00,Running,1,2306.5,10.54,4.85,62.19,45.78,Pump A Running
2026-08-06T15:45:00+00:00,Running,1,2331.8,10.58,4.78,62.22,46.12,Pump A Running
2026-08-06T16:00:00+00:00,Running,1,2319.7,10.64,4.71,62.43,46.6,Pump A Running
2026-08-06T16:15:00+00:00,Running,1,2361.7,10.69,4.9,62.01,46.08,Pump A Running
2026-08-06T16:30:00+00:00,Running,1,2322.0,10.68,4.82,61.56,46.64,Pump A Running
2026-08-06T16:45:00+00:00,Running,1,2212.0,10.65,4.82,61.82,45.91,Pump A Running
2026-08-06T17:00:00+00:00,Running,1,2159.5,10.58,4.76,63.18,45.03,Pump A Running
2026-08-06T17:15:00+00:00,Running,1,2347.1,10.69,4.75,61.98,46.46,Pump A Running
2026-08-06T17:30:00+00:00,Running,1,2250.6,10.62,4.95,60.84,45.82,Pump A Running
2026-08-06T17:45:00+00:00,Running,1,2460.0,10.65,4.88,62.7,46.03,Pump A Running
2026-08-06T18:00:00+00:00,Running,1,2176.6,10.68,4.88,63.87,46.1,Pump A Running
2026-08-06T18:15:00+00:00,Running,1,2217.5,10.7,4.8,62.1,46.53,Pump A Running
2026-08-06T18:30:00+00:00,Running,1,2318.5,10.48,4.76,61.84,46.25,Pump A Running
2026-08-06T18:45:00+00:00,Running,1,2221.1,10.66,4.87,60.58,45.14,Pump A Running
2026-08-06T19:00:00+00:00,Running,1,2100.9,10.7,4.96,60.76,45.97,Pump A Running
2026-08-06T19:15:00+00:00,Running,1,2392.6,10.62,4.98,60.72,46.4,Pump A Running
2026-08-06T19:30:00+00:00,Running,1,2186.9,10.64,4.9,62.08,45.67,Pump A Running
2026-08-06T19:45:00+00:00,Running,1,2455.2,10.62,4.72,61.65,46.37,Pump A Running
2026-08-06T20:00:00+00:00,Running,1,2345.2,10.56,4.79,62.12,46.95,Pump A Running
2026-08-06T20:15:00+00:00,Running,1,2304.5,10.64,4.75,64.11,46.29,Pump A Running
2026-08-06T20:30:00+00:00,Running,1,1925.3,10.65,4.79,61.24,46.15,Pump A Running
2026-08-06T20:45:00+00:00,Running,1,2220.3,10.63,4.86,62.15,46.19,Pump A Running
2026-08-06T21:00:00+00:00,Running,1,2206.5,10.65,4.85,63.03,46.33,Pump A Running
2026-08-06T21:15:00+00:00,Running,1,2268.6,10.58,4.91,63.23,46.11,Pump A Running
2026-08-06T21:30:00+00:00,Running,1,2132.1,10.6,4.94,60.84,46.33,Pump A Running
2026-08-06T21:45:00+00:00,Running,1,2128.3,10.66,4.74,62.61,45.22,Pump A Running
2026-08-06T22:00:00+00:00,Running,1,2238.7,10.64,4.75,62.31,46.1,Pump A Running
2026-08-06T22:15:00+00:00,Running,1,2202.1,10.62,4.92,61.92,45.8,Pump A Running
2026-08-06T22:30:00+00:00,Running,1,2286.2,10.73,4.84,62.77,46.89,Pump A Running
2026-08-06T22:45:00+00:00,Running,1,2286.9,10.62,4.82,62.41,46.74,Pump A Running
2026-08-06T23:00:00+00:00,Running,1,2227.5,10.73,4.77,63.78,45.87,Pump A Running
2026-08-06T23:15:00+00:00,Running,1,2270.2,10.61,4.81,61.45,45.7,Pump A Running
2026-08-06T23:30:00+00:00,Running,1,2320.6,10.64,4.77,61.11,46.34,Pump A Running
2026-08-06T23:45:00+00:00,Running,1,2162.2,10.56,4.81,61.0,46.13,Pump A Running
2026-08-07T00:00:00+00:00,Running,1,2116.0,10.66,4.84,61.95,45.82,Pump A Running
2026-08-07T00:15:00+00:00,Running,1,2248.3,10.7,4.77,60.97,45.66,Pump A Running
2026-08-07T00:30:00+00:00,Running,1,2141.2,10.66,4.66,62.74,45.46,Pump A Running
2026-08-07T00:45:00+00:00,Running,1,2168.4,10.63,4.9,62.46,45.71,Pump A Running
2026-08-07T01:00:00+00:00,Running,1,2027.6,10.64,4.63,62.8,45.59,Pump A Running
2026-08-07T01:15:00+00:00,Running,1,2202.6,10.62,4.72,62.58,45.95,Pump A Running
2026-08-07T01:30:00+00:00,Running,1,2347.7,10.51,4.75,64.02,46.19,Pump A Running
2026-08-07T01:45:00+00:00,Running,1,2058.6,10.54,4.85,61.6,46.67,Pump A Running
2026-08-07T02:00:00+00:00,Stopped,0,0.0,0.0,0.1,0.0,29.05,Pumps Stopped
2026-08-07T02:15:00+00:00,Stopped,0,0.0,0.0,0.12,0.0,29.22,Pumps Stopped
2026-08-07T02:30:00+00:00,Stopped,0,0.0,0.0,0.11,0.0,28.2,Pumps Stopped
2026-08-07T02:45:00+00:00,Stopped,0,0.0,0.0,0.13,0.0,28.97,Pumps Stopped
2026-08-07T03:00:00+00:00,Stopped,0,0.0,0.0,0.1,0.0,29.12,Pumps Stopped
2026-08-07T03:15:00+00:00,Stopped,0,0.0,0.0,0.12,0.0,28.78,Pumps Stopped
2026-08-07T03:30:00+00:00,Running,1,2231.6,10.57,4.83,62.61,45.95,Pump A Running
2026-08-07T03:45:00+00:00,Running,1,2059.3,10.67,4.68,63.06,46.2,Pump A Running
2026-08-07T04:00:00+00:00,Running,1,2091.9,10.56,4.67,62.17,45.37,Pump A Running
2026-08-07T04:15:00+00:00,Running,1,2494.0,10.7,4.95,62.62,45.99,Pump A Running
2026-08-07T04:30:00+00:00,Running,1,2132.1,10.49,4.83,62.33,45.79,Pump A Running
2026-08-07T04:45:00+00:00,Running,1,2165.2,10.53,4.71,61.99,46.19,Pump A Running
2026-08-07T05:00:00+00:00,Running,1,1964.7,10.44,4.83,60.93,46.47,Pump A Running
2026-08-07T05:15:00+00:00,Running,1,2116.0,10.57,4.9,62.91,46.82,Pump A Running
2026-08-07T05:30:00+00:00,Running,1,2233.9,10.56,4.85,61.98,46.1,Pump A Running
2026-08-07T05:45:00+00:00,Running,1,1933.5,10.56,4.84,61.91,45.79,Pump A Running
2026-08-07T06:00:00+00:00,Running,1,2156.9,10.75,4.76,61.96,46.32,Pump A Running
2026-08-07T06:15:00+00:00,Running,1,2028.6,10.63,4.84,64.38,46.33,Pump A Running
2026-08-07T06:30:00+00:00,Running,1,2101.8,10.63,4.96,62.18,46.48,Pump A Running
2026-08-07T06:45:00+00:00,Running,1,1968.8,10.57,4.75,61.98,46.57,Pump A Running
2026-08-07T07:00:00+00:00,Running,1,2043.0,10.78,4.83,61.0,45.25,Pump A Running
2026-08-07T07:15:00+00:00,Running,1,2151.1,10.56,4.72,62.1,46.54,Pump A Running
2026-08-07T07:30:00+00:00,Running,1,2273.3,10.62,4.96,62.0,45.72,Pump A Running
2026-08-07T07:45:00+00:00,Running,1,2170.9,10.58,4.91,60.97,46.38,Pump A Running
2026-08-07T08:00:00+00:00,Running,1,2034.1,10.6,4.76,63.12,45.53,Pump A Running
2026-08-07T08:15:00+00:00,Running,1,2291.3,10.5,4.9,63.0,45.48,Pump A Running
2026-08-07T08:30:00+00:00,Running,1,2160.2,10.5,4.92,60.62,46.4,Pump A Running
2026-08-07T08:45:00+00:00,Running,1,2102.0,10.57,4.78,62.09,46.45,Pump A Running
2026-08-07T09:00:00+00:00,Running,1,2346.5,10.64,4.71,62.37,45.57,Pump A Running
2026-08-07T09:15:00+00:00,Running,1,2147.6,10.72,4.84,62.78,45.86,Pump A Running
2026-08-07T09:30:00+00:00,Running,1,1982.4,10.57,4.7,61.61,45.76,Pump A Running
2026-08-07T09:45:00+00:00,Running,1,2150.9,10.72,4.74,62.0,45.78,Pump A Running
2026-08-07T10:00:00+00:00,Running,1,2119.9,10.62,4.82,63.36,46.1,Pump A Running
2026-08-07T10:15:00+00:00,Running,1,2206.3,10.62,4.81,61.81,45.62,Pump A Running
2026-08-07T10:30:00+00:00,Running,1,2194.4,10.49,4.81,61.21,46.07,Pump A Running
2026-08-07T10:45:00+00:00,Running,1,2298.5,10.57,4.77,62.98,46.72,Pump A Running
2026-08-07T11:00:00+00:00,Running,1,2282.7,10.67,4.87,61.66,45.33,Pump A Running
2026-08-07T11:15:00+00:00,Running,1,2193.6,10.53,4.74,62.83,45.75,Pump A Running
2026-08-07T11:30:00+00:00,Running,1,2237.2,10.57,4.74,63.87,45.75,Pump A Running
2026-08-07T11:45:00+00:00,Running,1,2203.2,10.54,4.73,62.69,46.84,Pump A Running
2026-08-07T12:00:00+00:00,Running,1,2066.1,10.61,4.73,61.66,45.73,Pump A Running
2026-08-07T12:15:00+00:00,Running,1,2313.5,10.62,4.82,62.86,45.94,Pump A Running
2026-08-07T12:30:00+00:00,Running,1,2365.0,10.57,4.83,62.16,46.81,Pump A Running
2026-08-07T12:45:00+00:00,Running,1,2258.9,10.6,4.75,61.68,47.02,Pump A Running
2026-08-07T13:00:00+00:00,Running,1,2162.3,10.76,4.93,62.42,45.47,Pump A Running
2026-08-07T13:15:00+00:00,Running,1,2243.0,10.65,4.96,61.74,45.57,Pump A Running
2026-08-07T13:30:00+00:00,Running,1,2320.9,10.53,4.81,62.17,47.18,Pump A Running
2026-08-07T13:45:00+00:00,Running,1,2173.2,10.57,4.64,62.76,46.03,Pump A Running
2026-08-07T14:00:00+00:00,Running,1,2268.9,10.71,4.76,61.37,46.08,Pump A Running
2026-08-07T14:15:00+00:00,Running,1,2144.5,10.51,4.88,62.51,46.16,Pump A Running
2026-08-07T14:30:00+00:00,Running,1,2074.3,10.58,4.79,64.0,46.54,Pump A Running
2026-08-07T14:45:00+00:00,Running,1,2245.8,10.69,4.9,63.07,46.69,Pump A Running
2026-08-07T15:00:00+00:00,Running,1,2169.6,10.62,4.87,62.48,45.88,Pump A Running
2026-08-07T15:15:00+00:00,Running,1,2326.2,10.57,4.84,62.56,45.97,Pump A Running
2026-08-07T15:30:00+00:00,Running,1,2220.4,10.56,4.74,61.45,45.96,Pump A Running
2026-08-07T15:45:00+00:00,Running,1,2178.6,10.53,4.79,61.49,46.73,Pump A Running
2026-08-07T16:00:00+00:00,Running,1,2256.4,10.49,4.79,64.18,46.25,Pump A Running
2026-08-07T16:15:00+00:00,Running,1,2146.3,10.52,4.8,61.43,46.46,Pump A Running
2026-08-07T16:30:00+00:00,Running,1,2326.9,10.6,4.95,62.4,45.84,Pump A Running
2026-08-07T16:45:00+00:00,Running,1,2120.3,10.6,4.75,63.4,45.96,Pump A Running
2026-08-07T17:00:00+00:00,Running,1,2189.3,10.56,4.79,63.05,46.23,Pump A Running
2026-08-07T17:15:00+00:00,Running,1,2320.0,10.69,4.86,60.66,45.43,Pump A Running
2026-08-07T17:30:00+00:00,Running,1,2251.3,10.68,4.81,63.98,46.35,Pump A Running
2026-08-07T17:45:00+00:00,Running,1,2236.1,10.56,4.73,60.51,45.69,Pump A Running
2026-08-07T18:00:00+00:00,Running,1,2367.1,10.59,4.74,60.83,45.85,Pump A Running
2026-08-07T18:15:00+00:00,Running,1,2211.6,10.61,5.0,62.74,45.92,Pump A Running
2026-08-07T18:30:00+00:00,Running,1,2210.7,10.58,4.85,61.21,46.28,Pump A Running
2026-08-07T18:45:00+00:00,Running,1,2286.8,10.73,4.9,61.19,45.93,Pump A Running
2026-08-07T19:00:00+00:00,Running,1,2353.8,10.63,4.87,62.44,46.07,Pump A Running
2026-08-07T19:15:00+00:00,Running,1,2389.6,10.64,4.93,61.19,46.43,Pump A Running
2026-08-07T19:30:00+00:00,Running,1,2459.4,10.57,4.73,62.07,46.38,Pump A Running
2026-08-07T19:45:00+00:00,Running,1,2241.5,10.47,4.9,61.96,45.4,Pump A Running
2026-08-07T20:00:00+00:00,Running,1,2281.6,10.6,4.68,60.58,45.25,Pump A Running
2026-08-07T20:15:00+00:00,Running,1,2308.9,10.63,4.73,61.79,46.31,Pump A Running
2026-08-07T20:30:00+00:00,Running,1,2234.1,10.59,4.71,61.37,46.51,Pump A Running
2026-08-07T20:45:00+00:00,Running,1,2274.9,10.62,4.69,62.38,45.72,Pump A Running
2026-08-07T21:00:00+00:00,Running,1,2411.4,10.54,4.61,62.57,46.2,Pump A Running
2026-08-07T21:15:00+00:00,Running,1,2421.3,10.55,4.89,61.16,46.09,Pump A Running
2026-08-07T21:30:00+00:00,Running,1,2403.2,10.63,4.82,63.99,44.97,Pump A Running
2026-08-07T21:45:00+00:00,Running,1,2231.4,10.59,4.93,61.29,45.81,Pump A Running
2026-08-07T22:00:00+00:00,Running,1,2374.7,10.6,4.86,61.18,46.56,Pump A Running
2026-08-07T22:15:00+00:00,Running,1,2373.4,10.56,4.79,63.64,46.04,Pump A Running
2026-08-07T22:30:00+00:00,Running,1,2428.6,10.63,4.7,62.07,46.32,Pump A Running
2026-08-07T22:45:00+00:00,Running,1,2487.7,10.65,4.87,62.23,45.73,Pump A Running
2026-08-07T23:00:00+00:00,Running,1,2438.3,10.57,4.86,61.5,46.09,Pump A Running
2026-08-07T23:15:00+00:00,Running,1,2380.3,10.69,4.66,61.01,46.0,Pump A Running
2026-08-07T23:30:00+00:00,Running,1,2393.2,10.55,4.73,62.07,45.83,Pump A Running
2026-08-07T23:45:00+00:00,Running,1,2578.1,10.56,4.68,61.08,46.36,Pump A Running
2026-08-08T00:00:00+00:00,Running,1,2453.9,10.57,4.76,62.59,46.34,Pump A Running
2026-08-08T00:15:00+00:00,Running,1,2499.7,10.56,4.74,61.29,46.08,Pump A Running
2026-08-08T00:30:00+00:00,Running,1,2594.0,10.67,4.81,62.63,45.44,Pump A Running
2026-08-08T00:45:00+00:00,Running,1,2519.0,10.63,4.89,60.37,45.53,Pump A Running
2026-08-08T01:00:00+00:00,Running,1,2468.4,10.7,4.95,61.88,46.73,Pump A Running
2026-08-08T01:15:00+00:00,Running,1,2461.9,10.52,4.68,63.7,46.0,Pump A Running
2026-08-08T01:30:00+00:00,Running,1,2467.4,10.73,4.76,60.86,46.09,Pump A Running
2026-08-08T01:45:00+00:00,Running,1,2485.8,10.65,4.73,62.02,46.37,Pump A Running
2026-08-08T02:00:00+00:00,Stopped,0,0.0,0.0,0.13,0.0,29.33,Pumps Stopped
2026-08-08T02:15:00+00:00,Stopped,0,0.0,0.0,0.1,0.0,28.64,Pumps Stopped
2026-08-08T02:30:00+00:00,Stopped,0,0.0,0.0,0.11,0.0,29.29,Pumps Stopped
2026-08-08T02:45:00+00:00,Stopped,0,0.0,0.0,0.16,0.0,29.21,Pumps Stopped
2026-08-08T03:00:00+00:00,Stopped,0,0.0,0.0,0.13,0.0,28.93,Pumps Stopped
2026-08-08T03:15:00+00:00,Stopped,0,0.0,0.0,0.13,0.0,29.0,Pumps Stopped
2026-08-08T03:30:00+00:00,Running,1,2489.3,10.57,4.91,61.71,45.65,Pump A Running
2026-08-08T03:45:00+00:00,Running,1,2542.3,10.57,4.71,62.41,46.11,Pump A Running
2026-08-08T04:00:00+00:00,Running,1,2596.2,10.65,4.84,63.37,45.95,Pump A Running
2026-08-08T04:15:00+00:00,Running,1,2502.5,10.58,4.79,62.21,46.7,Pump A Running
2026-08-08T04:30:00+00:00,Running,1,2501.1,10.62,4.79,63.12,45.94,Pump A Running
2026-08-08T04:45:00+00:00,Running,1,2456.1,10.51,4.76,62.35,46.37,Pump A Running
2026-08-08T05:00:00+00:00,Running,1,2505.2,10.57,4.77,62.14,45.54,Pump A Running
2026-08-08T05:15:00+00:00,Running,1,2715.0,10.67,4.76,62.0,46.1,Pump A Running
2026-08-08T05:30:00+00:00,Running,1,2710.7,10.58,4.91,61.42,45.52,Pump A Running
2026-08-08T05:45:00+00:00,Running,1,2644.9,10.59,4.72,60.97,45.4,Pump A Running
2026-08-08T06:00:00+00:00,Running,1,2504.8,10.59,4.84,61.32,45.82,Pump A Running
2026-08-08T06:15:00+00:00,Running,1,2763.2,10.57,4.8,63.08,45.87,Pump A Running
2026-08-08T06:30:00+00:00,Running,1,2612.3,10.56,4.81,61.91,45.11,Pump A Running
2026-08-08T06:45:00+00:00,Running,1,2791.5,10.56,4.7,63.48,45.69,Pump A Running
2026-08-08T07:00:00+00:00,Running,1,2656.7,10.61,4.81,60.62,46.14,Pump A Running
2026-08-08T07:15:00+00:00,Running,1,2652.6,10.63,4.89,60.31,46.48,Pump A Running
2026-08-08T07:30:00+00:00,Running,1,2589.1,10.58,4.9,61.62,45.42,Pump A Running
2026-08-08T07:45:00+00:00,Running,1,2621.8,10.59,4.73,62.45,46.28,Pump A Running
2026-08-08T08:00:00+00:00,Running,1,2690.4,10.54,4.7,61.98,46.82,Pump A Running
2026-08-08T08:15:00+00:00,Running,1,2728.9,10.73,4.76,63.08,46.28,Pump A Running
2026-08-08T08:30:00+00:00,Running,1,2629.3,10.54,4.67,62.93,46.89,Pump A Running
2026-08-08T08:45:00+00:00,Running,1,2723.5,10.67,4.77,63.3,45.99,Pump A Running
2026-08-08T09:00:00+00:00,Running,1,2695.0,10.49,4.92,59.96,46.01,Pump A Running
2026-08-08T09:15:00+00:00,Running,1,2696.2,10.52,4.87,61.27,46.17,Pump A Running
2026-08-08T09:30:00+00:00,Running,1,2499.5,10.55,4.77,61.25,45.66,Pump A Running
2026-08-08T09:45:00+00:00,Running,1,2740.7,10.42,4.74,62.25,46.35,Pump A Running
2026-08-08T10:00:00+00:00,Running,1,2704.3,10.57,4.74,61.75,46.9,Pump A Running
2026-08-08T10:15:00+00:00,Running,1,2649.9,10.52,4.74,61.68,45.85,Pump A Running
2026-08-08T10:30:00+00:00,Running,1,2556.5,10.61,4.86,61.1,46.61,Pump A Running
2026-08-08T10:45:00+00:00,Running,1,2823.1,10.58,4.78,61.67,45.84,Pump A Running
2026-08-08T11:00:00+00:00,Running,1,2637.9,10.58,4.86,60.94,44.82,Pump A Running
2026-08-08T11:15:00+00:00,Running,1,2756.9,10.6,4.94,62.23,46.67,Pump A Running
2026-08-08T11:30:00+00:00,Running,1,2834.1,10.64,4.82,61.32,46.0,Pump A Running
2026-08-08T11:45:00+00:00,Running,1,2826.4,10.54,4.82,62.56,45.94,Pump A Running
2026-08-08T12:00:00+00:00,Running,1,2662.2,10.58,4.72,62.15,45.36,Pump A Running
2026-08-08T12:15:00+00:00,Running,1,2635.5,10.59,4.87,62.43,46.57,Pump A Running
2026-08-08T12:30:00+00:00,Running,1,2827.1,10.61,4.77,61.84,45.55,Pump A Running
2026-08-08T12:45:00+00:00,Running,1,2660.9,10.66,4.79,61.75,45.77,Pump A Running
2026-08-08T13:00:00+00:00,Running,1,2654.3,10.61,4.87,61.68,46.51,Pump A Running
2026-08-08T13:15:00+00:00,Running,1,2630.0,10.58,4.84,60.98,46.59,Pump A Running
2026-08-08T13:30:00+00:00,Running,1,2563.6,10.52,4.69,61.19,45.69,Pump A Running
2026-08-08T13:45:00+00:00,Running,1,2771.7,10.55,4.7,61.18,45.99,Pump A Running
2026-08-08T14:00:00+00:00,Running,1,2811.7,10.68,4.64,61.72,45.79,Pump A Running
2026-08-08T14:15:00+00:00,Running,1,2750.1,10.58,4.71,60.03,45.85,Pump A Running
2026-08-08T14:30:00+00:00,Running,1,2804.4,10.54,4.95,61.82,46.3,Pump A Running
2026-08-08T14:45:00+00:00,Running,1,2651.3,10.59,4.68,61.65,46.27,Pump A Running
2026-08-08T15:00:00+00:00,Running,1,2751.8,10.53,4.76,61.85,46.65,Pump A Running
2026-08-08T15:15:00+00:00,Running,1,2789.4,10.55,4.92,62.54,46.08,Pump A Running
2026-08-08T15:30:00+00:00,Running,1,2736.4,10.5,4.87,62.1,46.08,Pump A Running
2026-08-08T15:45:00+00:00,Running,1,2706.0,10.58,4.69,60.84,45.86,Pump A Running
2026-08-08T16:00:00+00:00,Running,1,2894.1,10.72,4.86,61.13,45.76,Pump A Running
2026-08-08T16:15:00+00:00,Running,1,2683.6,10.62,4.91,64.5,46.49,Pump A Running
2026-08-08T16:30:00+00:00,Running,1,2637.5,10.54,4.74,60.69,45.96,Pump A Running
2026-08-08T16:45:00+00:00,Running,1,2806.0,10.68,4.87,61.32,45.65,Pump A Running
2026-08-08T17:00:00+00:00,Running,1,2787.9,10.56,4.83,60.43,44.77,Pump A Running
2026-08-08T17:15:00+00:00,Running,1,2657.3,10.59,4.82,62.88,45.63,Pump A Running
2026-08-08T17:30:00+00:00,Running,1,2904.3,10.64,4.79,61.07,46.59,Pump A Running
2026-08-08T17:45:00+00:00,Running,1,2767.9,10.71,4.8,60.99,45.44,Pump A Running
2026-08-08T18:00:00+00:00,Running,1,2723.7,10.6,4.86,62.14,45.82,Pump A Running
2026-08-08T18:15:00+00:00,Running,1,2781.6,10.58,4.79,62.62,45.43,Pump A Running
2026-08-08T18:30:00+00:00,Running,1,2716.5,10.64,4.73,62.9,45.88,Pump A Running
2026-08-08T18:45:00+00:00,Running,1,2852.5,10.65,4.87,61.78,45.41,Pump A Running
2026-08-08T19:00:00+00:00,Running,1,2741.6,10.52,4.82,61.89,46.21,Pump A Running
2026-08-08T19:15:00+00:00,Running,1,2894.9,10.58,4.87,61.56,46.18,Pump A Running
2026-08-08T19:30:00+00:00,Running,1,2802.4,10.6,4.79,62.22,46.14,Pump A Running
2026-08-08T19:45:00+00:00,Running,1,2851.5,10.57,4.78,62.62,46.02,Pump A Running
2026-08-08T20:00:00+00:00,Running,1,2766.7,10.7,4.81,61.95,45.49,Pump A Running
2026-08-08T20:15:00+00:00,Running,1,2829.9,10.54,4.76,61.43,46.03,Pump A Running
2026-08-08T20:30:00+00:00,Running,1,2808.8,10.63,4.9,62.01,46.41,Pump A Running
2026-08-08T20:45:00+00:00,Running,1,2760.8,10.66,4.8,62.51,46.34,Pump A Running
2026-08-08T21:00:00+00:00,Running,1,2747.1,10.55,4.74,61.43,46.31,Pump A Running
2026-08-08T21:15:00+00:00,Running,1,2716.4,10.56,4.82,61.46,46.06,Pump A Running
2026-08-08T21:30:00+00:00,Running,1,2825.3,10.45,4.6,61.66,45.53,Pump A Running
2026-08-08T21:45:00+00:00,Running,1,2727.3,10.58,4.65,61.85,45.75,Pump A Running
2026-08-08T22:00:00+00:00,Running,1,2783.8,10.67,4.61,62.24,46.26,Pump A Running
2026-08-08T22:15:00+00:00,Running,1,2753.9,10.61,4.75,61.54,45.69,Pump A Running
2026-08-08T22:30:00+00:00,Running,1,2644.0,10.61,4.66,61.26,45.76,Pump A Running
2026-08-08T22:45:00+00:00,Running,1,2859.0,10.59,4.94,62.21,45.55,Pump A Running
2026-08-08T23:00:00+00:00,Running,1,2792.9,10.67,4.7,62.02,46.18,Pump A Running
2026-08-08T23:15:00+00:00,Running,1,2865.5,10.53,4.65,62.35,45.51,Pump A Running
2026-08-08T23:30:00+00:00,Running,1,2705.2,10.66,4.82,60.36,46.18,Pump A Running
2026-08-08T23:45:00+00:00,Running,1,2660.1,10.56,4.92,61.51,46.76,Pump A Running
2026-08-09T00:00:00+00:00,Running,1,2819.9,10.62,4.77,62.78,45.89,Pump A Running
2026-08-09T00:15:00+00:00,Running,1,2913.8,10.71,4.71,62.4,46.18,Pump A Running
2026-08-09T00:30:00+00:00,Running,1,2585.1,10.6,4.86,61.83,46.01,Pump A Running
2026-08-09T00:45:00+00:00,Running,1,2664.5,10.56,4.71,61.59,45.72,Pump A Running
2026-08-09T01:00:00+00:00,Running,1,2904.6,10.59,4.77,60.8,46.1,Pump A Running
2026-08-09T01:15:00+00:00,Running,1,2718.6,10.61,4.88,61.32,45.49,Pump A Running
2026-08-09T01:30:00+00:00,Running,1,2590.1,10.61,4.79,60.96,45.51,Pump A Running
2026-08-09T01:45:00+00:00,Running,1,2708.3,10.69,4.87,62.83,46.21,Pump A Running
2026-08-09T02:00:00+00:00,Stopped,0,0.0,0.0,0.09,0.0,28.75,Pumps Stopped
2026-08-09T02:15:00+00:00,Stopped,0,0.0,0.0,0.15,0.0,28.77,Pumps Stopped
2026-08-09T02:30:00+00:00,Stopped,0,0.0,0.0,0.14,0.0,29.08,Pumps Stopped
2026-08-09T02:45:00+00:00,Stopped,0,0.0,0.0,0.15,0.0,29.18,Pumps Stopped
2026-08-09T03:00:00+00:00,Stopped,0,0.0,0.0,0.1,0.0,29.13,Pumps Stopped
2026-08-09T03:15:00+00:00,Stopped,0,0.0,0.0,0.12,0.0,28.94,Pumps Stopped
2026-08-09T03:30:00+00:00,Running,1,2494.0,10.62,4.79,62.47,46.25,Pump A Running
2026-08-09T03:45:00+00:00,Running,1,2600.0,10.58,4.89,62.51,46.34,Pump A Running
2026-08-09T04:00:00+00:00,Running,1,2643.2,10.53,4.63,62.51,46.69,Pump A Running
2026-08-09T04:15:00+00:00,Running,1,2717.9,10.6,4.81,62.63,46.34,Pump A Running
2026-08-09T04:30:00+00:00,Running,1,2708.0,10.56,4.85,62.34,46.41,Pump A Running
2026-08-09T04:45:00+00:00,Running,1,2707.7,10.55,4.95,61.82,45.98,Pump A Running
2026-08-09T05:00:00+00:00,Running,1,2593.9,10.54,4.67,61.58,45.69,Pump A Running
2026-08-09T05:15:00+00:00,Running,1,2565.3,10.68,4.82,61.41,45.37,Pump A Running
2026-08-09T05:30:00+00:00,Running,1,2722.7,10.67,4.72,62.85,46.12,Pump A Running
2026-08-09T05:45:00+00:00,Running,1,2719.8,10.58,4.84,62.93,46.16,Pump A Running
2026-08-09T06:00:00+00:00,Running,1,2547.9,10.55,4.73,61.36,45.73,Pump A Running
2026-08-09T06:15:00+00:00,Running,1,2580.0,10.53,4.79,62.11,45.77,Pump A Running
2026-08-09T06:30:00+00:00,Running,1,2484.0,10.7,4.85,62.83,46.06,Pump A Running
2026-08-09T06:45:00+00:00,Running,1,2596.8,10.57,4.85,62.14,45.84,Pump A Running
2026-08-09T07:00:00+00:00,Running,1,2519.0,10.54,4.74,62.34,45.83,Pump A Running
2026-08-09T07:15:00+00:00,Running,1,2663.0,10.54,4.83,60.79,45.5,Pump A Running
2026-08-09T07:30:00+00:00,Running,1,2597.6,10.65,4.69,62.6,46.24,Pump A Running
2026-08-09T07:45:00+00:00,Running,1,2652.9,10.66,4.82,61.86,46.25,Pump A Running
2026-08-09T08:00:00+00:00,Running,1,2626.3,10.56,4.78,62.32,45.68,Pump A Running
2026-08-09T08:15:00+00:00,Running,1,2552.5,10.54,4.66,60.85,46.06,Pump A Running
2026-08-09T08:30:00+00:00,Running,1,2602.4,10.7,4.86,62.2,45.92,Pump A Running
2026-08-09T08:45:00+00:00,Running,1,2617.9,10.56,4.74,63.39,46.21,Pump A Running
2026-08-09T09:00:00+00:00,Running,1,2593.5,10.58,4.78,62.8,46.13,Pump A Running
2026-08-09T09:15:00+00:00,Running,1,2600.6,10.59,4.8,61.05,45.96,Pump A Running
2026-08-09T09:30:00+00:00,Running,1,2546.6,10.69,4.76,61.36,46.52,Pump A Running
2026-08-09T09:45:00+00:00,Running,1,2523.7,10.51,4.67,60.93,46.09,Pump A Running
2026-08-09T10:00:00+00:00,Running,1,2304.3,10.62,4.87,61.73,46.11,Pump A Running
2026-08-09T10:15:00+00:00,Running,1,2490.6,10.64,4.72,63.83,46.4,Pump A Running
2026-08-09T10:30:00+00:00,Running,1,2461.1,10.64,4.84,61.1,45.7,Pump A Running
2026-08-09T10:45:00+00:00,Running,1,2520.8,10.61,4.87,62.22,45.71,Pump A Running
2026-08-09T11:00:00+00:00,Running,1,2376.6,10.62,4.91,62.18,45.81,Pump A Running
2026-08-09T11:15:00+00:00,Running,1,2529.2,10.73,4.67,61.73,46.14,Pump A Running
2026-08-09T11:30:00+00:00,Running,1,2595.4,10.54,4.77,63.74,46.45,Pump A Running
2026-08-09T11:45:00+00:00,Running,1,2379.9,10.47,4.71,62.67,46.59,Pump A Running
2026-08-09T12:00:00+00:00,Running,1,2332.8,10.71,4.74,63.54,45.66,Pump A Running
2026-08-09T12:15:00+00:00,Running,1,2365.0,10.51,4.82,60.96,45.57,Pump A Running
2026-08-09T12:30:00+00:00,Running,1,2521.5,10.63,4.81,61.9,45.53,Pump A Running
2026-08-09T12:45:00+00:00,Running,1,2388.6,10.49,4.73,62.99,46.32,Pump A Running
2026-08-09T13:00:00+00:00,Running,1,2413.2,10.43,4.68,63.07,46.02,Pump A Running
2026-08-09T13:15:00+00:00,Running,1,2294.8,10.57,4.74,62.4,45.88,Pump A Running
2026-08-09T13:30:00+00:00,Running,1,2468.2,10.61,4.69,59.69,46.29,Pump A Running
2026-08-09T13:45:00+00:00,Running,1,2420.2,10.63,4.89,61.79,45.4,Pump A Running
2026-08-09T14:00:00+00:00,Running,1,2459.6,10.64,4.93,62.96,45.68,Pump A Running
2026-08-09T14:15:00+00:00,Running,1,2586.1,10.65,5.04,61.52,46.01,Pump A Running
2026-08-09T14:30:00+00:00,Running,1,2421.4,10.71,4.73,61.83,46.47,Pump A Running
2026-08-09T14:45:00+00:00,Running,1,2546.0,10.69,4.8,62.64,46.11,Pump A Running
2026-08-09T15:00:00+00:00,Running,1,2425.2,10.59,4.73,60.91,45.85,Pump A Running
2026-08-09T15:15:00+00:00,Running,1,2287.4,10.56,4.8,61.99,46.21,Pump A Running
2026-08-09T15:30:00+00:00,Running,1,2359.0,10.6,5.0,63.25,45.26,Pump A Running
2026-08-09T15:45:00+00:00,Running,1,2289.2,10.59,4.93,60.67,46.14,Pump A Running
2026-08-09T16:00:00+00:00,Running,1,2203.2,10.55,4.82,60.96,46.28,Pump A Running
2026-08-09T16:15:00+00:00,Running,1,2324.3,10.65,4.64,60.11,46.39,Pump A Running
2026-08-09T16:30:00+00:00,Running,1,2342.6,10.59,4.8,62.77,45.71,Pump A Running
2026-08-09T16:45:00+00:00,Running,1,2394.1,10.58,4.74,61.83,46.45,Pump A Running
2026-08-09T17:00:00+00:00,Running,1,2286.7,10.53,4.72,61.8,45.8,Pump A Running
2026-08-09T17:15:00+00:00,Running,1,2388.3,10.62,4.71,62.52,46.13,Pump A Running
2026-08-09T17:30:00+00:00,Running,1,2178.4,10.52,4.92,62.89,46.06,Pump A Running
2026-08-09T17:45:00+00:00,Running,1,2486.1,10.48,4.77,61.72,46.27,Pump A Running
2026-08-09T18:00:00+00:00,Running,1,2200.2,10.54,4.83,61.65,45.93,Pump A Running
2026-08-09T18:15:00+00:00,Running,1,2379.8,10.67,4.59,61.37,46.69,Pump A Running
2026-08-09T18:30:00+00:00,Running,1,2303.1,10.61,4.75,62.53,45.13,Pump A Running
2026-08-09T18:45:00+00:00,Running,1,2378.6,10.62,4.71,62.44,46.13,Pump A Running
2026-08-09T19:00:00+00:00,Running,1,2233.8,10.59,4.93,61.8,46.26,Pump A Running
2026-08-09T19:15:00+00:00,Running,1,2362.1,10.52,4.8,62.8,45.83,Pump A Running
2026-08-09T19:30:00+00:00,Running,1,2247.3,10.7,4.76,61.98,45.98,Pump A Running
2026-08-09T19:45:00+00:00,Running,1,2371.0,10.51,4.89,61.89,46.88,Pump A Running
2026-08-09T20:00:00+00:00,Running,1,2139.5,10.64,4.76,61.67,46.3,Pump A Running
2026-08-09T20:15:00+00:00,Running,1,2113.8,10.69,4.81,61.81,46.1,Pump A Running
2026-08-09T20:30:00+00:00,Running,1,2252.7,10.65,4.8,59.53,46.46,Pump A Running
2026-08-09T20:45:00+00:00,Running,1,2202.8,10.67,4.89,62.2,46.38,Pump A Running
2026-08-09T21:00:00+00:00,Running,1,2269.2,10.57,4.84,62.71,45.41,Pump A Running
2026-08-09T21:15:00+00:00,Running,1,2184.3,10.54,4.83,62.99,45.99,Pump A Running
2026-08-09T21:30:00+00:00,Running,1,2198.9,10.64,4.96,62.06,46.44,Pump A Running
2026-08-09T21:45:00+00:00,Running,1,2150.5,10.61,4.88,63.66,45.8,Pump A Running
2026-08-09T22:00:00+00:00,Running,1,2194.2,10.62,4.72,59.71,46.23,Pump A Running
2026-08-09T22:15:00+00:00,Running,1,2065.5,10.57,4.69,60.47,46.07,Pump A Running
2026-08-09T22:30:00+00:00,Running,1,2225.7,10.54,4.91,60.79,46.41,Pump A Running
2026-08-09T22:45:00+00:00,Running,1,2204.4,10.64,4.64,61.57,45.71,Pump A Running
2026-08-09T23:00:00+00:00,Running,1,2301.9,10.55,4.86,61.36,45.93,Pump A Running
2026-08-09T23:15:00+00:00,Running,1,2353.2,10.63,4.92,61.32,46.24,Pump A Running
2026-08-09T23:30:00+00:00,Running,1,2303.0,10.56,4.89,62.43,45.6,Pump A Running
2026-08-09T23:45:00+00:00,Running,1,2277.8,10.68,4.77,62.32,45.96,Pump A Running
2026-08-10T00:00:00+00:00,Running,1,2301.0,10.51,4.67,62.78,46.2,Pump A Running
2026-08-10T00:15:00+00:00,Running,1,2104.1,10.44,4.88,62.0,45.85,Pump A Running
2026-08-10T00:30:00+00:00,Running,1,2316.2,10.54,4.8,60.77,46.73,Pump A Running
2026-08-10T00:45:00+00:00,Running,1,2072.0,10.61,4.85,60.47,45.66,Pump A Running
2026-08-10T01:00:00+00:00,Running,1,2190.7,10.65,4.87,60.59,46.48,Pump A Running
2026-08-10T01:15:00+00:00,Running,1,2216.5,10.5,4.77,61.37,45.46,Pump A Running
2026-08-10T01:30:00+00:00,Running,1,2021.2,10.59,4.79,59.08,46.08,Pump A Running
2026-08-10T01:45:00+00:00,Running,1,2275.1,10.52,4.78,60.43,46.23,Pump A Running
2026-08-10T02:00:00+00:00,Stopped,0,0.0,0.0,0.17,0.0,29.2,Pumps Stopped
2026-08-10T02:15:00+00:00,Stopped,0,0.0,0.0,0.14,0.0,28.89,Pumps Stopped
2026-08-10T02:30:00+00:00,Stopped,0,0.0,0.0,0.1,0.0,28.68,Pumps Stopped
2026-08-10T02:45:00+00:00,Stopped,0,0.0,0.0,0.15,0.0,29.04,Pumps Stopped
2026-08-10T03:00:00+00:00,Stopped,0,0.0,0.0,0.1,0.0,28.53,Pumps Stopped
2026-08-10T03:15:00+00:00,Stopped,0,0.0,0.0,0.12,0.0,28.82,Pumps Stopped
2026-08-10T03:30:00+00:00,Running,1,2175.8,10.64,4.76,62.9,45.62,Pump A Running
2026-08-10T03:45:00+00:00,Running,1,2165.0,10.56,4.84,62.72,45.58,Pump A Running
2026-08-10T04:00:00+00:00,Running,1,1987.2,10.55,4.72,64.14,46.44,Pump A Running
2026-08-10T04:15:00+00:00,Running,1,2186.6,10.62,4.71,63.04,46.67,Pump A Running
2026-08-10T04:30:00+00:00,Running,1,2156.2,10.58,4.73,61.79,46.84,Pump A Running
2026-08-10T04:45:00+00:00,Running,1,2219.9,10.55,4.84,62.89,46.02,Pump A Running
2026-08-10T05:00:00+00:00,Running,1,2252.4,10.61,4.78,61.81,45.89,Pump A Running
2026-08-10T05:15:00+00:00,Running,1,2080.9,10.58,4.91,60.46,45.66,Pump A Running
2026-08-10T05:30:00+00:00,Running,1,2226.3,10.66,4.75,61.91,46.51,Pump A Running
2026-08-10T05:45:00+00:00,Running,1,2153.5,10.6,4.7,62.42,45.82,Pump A Running
2026-08-10T06:00:00+00:00,Running,1,2112.9,10.5,4.9,61.96,46.33,Pump A Running
2026-08-10T06:15:00+00:00,Running,1,2217.3,10.58,4.86,61.71,45.6,Pump A Running
2026-08-10T06:30:00+00:00,Running,1,1931.1,10.61,4.83,61.94,45.87,Pump A Running
2026-08-10T06:45:00+00:00,Running,1,2183.2,10.55,4.69,60.05,46.19,Pump A Running
2026-08-10T07:00:00+00:00,Running,1,2163.6,10.62,5.04,61.77,45.63,Pump A Running
2026-08-10T07:15:00+00:00,Running,1,2169.3,10.56,4.77,60.96,46.23,Pump A Running
2026-08-10T07:30:00+00:00,Running,1,2158.4,10.54,4.78,62.72,45.12,Pump A Running
2026-08-10T07:45:00+00:00,Running,1,2109.4,10.62,4.6,63.46,45.7,Pump A Running
2026-08-10T08:00:00+00:00,Running,1,2160.4,10.56,4.69,61.8,46.12,Pump A Running
2026-08-10T08:15:00+00:00,Running,1,2120.8,10.52,4.78,61.21,46.25,Pump A Running
2026-08-10T08:30:00+00:00,Running,1,2057.1,10.67,4.75,62.33,45.4,Pump A Running
2026-08-10T08:45:00+00:00,Running,1,2197.5,10.71,4.9,61.83,45.45,Pump A Running
2026-08-10T09:00:00+00:00,Running,1,2264.5,10.66,4.84,61.8,46.2,Pump A Running
2026-08-10T09:15:00+00:00,Running,1,2183.7,10.66,4.78,61.31,45.84,Pump A Running
2026-08-10T09:30:00+00:00,Running,1,2050.8,10.61,4.86,60.97,45.95,Pump A Running
2026-08-10T09:45:00+00:00,Running,1,2220.3,10.58,4.82,60.85,45.68,Pump A Running
2026-08-10T10:00:00+00:00,Running,1,2089.8,10.64,4.7,61.23,45.9,Pump A Running
2026-08-10T10:15:00+00:00,Running,1,2108.9,10.64,4.85,61.14,46.14,Pump A Running
2026-08-10T10:30:00+00:00,Running,1,2175.7,10.62,4.66,60.19,45.29,Pump A Running
2026-08-10T10:45:00+00:00,Running,1,2114.6,10.53,4.75,61.41,47.04,Pump A Running
2026-08-10T11:00:00+00:00,Running,1,2201.8,10.57,4.81,60.35,44.77,Pump A Running
2026-08-10T11:15:00+00:00,Running,1,2113.9,10.49,4.79,62.15,45.62,Pump A Running
2026-08-10T11:30:00+00:00,Running,1,2197.8,10.52,4.74,60.16,46.21,Pump A Running
2026-08-10T11:45:00+00:00,Running,1,2252.8,10.71,4.77,62.61,46.58,Pump A Running
2026-08-10T12:00:00+00:00,Running,1,2264.8,10.65,4.67,62.95,45.98,Pump A Running
2026-08-10T12:15:00+00:00,Running,1,2142.1,10.74,4.71,62.11,46.11,Pump A Running
2026-08-10T12:30:00+00:00,Running,1,2235.0,10.72,4.76,63.44,45.85,Pump A Running
2026-08-10T12:45:00+00:00,Running,1,2120.1,10.74,4.74,62.82,45.66,Pump A Running
2026-08-10T13:00:00+00:00,Running,1,2132.5,10.62,4.64,62.32,45.79,Pump A Running
2026-08-10T13:15:00+00:00,Running,1,2132.6,10.44,4.9,61.1,46.23,Pump A Running
2026-08-10T13:30:00+00:00,Running,1,2173.4,10.54,4.84,61.8,45.45,Pump A Running
2026-08-10T13:45:00+00:00,Running,1,2151.3,10.66,4.77,61.43,45.22,Pump A Running
2026-08-10T14:00:00+00:00,Running,1,2230.3,10.67,4.78,62.14,45.94,Pump A Running
2026-08-10T14:15:00+00:00,Running,1,2243.7,10.61,4.63,61.1,46.4,Pump A Running
2026-08-10T14:30:00+00:00,Running,1,2256.5,10.59,4.84,60.5,45.79,Pump A Running
2026-08-10T14:45:00+00:00,Running,1,2323.6,10.66,4.89,62.91,46.5,Pump A Running
2026-08-10T15:00:00+00:00,Running,1,2295.2,10.66,4.65,62.18,46.08,Pump A Running
2026-08-10T15:15:00+00:00,Running,1,2212.7,10.66,4.8,60.84,45.7,Pump A Running
2026-08-10T15:30:00+00:00,Running,1,2299.0,10.64,4.86,61.84,46.11,Pump A Running
2026-08-10T15:45:00+00:00,Running,1,2284.5,10.52,4.96,61.7,46.46,Pump A Running
2026-08-10T16:00:00+00:00,Running,1,2215.6,10.54,4.78,60.93,46.22,Pump A Running
2026-08-10T16:15:00+00:00,Running,1,2377.6,10.6,4.77,60.85,45.96,Pump A Running
2026-08-10T16:30:00+00:00,Running,1,2192.6,10.7,4.84,60.08,46.08,Pump A Running
2026-08-10T16:45:00+00:00,Running,1,2199.0,10.69,4.76,62.74,45.61,Pump A Running
2026-08-10T17:00:00+00:00,Running,1,2333.7,10.65,4.93,61.2,45.78,Pump A Running
2026-08-10T17:15:00+00:00,Running,1,2219.7,10.6,4.83,62.48,46.09,Pump A Running
2026-08-10T17:30:00+00:00,Running,1,2271.8,10.7,4.85,61.49,46.24,Pump A Running
2026-08-10T17:45:00+00:00,Running,1,2485.8,10.56,4.82,61.53,45.93,Pump A Running
2026-08-10T18:00:00+00:00,Running,1,2194.7,10.57,4.78,62.82,46.09,Pump A Running
2026-08-10T18:15:00+00:00,Running,1,2317.8,10.57,4.8,61.72,46.05,Pump A Running
2026-08-10T18:30:00+00:00,Running,1,2056.5,10.58,4.8,61.61,45.9,Pump A Running
2026-08-10T18:45:00+00:00,Running,1,2384.7,10.58,4.7,60.3,46.0,Pump A Running
2026-08-10T19:00:00+00:00,Running,1,2258.8,10.78,4.87,62.03,46.72,Pump A Running
2026-08-10T19:15:00+00:00,Running,1,2240.6,10.67,4.85,60.65,45.67,Pump A Running
2026-08-10T19:30:00+00:00,Running,1,2399.8,10.62,4.68,62.32,45.84,Pump A Running
2026-08-10T19:45:00+00:00,Running,1,2236.6,10.76,4.74,61.68,45.24,Pump A Running
2026-08-10T20:00:00+00:00,Running,1,2427.3,10.76,4.7,61.12,46.24,Pump A Running
2026-08-10T20:15:00+00:00,Running,1,2371.6,10.53,4.71,62.19,45.37,Pump A Running
2026-08-10T20:30:00+00:00,Running,1,2395.5,10.58,4.75,60.84,45.66,Pump A Running
2026-08-10T20:45:00+00:00,Running,1,2168.9,10.57,4.73,60.57,45.79,Pump A Running
2026-08-10T21:00:00+00:00,Running,1,2354.8,10.61,4.81,60.54,46.36,Pump A Running
2026-08-10T21:15:00+00:00,Running,1,2307.2,10.7,4.73,59.9,46.07,Pump A Running
2026-08-10T21:30:00+00:00,Running,1,2353.2,10.57,4.78,62.36,46.23,Pump A Running
2026-08-10T21:45:00+00:00,Running,1,2471.3,10.51,4.87,61.62,45.9,Pump A Running
2026-08-10T22:00:00+00:00,Running,1,2400.0,10.41,4.76,59.45,46.1,Pump A Running
2026-08-10T22:15:00+00:00,Running,1,2454.8,10.65,4.69,59.71,46.07,Pump A Running
2026-08-10T22:30:00+00:00,Running,1,2503.3,10.55,4.9,62.06,45.81,Pump A Running
2026-08-10T22:45:00+00:00,Running,1,2423.5,10.62,5.0,63.19,46.62,Pump A Running
2026-08-10T23:00:00+00:00,Running,1,2456.1,10.58,4.7,61.2,46.98,Pump A Running
2026-08-10T23:15:00+00:00,Running,1,2473.4,10.71,4.83,61.5,45.69,Pump A Running
2026-08-10T23:30:00+00:00,Running,1,2573.8,10.69,4.91,61.65,46.04,Pump A Running
2026-08-10T23:45:00+00:00,Running,1,2398.7,10.54,4.7,61.0,44.94,Pump A Running
2026-08-11T00:00:00+00:00,Running,1,2357.3,10.48,4.83,62.14,46.23,Pump A Running
2026-08-11T00:15:00+00:00,Running,1,2603.3,10.55,4.78,61.34,45.69,Pump A Running
2026-08-11T00:30:00+00:00,Running,1,2527.0,10.59,4.74,60.02,46.55,Pump A Running
2026-08-11T00:45:00+00:00,Running,1,2507.7,10.65,4.79,63.17,46.08,Pump A Running
2026-08-11T01:00:00+00:00,Running,1,2415.7,10.52,4.68,63.77,45.81,Pump A Running
2026-08-11T01:15:00+00:00,Running,1,2352.1,10.67,4.85,62.65,46.19,Pump A Running
2026-08-11T01:30:00+00:00,Running,1,2589.5,10.51,4.8,59.99,45.82,Pump A Running
2026-08-11T01:45:00+00:00,Running,1,2491.9,10.51,4.78,62.82,46.43,Pump A Running
2026-08-11T02:00:00+00:00,Stopped,0,0.0,0.0,0.12,0.0,29.07,Pumps Stopped
2026-08-11T02:15:00+00:00,Stopped,0,0.0,0.0,0.14,0.0,29.09,Pumps Stopped
2026-08-11T02:30:00+00:00,Stopped,0,0.0,0.0,0.11,0.0,29.33,Pumps Stopped
2026-08-11T02:45:00+00:00,Stopped,0,0.0,0.0,0.09,0.0,29.08,Pumps Stopped
2026-08-11T03:00:00+00:00,Stopped,0,0.0,0.0,0.08,0.0,28.84,Pumps Stopped
2026-08-11T03:15:00+00:00,Stopped,0,0.0,0.0,0.12,0.0,28.58,Pumps Stopped
2026-08-11T03:30:00+00:00,Running,1,2470.4,10.58,4.81,61.15,45.81,Pump A Running
2026-08-11T03:45:00+00:00,Running,1,2580.1,10.63,4.85,62.03,46.2,Pump A Running
2026-08-11T04:00:00+00:00,Running,1,2491.0,10.57,4.8,60.66,46.22,Pump A Running
2026-08-11T04:15:00+00:00,Running,1,2475.4,10.55,4.62,62.23,45.77,Pump A Running
2026-08-11T04:30:00+00:00,Running,1,2591.9,10.53,4.64,61.37,46.53,Pump A Running
2026-08-11T04:45:00+00:00,Running,1,2563.0,10.57,4.81,63.2,46.61,Pump A Running
2026-08-11T05:00:00+00:00,Running,1,2512.2,10.55,4.76,60.08,45.96,Pump A Running
2026-08-11T05:15:00+00:00,Running,1,2492.2,10.5,4.74,61.07,46.06,Pump A Running
2026-08-11T05:30:00+00:00,Running,1,2501.6,10.79,4.79,61.67,46.3,Pump A Running
2026-08-11T05:45:00+00:00,Running,1,2572.6,10.52,4.9,58.68,46.74,Pump A Running
2026-08-11T06:00:00+00:00,Running,1,2674.1,10.56,4.81,62.46,45.67,Pump A Running
2026-08-11T06:15:00+00:00,Running,1,2508.4,10.58,4.75,60.94,46.34,Pump A Running
2026-08-11T06:30:00+00:00,Running,1,2760.8,10.53,4.63,62.17,46.19,Pump A Running
2026-08-11T06:45:00+00:00,Running,1,2639.7,10.68,4.78,60.61,45.91,Pump A Running
2026-08-11T07:00:00+00:00,Running,1,2721.6,10.56,4.73,63.21,45.46,Pump A Running
2026-08-11T07:15:00+00:00,Running,1,2490.0,10.58,4.9,62.81,46.67,Pump A Running
2026-08-11T07:30:00+00:00,Running,1,2707.0,10.72,4.71,60.33,46.34,Pump A Running
2026-08-11T07:45:00+00:00,Running,1,2672.3,10.58,4.69,60.53,46.28,Pump A Running
2026-08-11T08:00:00+00:00,Running,1,2638.9,10.58,4.71,61.77,46.24,Pump A Running
2026-08-11T08:15:00+00:00,Running,1,2738.0,10.58,4.82,62.58,46.59,Pump A Running
2026-08-11T08:30:00+00:00,Running,1,2667.5,10.58,4.66,61.14,46.92,Pump A Running
2026-08-11T08:45:00+00:00,Running,1,2545.2,10.72,4.85,61.36,46.89,Pump A Running
2026-08-11T09:00:00+00:00,Running,1,2587.2,10.7,4.72,60.94,45.78,Pump A Running
2026-08-11T09:15:00+00:00,Running,1,2637.4,10.7,4.79,62.36,46.41,Pump A Running
2026-08-11T09:30:00+00:00,Running,1,2654.3,10.7,4.74,63.05,45.78,Pump A Running
2026-08-11T09:45:00+00:00,Running,1,2698.5,10.73,4.61,59.3,46.66,Pump A Running
2026-08-11T10:00:00+00:00,Running,1,2734.0,10.67,4.88,62.44,46.36,Pump A Running
2026-08-11T10:15:00+00:00,Running,1,2755.4,10.71,4.84,62.25,46.05,Pump A Running
2026-08-11T10:30:00+00:00,Running,1,2728.5,10.72,4.79,63.1,46.89,Pump A Running
2026-08-11T10:45:00+00:00,Running,1,2514.3,10.61,4.79,60.31,45.72,Pump A Running
2026-08-11T11:00:00+00:00,Running,1,2734.7,10.74,4.78,61.23,46.22,Pump A Running
2026-08-11T11:15:00+00:00,Running,1,2760.7,10.55,4.72,62.3,45.98,Pump A Running
2026-08-11T11:30:00+00:00,Running,1,2666.9,10.58,4.83,61.91,44.86,Pump A Running
2026-08-11T11:45:00+00:00,Running,1,2857.1,10.54,4.68,62.61,46.38,Pump A Running
2026-08-11T12:00:00+00:00,Running,1,2741.3,10.53,4.78,60.74,46.92,Pump A Running
2026-08-11T12:15:00+00:00,Running,1,2800.1,10.6,4.76,63.87,46.5,Pump A Running
2026-08-11T12:30:00+00:00,Running,1,2675.7,10.6,4.88,63.58,46.88,Pump A Running
2026-08-11T12:45:00+00:00,Running,1,2616.4,10.56,4.67,62.5,45.63,Pump A Running
2026-08-11T13:00:00+00:00,Running,1,2705.1,10.52,4.77,61.63,45.32,Pump A Running
2026-08-11T13:15:00+00:00,Running,1,2643.0,10.58,4.86,61.29,46.07,Pump A Running
2026-08-11T13:30:00+00:00,Running,1,2760.1,10.63,4.89,61.87,46.18,Pump A Running
2026-08-11T13:45:00+00:00,Running,1,2709.2,10.59,4.7,61.44,45.8,Pump A Running
2026-08-11T14:00:00+00:00,Running,1,2911.4,10.77,4.73,61.54,45.89,Pump A Running
2026-08-11T14:15:00+00:00,Running,1,2818.1,10.63,4.8,61.52,45.88,Pump A Running
2026-08-11T14:30:00+00:00,Running,1,2697.3,10.61,4.77,61.4,45.91,Pump A Running
2026-08-11T14:45:00+00:00,Running,1,2745.3,10.63,4.86,61.38,45.6,Pump A Running
2026-08-11T15:00:00+00:00,Running,1,2748.6,10.67,4.77,61.5,46.33,Pump A Running
2026-08-11T15:15:00+00:00,Running,1,2872.6,10.64,4.85,61.68,46.62,Pump A Running
2026-08-11T15:30:00+00:00,Running,1,2713.8,10.65,4.8,60.98,45.82,Pump A Running
2026-08-11T15:45:00+00:00,Running,1,2760.1,10.57,4.77,62.93,46.09,Pump A Running
2026-08-11T16:00:00+00:00,Running,1,2681.9,10.48,4.7,59.29,46.56,Pump A Running
2026-08-11T16:15:00+00:00,Running,1,2794.5,10.59,4.78,62.57,45.48,Pump A Running
2026-08-11T16:30:00+00:00,Running,1,2830.6,10.56,4.78,61.43,46.11,Pump A Running
2026-08-11T16:45:00+00:00,Running,1,2697.8,10.53,4.69,62.85,46.58,Pump A Running
2026-08-11T17:00:00+00:00,Running,1,2899.1,10.53,4.61,61.13,46.24,Pump A Running
2026-08-11T17:15:00+00:00,Running,1,2760.4,10.69,4.85,62.27,45.29,Pump A Running
2026-08-11T17:30:00+00:00,Running,1,2658.2,10.53,4.73,61.51,46.29,Pump A Running
2026-08-11T17:45:00+00:00,Running,1,2871.8,10.65,4.77,60.77,45.32,Pump A Running
2026-08-11T18:00:00+00:00,Running,1,2648.2,10.59,4.8,60.99,46.21,Pump A Running
2026-08-11T18:15:00+00:00,Running,1,2744.8,10.65,4.78,61.82,45.42,Pump A Running
2026-08-11T18:30:00+00:00,Running,1,2639.7,10.55,4.84,61.78,46.18,Pump A Running
2026-08-11T18:45:00+00:00,Running,1,2721.6,10.6,4.86,61.13,45.72,Pump A Running
2026-08-11T19:00:00+00:00,Running,1,2689.1,10.57,4.77,61.96,46.32,Pump A Running
2026-08-11T19:15:00+00:00,Running,1,2882.3,10.61,4.82,60.33,45.95,Pump A Running
2026-08-11T19:30:00+00:00,Running,1,2792.8,10.58,4.72,60.66,45.55,Pump A Running
2026-08-11T19:45:00+00:00,Running,1,2706.0,10.55,4.78,59.5,46.15,Pump A Running
2026-08-11T20:00:00+00:00,Running,1,2692.3,10.57,4.75,59.6,46.22,Pump A Running
2026-08-11T20:15:00+00:00,Running,1,2787.4,10.54,4.83,61.84,45.97,Pump A Running
2026-08-11T20:30:00+00:00,Running,1,2783.4,10.57,4.63,60.66,45.94,Pump A Running
2026-08-11T20:45:00+00:00,Running,1,2887.1,10.54,4.82,62.19,46.95,Pump A Running
2026-08-11T21:00:00+00:00,Running,1,2725.4,10.58,4.79,61.18,46.37,Pump A Running
2026-08-11T21:15:00+00:00,Running,1,2709.4,10.55,4.79,61.62,44.9,Pump A Running
2026-08-11T21:30:00+00:00,Running,1,2686.9,10.55,4.81,60.56,46.27,Pump A Running
2026-08-11T21:45:00+00:00,Running,1,2888.4,10.57,4.82,61.66,45.89,Pump A Running
2026-08-11T22:00:00+00:00,Running,1,2755.4,10.56,4.86,63.29,45.81,Pump A Running
2026-08-11T22:15:00+00:00,Running,1,2796.8,10.56,5.01,61.62,47.01,Pump A Running
2026-08-11T22:30:00+00:00,Running,1,2645.4,10.62,4.71,60.59,45.67,Pump A Running
2026-08-11T22:45:00+00:00,Running,1,2721.4,10.67,4.68,62.42,47.17,Pump A Running
2026-08-11T23:00:00+00:00,Running,1,2903.4,10.52,4.7,62.11,45.93,Pump A Running
2026-08-11T23:15:00+00:00,Running,1,2734.5,10.61,4.69,60.65,45.75,Pump A Running
2026-08-11T23:30:00+00:00,Running,1,2628.8,10.69,4.73,62.75,45.99,Pump A Running
2026-08-11T23:45:00+00:00,Running,1,2772.7,10.61,4.82,62.29,46.11,Pump A Running
2026-08-12T00:00:00+00:00,Running,1,2789.3,10.69,4.68,63.46,46.35,Pump A Running
2026-08-12T00:15:00+00:00,Running,1,2784.8,10.62,4.79,60.97,46.1,Pump A Running
2026-08-12T00:30:00+00:00,Running,1,2772.5,10.62,4.93,63.5,46.26,Pump A Running
2026-08-12T00:45:00+00:00,Running,1,2778.1,10.53,4.86,60.98,46.17,Pump A Running
2026-08-12T01:00:00+00:00,Running,1,2680.3,10.53,4.7,61.93,46.51,Pump A Running
2026-08-12T01:15:00+00:00,Running,1,2746.2,10.65,4.71,62.88,46.16,Pump A Running
2026-08-12T01:30:00+00:00,Running,1,2639.4,10.55,4.79,62.79,46.36,Pump A Running
2026-08-12T01:45:00+00:00,Running,1,2496.2,10.64,4.69,61.4,46.61,Pump A Running
2026-08-12T02:00:00+00:00,Stopped,0,0.0,0.0,0.09,0.0,28.94,Pumps Stopped
2026-08-12T02:15:00+00:00,Stopped,0,0.0,0.0,0.12,0.0,28.84,Pumps Stopped
2026-08-12T02:30:00+00:00,Stopped,0,0.0,0.0,0.11,0.0,28.76,Pumps Stopped
2026-08-12T02:45:00+00:00,Stopped,0,0.0,0.0,0.15,0.0,28.83,Pumps Stopped
2026-08-12T03:00:00+00:00,Stopped,0,0.0,0.0,0.13,0.0,29.02,Pumps Stopped
2026-08-12T03:15:00+00:00,Stopped,0,0.0,0.0,0.13,0.0,29.61,Pumps Stopped
2026-08-12T03:30:00+00:00,Running,1,2686.2,10.63,4.71,62.76,46.2,Pump A Running
2026-08-12T03:45:00+00:00,Running,1,2758.8,10.58,4.74,60.82,45.9,Pump A Running
2026-08-12T04:00:00+00:00,Running,1,2760.2,10.61,4.76,62.62,46.32,Pump A Running
2026-08-12T04:15:00+00:00,Running,1,2617.6,10.54,4.72,61.97,45.65,Pump A Running
2026-08-12T04:30:00+00:00,Running,1,2447.8,10.6,4.89,62.9,45.71,Pump A Running
2026-08-12T04:45:00+00:00,Running,1,2568.6,10.55,4.88,61.5,46.68,Pump A Running
2026-08-12T05:00:00+00:00,Running,1,2725.6,10.59,4.87,61.88,46.24,Pump A Running
2026-08-12T05:15:00+00:00,Running,1,2631.1,10.69,4.82,61.77,46.52,Pump A Running
2026-08-12T05:30:00+00:00,Running,1,2582.2,10.73,4.77,63.21,46.42,Pump A Running
2026-08-12T05:45:00+00:00,Running,1,2610.6,10.63,4.77,62.84,45.42,Pump A Running
2026-08-12T06:00:00+00:00,Running,1,2684.9,10.51,4.79,61.09,46.64,Pump A Running
2026-08-12T06:15:00+00:00,Running,1,2550.6,10.5,4.76,60.05,46.38,Pump A Running
2026-08-12T06:30:00+00:00,Running,1,2538.5,10.58,4.81,60.23,46.44,Pump A Running
2026-08-12T06:45:00+00:00,Running,1,2428.8,10.64,4.71,61.0,46.36,Pump A Running
2026-08-12T07:00:00+00:00,Running,1,2632.8,10.6,4.82,59.58,45.9,Pump A Running
2026-08-12T07:15:00+00:00,Running,1,2590.7,10.55,4.7,60.02,45.56,Pump A Running
2026-08-12T07:30:00+00:00,Running,1,2509.4,10.61,4.58,61.48,46.1,Pump A Running
2026-08-12T07:45:00+00:00,Running,1,2561.4,10.63,4.8,61.6,45.84,Pump A Running
2026-08-12T08:00:00+00:00,Running,1,2671.4,10.5,4.79,62.61,45.58,Pump A Running
2026-08-12T08:15:00+00:00,Running,1,2720.7,10.62,4.72,61.88,45.7,Pump A Running
2026-08-12T08:30:00+00:00,Running,1,2443.3,10.65,4.67,63.53,46.91,Pump A Running
2026-08-12T08:45:00+00:00,Running,1,2525.1,10.45,4.81,62.81,45.86,Pump A Running
2026-08-12T09:00:00+00:00,Running,1,2552.7,10.71,4.88,61.17,46.28,Pump A Running
2026-08-12T09:15:00+00:00,Running,1,2622.8,10.62,4.7,61.82,46.06,Pump A Running
2026-08-12T09:30:00+00:00,Running,1,2470.0,10.6,4.8,61.82,45.39,Pump A Running
2026-08-12T09:45:00+00:00,Running,1,2463.3,10.71,4.81,61.15,46.0,Pump A Running
2026-08-12T10:00:00+00:00,Running,1,2399.9,10.57,4.83,60.89,46.03,Pump A Running
2026-08-12T10:15:00+00:00,Running,1,2563.1,10.48,4.82,62.25,46.84,Pump A Running
2026-08-12T10:30:00+00:00,Running,1,2498.1,10.62,4.79,62.42,46.45,Pump A Running
2026-08-12T10:45:00+00:00,Running,1,2510.9,10.67,4.78,59.9,46.12,Pump A Running
2026-08-12T11:00:00+00:00,Running,1,2375.7,10.65,4.83,61.65,46.13,Pump A Running
2026-08-12T11:15:00+00:00,Running,1,2474.2,10.75,4.64,62.29,45.93,Pump A Running
2026-08-12T11:30:00+00:00,Running,1,2330.2,10.56,4.87,61.14,46.08,Pump A Running
2026-08-12T11:45:00+00:00,Running,1,2418.5,10.64,4.69,62.1,46.21,Pump A Running
2026-08-12T12:00:00+00:00,Running,1,2614.5,10.61,4.72,63.46,47.34,Pump A Running
2026-08-12T12:15:00+00:00,Running,1,2417.8,10.57,4.93,61.95,46.1,Pump A Running
2026-08-12T12:30:00+00:00,Running,1,2294.1,10.62,4.76,61.83,45.7,Pump A Running
2026-08-12T12:45:00+00:00,Running,1,2357.1,10.51,4.78,60.74,46.38,Pump A Running
2026-08-12T13:00:00+00:00,Running,1,2402.9,10.58,4.81,62.51,45.47,Pump A Running
2026-08-12T13:15:00+00:00,Running,1,2425.7,10.52,4.7,59.99,45.85,Pump A Running
2026-08-12T13:30:00+00:00,Running,1,2453.2,10.49,4.83,61.32,45.84,Pump A Running
2026-08-12T13:45:00+00:00,Running,1,2456.5,10.56,4.81,61.64,46.18,Pump A Running
2026-08-12T14:00:00+00:00,Running,1,2482.4,10.6,4.77,61.55,46.52,Pump A Running
2026-08-12T14:15:00+00:00,Running,1,2471.8,10.53,4.71,59.48,45.43,Pump A Running
2026-08-12T14:30:00+00:00,Running,1,2387.9,10.77,4.78,59.76,45.53,Pump A Running
2026-08-12T14:45:00+00:00,Running,1,2421.0,10.67,4.77,61.14,46.83,Pump A Running
2026-08-12T15:00:00+00:00,Running,1,2427.6,10.62,4.83,62.26,45.24,Pump A Running
2026-08-12T15:15:00+00:00,Running,1,2635.4,10.55,4.72,60.97,46.08,Pump A Running
2026-08-12T15:30:00+00:00,Running,1,2316.8,10.53,4.71,62.96,45.69,Pump A Running
2026-08-12T15:45:00+00:00,Running,1,2338.6,10.59,4.82,62.54,45.76,Pump A Running
2026-08-12T16:00:00+00:00,Running,1,2281.3,10.55,4.91,62.92,46.24,Pump A Running
2026-08-12T16:15:00+00:00,Running,1,2228.8,10.6,4.68,61.91,46.47,Pump A Running
2026-08-12T16:30:00+00:00,Running,1,2293.3,10.61,4.66,62.67,46.05,Pump A Running
2026-08-12T16:45:00+00:00,Running,1,2474.7,10.56,4.75,60.36,47.27,Pump A Running
2026-08-12T17:00:00+00:00,Running,1,2298.1,10.63,4.87,61.95,46.16,Pump A Running
2026-08-12T17:15:00+00:00,Running,1,2345.3,10.63,4.66,63.11,45.52,Pump A Running
2026-08-12T17:30:00+00:00,Running,1,2232.9,10.66,4.61,59.49,46.3,Pump A Running
2026-08-12T17:45:00+00:00,Running,1,2279.2,10.55,4.73,61.17,45.46,Pump A Running
2026-08-12T18:00:00+00:00,Running,1,2313.5,10.63,4.77,61.91,46.28,Pump A Running
2026-08-12T18:15:00+00:00,Running,1,2318.8,10.65,4.68,62.41,45.73,Pump A Running
2026-08-12T18:30:00+00:00,Running,1,2370.4,10.59,4.81,61.37,45.54,Pump A Running
2026-08-12T18:45:00+00:00,Running,1,2312.0,10.59,4.8,62.28,45.96,Pump A Running
2026-08-12T19:00:00+00:00,Running,1,2233.3,10.63,4.74,60.97,46.73,Pump A Running
2026-08-12T19:15:00+00:00,Running,1,2240.5,10.64,4.74,60.1,46.34,Pump A Running
2026-08-12T19:30:00+00:00,Running,1,2093.1,10.72,4.8,60.37,45.98,Pump A Running
2026-08-12T19:45:00+00:00,Running,1,2308.4,10.51,4.74,60.09,46.4,Pump A Running
2026-08-12T20:00:00+00:00,Running,1,2171.7,10.54,4.76,62.42,45.7,Pump A Running
2026-08-12T20:15:00+00:00,Running,1,2312.0,10.53,4.74,61.72,45.61,Pump A Running
2026-08-12T20:30:00+00:00,Running,1,2206.2,10.61,4.73,60.05,46.05,Pump A Running
2026-08-12T20:45:00+00:00,Running,1,2253.2,10.66,4.63,64.24,46.75,Pump A Running
2026-08-12T21:00:00+00:00,Running,1,2285.7,10.6,4.82,61.03,46.18,Pump A Running
2026-08-12T21:15:00+00:00,Running,1,2442.4,10.59,4.74,60.85,45.89,Pump A Running
2026-08-12T21:30:00+00:00,Running,1,2140.3,10.63,4.74,60.93,46.06,Pump A Running
2026-08-12T21:45:00+00:00,Running,1,2189.2,10.61,4.67,62.38,46.55,Pump A Running
2026-08-12T22:00:00+00:00,Running,1,2311.9,10.74,4.72,62.08,46.56,Pump A Running
2026-08-12T22:15:00+00:00,Running,1,2177.5,10.52,4.75,59.17,45.76,Pump A Running
2026-08-12T22:30:00+00:00,Running,1,2112.2,10.6,4.77,60.35,45.47,Pump A Running
2026-08-12T22:45:00+00:00,Running,1,2034.1,10.36,4.82,61.52,46.61,Pump A Running
2026-08-12T23:00:00+00:00,Running,1,2191.0,10.62,4.87,61.31,46.54,Pump A Running
2026-08-12T23:15:00+00:00,Running,1,2359.0,10.52,4.88,61.6,46.75,Pump A Running
2026-08-12T23:30:00+00:00,Running,1,2054.2,10.51,4.8,61.27,45.94,Pump A Running
2026-08-12T23:45:00+00:00,Running,1,2061.3,10.64,4.77,61.67,46.93,Pump A Running
2026-08-13T00:00:00+00:00,Running,1,2207.9,10.58,4.74,64.14,46.5,Pump A Running
2026-08-13T00:15:00+00:00,Running,1,2181.4,10.61,4.84,61.5,45.66,Pump A Running
2026-08-13T00:30:00+00:00,Running,1,2245.9,10.5,4.75,62.19,46.47,Pump A Running
2026-08-13T00:45:00+00:00,Running,1,2299.3,10.55,4.81,61.58,45.98,Pump A Running
2026-08-13T01:00:00+00:00,Running,1,2072.0,10.65,4.69,62.16,45.99,Pump A Running
2026-08-13T01:15:00+00:00,Running,1,2166.4,10.58,4.78,63.0,46.22,Pump A Running
2026-08-13T01:30:00+00:00,Running,1,2196.4,10.57,4.94,61.8,45.68,Pump A Running
2026-08-13T01:45:00+00:00,Running,1,2107.2,10.51,4.84,61.59,46.0,Pump A Running
2026-08-13T02:00:00+00:00,Stopped,0,0.0,0.0,0.13,0.0,28.91,Pumps Stopped
2026-08-13T02:15:00+00:00,Stopped,0,0.0,0.0,0.12,0.0,29.09,Pumps Stopped
2026-08-13T02:30:00+00:00,Stopped,0,0.0,0.0,0.1,0.0,28.86,Pumps Stopped
2026-08-13T02:45:00+00:00,Stopped,0,0.0,0.0,0.12,0.0,29.25,Pumps Stopped
2026-08-13T03:00:00+00:00,Stopped,0,0.0,0.0,0.15,0.0,28.63,Pumps Stopped
2026-08-13T03:15:00+00:00,Stopped,0,0.0,0.0,0.12,0.0,28.93,Pumps Stopped
2026-08-13T03:30:00+00:00,Running,1,2076.7,10.67,4.83,61.54,45.91,Pump A Running
2026-08-13T03:45:00+00:00,Running,1,2101.7,10.66,4.8,60.5,45.87,Pump A Running
2026-08-13T04:00:00+00:00,Running,1,2186.7,10.62,4.69,61.55,45.96,Pump A Running
2026-08-13T04:15:00+00:00,Running,1,2220.9,10.57,4.67,61.19,46.05,Pump A Running
2026-08-13T04:30:00+00:00,Running,1,1990.0,10.56,4.71,60.96,45.58,Pump A Running
2026-08-13T04:45:00+00:00,Running,1,1945.3,10.55,4.68,60.2,46.12,Pump A Running
2026-08-13T05:00:00+00:00,Running,1,2202.3,10.63,4.78,60.94,45.56,Pump A Running
2026-08-13T05:15:00+00:00,Running,1,2183.3,10.6,4.85,62.61,46.41,Pump A Running
2026-08-13T05:30:00+00:00,Running,1,2024.6,10.59,4.85,61.92,45.55,Pump A Running
2026-08-13T05:45:00+00:00,Running,1,2071.3,10.58,4.7,61.99,45.78,Pump A Running
2026-08-13T06:00:00+00:00,Running,1,2150.0,10.6,4.77,59.12,45.85,Pump A Running
2026-08-13T06:15:00+00:00,Running,1,2101.7,10.62,4.78,62.52,45.8,Pump A Running
2026-08-13T06:30:00+00:00,Running,1,2175.6,10.55,4.77,62.1,46.5,Pump A Running
2026-08-13T06:45:00+00:00,Running,1,2120.5,10.54,4.73,61.08,46.19,Pump A Running
2026-08-13T07:00:00+00:00,Running,1,2095.5,10.56,4.7,61.65,47.05,Pump A Running
2026-08-13T07:15:00+00:00,Running,1,2281.5,10.64,4.81,61.02,46.32,Pump A Running
2026-08-13T07:30:00+00:00,Running,1,1992.0,10.64,4.83,60.4,45.69,Pump A Running
2026-08-13T07:45:00+00:00,Running,1,2116.8,10.61,4.7,63.53,46.03,Pump A Running
2026-08-13T08:00:00+00:00,Running,1,2097.4,10.6,4.84,60.05,46.05,Pump A Running
2026-08-13T08:15:00+00:00,Running,1,1981.9,10.62,4.96,62.1,46.58,Pump A Running
2026-08-13T08:30:00+00:00,Running,1,2054.6,10.56,4.73,59.54,46.38,Pump A Running
2026-08-13T08:45:00+00:00,Running,1,2041.5,10.55,4.6,61.06,45.27,Pump A Running
2026-08-13T09:00:00+00:00,Running,1,2152.8,10.68,4.74,61.23,46.04,Pump A Running
2026-08-13T09:15:00+00:00,Running,1,2203.8,10.54,4.78,63.49,46.0,Pump A Running
2026-08-13T09:30:00+00:00,Running,1,2181.9,10.73,4.85,61.38,46.69,Pump A Running
2026-08-13T09:45:00+00:00,Running,1,2290.9,10.64,4.72,60.34,45.98,Pump A Running
2026-08-13T10:00:00+00:00,Running,1,2054.7,10.58,4.76,60.47,45.83,Pump A Running
2026-08-13T10:15:00+00:00,Running,1,2244.2,10.62,4.78,62.33,46.03,Pump A Running
2026-08-13T10:30:00+00:00,Running,1,2010.0,10.61,4.84,61.82,45.5,Pump A Running
2026-08-13T10:45:00+00:00,Running,1,2435.9,10.64,4.64,60.73,45.44,Pump A Running
2026-08-13T11:00:00+00:00,Running,1,2251.9,10.54,4.86,61.93,46.75,Pump A Running
2026-08-13T11:15:00+00:00,Running,1,2172.5,10.53,4.64,62.12,45.61,Pump A Running
2026-08-13T11:30:00+00:00,Running,1,2173.3,10.68,4.71,62.19,46.09,Pump A Running
2026-08-13T11:45:00+00:00,Running,1,2146.3,10.64,4.71,60.57,45.86,Pump A Running
2026-08-13T12:00:00+00:00,Running,1,2173.4,10.52,4.97,61.2,46.19,Pump A Running
2026-08-13T12:15:00+00:00,Running,1,2096.6,10.6,4.73,63.27,46.74,Pump A Running
2026-08-13T12:30:00+00:00,Running,1,2183.1,10.53,4.73,61.12,46.66,Pump A Running
2026-08-13T12:45:00+00:00,Running,1,2163.4,10.75,4.9,61.8,46.03,Pump A Running
2026-08-13T13:00:00+00:00,Running,1,2160.7,10.58,4.64,62.69,46.71,Pump A Running
2026-08-13T13:15:00+00:00,Running,1,2193.0,10.6,4.8,60.84,46.32,Pump A Running
2026-08-13T13:30:00+00:00,Running,1,2335.1,10.56,4.75,60.84,45.73,Pump A Running
2026-08-13T13:45:00+00:00,Running,1,2143.7,10.53,4.76,62.96,46.35,Pump A Running
2026-08-13T14:00:00+00:00,Running,1,2248.4,10.59,4.79,60.85,45.75,Pump A Running
2026-08-13T14:15:00+00:00,Running,1,2133.8,10.53,4.69,60.5,45.73,Pump A Running
2026-08-13T14:30:00+00:00,Running,1,2302.1,10.5,4.78,59.82,46.68,Pump A Running
2026-08-13T14:45:00+00:00,Running,1,2110.3,10.61,4.7,60.99,46.23,Pump A Running
2026-08-13T15:00:00+00:00,Running,1,2294.7,10.67,4.75,61.66,46.2,Pump A Running
2026-08-13T15:15:00+00:00,Running,1,2192.5,10.46,4.76,61.56,45.84,Pump A Running
2026-08-13T15:30:00+00:00,Running,1,2235.7,10.61,4.79,62.28,45.54,Pump A Running
2026-08-13T15:45:00+00:00,Running,1,2253.7,10.56,4.82,61.93,46.28,Pump A Running
2026-08-13T16:00:00+00:00,Running,1,2046.5,10.65,4.71,60.38,46.22,Pump A Running
2026-08-13T16:15:00+00:00,Running,1,2207.5,10.52,4.65,60.83,46.6,Pump A Running
2026-08-13T16:30:00+00:00,Running,1,2263.4,10.54,4.82,61.41,45.45,Pump A Running
2026-08-13T16:45:00+00:00,Running,1,2260.7,10.52,4.77,61.59,46.49,Pump A Running
2026-08-13T17:00:00+00:00,Running,1,2324.4,10.55,4.83,61.94,46.2,Pump A Running
2026-08-13T17:15:00+00:00,Running,1,2243.4,10.53,4.75,62.62,47.11,Pump A Running
2026-08-13T17:30:00+00:00,Running,1,2290.5,10.43,4.65,59.7,46.13,Pump A Running
2026-08-13T17:45:00+00:00,Running,1,2201.6,10.39,4.68,60.33,46.24,Pump A Running
2026-08-13T18:00:00+00:00,Running,1,2318.7,10.68,4.72,62.34,46.08,Pump A Running
2026-08-13T18:15:00+00:00,Running,1,2261.3,10.59,4.72,62.03,45.83,Pump A Running
2026-08-13T18:30:00+00:00,Running,1,2277.0,10.55,4.83,61.47,46.45,Pump A Running
2026-08-13T18:45:00+00:00,Running,1,2277.5,10.73,4.74,60.55,45.93,Pump A Running
2026-08-13T19:00:00+00:00,Running,1,2319.5,10.65,4.67,61.22,46.41,Pump A Running
2026-08-13T19:15:00+00:00,Running,1,2454.2,10.61,4.64,61.86,45.7,Pump A Running
2026-08-13T19:30:00+00:00,Running,1,2342.5,10.56,4.58,60.27,45.91,Pump A Running
2026-08-13T19:45:00+00:00,Running,1,2292.0,10.55,4.76,60.58,44.77,Pump A Running
2026-08-13T20:00:00+00:00,Running,1,2553.3,10.66,4.83,62.54,46.04,Pump A Running
2026-08-13T20:15:00+00:00,Running,1,2306.8,10.49,4.72,60.41,45.72,Pump A Running
2026-08-13T20:30:00+00:00,Running,1,2267.8,10.68,4.63,62.17,45.94,Pump A Running
2026-08-13T20:45:00+00:00,Running,1,2246.6,10.7,4.81,61.07,45.62,Pump A Running
2026-08-13T21:00:00+00:00,Running,1,2316.1,10.67,4.69,63.13,46.66,Pump A Running
2026-08-13T21:15:00+00:00,Running,1,2399.6,10.53,4.69,61.73,45.69,Pump A Running
2026-08-13T21:30:00+00:00,Running,1,2405.9,10.58,4.82,61.87,46.21,Pump A Running
2026-08-13T21:45:00+00:00,Running,1,2253.5,10.56,4.76,61.27,45.76,Pump A Running
2026-08-13T22:00:00+00:00,Running,1,2517.1,10.5,4.83,60.14,45.91,Pump A Running
2026-08-13T22:15:00+00:00,Running,1,2382.3,10.6,4.67,61.42,46.11,Pump A Running
2026-08-13T22:30:00+00:00,Running,1,2444.0,10.67,4.8,61.7,45.88,Pump A Running
2026-08-13T22:45:00+00:00,Running,1,2379.1,10.48,4.82,61.7,45.85,Pump A Running
2026-08-13T23:00:00+00:00,Running,1,2249.6,10.63,4.8,61.5,45.29,Pump A Running
2026-08-13T23:15:00+00:00,Running,1,2432.5,10.63,4.73,60.23,46.12,Pump A Running
2026-08-13T23:30:00+00:00,Running,1,2492.5,10.6,4.92,58.98,45.82,Pump A Running
2026-08-13T23:45:00+00:00,Running,1,2261.6,10.54,4.72,60.62,46.49,Pump A Running
2026-08-14T00:00:00+00:00,Running,1,2539.3,10.72,4.71,61.78,46.48,Pump A Running
2026-08-14T00:15:00+00:00,Running,1,2474.4,10.46,4.63,62.05,46.25,Pump A Running
2026-08-14T00:30:00+00:00,Running,1,2500.0,10.65,4.85,61.34,46.37,Pump A Running
2026-08-14T00:45:00+00:00,Running,1,2377.4,10.66,4.81,61.55,45.77,Pump A Running
2026-08-14T01:00:00+00:00,Running,1,2521.8,10.6,4.74,62.3,46.47,Pump A Running
2026-08-14T01:15:00+00:00,Running,1,2471.4,10.6,4.79,62.95,45.61,Pump A Running
2026-08-14T01:30:00+00:00,Running,1,2636.5,10.66,4.73,62.24,46.01,Pump A Running
2026-08-14T01:45:00+00:00,Running,1,2633.6,10.62,4.96,60.82,46.69,Pump A Running
2026-08-14T02:00:00+00:00,Stopped,0,0.0,0.0,0.11,0.0,29.31,Pumps Stopped
2026-08-14T02:15:00+00:00,Stopped,0,0.0,0.0,0.13,0.0,29.15,Pumps Stopped
2026-08-14T02:30:00+00:00,Stopped,0,0.0,0.0,0.15,0.0,29.23,Pumps Stopped
2026-08-14T02:45:00+00:00,Stopped,0,0.0,0.0,0.16,0.0,28.93,Pumps Stopped
2026-08-14T03:00:00+00:00,Stopped,0,0.0,0.0,0.09,0.0,29.07,Pumps Stopped
2026-08-14T03:15:00+00:00,Stopped,0,0.0,0.0,0.15,0.0,29.42,Pumps Stopped
2026-08-14T03:30:00+00:00,Running,1,2392.4,10.63,4.8,60.17,46.21,Pump A Running
2026-08-14T03:45:00+00:00,Running,1,2494.8,10.68,4.8,59.68,46.48,Pump A Running
2026-08-14T04:00:00+00:00,Running,1,2713.8,10.57,4.78,62.43,46.62,Pump A Running
2026-08-14T04:15:00+00:00,Running,1,2640.4,10.66,4.82,63.41,45.8,Pump A Running
2026-08-14T04:30:00+00:00,Running,1,2388.2,10.65,4.89,60.41,45.9,Pump A Running
2026-08-14T04:45:00+00:00,Running,1,2456.5,10.52,4.56,61.24,45.8,Pump A Running
2026-08-14T05:00:00+00:00,Running,1,2581.5,10.62,4.7,59.89,46.36,Pump A Running
2026-08-14T05:15:00+00:00,Running,1,2593.4,10.68,4.75,62.49,46.45,Pump A Running
2026-08-14T05:30:00+00:00,Running,1,2667.2,10.59,4.81,62.64,46.23,Pump A Running
2026-08-14T05:45:00+00:00,Running,1,2540.9,10.52,4.84,62.65,45.95,Pump A Running
2026-08-14T06:00:00+00:00,Running,1,2634.9,10.65,4.68,61.91,45.53,Pump A Running
2026-08-14T06:15:00+00:00,Running,1,2560.3,10.53,4.91,60.98,45.77,Pump A Running
2026-08-14T06:30:00+00:00,Running,1,2838.3,10.57,4.71,62.13,46.28,Pump A Running
2026-08-14T06:45:00+00:00,Running,1,2645.7,10.59,4.72,60.43,46.34,Pump A Running
2026-08-14T07:00:00+00:00,Running,1,2811.1,10.63,4.85,59.25,46.74,Pump A Running
2026-08-14T07:15:00+00:00,Running,1,2639.6,10.64,4.77,61.64,46.0,Pump A Running
2026-08-14T07:30:00+00:00,Running,1,2695.2,10.52,4.83,63.87,46.74,Pump A Running
2026-08-14T07:45:00+00:00,Running,1,2616.7,10.57,4.61,61.43,46.42,Pump A Running
2026-08-14T08:00:00+00:00,Running,1,2796.1,10.64,4.81,60.14,45.99,Pump A Running
2026-08-14T08:15:00+00:00,Running,1,2563.8,10.56,4.8,61.99,46.9,Pump A Running
2026-08-14T08:30:00+00:00,Running,1,2667.7,10.68,4.93,61.63,45.87,Pump A Running
2026-08-14T08:45:00+00:00,Running,1,2797.9,10.61,4.83,60.25,45.79,Pump A Running
2026-08-14T09:00:00+00:00,Running,1,2711.3,10.49,4.83,62.01,46.02,Pump A Running
2026-08-14T09:15:00+00:00,Running,1,2593.5,10.48,4.79,61.13,46.12,Pump A Running
2026-08-14T09:30:00+00:00,Running,1,2618.0,10.67,4.67,60.46,46.39,Pump A Running
2026-08-14T09:45:00+00:00,Running,1,2633.6,10.6,4.8,59.67,46.5,Pump A Running
2026-08-14T10:00:00+00:00,Running,1,2585.0,10.55,4.76,61.9,46.24,Pump A Running
2026-08-14T10:15:00+00:00,Running,1,2731.2,10.69,4.73,62.6,46.38,Pump A Running
2026-08-14T10:30:00+00:00,Running,1,2679.5,10.59,4.66,63.62,46.01,Pump A Running
2026-08-14T10:45:00+00:00,Running,1,2768.3,10.54,4.65,60.86,46.92,Pump A Running
2026-08-14T11:00:00+00:00,Running,1,2679.9,10.61,4.8,61.35,46.04,Pump A Running
2026-08-14T11:15:00+00:00,Running,1,2748.0,10.56,4.71,60.76,46.82,Pump A Running
2026-08-14T11:30:00+00:00,Running,1,2771.7,10.72,4.81,59.87,46.26,Pump A Running
2026-08-14T11:45:00+00:00,Running,1,2643.1,10.55,4.69,61.49,46.25,Pump A Running
2026-08-14T12:00:00+00:00,Running,1,2676.1,10.57,4.7,59.94,46.42,Pump A Running
2026-08-14T12:15:00+00:00,Running,1,2564.7,10.64,4.78,62.16,45.91,Pump A Running
2026-08-14T12:30:00+00:00,Running,1,2774.3,10.66,4.7,62.23,46.19,Pump A Running
2026-08-14T12:45:00+00:00,Running,1,2594.7,10.53,4.83,60.39,45.38,Pump A Running
2026-08-14T13:00:00+00:00,Running,1,2632.0,10.55,4.71,60.82,47.16,Pump A Running
2026-08-14T13:15:00+00:00,Running,1,2782.1,10.56,4.74,61.61,45.86,Pump A Running
2026-08-14T13:30:00+00:00,Running,1,2676.0,10.49,4.87,62.34,46.24,Pump A Running
2026-08-14T13:45:00+00:00,Running,1,2746.3,10.64,4.65,61.28,46.1,Pump A Running
2026-08-14T14:00:00+00:00,Running,1,2859.3,10.61,4.78,60.17,46.39,Pump A Running
2026-08-14T14:15:00+00:00,Running,1,2621.6,10.68,4.55,63.14,46.14,Pump A Running
2026-08-14T14:30:00+00:00,Running,1,2699.3,10.66,4.91,61.83,44.8,Pump A Running
2026-08-14T14:45:00+00:00,Running,1,2841.4,10.46,4.9,61.96,46.41,Pump A Running
2026-08-14T15:00:00+00:00,Running,1,2668.5,10.53,4.75,61.48,45.78,Pump A Running
2026-08-14T15:15:00+00:00,Running,1,2932.6,10.67,4.77,60.64,45.91,Pump A Running
2026-08-14T15:30:00+00:00,Running,1,2695.9,10.5,4.8,61.39,47.12,Pump A Running
2026-08-14T15:45:00+00:00,Running,1,2853.2,10.64,4.71,62.85,45.88,Pump A Running
2026-08-14T16:00:00+00:00,Running,1,2768.8,10.66,4.66,62.18,46.04,Pump A Running
2026-08-14T16:15:00+00:00,Running,1,2800.2,10.55,4.75,62.34,47.14,Pump A Running
2026-08-14T16:30:00+00:00,Running,1,2904.5,10.67,4.83,59.89,45.67,Pump A Running
2026-08-14T16:45:00+00:00,Running,1,2807.4,10.62,4.78,62.02,46.51,Pump A Running
2026-08-14T17:00:00+00:00,Running,1,2716.1,10.71,4.82,62.51,46.36,Pump A Running
2026-08-14T17:15:00+00:00,Running,1,2731.9,10.51,4.56,61.68,46.45,Pump A Running
2026-08-14T17:30:00+00:00,Running,1,2649.1,10.7,4.9,60.9,45.77,Pump A Running
2026-08-14T17:45:00+00:00,Running,1,2677.5,10.64,4.67,62.83,46.01,Pump A Running
2026-08-14T18:00:00+00:00,Running,1,2724.1,10.57,4.73,61.79,45.81,Pump A Running
2026-08-14T18:15:00+00:00,Running,1,2749.2,10.55,4.83,62.53,46.35,Pump A Running
2026-08-14T18:30:00+00:00,Running,1,2793.9,10.63,4.69,63.39,45.62,Pump A Running
2026-08-14T18:45:00+00:00,Running,1,2683.8,10.7,4.87,61.29,45.62,Pump A Running
2026-08-14T19:00:00+00:00,Running,1,2856.1,10.59,4.75,61.77,45.83,Pump A Running
2026-08-14T19:15:00+00:00,Running,1,2718.0,10.44,4.85,61.81,46.81,Pump A Running
2026-08-14T19:30:00+00:00,Running,1,2787.4,10.6,4.74,61.82,46.09,Pump A Running
2026-08-14T19:45:00+00:00,Running,1,2907.2,10.67,4.71,62.28,46.67,Pump A Running
2026-08-14T20:00:00+00:00,Running,1,2639.8,10.58,4.7,61.33,44.85,Pump A Running
2026-08-14T20:15:00+00:00,Running,1,2734.4,10.52,4.79,60.69,45.5,Pump A Running
2026-08-14T20:30:00+00:00,Running,1,2702.5,10.61,4.7,58.98,45.8,Pump A Running
2026-08-14T20:45:00+00:00,Running,1,2594.0,10.49,4.83,60.91,45.87,Pump A Running
2026-08-14T21:00:00+00:00,Running,1,2755.5,10.51,4.71,61.31,45.87,Pump A Running
2026-08-14T21:15:00+00:00,Running,1,2750.9,10.58,4.84,61.58,46.59,Pump A Running
2026-08-14T21:30:00+00:00,Running,1,2859.4,10.71,4.8,60.58,45.93,Pump A Running
2026-08-14T21:45:00+00:00,Running,1,2745.3,10.45,4.74,62.13,45.84,Pump A Running
2026-08-14T22:00:00+00:00,Running,1,2855.2,10.63,4.81,61.05,45.1,Pump A Running
2026-08-14T22:15:00+00:00,Running,1,2699.2,10.48,4.86,61.34,46.73,Pump A Running
2026-08-14T22:30:00+00:00,Running,1,2694.8,10.5,4.74,63.42,46.94,Pump A Running
2026-08-14T22:45:00+00:00,Running,1,2691.8,10.69,4.74,61.75,46.08,Pump A Running
2026-08-14T23:00:00+00:00,Running,1,2792.7,10.58,4.79,61.81,45.87,Pump A Running
2026-08-14T23:15:00+00:00,Running,1,2764.6,10.59,4.73,61.56,46.22,Pump A Running
2026-08-14T23:30:00+00:00,Running,1,2788.9,10.59,4.62,60.99,46.68,Pump A Running
2026-08-14T23:45:00+00:00,Running,1,2848.5,10.57,4.72,62.84,45.93,Pump A Running
2026-08-15T00:00:00+00:00,Running,1,2499.3,10.66,4.71,62.52,46.29,Pump A Running
2026-08-15T00:15:00+00:00,Running,1,2709.7,10.61,4.69,60.34,45.98,Pump A Running
2026-08-15T00:30:00+00:00,Running,1,2703.8,10.54,4.63,64.4,45.46,Pump A Running
2026-08-15T00:45:00+00:00,Running,1,2654.7,10.46,4.8,60.12,45.97,Pump A Running
2026-08-15T01:00:00+00:00,Running,1,2599.6,10.68,4.74,60.49,46.02,Pump A Running
2026-08-15T01:15:00+00:00,Running,1,2600.2,10.6,4.71,61.66,45.57,Pump A Running
2026-08-15T01:30:00+00:00,Running,1,2571.1,10.57,4.84,60.84,45.91,Pump A Running
2026-08-15T01:45:00+00:00,Running,1,2728.8,10.52,4.73,63.34,46.38,Pump A Running
2026-08-15T02:00:00+00:00,Stopped,0,0.0,0.0,0.16,0.0,28.62,Pumps Stopped
2026-08-15T02:15:00+00:00,Stopped,0,0.0,0.0,0.15,0.0,29.02,Pumps Stopped
2026-08-15T02:30:00+00:00,Stopped,0,0.0,0.0,0.14,0.0,28.65,Pumps Stopped
2026-08-15T02:45:00+00:00,Stopped,0,0.0,0.0,0.13,0.0,28.96,Pumps Stopped
2026-08-15T03:00:00+00:00,Stopped,0,0.0,0.0,0.1,0.0,28.52,Pumps Stopped
2026-08-15T03:15:00+00:00,Stopped,0,0.0,0.0,0.17,0.0,29.06,Pumps Stopped
2026-08-15T03:30:00+00:00,Running,1,2559.0,10.66,4.84,61.44,46.76,Pump A Running
2026-08-15T03:45:00+00:00,Running,1,2479.2,10.6,4.68,60.22,46.65,Pump A Running
2026-08-15T04:00:00+00:00,Running,1,2685.6,10.64,4.85,62.88,46.17,Pump A Running
2026-08-15T04:15:00+00:00,Running,1,2797.9,10.56,4.76,60.57,46.0,Pump A Running
2026-08-15T04:30:00+00:00,Running,1,2722.7,10.61,4.78,62.27,46.25,Pump A Running
2026-08-15T04:45:00+00:00,Running,1,2606.4,10.54,4.76,62.08,46.28,Pump A Running
2026-08-15T05:00:00+00:00,Running,1,2677.8,10.51,4.94,58.08,46.15,Pump A Running
2026-08-15T05:15:00+00:00,Running,1,2596.3,10.54,4.65,61.97,46.07,Pump A Running
2026-08-15T05:30:00+00:00,Running,1,2490.6,10.6,4.69,62.85,46.51,Pump A Running
2026-08-15T05:45:00+00:00,Running,1,2658.5,10.63,4.76,63.28,46.27,Pump A Running
2026-08-15T06:00:00+00:00,Running,1,2631.4,10.58,4.79,59.92,45.97,Pump A Running
2026-08-15T06:15:00+00:00,Running,1,2615.4,10.57,4.69,61.07,46.24,Pump A Running
2026-08-15T06:30:00+00:00,Running,1,2587.5,10.61,4.76,64.46,46.45,Pump A Running
2026-08-15T06:45:00+00:00,Running,1,2548.8,10.64,4.92,61.39,46.15,Pump A Running
2026-08-15T07:00:00+00:00,Running,1,2657.5,10.65,4.75,59.73,46.01,Pump A Running
2026-08-15T07:15:00+00:00,Running,1,2560.5,10.68,4.76,62.01,46.17,Pump A Running
2026-08-15T07:30:00+00:00,Running,1,2514.2,10.58,4.87,60.45,46.19,Pump A Running
2026-08-15T07:45:00+00:00,Running,1,2551.0,10.58,4.66,62.44,46.55,Pump A Running
2026-08-15T08:00:00+00:00,Running,1,2494.6,10.75,4.8,61.35,45.79,Pump A Running
2026-08-15T08:15:00+00:00,Running,1,2611.0,10.49,4.77,60.93,45.87,Pump A Running
2026-08-15T08:30:00+00:00,Running,1,2472.9,10.61,4.86,59.54,46.63,Pump A Running
2026-08-15T08:45:00+00:00,Running,1,2615.5,10.65,4.78,60.66,46.32,Pump A Running
2026-08-15T09:00:00+00:00,Running,1,2517.9,10.74,4.65,59.69,46.25,Pump A Running
2026-08-15T09:15:00+00:00,Running,1,2474.7,10.55,4.72,60.82,45.87,Pump A Running
2026-08-15T09:30:00+00:00,Running,1,2617.1,10.75,4.78,60.63,46.99,Pump A Running
2026-08-15T09:45:00+00:00,Running,1,2479.9,10.54,4.75,61.09,45.72,Pump A Running
2026-08-15T10:00:00+00:00,Running,1,2573.1,10.6,4.77,60.71,46.62,Pump A Running
2026-08-15T10:15:00+00:00,Running,1,2618.9,10.53,4.78,63.75,46.46,Pump A Running
2026-08-15T10:30:00+00:00,Running,1,2508.0,10.6,4.8,62.15,46.71,Pump A Running
2026-08-15T10:45:00+00:00,Running,1,2616.6,10.49,4.69,60.09,46.16,Pump A Running
2026-08-15T11:00:00+00:00,Running,1,2607.6,10.55,4.86,62.49,46.8,Pump A Running
2026-08-15T11:15:00+00:00,Running,1,2473.3,10.53,4.8,62.09,46.31,Pump A Running
2026-08-15T11:30:00+00:00,Running,1,2459.0,10.6,4.72,60.2,46.15,Pump A Running
2026-08-15T11:45:00+00:00,Running,1,2417.6,10.54,4.74,60.55,46.41,Pump A Running
2026-08-15T12:00:00+00:00,Running,1,2549.1,10.6,4.67,61.61,45.4,Pump A Running
2026-08-15T12:15:00+00:00,Running,1,2463.7,10.67,4.82,61.01,46.58,Pump A Running
2026-08-15T12:30:00+00:00,Running,1,2414.9,10.57,4.85,62.46,46.02,Pump A Running
2026-08-15T12:45:00+00:00,Running,1,2409.3,10.59,4.9,62.11,46.35,Pump A Running
2026-08-15T13:00:00+00:00,Running,1,2290.9,10.64,4.81,62.34,46.15,Pump A Running
2026-08-15T13:15:00+00:00,Running,1,2301.7,10.6,4.88,63.14,46.27,Pump A Running
2026-08-15T13:30:00+00:00,Running,1,2355.6,10.53,4.94,60.61,45.81,Pump A Running
2026-08-15T13:45:00+00:00,Running,1,2516.8,10.59,4.64,59.78,46.75,Pump A Running
2026-08-15T14:00:00+00:00,Running,1,2652.0,10.59,4.75,62.34,45.65,Pump A Running
2026-08-15T14:15:00+00:00,Running,1,2354.4,10.6,4.77,62.09,46.55,Pump A Running
2026-08-15T14:30:00+00:00,Running,1,2369.7,10.57,4.7,59.99,46.72,Pump A Running
2026-08-15T14:45:00+00:00,Running,1,2449.6,10.56,4.6,60.8,45.92,Pump A Running
2026-08-15T15:00:00+00:00,Running,1,2276.2,10.56,4.76,60.98,46.26,Pump A Running
2026-08-15T15:15:00+00:00,Running,1,2334.9,10.61,4.77,61.59,46.07,Pump A Running
2026-08-15T15:30:00+00:00,Running,1,2428.0,10.59,4.86,61.29,45.88,Pump A Running
2026-08-15T15:45:00+00:00,Running,1,2402.2,10.68,4.76,62.91,46.91,Pump A Running
2026-08-15T16:00:00+00:00,Running,1,2327.5,10.67,4.84,61.6,46.0,Pump A Running
2026-08-15T16:15:00+00:00,Running,1,2375.3,10.53,4.7,62.53,46.78,Pump A Running
2026-08-15T16:30:00+00:00,Running,1,2280.0,10.6,4.7,62.42,45.68,Pump A Running
2026-08-15T16:45:00+00:00,Running,1,2415.1,10.58,4.68,61.42,45.47,Pump A Running
2026-08-15T17:00:00+00:00,Running,1,2309.3,10.5,4.72,61.58,46.48,Pump A Running
2026-08-15T17:15:00+00:00,Running,1,2351.8,10.52,4.7,61.22,46.18,Pump A Running
2026-08-15T17:30:00+00:00,Running,1,2201.4,10.54,4.76,61.66,46.41,Pump A Running
2026-08-15T17:45:00+00:00,Running,1,2330.6,10.58,4.84,62.32,46.6,Pump A Running
2026-08-15T18:00:00+00:00,Running,1,2354.3,10.52,4.7,61.01,46.93,Pump A Running
2026-08-15T18:15:00+00:00,Running,1,2220.1,10.58,4.81,61.26,46.1,Pump A Running
2026-08-15T18:30:00+00:00,Running,1,2127.4,10.56,4.65,61.69,45.4,Pump A Running
2026-08-15T18:45:00+00:00,Running,1,2360.7,10.63,4.69,60.48,45.9,Pump A Running
2026-08-15T19:00:00+00:00,Running,1,2260.5,10.67,4.85,63.02,46.94,Pump A Running
2026-08-15T19:15:00+00:00,Running,1,2156.9,10.58,4.75,60.44,46.37,Pump A Running
2026-08-15T19:30:00+00:00,Running,1,2267.5,10.49,4.63,61.66,46.42,Pump A Running
2026-08-15T19:45:00+00:00,Running,1,2201.7,10.44,4.97,61.92,46.99,Pump A Running
2026-08-15T20:00:00+00:00,Running,1,2199.1,10.68,4.89,62.4,46.5,Pump A Running
2026-08-15T20:15:00+00:00,Running,1,2377.5,10.57,4.78,61.53,45.49,Pump A Running
2026-08-15T20:30:00+00:00,Running,1,2183.8,10.67,4.76,61.02,46.6,Pump A Running
2026-08-15T20:45:00+00:00,Running,1,2167.6,10.65,4.84,61.01,47.12,Pump A Running
2026-08-15T21:00:00+00:00,Running,1,2174.3,10.64,4.71,60.82,46.67,Pump A Running
2026-08-15T21:15:00+00:00,Running,1,2197.3,10.58,4.83,61.63,47.26,Pump A Running
2026-08-15T21:30:00+00:00,Running,1,2175.9,10.41,4.9,62.02,45.93,Pump A Running
2026-08-15T21:45:00+00:00,Running,1,2305.4,10.51,4.78,60.55,45.81,Pump A Running
2026-08-15T22:00:00+00:00,Running,1,2306.7,10.64,4.59,61.32,46.57,Pump A Running
2026-08-15T22:15:00+00:00,Running,1,2411.0,10.59,4.88,62.17,46.62,Pump A Running
2026-08-15T22:30:00+00:00,Running,1,2269.9,10.62,4.82,62.11,45.93,Pump A Running
2026-08-15T22:45:00+00:00,Running,1,2222.0,10.7,4.76,60.13,46.68,Pump A Running
2026-08-15T23:00:00+00:00,Running,1,2281.1,10.68,4.8,62.46,46.35,Pump A Running
2026-08-15T23:15:00+00:00,Running,1,2179.4,10.67,4.82,61.78,45.91,Pump A Running
2026-08-15T23:30:00+00:00,Running,1,2168.1,10.61,4.66,61.27,46.38,Pump A Running
2026-08-15T23:45:00+00:00,Running,1,2086.9,10.64,4.78,60.09,46.03,Pump A Running
2026-08-16T00:00:00+00:00,Running,1,2169.4,10.71,4.78,62.75,45.6,Pump A Running
2026-08-16T00:15:00+00:00,Running,1,2157.8,10.69,4.71,61.67,46.4,Pump A Running
2026-08-16T00:30:00+00:00,Running,1,2183.4,10.55,4.7,61.69,45.54,Pump A Running
2026-08-16T00:45:00+00:00,Running,1,2179.0,10.6,4.87,63.27,46.68,Pump A Running
2026-08-16T01:00:00+00:00,Running,1,2091.0,10.5,4.77,60.65,46.41,Pump A Running
2026-08-16T01:15:00+00:00,Running,1,2310.1,10.6,4.66,61.28,46.37,Pump A Running
2026-08-16T01:30:00+00:00,Running,1,2144.4,10.57,4.82,60.21,45.68,Pump A Running
2026-08-16T01:45:00+00:00,Running,1,2219.0,10.38,4.8,63.3,45.94,Pump A Running
2026-08-16T02:00:00+00:00,Stopped,0,0.0,0.0,0.11,0.0,28.75,Pumps Stopped
2026-08-16T02:15:00+00:00,Stopped,0,0.0,0.0,0.12,0.0,29.25,Pumps Stopped
2026-08-16T02:30:00+00:00,Stopped,0,0.0,0.0,0.16,0.0,28.49,Pumps Stopped
2026-08-16T02:45:00+00:00,Stopped,0,0.0,0.0,0.1,0.0,29.08,Pumps Stopped
2026-08-16T03:00:00+00:00,Stopped,0,0.0,0.0,0.15,0.0,29.29,Pumps Stopped
2026-08-16T03:15:00+00:00,Stopped,0,0.0,0.0,0.16,0.0,29.19,Pumps Stopped
2026-08-16T03:30:00+00:00,Running,1,2034.2,10.63,4.8,60.86,45.8,Pump A Running
2026-08-16T03:45:00+00:00,Running,1,2129.8,10.69,4.64,59.95,46.53,Pump A Running
2026-08-16T04:00:00+00:00,Running,1,2117.3,10.64,4.69,60.69,46.59,Pump A Running
2026-08-16T04:15:00+00:00,Running,1,2177.0,10.61,4.82,61.75,46.4,Pump A Running
2026-08-16T04:30:00+00:00,Running,1,2066.9,10.68,4.86,61.79,46.16,Pump A Running
2026-08-16T04:45:00+00:00,Running,1,2110.5,10.6,4.71,62.23,46.05,Pump A Running
2026-08-16T05:00:00+00:00,Running,1,2300.5,10.59,4.74,60.94,46.2,Pump A Running
2026-08-16T05:15:00+00:00,Running,1,2162.4,10.51,4.79,62.07,46.33,Pump A Running
2026-08-16T05:30:00+00:00,Running,1,2094.5,10.54,4.71,61.82,46.06,Pump A Running
2026-08-16T05:45:00+00:00,Running,1,2109.4,10.6,4.73,60.43,45.44,Pump A Running
2026-08-16T06:00:00+00:00,Running,1,2223.6,10.42,4.64,61.34,45.85,Pump A Running
2026-08-16T06:15:00+00:00,Running,1,2092.9,10.6,4.82,61.85,46.5,Pump A Running
2026-08-16T06:30:00+00:00,Running,1,2269.1,10.68,4.8,60.73,45.67,Pump A Running
2026-08-16T06:45:00+00:00,Running,1,2107.4,10.67,4.79,61.04,46.48,Pump A Running
2026-08-16T07:00:00+00:00,Running,1,2159.5,10.53,4.71,61.58,46.26,Pump A Running
2026-08-16T07:15:00+00:00,Running,1,2038.6,10.58,4.62,62.5,46.87,Pump A Running
2026-08-16T07:30:00+00:00,Running,1,2002.3,10.71,4.81,61.51,45.66,Pump A Running
2026-08-16T07:45:00+00:00,Running,1,2318.0,10.5,4.86,61.46,46.42,Pump A Running
2026-08-16T08:00:00+00:00,Running,1,2184.7,10.57,4.82,59.69,45.72,Pump A Running
2026-08-16T08:15:00+00:00,Running,1,2208.6,10.63,4.73,62.51,45.9,Pump A Running
2026-08-16T08:30:00+00:00,Running,1,2136.8,10.55,4.75,61.02,45.9,Pump A Running
2026-08-16T08:45:00+00:00,Running,1,2198.2,10.67,4.79,60.73,45.77,Pump A Running
2026-08-16T09:00:00+00:00,Running,1,2173.5,10.49,4.71,60.85,46.49,Pump A Running
2026-08-16T09:15:00+00:00,Running,1,2094.1,10.64,4.87,61.02,46.04,Pump A Running
2026-08-16T09:30:00+00:00,Running,1,2100.9,10.57,4.64,62.72,46.23,Pump A Running
2026-08-16T09:45:00+00:00,Running,1,1987.0,10.55,4.83,57.81,46.18,Pump A Running
2026-08-16T10:00:00+00:00,Running,1,2115.8,10.56,4.78,60.94,46.53,Pump A Running
2026-08-16T10:15:00+00:00,Running,1,2131.8,10.49,4.73,61.1,46.3,Pump A Running
2026-08-16T10:30:00+00:00,Running,1,2213.8,10.56,4.71,59.87,46.51,Pump A Running
2026-08-16T10:45:00+00:00,Running,1,2242.7,10.67,4.88,62.26,46.23,Pump A Running
2026-08-16T11:00:00+00:00,Running,1,2206.1,10.54,4.74,61.65,46.32,Pump A Running
2026-08-16T11:15:00+00:00,Running,1,2305.1,10.64,4.55,61.16,46.44,Pump A Running
2026-08-16T11:30:00+00:00,Running,1,2056.2,10.54,4.7,63.35,45.81,Pump A Running
2026-08-16T11:45:00+00:00,Running,1,2244.8,10.49,4.64,62.43,45.48,Pump A Running
2026-08-16T12:00:00+00:00,Running,1,2176.6,10.71,4.77,62.04,46.47,Pump A Running
2026-08-16T12:15:00+00:00,Running,1,2364.2,10.53,4.72,61.33,46.15,Pump A Running
2026-08-16T12:30:00+00:00,Running,1,2043.7,10.53,4.84,59.58,45.99,Pump A Running
2026-08-16T12:45:00+00:00,Running,1,2302.7,10.6,4.79,61.54,46.68,Pump A Running
2026-08-16T13:00:00+00:00,Running,1,2371.4,10.6,4.67,60.46,46.76,Pump A Running
2026-08-16T13:15:00+00:00,Running,1,2223.7,10.66,4.74,60.08,46.31,Pump A Running
2026-08-16T13:30:00+00:00,Running,1,2225.2,10.7,4.73,61.84,46.34,Pump A Running
2026-08-16T13:45:00+00:00,Running,1,2220.9,10.68,4.79,61.53,46.55,Pump A Running
2026-08-16T14:00:00+00:00,Running,1,2162.7,10.62,4.69,63.36,46.54,Pump A Running
2026-08-16T14:15:00+00:00,Running,1,2275.8,10.68,4.69,62.43,46.14,Pump A Running
2026-08-16T14:30:00+00:00,Running,1,2154.7,10.55,4.82,59.82,46.64,Pump A Running
2026-08-16T14:45:00+00:00,Running,1,2432.8,10.5,4.68,62.48,46.56,Pump A Running
2026-08-16T15:00:00+00:00,Running,1,2305.3,10.64,4.67,64.35,46.38,Pump A Running
2026-08-16T15:15:00+00:00,Running,1,2219.3,10.59,4.82,60.73,45.42,Pump A Running
2026-08-16T15:30:00+00:00,Running,1,2435.4,10.53,4.69,62.46,46.62,Pump A Running
2026-08-16T15:45:00+00:00,Running,1,2359.5,10.69,4.77,62.23,46.77,Pump A Running
2026-08-16T16:00:00+00:00,Running,1,2260.3,10.55,4.66,61.45,46.95,Pump A Running
2026-08-16T16:15:00+00:00,Running,1,2416.7,10.5,4.76,61.54,46.57,Pump A Running
2026-08-16T16:30:00+00:00,Running,1,2315.2,10.66,4.77,59.83,46.3,Pump A Running
2026-08-16T16:45:00+00:00,Running,1,2359.5,10.63,4.79,59.7,45.88,Pump A Running
2026-08-16T17:00:00+00:00,Running,1,2228.4,10.61,4.66,62.25,46.47,Pump A Running
2026-08-16T17:15:00+00:00,Running,1,2406.1,10.49,4.76,59.49,45.39,Pump A Running
2026-08-16T17:30:00+00:00,Running,1,2249.3,10.71,4.62,60.33,46.58,Pump A Running
2026-08-16T17:45:00+00:00,Running,1,2210.1,10.58,4.85,61.82,45.67,Pump A Running
2026-08-16T18:00:00+00:00,Running,1,2291.9,10.62,4.83,60.06,45.99,Pump A Running
2026-08-16T18:15:00+00:00,Running,1,2401.2,10.66,4.73,61.51,45.99,Pump A Running
2026-08-16T18:30:00+00:00,Running,1,2205.5,10.69,4.72,60.79,46.1,Pump A Running
2026-08-16T18:45:00+00:00,Running,1,2311.6,10.65,4.92,60.39,46.13,Pump A Running
2026-08-16T19:00:00+00:00,Running,1,2332.6,10.61,4.75,60.73,46.02,Pump A Running
2026-08-16T19:15:00+00:00,Running,1,2284.7,10.56,4.78,62.38,46.01,Pump A Running
2026-08-16T19:30:00+00:00,Running,1,2317.0,10.67,4.63,59.59,46.21,Pump A Running
2026-08-16T19:45:00+00:00,Running,1,2435.3,10.62,4.83,59.26,46.78,Pump A Running
2026-08-16T20:00:00+00:00,Running,1,2308.0,10.59,4.68,60.86,45.52,Pump A Running
2026-08-16T20:15:00+00:00,Running,1,2361.4,10.69,4.75,61.16,46.48,Pump A Running
2026-08-16T20:30:00+00:00,Running,1,2362.6,10.67,4.66,61.67,46.48,Pump A Running
2026-08-16T20:45:00+00:00,Running,1,2233.2,10.55,4.83,59.68,45.79,Pump A Running
2026-08-16T21:00:00+00:00,Running,1,2329.7,10.57,4.73,59.73,46.49,Pump A Running
2026-08-16T21:15:00+00:00,Running,1,2365.6,10.64,4.68,61.74,45.56,Pump A Running
2026-08-16T21:30:00+00:00,Running,1,2256.4,10.54,4.62,59.47,46.13,Pump A Running
2026-08-16T21:45:00+00:00,Running,1,2462.8,10.68,4.73,59.76,46.34,Pump A Running
2026-08-16T22:00:00+00:00,Running,1,2556.8,10.51,4.66,61.8,46.26,Pump A Running
2026-08-16T22:15:00+00:00,Running,1,2413.8,10.55,4.79,60.63,46.05,Pump A Running
2026-08-16T22:30:00+00:00,Running,1,2404.3,10.49,4.66,60.46,45.85,Pump A Running
2026-08-16T22:45:00+00:00,Running,1,2351.7,10.65,4.73,61.92,46.34,Pump A Running
2026-08-16T23:00:00+00:00,Running,1,2257.2,10.64,4.87,62.46,46.57,Pump A Running
2026-08-16T23:15:00+00:00,Running,1,2489.6,10.61,4.62,61.54,46.0,Pump A Running
2026-08-16T23:30:00+00:00,Running,1,2390.8,10.56,4.75,61.85,46.05,Pump A Running
2026-08-16T23:45:00+00:00,Running,1,2330.5,10.55,4.76,61.84,46.23,Pump A Running
2026-08-17T00:00:00+00:00,Running,1,2518.8,10.59,4.79,62.02,46.35,Pump A Running
2026-08-17T00:15:00+00:00,Running,1,2450.5,10.6,4.73,59.5,46.85,Pump A Running
2026-08-17T00:30:00+00:00,Running,1,2441.4,10.62,4.83,59.11,46.58,Pump A Running
2026-08-17T00:45:00+00:00,Running,1,2427.0,10.53,4.74,61.92,47.13,Pump A Running
2026-08-17T01:00:00+00:00,Running,1,2685.8,10.46,4.62,61.21,45.98,Pump A Running
2026-08-17T01:15:00+00:00,Running,1,2507.4,10.55,4.76,60.04,46.59,Pump A Running
2026-08-17T01:30:00+00:00,Running,1,2698.9,10.57,4.72,61.71,46.25,Pump A Running
2026-08-17T01:45:00+00:00,Running,1,2507.7,10.6,4.7,59.9,46.76,Pump A Running
2026-08-17T02:00:00+00:00,Stopped,0,0.0,0.0,0.1,0.0,29.04,Pumps Stopped
2026-08-17T02:15:00+00:00,Stopped,0,0.0,0.0,0.13,0.0,28.85,Pumps Stopped
2026-08-17T02:30:00+00:00,Stopped,0,0.0,0.0,0.07,0.0,29.1,Pumps Stopped
2026-08-17T02:45:00+00:00,Stopped,0,0.0,0.0,0.16,0.0,28.93,Pumps Stopped
2026-08-17T03:00:00+00:00,Stopped,0,0.0,0.0,0.08,0.0,28.46,Pumps Stopped
2026-08-17T03:15:00+00:00,Stopped,0,0.0,0.0,0.11,0.0,29.45,Pumps Stopped
2026-08-17T03:30:00+00:00,Running,1,2437.9,10.59,4.71,59.27,46.8,Pump A Running
2026-08-17T03:45:00+00:00,Running,1,2430.8,10.53,4.87,60.89,45.94,Pump A Running
2026-08-17T04:00:00+00:00,Running,1,2568.4,10.48,4.82,60.51,46.33,Pump A Running
2026-08-17T04:15:00+00:00,Running,1,2457.0,10.56,4.73,61.6,46.58,Pump A Running
2026-08-17T04:30:00+00:00,Running,1,2413.3,10.62,4.7,60.47,45.89,Pump A Running
2026-08-17T04:45:00+00:00,Running,1,2714.6,10.47,4.68,59.57,46.52,Pump A Running
2026-08-17T05:00:00+00:00,Running,1,2663.5,10.67,4.78,61.2,46.5,Pump A Running
2026-08-17T05:15:00+00:00,Running,1,2670.0,10.56,4.71,62.26,46.29,Pump A Running
2026-08-17T05:30:00+00:00,Running,1,2703.2,10.68,4.69,62.62,46.41,Pump A Running
2026-08-17T05:45:00+00:00,Running,1,2404.5,10.56,4.74,59.64,46.23,Pump A Running
2026-08-17T06:00:00+00:00,Running,1,2524.2,10.66,4.62,62.08,46.02,Pump A Running
2026-08-17T06:15:00+00:00,Running,1,2476.1,10.63,4.67,59.55,45.98,Pump A Running
2026-08-17T06:30:00+00:00,Running,1,2592.1,10.63,4.71,61.7,46.34,Pump A Running
2026-08-17T06:45:00+00:00,Running,1,2712.4,10.62,4.96,63.01,46.19,Pump A Running
2026-08-17T07:00:00+00:00,Running,1,2607.6,10.6,4.76,60.95,45.67,Pump A Running
2026-08-17T07:15:00+00:00,Running,1,2648.5,10.49,4.71,61.37,46.49,Pump A Running
2026-08-17T07:30:00+00:00,Running,1,2587.6,10.67,4.79,60.34,46.79,Pump A Running
2026-08-17T07:45:00+00:00,Running,1,2535.4,10.61,4.82,63.06,45.45,Pump A Running
2026-08-17T08:00:00+00:00,Running,1,2643.3,10.67,4.82,60.51,46.09,Pump A Running
2026-08-17T08:15:00+00:00,Running,1,2583.5,10.53,4.73,61.51,46.79,Pump A Running
2026-08-17T08:30:00+00:00,Running,1,2640.5,10.57,4.72,59.79,45.98,Pump A Running
2026-08-17T08:45:00+00:00,Running,1,2698.2,10.64,4.9,60.36,46.12,Pump A Running
2026-08-17T09:00:00+00:00,Running,1,2680.8,10.54,4.65,59.94,46.37,Pump A Running
2026-08-17T09:15:00+00:00,Running,1,2485.4,10.54,4.77,60.54,45.85,Pump A Running
2026-08-17T09:30:00+00:00,Running,1,2692.4,10.63,4.75,59.76,46.28,Pump A Running
2026-08-17T09:45:00+00:00,Running,1,2882.4,10.62,4.82,60.41,46.58,Pump A Running
2026-08-17T10:00:00+00:00,Running,1,2657.9,10.76,4.85,59.35,46.16,Pump A Running
2026-08-17T10:15:00+00:00,Running,1,2764.8,10.58,4.71,60.38,45.93,Pump A Running
2026-08-17T10:30:00+00:00,Running,1,2516.4,10.67,4.79,61.71,46.37,Pump A Running
2026-08-17T10:45:00+00:00,Running,1,2781.0,10.69,4.79,60.62,46.47,Pump A Running
2026-08-17T11:00:00+00:00,Running,1,2668.3,10.54,4.83,61.29,46.44,Pump A Running
2026-08-17T11:15:00+00:00,Running,1,2762.2,10.53,4.76,61.87,46.04,Pump A Running
2026-08-17T11:30:00+00:00,Running,1,2694.5,10.6,4.73,61.34,46.43,Pump A Running
2026-08-17T11:45:00+00:00,Running,1,2644.6,10.62,4.89,62.31,46.1,Pump A Running
2026-08-17T12:00:00+00:00,Running,1,2817.6,10.63,4.72,60.53,45.72,Pump A Running
2026-08-17T12:15:00+00:00,Running,1,2897.7,10.7,4.8,59.92,46.81,Pump A Running
2026-08-17T12:30:00+00:00,Running,1,2721.8,10.68,4.77,62.49,46.46,Pump A Running
2026-08-17T12:45:00+00:00,Running,1,2618.7,10.46,4.69,60.33,46.33,Pump A Running
2026-08-17T13:00:00+00:00,Running,1,2747.8,10.69,4.69,61.06,46.48,Pump A Running
2026-08-17T13:15:00+00:00,Running,1,2841.7,10.57,4.68,61.27,46.26,Pump A Running
2026-08-17T13:30:00+00:00,Running,1,2714.1,10.68,4.8,61.4,45.82,Pump A Running
2026-08-17T13:45:00+00:00,Running,1,2752.9,10.64,4.8,61.72,46.17,Pump A Running
2026-08-17T14:00:00+00:00,Running,1,2913.4,10.58,4.57,61.17,47.26,Pump A Running
2026-08-17T14:15:00+00:00,Running,1,2764.7,10.68,4.75,62.07,45.95,Pump A Running
2026-08-17T14:30:00+00:00,Running,1,2708.3,10.57,4.73,59.1,46.0,Pump A Running
2026-08-17T14:45:00+00:00,Running,1,2840.6,10.61,4.77,59.29,46.25,Pump A Running
2026-08-17T15:00:00+00:00,Running,1,2793.2,10.63,4.71,61.78,46.43,Pump A Running
2026-08-17T15:15:00+00:00,Running,1,2841.6,10.59,4.73,62.01,46.37,Pump A Running
2026-08-17T15:30:00+00:00,Running,1,2624.5,10.53,4.79,60.7,46.28,Pump A Running
2026-08-17T15:45:00+00:00,Running,1,2700.5,10.56,4.71,62.54,46.46,Pump A Running
2026-08-17T16:00:00+00:00,Running,1,2937.8,10.68,4.72,60.86,46.32,Pump A Running
2026-08-17T16:15:00+00:00,Running,1,2773.5,10.61,4.69,61.54,46.51,Pump A Running
2026-08-17T16:30:00+00:00,Running,1,2789.8,10.56,4.76,61.33,46.5,Pump A Running
2026-08-17T16:45:00+00:00,Running,1,2636.6,10.61,4.81,63.09,46.03,Pump A Running
2026-08-17T17:00:00+00:00,Running,1,2856.9,10.65,4.73,60.49,45.03,Pump A Running
2026-08-17T17:15:00+00:00,Running,1,2751.3,10.53,4.7,61.36,46.83,Pump A Running
2026-08-17T17:30:00+00:00,Running,1,2970.3,10.7,4.69,61.45,46.13,Pump A Running
2026-08-17T17:45:00+00:00,Running,1,2862.8,10.6,4.73,61.99,46.08,Pump A Running
2026-08-17T18:00:00+00:00,Running,1,2840.0,10.66,4.77,61.44,46.12,Pump A Running
2026-08-17T18:15:00+00:00,Running,1,2717.6,10.66,4.7,62.64,46.54,Pump A Running
2026-08-17T18:30:00+00:00,Running,1,3001.5,10.32,4.64,58.68,45.81,Pump A Running
2026-08-17T18:45:00+00:00,Running,1,2831.2,10.67,4.81,61.85,45.96,Pump A Running
2026-08-17T19:00:00+00:00,Running,1,2601.2,10.54,4.61,60.68,45.76,Pump A Running
2026-08-17T19:15:00+00:00,Running,1,2782.6,10.7,4.72,60.25,46.43,Pump A Running
2026-08-17T19:30:00+00:00,Running,1,2687.1,10.57,4.8,59.84,45.72,Pump A Running
2026-08-17T19:45:00+00:00,Running,1,2830.9,10.66,4.69,62.63,46.11,Pump A Running
2026-08-17T20:00:00+00:00,Running,1,2632.6,10.58,4.73,59.69,45.88,Pump A Running
2026-08-17T20:15:00+00:00,Running,1,2825.2,10.57,4.77,61.65,46.02,Pump A Running
2026-08-17T20:30:00+00:00,Running,1,2881.4,10.52,4.74,61.5,46.48,Pump A Running
2026-08-17T20:45:00+00:00,Running,1,2842.4,10.53,4.69,61.68,45.76,Pump A Running
2026-08-17T21:00:00+00:00,Running,1,2869.4,10.53,4.85,61.48,46.95,Pump A Running
2026-08-17T21:15:00+00:00,Running,1,2627.7,10.67,4.88,62.41,46.08,Pump A Running
2026-08-17T21:30:00+00:00,Running,1,2739.2,10.6,4.63,61.78,46.04,Pump A Running
2026-08-17T21:45:00+00:00,Running,1,2567.7,10.63,4.75,61.44,45.94,Pump A Running
2026-08-17T22:00:00+00:00,Running,1,2822.6,10.42,4.86,64.17,46.55,Pump A Running
2026-08-17T22:15:00+00:00,Running,1,2847.7,10.63,4.8,61.28,46.13,Pump A Running
2026-08-17T22:30:00+00:00,Running,1,2936.8,10.59,4.85,60.72,46.36,Pump A Running
2026-08-17T22:45:00+00:00,Running,1,2849.3,10.53,4.8,59.17,46.17,Pump A Running
2026-08-17T23:00:00+00:00,Running,1,2515.3,10.67,4.78,60.3,46.16,Pump A Running
2026-08-17T23:15:00+00:00,Running,1,2745.6,10.61,4.85,60.25,45.39,Pump A Running
2026-08-17T23:30:00+00:00,Running,1,2666.1,10.49,4.76,58.89,46.3,Pump A Running
2026-08-17T23:45:00+00:00,Running,1,2659.5,10.58,4.74,61.04,46.35,Pump A Running
2026-08-18T00:00:00+00:00,Running,1,2913.6,10.55,4.56,61.85,45.73,Pump A Running
2026-08-18T00:15:00+00:00,Running,1,2636.9,10.51,4.81,62.5,46.15,Pump A Running
2026-08-18T00:30:00+00:00,Running,1,2844.4,10.59,4.86,63.12,46.22,Pump A Running
2026-08-18T00:45:00+00:00,Running,1,2684.8,10.49,4.84,62.09,46.92,Pump A Running
2026-08-18T01:00:00+00:00,Running,1,2754.7,10.66,4.84,61.51,46.87,Pump A Running
2026-08-18T01:15:00+00:00,Running,1,2777.6,10.61,4.77,61.92,46.56,Pump A Running
2026-08-18T01:30:00+00:00,Running,1,2774.1,10.71,4.63,60.98,45.71,Pump A Running
2026-08-18T01:45:00+00:00,Running,1,2643.3,10.55,4.81,60.64,46.08,Pump A Running
2026-08-18T02:00:00+00:00,Stopped,0,0.0,0.0,0.12,0.0,29.45,Pumps Stopped
2026-08-18T02:15:00+00:00,Stopped,0,0.0,0.0,0.12,0.0,29.51,Pumps Stopped
2026-08-18T02:30:00+00:00,Stopped,0,0.0,0.0,0.14,0.0,28.92,Pumps Stopped
2026-08-18T02:45:00+00:00,Stopped,0,0.0,0.0,0.16,0.0,29.0,Pumps Stopped
2026-08-18T03:00:00+00:00,Stopped,0,0.0,0.0,0.08,0.0,29.2,Pumps Stopped
2026-08-18T03:15:00+00:00,Stopped,0,0.0,0.0,0.15,0.0,29.43,Pumps Stopped
2026-08-18T03:30:00+00:00,Running,1,2599.8,10.62,4.87,60.88,45.94,Pump A Running
2026-08-18T03:45:00+00:00,Running,1,2665.8,10.52,4.82,61.92,46.2,Pump A Running
2026-08-18T04:00:00+00:00,Running,1,2747.6,10.47,4.71,61.23,46.06,Pump A Running
2026-08-18T04:15:00+00:00,Running,1,2762.3,10.54,4.6,60.85,46.15,Pump A Running
2026-08-18T04:30:00+00:00,Running,1,2787.2,10.49,4.74,60.47,47.27,Pump A Running
2026-08-18T04:45:00+00:00,Running,1,2835.0,10.6,4.76,60.35,46.88,Pump A Running
2026-08-18T05:00:00+00:00,Running,1,2816.3,10.63,4.7,59.89,46.57,Pump A Running
2026-08-18T05:15:00+00:00,Running,1,2541.0,10.72,4.78,61.22,46.8,Pump A Running
2026-08-18T05:30:00+00:00,Running,1,2755.2,10.58,4.69,61.2,46.68,Pump A Running
2026-08-18T05:45:00+00:00,Running,1,2595.2,10.67,4.76,63.1,46.11,Pump A Running
2026-08-18T06:00:00+00:00,Running,1,2525.2,10.47,4.67,61.38,46.3,Pump A Running
2026-08-18T06:15:00+00:00,Running,1,2582.4,10.57,4.79,62.47,46.11,Pump A Running
2026-08-18T06:30:00+00:00,Running,1,2631.6,10.65,4.85,59.77,46.22,Pump A Running
2026-08-18T06:45:00+00:00,Running,1,2564.0,10.7,4.83,62.11,45.75,Pump A Running
2026-08-18T07:00:00+00:00,Running,1,2555.8,10.62,4.74,62.84,46.24,Pump A Running
2026-08-18T07:15:00+00:00,Running,1,2512.0,10.55,4.76,60.95,46.63,Pump A Running
2026-08-18T07:30:00+00:00,Running,1,2550.3,10.52,4.73,63.13,46.57,Pump A Running
2026-08-18T07:45:00+00:00,Running,1,2557.4,10.57,4.77,62.23,46.09,Pump A Running
2026-08-18T08:00:00+00:00,Running,1,2453.9,10.74,4.7,59.38,46.12,Pump A Running
2026-08-18T08:15:00+00:00,Running,1,2559.7,10.62,4.8,61.57,46.41,Pump A Running
2026-08-18T08:30:00+00:00,Running,1,2515.2,10.61,4.75,60.97,46.95,Pump A Running
2026-08-18T08:45:00+00:00,Running,1,2524.1,10.61,4.67,59.9,46.08,Pump A Running
2026-08-18T09:00:00+00:00,Running,1,2540.0,10.55,4.68,61.39,46.81,Pump A Running
2026-08-18T09:15:00+00:00,Running,1,2475.3,10.61,4.78,60.75,46.07,Pump A Running
2026-08-18T09:30:00+00:00,Running,1,2544.2,10.61,4.67,60.26,46.27,Pump A Running
2026-08-18T09:45:00+00:00,Running,1,2556.0,10.59,4.71,58.9,46.14,Pump A Running
2026-08-18T10:00:00+00:00,Running,1,2498.0,10.6,4.71,60.65,46.35,Pump A Running
2026-08-18T10:15:00+00:00,Running,1,2401.5,10.61,4.69,61.04,46.75,Pump A Running
2026-08-18T10:30:00+00:00,Running,1,2561.4,10.58,4.79,60.65,45.56,Pump A Running
2026-08-18T10:45:00+00:00,Running,1,2514.9,10.66,4.62,61.68,46.02,Pump A Running
2026-08-18T11:00:00+00:00,Running,1,2444.7,10.52,4.76,62.34,46.17,Pump A Running
2026-08-18T11:15:00+00:00,Running,1,2575.4,10.59,4.72,60.07,46.62,Pump A Running
2026-08-18T11:30:00+00:00,Running,1,2533.6,10.75,4.78,61.84,45.73,Pump A Running
2026-08-18T11:45:00+00:00,Running,1,2474.3,10.63,4.73,61.69,46.6,Pump A Running
2026-08-18T12:00:00+00:00,Running,1,2480.4,10.58,4.8,61.11,45.45,Pump A Running
2026-08-18T12:15:00+00:00,Running,1,2359.1,10.51,4.74,62.08,46.18,Pump A Running
2026-08-18T12:30:00+00:00,Running,1,2389.8,10.59,4.72,59.23,46.07,Pump A Running
2026-08-18T12:45:00+00:00,Running,1,2506.7,10.64,4.68,61.41,46.15,Pump A Running
2026-08-18T13:00:00+00:00,Running,1,2399.3,10.46,4.7,62.26,46.84,Pump A Running
2026-08-18T13:15:00+00:00,Running,1,2463.4,10.5,4.91,61.22,46.08,Pump A Running
2026-08-18T13:30:00+00:00,Running,1,2535.2,10.67,4.81,60.61,46.31,Pump A Running
2026-08-18T13:45:00+00:00,Running,1,2452.1,10.52,4.79,62.42,46.86,Pump A Running
2026-08-18T14:00:00+00:00,Running,1,2611.1,10.57,4.8,62.3,46.07,Pump A Running
2026-08-18T14:15:00+00:00,Running,1,2417.0,10.73,4.75,61.23,46.78,Pump A Running
2026-08-18T14:30:00+00:00,Running,1,2450.0,10.6,4.74,62.26,46.1,Pump A Running
2026-08-18T14:45:00+00:00,Running,1,2542.4,10.48,4.75,61.13,46.5,Pump A Running
2026-08-18T15:00:00+00:00,Running,1,2359.7,10.64,4.73,60.97,46.52,Pump A Running
2026-08-18T15:15:00+00:00,Running,1,2307.7,10.53,4.61,61.62,45.97,Pump A Running
2026-08-18T15:30:00+00:00,Running,1,2358.3,10.58,4.78,61.12,46.08,Pump A Running
2026-08-18T15:45:00+00:00,Running,1,2356.9,10.57,4.75,60.9,45.73,Pump A Running
2026-08-18T16:00:00+00:00,Running,1,2109.4,10.71,4.73,61.32,46.47,Pump A Running
2026-08-18T16:15:00+00:00,Running,1,2337.7,10.51,4.78,61.37,45.93,Pump A Running
2026-08-18T16:30:00+00:00,Running,1,2325.2,10.53,4.78,61.53,46.3,Pump A Running
2026-08-18T16:45:00+00:00,Running,1,2289.7,10.54,4.76,61.33,45.01,Pump A Running
2026-08-18T17:00:00+00:00,Running,1,2296.2,10.61,4.77,62.41,46.32,Pump A Running
2026-08-18T17:15:00+00:00,Running,1,2376.4,10.65,4.78,59.13,45.93,Pump A Running
2026-08-18T17:30:00+00:00,Running,1,2289.4,10.58,4.76,59.84,46.14,Pump A Running
2026-08-18T17:45:00+00:00,Running,1,2279.1,10.63,4.73,61.56,45.5,Pump A Running
2026-08-18T18:00:00+00:00,Running,1,2342.7,10.56,4.58,61.59,46.06,Pump A Running
2026-08-18T18:15:00+00:00,Running,1,2335.3,10.74,4.66,60.35,46.46,Pump A Running
2026-08-18T18:30:00+00:00,Running,1,2383.2,10.64,4.76,60.55,45.78,Pump A Running
2026-08-18T18:45:00+00:00,Running,1,2324.3,10.66,4.75,60.35,45.42,Pump A Running
2026-08-18T19:00:00+00:00,Running,1,2341.8,10.51,4.93,61.55,46.07,Pump A Running
2026-08-18T19:15:00+00:00,Running,1,2167.7,10.54,4.66,58.24,46.18,Pump A Running
2026-08-18T19:30:00+00:00,Running,1,2241.3,10.6,4.69,61.12,46.69,Pump A Running
2026-08-18T19:45:00+00:00,Running,1,2177.2,10.49,4.73,61.81,45.74,Pump A Running
2026-08-18T20:00:00+00:00,Running,1,2164.3,10.6,4.78,61.27,46.35,Pump A Running
2026-08-18T20:15:00+00:00,Running,1,2153.0,10.6,4.74,62.2,46.0,Pump A Running
2026-08-18T20:30:00+00:00,Running,1,2126.1,10.5,4.72,61.13,46.33,Pump A Running
2026-08-18T20:45:00+00:00,Running,1,2072.0,10.5,4.71,61.39,46.47,Pump A Running
2026-08-18T21:00:00+00:00,Running,1,2126.4,10.64,4.79,63.07,46.65,Pump A Running
2026-08-18T21:15:00+00:00,Running,1,2279.1,10.66,4.63,62.38,46.26,Pump A Running
2026-08-18T21:30:00+00:00,Running,1,2227.9,10.54,4.67,60.87,46.69,Pump A Running
2026-08-18T21:45:00+00:00,Running,1,2123.3,10.62,4.81,59.71,45.76,Pump A Running
2026-08-18T22:00:00+00:00,Running,1,2167.5,10.63,4.72,63.06,46.54,Pump A Running
2026-08-18T22:15:00+00:00,Running,1,2268.0,10.54,4.72,61.63,46.24,Pump A Running
2026-08-18T22:30:00+00:00,Running,1,2214.0,10.64,4.79,59.82,46.3,Pump A Running
2026-08-18T22:45:00+00:00,Running,1,2107.9,10.72,4.68,60.8,46.69,Pump A Running
2026-08-18T23:00:00+00:00,Running,1,2296.4,10.59,4.76,61.22,46.4,Pump A Running
2026-08-18T23:15:00+00:00,Running,1,2253.0,10.61,4.64,61.01,46.08,Pump A Running
2026-08-18T23:30:00+00:00,Running,1,2134.0,10.53,4.71,61.01,46.24,Pump A Running
2026-08-18T23:45:00+00:00,Running,1,2284.1,10.6,4.56,60.43,46.55,Pump A Running
2026-08-19T00:00:00+00:00,Running,1,2143.6,10.68,4.74,60.88,46.15,Pump A Running
2026-08-19T00:15:00+00:00,Running,1,2318.3,10.73,4.7,62.37,46.16,Pump A Running
2026-08-19T00:30:00+00:00,Running,1,2173.5,10.58,4.62,61.25,46.22,Pump A Running
2026-08-19T00:45:00+00:00,Running,1,2073.0,10.59,4.73,61.23,45.96,Pump A Running
2026-08-19T01:00:00+00:00,Running,1,2069.0,10.55,4.63,62.59,45.48,Pump A Running
2026-08-19T01:15:00+00:00,Running,1,2166.6,10.62,4.77,61.54,46.82,Pump A Running
2026-08-19T01:30:00+00:00,Running,1,2281.6,10.68,4.89,62.68,47.01,Pump A Running
2026-08-19T01:45:00+00:00,Running,1,2160.0,10.51,4.73,59.35,45.52,Pump A Running
2026-08-19T02:00:00+00:00,Stopped,0,0.0,0.0,0.09,0.0,28.76,Pumps Stopped
2026-08-19T02:15:00+00:00,Stopped,0,0.0,0.0,0.12,0.0,29.08,Pumps Stopped
2026-08-19T02:30:00+00:00,Stopped,0,0.0,0.0,0.13,0.0,28.98,Pumps Stopped
2026-08-19T02:45:00+00:00,Stopped,0,0.0,0.0,0.07,0.0,29.19,Pumps Stopped
2026-08-19T03:00:00+00:00,Stopped,0,0.0,0.0,0.1,0.0,29.31,Pumps Stopped
2026-08-19T03:15:00+00:00,Stopped,0,0.0,0.0,0.08,0.0,29.44,Pumps Stopped
2026-08-19T03:30:00+00:00,Running,1,2209.8,10.54,4.74,59.75,46.88,Pump A Running
2026-08-19T03:45:00+00:00,Running,1,2291.8,10.62,4.77,62.01,46.57,Pump A Running
2026-08-19T04:00:00+00:00,Running,1,2227.0,10.55,4.82,61.94,46.43,Pump A Running
2026-08-19T04:15:00+00:00,Running,1,2123.3,10.73,4.82,60.37,46.26,Pump A Running
2026-08-19T04:30:00+00:00,Running,1,2223.4,10.57,4.68,61.71,46.55,Pump A Running
2026-08-19T04:45:00+00:00,Running,1,2181.9,10.71,4.65,61.61,46.11,Pump A Running
2026-08-19T05:00:00+00:00,Running,1,1915.6,10.67,4.69,60.49,45.95,Pump A Running
2026-08-19T05:15:00+00:00,Running,1,2192.5,10.44,4.73,61.03,46.83,Pump A Running
2026-08-19T05:30:00+00:00,Running,1,2184.7,10.54,4.73,60.57,46.34,Pump A Running
2026-08-19T05:45:00+00:00,Running,1,1963.0,10.6,4.74,61.3,45.61,Pump A Running
2026-08-19T06:00:00+00:00,Running,1,2176.9,10.56,4.76,59.97,46.53,Pump A Running
2026-08-19T06:15:00+00:00,Running,1,2258.9,10.64,4.8,62.22,45.91,Pump A Running
2026-08-19T06:30:00+00:00,Running,1,2200.2,10.64,4.69,61.57,46.75,Pump A Running
2026-08-19T06:45:00+00:00,Running,1,1981.2,10.64,4.63,62.3,46.18,Pump A Running
2026-08-19T07:00:00+00:00,Running,1,2201.3,10.55,4.79,62.12,46.69,Pump A Running
2026-08-19T07:15:00+00:00,Running,1,2218.5,10.71,4.8,60.73,45.75,Pump A Running
2026-08-19T07:30:00+00:00,Running,1,2126.7,10.68,4.63,60.89,46.13,Pump A Running
2026-08-19T07:45:00+00:00,Running,1,2144.5,10.71,4.64,59.81,46.38,Pump A Running
2026-08-19T08:00:00+00:00,Running,1,2139.4,10.6,4.9,61.99,46.6,Pump A Running
2026-08-19T08:15:00+00:00,Running,1,2088.7,10.69,4.81,62.64,46.92,Pump A Running
2026-08-19T08:30:00+00:00,Running,1,2070.2,10.64,4.68,61.59,46.61,Pump A Running
2026-08-19T08:45:00+00:00,Running,1,2319.9,10.72,4.55,61.36,46.64,Pump A Running
2026-08-19T09:00:00+00:00,Running,1,2174.2,10.48,4.69,60.15,46.54,Pump A Running
2026-08-19T09:15:00+00:00,Running,1,2159.3,10.68,4.8,61.7,45.77,Pump A Running
2026-08-19T09:30:00+00:00,Running,1,2087.1,10.55,4.81,61.71,46.22,Pump A Running
2026-08-19T09:45:00+00:00,Running,1,2086.5,10.52,4.75,60.75,46.19,Pump A Running
2026-08-19T10:00:00+00:00,Running,1,2021.2,10.57,4.82,59.72,46.7,Pump A Running
2026-08-19T10:15:00+00:00,Running,1,2152.4,10.63,4.6,61.84,46.1,Pump A Running
2026-08-19T10:30:00+00:00,Running,1,2091.1,10.66,4.73,60.81,46.09,Pump A Running
2026-08-19T10:45:00+00:00,Running,1,2181.4,10.59,4.79,61.27,46.15,Pump A Running
2026-08-19T11:00:00+00:00,Running,1,2174.0,10.59,4.65,60.99,46.04,Pump A Running
2026-08-19T11:15:00+00:00,Running,1,2084.4,10.54,4.74,61.56,45.85,Pump A Running
2026-08-19T11:30:00+00:00,Running,1,2386.6,10.6,4.81,61.56,45.7,Pump A Running
2026-08-19T11:45:00+00:00,Running,1,2190.4,10.62,4.77,61.76,46.15,Pump A Running
2026-08-19T12:00:00+00:00,Running,1,2090.9,10.64,4.78,62.05,46.02,Pump A Running
2026-08-19T12:15:00+00:00,Running,1,2025.6,10.63,4.81,60.34,46.02,Pump A Running
2026-08-19T12:30:00+00:00,Running,1,2320.2,10.54,4.92,60.93,46.76,Pump A Running
2026-08-19T12:45:00+00:00,Running,1,2207.7,10.49,4.66,60.56,46.02,Pump A Running
2026-08-19T13:00:00+00:00,Running,1,2222.3,10.49,4.75,62.45,45.89,Pump A Running
2026-08-19T13:15:00+00:00,Running,1,2290.4,10.57,4.74,61.83,46.4,Pump A Running
2026-08-19T13:30:00+00:00,Running,1,2053.1,10.64,4.84,60.05,46.36,Pump A Running
2026-08-19T13:45:00+00:00,Running,1,2000.5,10.6,4.65,59.35,46.39,Pump A Running
2026-08-19T14:00:00+00:00,Running,1,2130.3,10.62,4.79,60.66,46.81,Pump A Running
2026-08-19T14:15:00+00:00,Running,1,2402.2,10.53,4.79,61.7,46.06,Pump A Running
2026-08-19T14:30:00+00:00,Running,1,2280.3,10.6,4.48,60.78,45.89,Pump A Running
2026-08-19T14:45:00+00:00,Running,1,2293.8,10.61,4.79,63.56,46.52,Pump A Running
2026-08-19T15:00:00+00:00,Running,1,2189.3,10.62,4.86,60.6,45.84,Pump A Running
2026-08-19T15:15:00+00:00,Running,1,2354.0,10.68,4.63,60.93,46.31,Pump A Running
2026-08-19T15:30:00+00:00,Running,1,2240.2,10.61,4.9,60.07,46.81,Pump A Running
2026-08-19T15:45:00+00:00,Running,1,2156.3,10.49,4.72,60.15,46.52,Pump A Running
2026-08-19T16:00:00+00:00,Running,1,2347.1,10.58,4.7,62.11,45.67,Pump A Running
2026-08-19T16:15:00+00:00,Running,1,2246.8,10.55,4.66,60.26,46.3,Pump A Running
2026-08-19T16:30:00+00:00,Running,1,2335.6,10.75,4.75,61.0,46.94,Pump A Running
2026-08-19T16:45:00+00:00,Running,1,2411.3,10.62,4.74,60.31,46.79,Pump A Running
2026-08-19T17:00:00+00:00,Running,1,2374.2,10.54,4.72,62.39,46.57,Pump A Running
2026-08-19T17:15:00+00:00,Running,1,2133.4,10.62,4.76,61.32,45.66,Pump A Running
2026-08-19T17:30:00+00:00,Running,1,2102.2,10.55,4.85,62.15,45.75,Pump A Running
2026-08-19T17:45:00+00:00,Running,1,2314.5,10.61,4.73,59.64,46.69,Pump A Running
2026-08-19T18:00:00+00:00,Running,1,2299.3,10.66,4.75,62.97,46.02,Pump A Running
2026-08-19T18:15:00+00:00,Running,1,2277.4,10.55,4.74,61.98,46.39,Pump A Running
2026-08-19T18:30:00+00:00,Running,1,2266.5,10.74,4.74,61.4,45.77,Pump A Running
2026-08-19T18:45:00+00:00,Running,1,2325.6,10.49,4.7,60.4,46.96,Pump A Running
2026-08-19T19:00:00+00:00,Running,1,2466.8,10.57,4.6,62.23,46.1,Pump A Running
2026-08-19T19:15:00+00:00,Running,1,2368.6,10.66,4.73,59.61,46.57,Pump A Running
2026-08-19T19:30:00+00:00,Running,1,2382.6,10.57,4.78,60.09,46.73,Pump A Running
2026-08-19T19:45:00+00:00,Running,1,2436.4,10.73,4.71,63.49,46.34,Pump A Running
2026-08-19T20:00:00+00:00,Running,1,2374.7,10.59,4.77,61.1,46.09,Pump A Running
2026-08-19T20:15:00+00:00,Running,1,2361.3,10.61,4.89,60.17,45.08,Pump A Running
2026-08-19T20:30:00+00:00,Running,1,2291.4,10.67,4.81,62.33,46.39,Pump A Running
2026-08-19T20:45:00+00:00,Running,1,2261.9,10.71,4.75,62.06,45.84,Pump A Running
2026-08-19T21:00:00+00:00,Running,1,2340.3,10.54,4.68,60.73,46.11,Pump A Running
2026-08-19T21:15:00+00:00,Running,1,2526.3,10.47,4.78,61.82,45.32,Pump A Running
2026-08-19T21:30:00+00:00,Running,1,2558.4,10.66,4.53,61.07,46.55,Pump A Running
2026-08-19T21:45:00+00:00,Running,1,2498.9,10.59,4.72,60.59,45.64,Pump A Running
2026-08-19T22:00:00+00:00,Running,1,2475.6,10.6,4.8,61.5,46.28,Pump A Running
2026-08-19T22:15:00+00:00,Running,1,2389.4,10.7,4.71,61.66,46.53,Pump A Running
2026-08-19T22:30:00+00:00,Running,1,2311.3,10.56,4.76,61.2,46.22,Pump A Running
2026-08-19T22:45:00+00:00,Running,1,2423.3,10.63,4.8,63.15,46.75,Pump A Running
2026-08-19T23:00:00+00:00,Running,1,2449.0,10.6,4.85,60.27,46.3,Pump A Running
2026-08-19T23:15:00+00:00,Running,1,2350.9,10.68,4.89,60.05,45.95,Pump A Running
2026-08-19T23:30:00+00:00,Running,1,2539.9,10.66,4.7,60.59,46.07,Pump A Running
2026-08-19T23:45:00+00:00,Running,1,2392.1,10.62,4.63,60.8,47.1,Pump A Running
2026-08-20T00:00:00+00:00,Running,1,2569.8,10.61,4.87,61.19,46.0,Pump A Running
2026-08-20T00:15:00+00:00,Running,1,2545.4,10.65,4.64,62.82,45.92,Pump A Running
2026-08-20T00:30:00+00:00,Running,1,2422.5,10.55,4.94,62.39,46.42,Pump A Running
2026-08-20T00:45:00+00:00,Running,1,2505.8,10.7,4.59,59.96,45.86,Pump A Running
2026-08-20T01:00:00+00:00,Running,1,2569.2,10.56,4.66,61.51,45.76,Pump A Running
2026-08-20T01:15:00+00:00,Running,1,2420.9,10.6,4.77,60.29,46.43,Pump A Running
2026-08-20T01:30:00+00:00,Running,1,2552.4,10.48,4.82,61.2,46.55,Pump A Running
2026-08-20T01:45:00+00:00,Running,1,2443.9,10.62,4.7,61.02,46.11,Pump A Running
2026-08-20T02:00:00+00:00,Stopped,0,0.0,0.0,0.1,0.0,28.8,Pumps Stopped
2026-08-20T02:15:00+00:00,Stopped,0,0.0,0.0,0.09,0.0,28.5,Pumps Stopped
2026-08-20T02:30:00+00:00,Stopped,0,0.0,0.0,0.12,0.0,29.41,Pumps Stopped
2026-08-20T02:45:00+00:00,Stopped,0,0.0,0.0,0.15,0.0,28.46,Pumps Stopped
2026-08-20T03:00:00+00:00,Stopped,0,0.0,0.0,0.13,0.0,29.01,Pumps Stopped
2026-08-20T03:15:00+00:00,Stopped,0,0.0,0.0,0.09,0.0,28.75,Pumps Stopped
2026-08-20T03:30:00+00:00,Running,1,2495.9,10.59,4.77,61.31,46.0,Pump A Running
2026-08-20T03:45:00+00:00,Running,1,2540.2,10.8,4.67,59.02,46.78,Pump A Running
2026-08-20T04:00:00+00:00,Running,1,2472.4,10.67,4.73,62.39,45.9,Pump A Running
2026-08-20T04:15:00+00:00,Running,1,2652.9,10.61,4.6,61.59,46.5,Pump A Running
2026-08-20T04:30:00+00:00,Running,1,2561.0,10.61,4.77,61.27,46.06,Pump A Running
2026-08-20T04:45:00+00:00,Running,1,2624.3,10.64,4.66,61.4,46.39,Pump A Running
2026-08-20T05:00:00+00:00,Running,1,2629.2,10.67,4.56,60.85,46.52,Pump A Running
2026-08-20T05:15:00+00:00,Running,1,2423.4,10.68,4.76,59.18,46.31,Pump A Running
2026-08-20T05:30:00+00:00,Running,1,2685.7,10.52,4.66,61.39,45.79,Pump A Running
2026-08-20T05:45:00+00:00,Running,1,2584.4,10.65,4.76,60.86,46.85,Pump A Running
2026-08-20T06:00:00+00:00,Running,1,2520.5,10.5,4.58,60.32,46.45,Pump A Running
2026-08-20T06:15:00+00:00,Running,1,2686.7,10.57,4.63,61.14,46.06,Pump A Running
2026-08-20T06:30:00+00:00,Running,1,2524.1,10.56,4.69,61.28,45.96,Pump A Running
2026-08-20T06:45:00+00:00,Running,1,2713.4,10.55,4.79,61.26,46.25,Pump A Running
2026-08-20T07:00:00+00:00,Running,1,2489.3,10.67,4.79,61.64,46.63,Pump A Running
2026-08-20T07:15:00+00:00,Running,1,2594.2,10.66,4.82,60.84,46.43,Pump A Running
2026-08-20T07:30:00+00:00,Running,1,2692.7,10.54,4.71,61.21,46.46,Pump A Running
2026-08-20T07:45:00+00:00,Running,1,2650.6,10.67,4.8,59.72,46.18,Pump A Running
2026-08-20T08:00:00+00:00,Running,1,2593.4,10.63,4.61,61.49,46.07,Pump A Running
2026-08-20T08:15:00+00:00,Running,1,2682.5,10.75,4.93,60.21,46.89,Pump A Running
2026-08-20T08:30:00+00:00,Running,1,2832.5,10.66,4.64,62.4,46.1,Pump A Running
2026-08-20T08:45:00+00:00,Running,1,2595.1,10.58,4.75,58.45,46.83,Pump A Running
2026-08-20T09:00:00+00:00,Running,1,2681.6,10.67,4.83,60.02,46.02,Pump A Running
2026-08-20T09:15:00+00:00,Running,1,2845.5,10.6,4.59,60.71,45.75,Pump A Running
2026-08-20T09:30:00+00:00,Running,1,2674.7,10.64,4.66,60.8,46.03,Pump A Running
2026-08-20T09:45:00+00:00,Running,1,2842.8,10.6,4.6,59.23,46.42,Pump A Running
2026-08-20T10:00:00+00:00,Running,1,2656.7,10.53,4.57,61.31,46.57,Pump A Running
2026-08-20T10:15:00+00:00,Running,1,2729.3,10.63,4.82,60.62,46.43,Pump A Running
2026-08-20T10:30:00+00:00,Running,1,2640.7,10.49,4.7,60.81,46.17,Pump A Running
2026-08-20T10:45:00+00:00,Running,1,2630.3,10.54,4.75,61.6,45.82,Pump A Running
2026-08-20T11:00:00+00:00,Running,1,2707.5,10.64,4.69,60.73,46.54,Pump A Running
2026-08-20T11:15:00+00:00,Running,1,2839.6,10.54,4.74,60.05,45.81,Pump A Running
2026-08-20T11:30:00+00:00,Running,1,2837.1,10.67,4.83,63.31,46.23,Pump A Running
2026-08-20T11:45:00+00:00,Running,1,2684.8,10.61,4.73,59.32,46.21,Pump A Running
2026-08-20T12:00:00+00:00,Running,1,2684.0,10.69,4.76,61.07,46.53,Pump A Running
2026-08-20T12:15:00+00:00,Running,1,2822.9,10.65,4.83,61.18,45.75,Pump A Running
2026-08-20T12:30:00+00:00,Running,1,2800.9,10.63,4.76,61.2,46.88,Pump A Running
2026-08-20T12:45:00+00:00,Running,1,2772.2,10.59,4.65,58.64,46.22,Pump A Running
2026-08-20T13:00:00+00:00,Running,1,2660.9,10.7,4.81,61.45,46.28,Pump A Running
2026-08-20T13:15:00+00:00,Running,1,2715.4,10.66,4.75,60.54,46.64,Pump A Running
2026-08-20T13:30:00+00:00,Running,1,2844.9,10.61,4.72,61.86,46.21,Pump A Running
2026-08-20T13:45:00+00:00,Running,1,2782.9,10.66,4.76,61.61,45.65,Pump A Running
2026-08-20T14:00:00+00:00,Running,1,2623.4,10.67,4.73,59.88,46.31,Pump A Running
2026-08-20T14:15:00+00:00,Running,1,2715.1,10.64,4.89,61.75,45.74,Pump A Running
2026-08-20T14:30:00+00:00,Running,1,2769.7,10.6,4.74,60.86,46.41,Pump A Running
2026-08-20T14:45:00+00:00,Running,1,2658.8,10.64,4.67,60.15,46.46,Pump A Running
2026-08-20T15:00:00+00:00,Running,1,2778.0,10.62,4.74,62.51,45.9,Pump A Running
2026-08-20T15:15:00+00:00,Running,1,2725.9,10.69,4.76,59.82,46.13,Pump A Running
2026-08-20T15:30:00+00:00,Running,1,2681.9,10.6,4.73,60.04,46.75,Pump A Running
2026-08-20T15:45:00+00:00,Running,1,2874.5,10.53,4.73,60.5,46.57,Pump A Running
2026-08-20T16:00:00+00:00,Running,1,2733.2,10.56,4.72,63.3,45.8,Pump A Running
2026-08-20T16:15:00+00:00,Running,1,2834.8,10.65,4.83,60.2,46.23,Pump A Running
2026-08-20T16:30:00+00:00,Running,1,2763.2,10.48,4.74,60.81,45.76,Pump A Running
2026-08-20T16:45:00+00:00,Running,1,2769.2,10.54,4.76,60.46,45.66,Pump A Running
2026-08-20T17:00:00+00:00,Running,1,2740.9,10.58,4.65,59.26,45.98,Pump A Running
2026-08-20T17:15:00+00:00,Running,1,2970.5,10.66,4.81,60.0,46.79,Pump A Running
2026-08-20T17:30:00+00:00,Running,1,2647.6,10.63,4.68,60.04,46.8,Pump A Running
2026-08-20T17:45:00+00:00,Running,1,2677.8,10.5,4.66,61.3,46.21,Pump A Running
2026-08-20T18:00:00+00:00,Running,1,2734.2,10.61,4.78,62.79,45.73,Pump A Running
2026-08-20T18:15:00+00:00,Running,1,2593.3,10.6,4.79,60.57,46.16,Pump A Running
2026-08-20T18:30:00+00:00,Running,1,2899.6,10.74,4.58,59.91,46.5,Pump A Running
2026-08-20T18:45:00+00:00,Running,1,2810.5,10.65,4.79,63.19,46.68,Pump A Running
2026-08-20T19:00:00+00:00,Running,1,2763.9,10.6,4.72,60.71,46.03,Pump A Running
2026-08-20T19:15:00+00:00,Running,1,2688.7,10.6,4.66,62.78,46.0,Pump A Running
2026-08-20T19:30:00+00:00,Running,1,2662.5,10.88,4.64,62.41,46.31,Pump A Running
2026-08-20T19:45:00+00:00,Running,1,2681.1,10.65,4.66,61.31,46.58,Pump A Running
2026-08-20T20:00:00+00:00,Running,1,2827.2,10.5,4.68,60.94,46.09,Pump A Running
2026-08-20T20:15:00+00:00,Running,1,2666.1,10.63,4.79,60.7,47.3,Pump A Running
2026-08-20T20:30:00+00:00,Running,1,2753.7,10.64,4.77,61.18,46.35,Pump A Running
2026-08-20T20:45:00+00:00,Running,1,2834.4,10.57,4.78,62.44,46.29,Pump A Running
2026-08-20T21:00:00+00:00,Running,1,2827.2,10.59,4.77,60.64,46.0,Pump A Running
2026-08-20T21:15:00+00:00,Running,1,2797.3,10.54,4.79,63.47,46.02,Pump A Running
2026-08-20T21:30:00+00:00,Running,1,2926.6,10.68,4.77,62.36,45.8,Pump A Running
2026-08-20T21:45:00+00:00,Running,1,2806.1,10.54,4.62,60.51,47.17,Pump A Running
2026-08-20T22:00:00+00:00,Running,1,2767.4,10.55,4.84,59.84,46.06,Pump A Running
2026-08-20T22:15:00+00:00,Running,1,2776.3,10.65,4.84,60.27,46.31,Pump A Running
2026-08-20T22:30:00+00:00,Running,1,2833.3,10.51,4.61,61.06,46.11,Pump A Running
2026-08-20T22:45:00+00:00,Running,1,2758.9,10.64,4.75,59.07,46.54,Pump A Running
2026-08-20T23:00:00+00:00,Running,1,2819.1,10.55,4.83,59.24,46.43,Pump A Running
2026-08-20T23:15:00+00:00,Running,1,2696.5,10.58,4.76,60.49,47.04,Pump A Running
2026-08-20T23:30:00+00:00,Running,1,2866.6,10.64,4.75,62.22,45.85,Pump A Running
2026-08-20T23:45:00+00:00,Running,1,2731.9,10.48,4.63,60.96,45.99,Pump A Running
2026-08-21T00:00:00+00:00,Running,1,2592.8,10.56,4.67,61.18,46.18,Pump A Running
2026-08-21T00:15:00+00:00,Running,1,2725.8,10.77,4.68,62.31,46.23,Pump A Running
2026-08-21T00:30:00+00:00,Running,1,2683.6,10.61,4.69,60.65,45.97,Pump A Running
2026-08-21T00:45:00+00:00,Running,1,2816.0,10.48,4.72,61.76,47.47,Pump A Running
2026-08-21T01:00:00+00:00,Running,1,2820.6,10.51,4.76,61.38,46.59,Pump A Running
2026-08-21T01:15:00+00:00,Running,1,2776.1,10.58,4.78,59.36,47.0,Pump A Running
2026-08-21T01:30:00+00:00,Running,1,2691.3,10.62,4.72,61.52,46.23,Pump A Running
2026-08-21T01:45:00+00:00,Running,1,2707.6,10.48,4.69,60.62,46.2,Pump A Running
2026-08-21T02:00:00+00:00,Stopped,0,0.0,0.0,0.11,0.0,29.07,Pumps Stopped
2026-08-21T02:15:00+00:00,Stopped,0,0.0,0.0,0.09,0.0,29.25,Pumps Stopped
2026-08-21T02:30:00+00:00,Stopped,0,0.0,0.0,0.13,0.0,29.11,Pumps Stopped
2026-08-21T02:45:00+00:00,Stopped,0,0.0,0.0,0.14,0.0,29.02,Pumps Stopped
2026-08-21T03:00:00+00:00,Stopped,0,0.0,0.0,0.07,0.0,28.91,Pumps Stopped
2026-08-21T03:15:00+00:00,Stopped,0,0.0,0.0,0.09,0.0,29.09,Pumps Stopped
2026-08-21T03:30:00+00:00,Running,1,2515.4,10.73,4.79,60.38,46.25,Pump A Running
2026-08-21T03:45:00+00:00,Running,1,2601.7,10.58,4.75,62.18,46.08,Pump A Running
2026-08-21T04:00:00+00:00,Running,1,2544.8,10.55,4.63,62.7,46.22,Pump A Running
2026-08-21T04:15:00+00:00,Running,1,2612.9,10.49,4.71,60.08,45.75,Pump A Running
2026-08-21T04:30:00+00:00,Running,1,2600.2,10.57,4.74,59.78,45.03,Pump A Running
2026-08-21T04:45:00+00:00,Running,1,2776.4,10.57,4.72,60.74,46.11,Pump A Running
2026-08-21T05:00:00+00:00,Running,1,2607.9,10.67,4.66,62.42,45.53,Pump A Running
2026-08-21T05:15:00+00:00,Running,1,2808.5,10.66,4.6,60.53,46.55,Pump A Running
2026-08-21T05:30:00+00:00,Running,1,2730.4,10.65,4.72,60.27,46.06,Pump A Running
2026-08-21T05:45:00+00:00,Running,1,2547.5,10.69,4.74,61.25,46.9,Pump A Running
2026-08-21T06:00:00+00:00,Running,1,2546.0,10.54,4.68,63.32,46.91,Pump A Running
2026-08-21T06:15:00+00:00,Running,1,2637.5,10.47,4.83,59.54,46.64,Pump A Running
2026-08-21T06:30:00+00:00,Running,1,2455.0,10.66,4.77,61.4,46.39,Pump A Running
2026-08-21T06:45:00+00:00,Running,1,2630.5,10.48,4.81,61.4,45.93,Pump A Running
2026-08-21T07:00:00+00:00,Running,1,2674.3,10.67,4.8,60.29,46.84,Pump A Running
2026-08-21T07:15:00+00:00,Running,1,2555.7,10.66,4.76,61.57,46.72,Pump A Running
2026-08-21T07:30:00+00:00,Running,1,2554.4,10.69,4.71,59.74,46.74,Pump A Running
2026-08-21T07:45:00+00:00,Running,1,2699.6,10.71,4.69,61.91,45.97,Pump A Running
2026-08-21T08:00:00+00:00,Running,1,2564.0,10.62,4.66,60.9,46.5,Pump A Running
2026-08-21T08:15:00+00:00,Running,1,2632.1,10.6,4.67,60.85,46.19,Pump A Running
2026-08-21T08:30:00+00:00,Running,1,2688.1,10.59,4.73,61.02,46.59,Pump A Running
2026-08-21T08:45:00+00:00,Running,1,2556.8,10.62,4.7,63.09,45.72,Pump A Running
2026-08-21T09:00:00+00:00,Running,1,2469.0,10.62,4.76,61.15,46.62,Pump A Running
2026-08-21T09:15:00+00:00,Running,1,2583.9,10.58,4.87,61.13,46.6,Pump A Running
2026-08-21T09:30:00+00:00,Running,1,2516.0,10.64,4.63,61.12,46.83,Pump A Running
2026-08-21T09:45:00+00:00,Running,1,2541.9,10.62,4.68,61.0,46.58,Pump A Running
2026-08-21T10:00:00+00:00,Running,1,2655.5,10.68,4.68,60.42,46.46,Pump A Running
2026-08-21T10:15:00+00:00,Running,1,2547.2,10.62,4.72,61.47,47.27,Pump A Running
2026-08-21T10:30:00+00:00,Running,1,2381.8,10.56,4.67,59.72,46.29,Pump A Running
2026-08-21T10:45:00+00:00,Running,1,2573.5,10.55,4.81,60.08,46.54,Pump A Running
2026-08-21T11:00:00+00:00,Running,1,2558.5,10.65,4.61,61.86,45.83,Pump A Running
2026-08-21T11:15:00+00:00,Running,1,2603.3,10.6,4.78,60.03,46.12,Pump A Running
2026-08-21T11:30:00+00:00,Running,1,2441.6,10.53,4.6,58.94,45.63,Pump A Running
2026-08-21T11:45:00+00:00,Running,1,2524.0,10.62,4.77,59.88,46.53,Pump A Running
2026-08-21T12:00:00+00:00,Running,1,2441.9,10.65,4.78,62.85,46.0,Pump A Running
2026-08-21T12:15:00+00:00,Running,1,2586.9,10.46,4.67,62.68,46.68,Pump A Running
2026-08-21T12:30:00+00:00,Running,1,2293.5,10.54,4.66,59.32,46.37,Pump A Running
2026-08-21T12:45:00+00:00,Running,1,2651.2,10.48,4.86,60.95,46.67,Pump A Running
2026-08-21T13:00:00+00:00,Running,1,2402.1,10.56,4.75,59.84,46.01,Pump A Running
2026-08-21T13:15:00+00:00,Running,1,2486.6,10.62,4.59,59.98,46.45,Pump A Running
2026-08-21T13:30:00+00:00,Running,1,2355.0,10.5,4.74,61.45,46.05,Pump A Running
2026-08-21T13:45:00+00:00,Running,1,2385.9,10.61,4.69,58.94,47.03,Pump A Running
2026-08-21T14:00:00+00:00,Running,1,2419.4,10.64,4.74,59.74,46.38,Pump A Running
2026-08-21T14:15:00+00:00,Running,1,2473.3,10.6,4.74,59.25,46.33,Pump A Running
2026-08-21T14:30:00+00:00,Running,1,2339.7,10.55,4.76,61.56,46.15,Pump A Running
2026-08-21T14:45:00+00:00,Running,1,2374.0,10.64,4.65,59.72,46.18,Pump A Running
2026-08-21T15:00:00+00:00,Running,1,2420.1,10.65,4.65,61.5,45.96,Pump A Running
2026-08-21T15:15:00+00:00,Running,1,2342.5,10.64,4.68,60.8,46.24,Pump A Running
2026-08-21T15:30:00+00:00,Running,1,2313.8,10.74,4.74,60.72,46.1,Pump A Running
2026-08-21T15:45:00+00:00,Running,1,2350.2,10.46,4.78,60.59,46.17,Pump A Running
2026-08-21T16:00:00+00:00,Running,1,2441.7,10.59,4.66,61.2,45.8,Pump A Running
2026-08-21T16:15:00+00:00,Running,1,2515.7,10.56,4.53,61.54,46.53,Pump A Running
2026-08-21T16:30:00+00:00,Running,1,2348.7,10.68,4.67,61.72,45.19,Pump A Running
2026-08-21T16:45:00+00:00,Running,1,2313.7,10.52,4.73,62.39,45.86,Pump A Running
2026-08-21T17:00:00+00:00,Running,1,2387.9,10.59,4.71,62.62,46.32,Pump A Running
2026-08-21T17:15:00+00:00,Running,1,2398.2,10.56,4.72,60.1,46.62,Pump A Running
2026-08-21T17:30:00+00:00,Running,1,2332.4,10.51,4.69,59.89,46.2,Pump A Running
2026-08-21T17:45:00+00:00,Running,1,2328.2,10.53,4.83,61.33,46.32,Pump A Running
2026-08-21T18:00:00+00:00,Running,1,2353.7,10.55,4.75,61.14,46.01,Pump A Running
2026-08-21T18:15:00+00:00,Running,1,2200.1,10.56,4.61,61.7,46.08,Pump A Running
2026-08-21T18:30:00+00:00,Running,1,2313.6,10.63,4.6,62.07,46.33,Pump A Running
2026-08-21T18:45:00+00:00,Running,1,2435.0,10.75,4.74,60.69,45.94,Pump A Running
2026-08-21T19:00:00+00:00,Running,1,2226.9,10.64,4.71,61.1,46.12,Pump A Running
2026-08-21T19:15:00+00:00,Running,1,2168.7,10.55,4.69,60.87,46.73,Pump A Running
2026-08-21T19:30:00+00:00,Running,1,2142.8,10.6,4.85,60.07,46.38,Pump A Running
2026-08-21T19:45:00+00:00,Running,1,2210.7,10.61,4.79,59.9,45.62,Pump A Running
2026-08-21T20:00:00+00:00,Running,1,2346.1,10.69,4.78,60.39,46.13,Pump A Running
2026-08-21T20:15:00+00:00,Running,1,2365.8,10.5,4.61,61.49,46.19,Pump A Running
2026-08-21T20:30:00+00:00,Running,1,2143.8,10.59,4.7,60.29,46.47,Pump A Running
2026-08-21T20:45:00+00:00,Running,1,2283.8,10.63,4.67,61.93,47.17,Pump A Running
2026-08-21T21:00:00+00:00,Running,1,2304.7,10.66,4.76,62.27,46.61,Pump A Running
2026-08-21T21:15:00+00:00,Running,1,2217.8,10.67,4.72,59.7,46.59,Pump A Running
2026-08-21T21:30:00+00:00,Running,1,2049.0,10.51,4.66,59.86,46.72,Pump A Running
2026-08-21T21:45:00+00:00,Running,1,2262.8,10.56,4.9,61.0,46.6,Pump A Running
2026-08-21T22:00:00+00:00,Running,1,2173.4,10.59,4.78,60.66,45.85,Pump A Running
2026-08-21T22:15:00+00:00,Running,1,2140.7,10.59,4.68,59.18,46.46,Pump A Running
2026-08-21T22:30:00+00:00,Running,1,2235.9,10.64,4.69,60.65,46.48,Pump A Running
2026-08-21T22:45:00+00:00,Running,1,2116.4,10.39,4.7,60.72,46.22,Pump A Running
2026-08-21T23:00:00+00:00,Running,1,2193.9,10.67,4.79,60.39,46.67,Pump A Running
2026-08-21T23:15:00+00:00,Running,1,2056.6,10.58,4.9,59.83,46.24,Pump A Running
2026-08-21T23:30:00+00:00,Running,1,2226.6,10.55,4.63,62.12,45.94,Pump A Running
2026-08-21T23:45:00+00:00,Running,1,2169.9,10.58,4.73,61.29,46.61,Pump A Running
2026-08-22T00:00:00+00:00,Running,1,2116.6,10.63,4.75,60.67,46.04,Pump A Running
2026-08-22T00:15:00+00:00,Running,1,2206.2,10.56,4.71,60.47,46.45,Pump A Running
2026-08-22T00:30:00+00:00,Running,1,2147.5,10.63,4.66,60.71,46.58,Pump A Running
2026-08-22T00:45:00+00:00,Running,1,2054.9,10.58,4.64,61.54,46.09,Pump A Running
2026-08-22T01:00:00+00:00,Running,1,2144.2,10.52,4.69,61.39,46.24,Pump A Running
2026-08-22T01:15:00+00:00,Running,1,2319.4,10.59,4.68,61.04,46.66,Pump A Running
2026-08-22T01:30:00+00:00,Running,1,2195.6,10.52,4.69,60.93,45.95,Pump A Running
2026-08-22T01:45:00+00:00,Running,1,2293.3,10.58,4.76,61.62,47.0,Pump A Running
2026-08-22T02:00:00+00:00,Stopped,0,0.0,0.0,0.14,0.0,29.02,Pumps Stopped
2026-08-22T02:15:00+00:00,Stopped,0,0.0,0.0,0.19,0.0,28.71,Pumps Stopped
2026-08-22T02:30:00+00:00,Stopped,0,0.0,0.0,0.1,0.0,29.15,Pumps Stopped
2026-08-22T02:45:00+00:00,Stopped,0,0.0,0.0,0.07,0.0,29.0,Pumps Stopped
2026-08-22T03:00:00+00:00,Stopped,0,0.0,0.0,0.17,0.0,28.65,Pumps Stopped
2026-08-22T03:15:00+00:00,Stopped,0,0.0,0.0,0.12,0.0,28.68,Pumps Stopped
2026-08-22T03:30:00+00:00,Running,1,2001.1,10.65,4.75,59.05,46.12,Pump A Running
2026-08-22T03:45:00+00:00,Running,1,2217.0,10.6,4.73,62.2,46.82,Pump A Running
2026-08-22T04:00:00+00:00,Running,1,2175.3,10.64,4.7,61.62,46.33,Pump A Running
2026-08-22T04:15:00+00:00,Running,1,2153.7,10.55,4.67,61.18,45.7,Pump A Running
2026-08-22T04:30:00+00:00,Running,1,2020.8,10.59,4.73,61.27,46.43,Pump A Running
2026-08-22T04:45:00+00:00,Running,1,2245.0,10.61,4.73,61.71,45.96,Pump A Running
2026-08-22T05:00:00+00:00,Running,1,2175.4,10.65,4.91,59.76,45.09,Pump A Running
2026-08-22T05:15:00+00:00,Running,1,2049.1,10.58,4.71,61.49,46.36,Pump A Running
2026-08-22T05:30:00+00:00,Running,1,2132.6,10.64,4.55,59.83,46.21,Pump A Running
2026-08-22T05:45:00+00:00,Running,1,2140.8,10.68,4.69,61.11,46.16,Pump A Running
2026-08-22T06:00:00+00:00,Running,1,2081.4,10.49,4.66,60.76,46.25,Pump A Running
2026-08-22T06:15:00+00:00,Running,1,2088.2,10.63,4.77,59.33,45.93,Pump A Running
2026-08-22T06:30:00+00:00,Running,1,2221.2,10.58,4.65,62.8,46.51,Pump A Running
2026-08-22T06:45:00+00:00,Running,1,2135.2,10.61,4.74,60.3,46.4,Pump A Running
2026-08-22T07:00:00+00:00,Running,1,1951.6,10.61,4.81,58.61,46.32,Pump A Running
2026-08-22T07:15:00+00:00,Running,1,2300.9,10.63,4.75,59.86,46.92,Pump A Running
2026-08-22T07:30:00+00:00,Running,1,2020.4,10.44,4.75,59.38,46.45,Pump A Running
2026-08-22T07:45:00+00:00,Running,1,2095.1,10.64,4.7,61.23,46.12,Pump A Running
2026-08-22T08:00:00+00:00,Running,1,2302.3,10.69,4.78,60.36,46.13,Pump A Running
2026-08-22T08:15:00+00:00,Running,1,2257.0,10.51,4.67,60.26,46.1,Pump A Running
2026-08-22T08:30:00+00:00,Running,1,2236.4,10.74,4.77,60.91,46.27,Pump A Running
2026-08-22T08:45:00+00:00,Running,1,2011.6,10.55,4.86,60.73,46.37,Pump A Running
2026-08-22T09:00:00+00:00,Running,1,2198.6,10.65,4.68,62.37,46.63,Pump A Running
2026-08-22T09:15:00+00:00,Running,1,2317.0,10.78,4.81,60.27,46.16,Pump A Running
2026-08-22T09:30:00+00:00,Running,1,2105.1,10.61,4.63,60.32,46.42,Pump A Running
2026-08-22T09:45:00+00:00,Running,1,2182.1,10.5,4.72,60.49,45.72,Pump A Running
2026-08-22T10:00:00+00:00,Running,1,2219.1,10.57,4.68,61.43,47.0,Pump A Running
2026-08-22T10:15:00+00:00,Running,1,2246.7,10.58,4.81,62.22,46.73,Pump A Running
2026-08-22T10:30:00+00:00,Running,1,2067.4,10.7,4.74,60.99,46.31,Pump A Running
2026-08-22T10:45:00+00:00,Running,1,2266.9,10.63,4.86,60.7,46.2,Pump A Running
2026-08-22T11:00:00+00:00,Running,1,2070.7,10.59,4.62,60.75,46.62,Pump A Running
2026-08-22T11:15:00+00:00,Running,1,2266.5,10.61,4.7,62.13,45.99,Pump A Running
2026-08-22T11:30:00+00:00,Running,1,2207.3,10.53,4.7,59.67,46.42,Pump A Running
2026-08-22T11:45:00+00:00,Running,1,2410.8,10.65,4.83,61.25,47.19,Pump A Running
2026-08-22T12:00:00+00:00,Running,1,2263.1,10.63,4.84,60.96,46.34,Pump A Running
2026-08-22T12:15:00+00:00,Running,1,2007.9,10.38,4.76,59.26,46.29,Pump A Running
2026-08-22T12:30:00+00:00,Running,1,2077.0,10.64,4.76,61.59,45.78,Pump A Running
2026-08-22T12:45:00+00:00,Running,1,2179.5,10.71,4.77,61.08,46.72,Pump A Running
2026-08-22T13:00:00+00:00,Running,1,2186.0,10.54,4.7,61.92,46.25,Pump A Running
2026-08-22T13:15:00+00:00,Running,1,2129.6,10.51,4.74,61.25,46.53,Pump A Running
2026-08-22T13:30:00+00:00,Running,1,2155.8,10.69,4.77,61.49,45.82,Pump A Running
2026-08-22T13:45:00+00:00,Running,1,2176.9,10.56,4.79,62.37,47.11,Pump A Running
2026-08-22T14:00:00+00:00,Running,1,2093.0,10.68,4.77,61.59,46.13,Pump A Running
2026-08-22T14:15:00+00:00,Running,1,2148.8,10.61,4.74,61.67,45.83,Pump A Running
2026-08-22T14:30:00+00:00,Running,1,2223.3,10.56,4.65,62.05,46.19,Pump A Running
2026-08-22T14:45:00+00:00,Running,1,2129.5,10.65,4.68,61.07,46.42,Pump A Running
2026-08-22T15:00:00+00:00,Running,1,2228.4,10.51,4.79,59.91,46.01,Pump A Running
2026-08-22T15:15:00+00:00,Running,1,2145.3,10.72,4.85,61.79,46.43,Pump A Running
2026-08-22T15:30:00+00:00,Running,1,2307.6,10.56,4.65,60.97,46.51,Pump A Running
2026-08-22T15:45:00+00:00,Running,1,2265.3,10.59,4.76,61.39,46.46,Pump A Running
2026-08-22T16:00:00+00:00,Running,1,2207.0,10.49,4.8,60.9,45.82,Pump A Running
2026-08-22T16:15:00+00:00,Running,1,2351.7,10.54,4.61,61.09,45.97,Pump A Running
2026-08-22T16:30:00+00:00,Running,1,2294.0,10.61,4.73,62.16,45.93,Pump A Running
2026-08-22T16:45:00+00:00,Running,1,2343.0,10.49,4.8,62.23,46.57,Pump A Running
2026-08-22T17:00:00+00:00,Running,1,2320.5,10.57,4.77,59.3,46.18,Pump A Running
2026-08-22T17:15:00+00:00,Running,1,2189.2,10.66,4.84,61.53,46.34,Pump A Running
2026-08-22T17:30:00+00:00,Running,1,2278.4,10.68,4.72,60.84,46.6,Pump A Running
2026-08-22T17:45:00+00:00,Running,1,2170.3,10.63,4.67,60.23,46.08,Pump A Running
2026-08-22T18:00:00+00:00,Running,1,2217.5,10.72,4.73,61.35,46.82,Pump A Running
2026-08-22T18:15:00+00:00,Running,1,2308.9,10.69,4.74,61.45,46.84,Pump A Running
2026-08-22T18:30:00+00:00,Running,1,2390.1,10.58,4.74,60.51,45.49,Pump A Running
2026-08-22T18:45:00+00:00,Running,1,2297.5,10.57,4.66,60.68,46.7,Pump A Running
2026-08-22T19:00:00+00:00,Running,1,2261.9,10.57,4.69,60.41,46.35,Pump A Running
2026-08-22T19:15:00+00:00,Running,1,2324.7,10.71,4.85,61.81,45.77,Pump A Running
2026-08-22T19:30:00+00:00,Running,1,2385.4,10.57,4.79,62.8,46.23,Pump A Running
2026-08-22T19:45:00+00:00,Running,1,2327.4,10.6,4.67,61.42,46.45,Pump A Running
2026-08-22T20:00:00+00:00,Running,1,2512.1,10.65,4.78,60.32,46.26,Pump A Running
2026-08-22T20:15:00+00:00,Running,1,2379.7,10.56,4.84,60.59,45.91,Pump A Running
2026-08-22T20:30:00+00:00,Running,1,2450.2,10.64,4.78,60.95,46.08,Pump A Running
2026-08-22T20:45:00+00:00,Running,1,2386.8,10.63,4.82,60.71,46.52,Pump A Running
2026-08-22T21:00:00+00:00,Running,1,2371.6,10.62,4.73,60.93,45.95,Pump A Running
2026-08-22T21:15:00+00:00,Running,1,2221.4,10.72,4.72,60.35,46.94,Pump A Running
2026-08-22T21:30:00+00:00,Running,1,2618.1,10.63,4.66,59.46,46.17,Pump A Running
2026-08-22T21:45:00+00:00,Running,1,2420.8,10.71,4.64,58.63,46.29,Pump A Running
2026-08-22T22:00:00+00:00,Running,1,2464.7,10.75,4.74,59.63,46.45,Pump A Running
2026-08-22T22:15:00+00:00,Running,1,2472.5,10.6,4.74,59.65,46.34,Pump A Running
2026-08-22T22:30:00+00:00,Running,1,2454.9,10.63,4.76,61.0,46.61,Pump A Running
2026-08-22T22:45:00+00:00,Running,1,2503.6,10.5,4.71,62.4,46.71,Pump A Running
2026-08-22T23:00:00+00:00,Running,1,2510.9,10.54,4.69,61.59,45.85,Pump A Running
2026-08-22T23:15:00+00:00,Running,1,2371.2,10.62,4.66,60.55,45.42,Pump A Running
2026-08-22T23:30:00+00:00,Running,1,2710.0,10.62,4.67,61.95,46.77,Pump A Running
2026-08-22T23:45:00+00:00,Running,1,2351.2,10.61,4.77,62.7,46.83,Pump A Running
2026-08-23T00:00:00+00:00,Running,1,2392.0,10.65,4.68,60.92,46.31,Pump A Running
2026-08-23T00:15:00+00:00,Running,1,2466.0,10.57,4.71,61.96,46.69,Pump A Running
2026-08-23T00:30:00+00:00,Running,1,2656.2,10.79,4.71,61.65,46.88,Pump A Running
2026-08-23T00:45:00+00:00,Running,1,2382.1,10.58,4.67,60.4,46.13,Pump A Running
2026-08-23T01:00:00+00:00,Running,1,2300.4,10.57,4.78,59.96,45.83,Pump A Running
2026-08-23T01:15:00+00:00,Running,1,2452.7,10.75,4.59,61.69,46.01,Pump A Running
2026-08-23T01:30:00+00:00,Running,1,2557.3,10.63,4.78,59.74,47.06,Pump A Running
2026-08-23T01:45:00+00:00,Running,1,2497.9,10.6,4.7,59.97,46.73,Pump A Running
2026-08-23T02:00:00+00:00,Stopped,0,0.0,0.0,0.08,0.0,28.59,Pumps Stopped
2026-08-23T02:15:00+00:00,Stopped,0,0.0,0.0,0.14,0.0,29.13,Pumps Stopped
2026-08-23T02:30:00+00:00,Stopped,0,0.0,0.0,0.1,0.0,28.84,Pumps Stopped
2026-08-23T02:45:00+00:00,Stopped,0,0.0,0.0,0.13,0.0,29.09,Pumps Stopped
2026-08-23T03:00:00+00:00,Stopped,0,0.0,0.0,0.17,0.0,28.65,Pumps Stopped
2026-08-23T03:15:00+00:00,Stopped,0,0.0,0.0,0.13,0.0,28.62,Pumps Stopped
2026-08-23T03:30:00+00:00,Running,1,2648.7,10.59,4.88,60.26,46.75,Pump A Running
2026-08-23T03:45:00+00:00,Running,1,2428.5,10.64,4.84,59.08,46.56,Pump A Running
2026-08-23T04:00:00+00:00,Running,1,2644.2,10.61,4.78,59.79,45.77,Pump A Running
2026-08-23T04:15:00+00:00,Running,1,2530.0,10.75,4.75,60.92,46.36,Pump A Running
2026-08-23T04:30:00+00:00,Running,1,2558.0,10.6,4.77,61.38,46.65,Pump A Running
2026-08-23T04:45:00+00:00,Running,1,2521.1,10.66,4.77,60.44,46.06,Pump A Running
2026-08-23T05:00:00+00:00,Running,1,2670.8,10.59,4.65,60.0,45.83,Pump A Running
2026-08-23T05:15:00+00:00,Running,1,2744.3,10.74,4.7,60.96,45.86,Pump A Running
2026-08-23T05:30:00+00:00,Running,1,2675.5,10.57,4.71,61.01,46.42,Pump A Running
2026-08-23T05:45:00+00:00,Running,1,2598.2,10.56,4.72,60.74,45.32,Pump A Running
2026-08-23T06:00:00+00:00,Running,1,2640.2,10.63,4.73,60.87,46.11,Pump A Running
2026-08-23T06:15:00+00:00,Running,1,2658.9,10.66,4.79,61.17,46.38,Pump A Running
2026-08-23T06:30:00+00:00,Running,1,2710.0,10.6,4.82,62.25,46.59,Pump A Running
2026-08-23T06:45:00+00:00,Running,1,2685.3,10.71,4.64,61.49,46.22,Pump A Running
2026-08-23T07:00:00+00:00,Running,1,2575.5,10.56,4.88,59.76,45.51,Pump A Running
2026-08-23T07:15:00+00:00,Running,1,2707.7,10.48,4.88,60.57,46.82,Pump A Running
2026-08-23T07:30:00+00:00,Running,1,2590.1,10.63,4.73,60.83,46.48,Pump A Running
2026-08-23T07:45:00+00:00,Running,1,2638.9,10.65,4.6,61.15,46.28,Pump A Running
2026-08-23T08:00:00+00:00,Running,1,2581.1,10.56,4.74,60.64,46.22,Pump A Running
2026-08-23T08:15:00+00:00,Running,1,2750.9,10.66,4.62,61.51,45.89,Pump A Running
2026-08-23T08:30:00+00:00,Running,1,2605.3,10.47,4.66,61.12,47.03,Pump A Running
2026-08-23T08:45:00+00:00,Running,1,2705.0,10.57,4.64,61.77,46.44,Pump A Running
2026-08-23T09:00:00+00:00,Running,1,2736.0,10.53,4.75,60.09,45.72,Pump A Running
2026-08-23T09:15:00+00:00,Running,1,2728.5,10.6,4.59,61.79,46.34,Pump A Running
2026-08-23T09:30:00+00:00,Running,1,2738.1,10.64,4.67,59.89,46.62,Pump A Running
2026-08-23T09:45:00+00:00,Running,1,2559.0,10.55,4.68,60.31,46.42,Pump A Running
2026-08-23T10:00:00+00:00,Running,1,2733.7,10.64,4.64,61.19,45.15,Pump A Running
2026-08-23T10:15:00+00:00,Running,1,2709.4,10.62,4.65,60.33,45.83,Pump A Running
2026-08-23T10:30:00+00:00,Running,1,2848.9,10.55,4.73,60.86,46.9,Pump A Running
2026-08-23T10:45:00+00:00,Running,1,2799.7,10.53,4.7,60.53,46.71,Pump A Running
2026-08-23T11:00:00+00:00,Running,1,2673.4,10.53,4.56,60.06,46.35,Pump A Running
2026-08-23T11:15:00+00:00,Running,1,2660.5,10.63,4.69,61.21,46.0,Pump A Running
2026-08-23T11:30:00+00:00,Running,1,2821.1,10.59,4.6,62.54,46.08,Pump A Running
2026-08-23T11:45:00+00:00,Running,1,2821.9,10.59,4.82,60.9,45.67,Pump A Running
2026-08-23T12:00:00+00:00,Running,1,2668.8,10.72,4.66,60.42,46.39,Pump A Running
2026-08-23T12:15:00+00:00,Running,1,2663.7,10.57,4.75,61.09,47.08,Pump A Running
2026-08-23T12:30:00+00:00,Running,1,2633.6,10.54,4.6,61.49,46.63,Pump A Running
2026-08-23T12:45:00+00:00,Running,1,2657.2,10.49,4.73,61.72,45.99,Pump A Running
2026-08-23T13:00:00+00:00,Running,1,2819.9,10.62,4.58,62.67,46.29,Pump A Running
2026-08-23T13:15:00+00:00,Running,1,2652.3,10.55,4.63,61.2,46.95,Pump A Running
2026-08-23T13:30:00+00:00,Running,1,2797.5,10.58,4.71,60.22,47.0,Pump A Running
2026-08-23T13:45:00+00:00,Running,1,2861.2,10.56,4.7,61.28,46.1,Pump A Running
2026-08-23T14:00:00+00:00,Running,1,2874.8,10.6,4.69,61.75,46.39,Pump A Running
2026-08-23T14:15:00+00:00,Running,1,2740.3,10.62,4.66,61.49,46.85,Pump A Running
2026-08-23T14:30:00+00:00,Running,1,2729.8,10.63,4.57,63.25,46.7,Pump A Running
2026-08-23T14:45:00+00:00,Running,1,2893.2,10.72,4.64,60.8,46.45,Pump A Running
2026-08-23T15:00:00+00:00,Running,1,2704.3,10.56,4.67,61.49,46.55,Pump A Running
2026-08-23T15:15:00+00:00,Running,1,2754.2,10.47,4.8,58.77,46.06,Pump A Running
2026-08-23T15:30:00+00:00,Running,1,2794.5,10.68,4.8,62.33,45.92,Pump A Running
2026-08-23T15:45:00+00:00,Running,1,2767.4,10.54,4.76,60.02,46.28,Pump A Running
2026-08-23T16:00:00+00:00,Running,1,2888.1,10.49,4.75,59.78,46.89,Pump A Running
2026-08-23T16:15:00+00:00,Running,1,2633.2,10.54,4.73,58.56,45.59,Pump A Running
2026-08-23T16:30:00+00:00,Running,1,2748.2,10.59,4.72,60.04,46.36,Pump A Running
2026-08-23T16:45:00+00:00,Running,1,2792.6,10.55,4.65,59.66,46.01,Pump A Running
2026-08-23T17:00:00+00:00,Running,1,2645.3,10.53,4.74,60.94,46.09,Pump A Running
2026-08-23T17:15:00+00:00,Running,1,2818.3,10.57,4.8,60.78,46.16,Pump A Running
2026-08-23T17:30:00+00:00,Running,1,2666.3,10.62,4.6,60.25,46.08,Pump A Running
2026-08-23T17:45:00+00:00,Running,1,2844.2,10.57,4.77,59.87,46.19,Pump A Running
2026-08-23T18:00:00+00:00,Running,1,2730.3,10.63,4.68,59.34,46.02,Pump A Running
2026-08-23T18:15:00+00:00,Running,1,2705.0,10.56,4.75,61.58,46.07,Pump A Running
2026-08-23T18:30:00+00:00,Running,1,2793.2,10.56,4.69,61.95,46.27,Pump A Running
2026-08-23T18:45:00+00:00,Running,1,2763.2,10.66,4.58,59.87,46.48,Pump A Running
2026-08-23T19:00:00+00:00,Running,1,2557.9,10.63,4.57,61.4,46.29,Pump A Running
2026-08-23T19:15:00+00:00,Running,1,2825.4,10.57,4.69,61.14,46.74,Pump A Running
2026-08-23T19:30:00+00:00,Running,1,2757.0,10.73,4.77,61.79,46.04,Pump A Running
2026-08-23T19:45:00+00:00,Running,1,2670.6,10.63,4.69,60.88,46.46,Pump A Running
2026-08-23T20:00:00+00:00,Running,1,2813.5,10.54,4.7,61.88,46.1,Pump A Running
2026-08-23T20:15:00+00:00,Running,1,2813.2,10.77,4.86,60.9,46.79,Pump A Running
2026-08-23T20:30:00+00:00,Running,1,2700.8,10.64,4.61,61.53,46.06,Pump A Running
2026-08-23T20:45:00+00:00,Running,1,2842.5,10.64,4.64,62.52,46.14,Pump A Running
2026-08-23T21:00:00+00:00,Running,1,2706.9,10.55,4.74,60.55,46.56,Pump A Running
2026-08-23T21:15:00+00:00,Running,1,2617.0,10.58,4.74,59.86,46.13,Pump A Running
2026-08-23T21:30:00+00:00,Running,1,2864.4,10.7,4.71,59.91,46.48,Pump A Running
2026-08-23T21:45:00+00:00,Running,1,2666.7,10.65,4.65,61.79,46.4,Pump A Running
2026-08-23T22:00:00+00:00,Running,1,2806.0,10.58,4.78,61.49,46.02,Pump A Running
2026-08-23T22:15:00+00:00,Running,1,2614.1,10.69,4.66,58.83,46.2,Pump A Running
2026-08-23T22:30:00+00:00,Running,1,2747.9,10.77,4.78,60.87,46.81,Pump A Running
2026-08-23T22:45:00+00:00,Running,1,2896.8,10.63,4.72,59.79,46.9,Pump A Running
2026-08-23T23:00:00+00:00,Running,1,2802.4,10.64,4.8,59.16,46.67,Pump A Running
2026-08-23T23:15:00+00:00,Running,1,2617.3,10.76,4.56,59.89,46.24,Pump A Running
2026-08-23T23:30:00+00:00,Running,1,2681.3,10.64,4.81,59.86,47.37,Pump A Running
2026-08-23T23:45:00+00:00,Running,1,2772.0,10.68,4.74,60.09,46.26,Pump A Running
2026-08-24T00:00:00+00:00,Running,1,2524.4,10.7,4.82,58.56,45.88,Pump A Running
2026-08-24T00:15:00+00:00,Running,1,2738.7,10.61,4.73,60.18,46.08,Pump A Running
2026-08-24T00:30:00+00:00,Running,1,2671.0,10.61,4.89,59.62,45.86,Pump A Running
2026-08-24T00:45:00+00:00,Running,1,2769.6,10.73,4.57,61.28,46.58,Pump A Running
2026-08-24T01:00:00+00:00,Running,1,2676.9,10.46,4.72,61.88,45.87,Pump A Running
2026-08-24T01:15:00+00:00,Running,1,2621.9,10.65,4.55,58.95,47.02,Pump A Running
2026-08-24T01:30:00+00:00,Running,1,2717.2,10.7,4.7,59.06,46.83,Pump A Running
2026-08-24T01:45:00+00:00,Running,1,2709.6,10.48,4.71,62.44,46.55,Pump A Running
2026-08-24T02:00:00+00:00,Stopped,0,0.0,0.0,0.14,0.0,28.59,Pumps Stopped
2026-08-24T02:15:00+00:00,Stopped,0,0.0,0.0,0.13,0.0,28.57,Pumps Stopped
2026-08-24T02:30:00+00:00,Stopped,0,0.0,0.0,0.1,0.0,29.19,Pumps Stopped
2026-08-24T02:45:00+00:00,Stopped,0,0.0,0.0,0.11,0.0,29.12,Pumps Stopped
2026-08-24T03:00:00+00:00,Stopped,0,0.0,0.0,0.1,0.0,29.11,Pumps Stopped
2026-08-24T03:15:00+00:00,Stopped,0,0.0,0.0,0.09,0.0,29.39,Pumps Stopped
2026-08-24T03:30:00+00:00,Running,1,2734.7,10.59,4.67,61.17,46.67,Pump A Running
2026-08-24T03:45:00+00:00,Running,1,2803.0,10.73,4.58,62.61,45.43,Pump A Running
2026-08-24T04:00:00+00:00,Running,1,2675.3,10.53,4.75,60.95,46.32,Pump A Running
2026-08-24T04:15:00+00:00,Running,1,2567.4,10.65,4.68,61.33,45.95,Pump A Running
2026-08-24T04:30:00+00:00,Running,1,2497.1,10.56,4.69,58.81,46.3,Pump A Running
2026-08-24T04:45:00+00:00,Running,1,2704.2,10.57,4.68,61.48,46.25,Pump A Running
2026-08-24T05:00:00+00:00,Running,1,2522.3,10.69,4.62,61.48,46.78,Pump A Running
2026-08-24T05:15:00+00:00,Running,1,2626.5,10.55,4.72,59.42,46.18,Pump A Running
2026-08-24T05:30:00+00:00,Running,1,2692.8,10.54,4.86,59.71,46.81,Pump A Running
2026-08-24T05:45:00+00:00,Running,1,2702.2,10.66,4.66,59.72,46.11,Pump A Running
2026-08-24T06:00:00+00:00,Running,1,2802.4,10.58,4.65,60.93,46.53,Pump A Running
2026-08-24T06:15:00+00:00,Running,1,2586.8,10.57,4.66,61.23,46.38,Pump A Running
2026-08-24T06:30:00+00:00,Running,1,2560.4,10.56,4.73,62.49,45.92,Pump A Running
2026-08-24T06:45:00+00:00,Running,1,2578.7,10.64,4.69,61.52,46.44,Pump A Running
2026-08-24T07:00:00+00:00,Running,1,2521.4,10.75,4.7,61.99,46.29,Pump A Running
2026-08-24T07:15:00+00:00,Running,1,2624.1,10.61,4.66,59.71,46.16,Pump A Running
2026-08-24T07:30:00+00:00,Running,1,2576.7,10.54,4.77,60.97,46.44,Pump A Running
2026-08-24T07:45:00+00:00,Running,1,2682.2,10.64,4.69,60.16,46.79,Pump A Running
2026-08-24T08:00:00+00:00,Running,1,2628.5,10.6,4.83,60.98,46.67,Pump A Running
2026-08-24T08:15:00+00:00,Running,1,2447.7,10.72,4.63,61.62,46.31,Pump A Running
2026-08-24T08:30:00+00:00,Running,1,2584.9,10.57,4.72,61.22,46.44,Pump A Running
2026-08-24T08:45:00+00:00,Running,1,2396.6,10.52,4.66,61.28,46.22,Pump A Running
2026-08-24T09:00:00+00:00,Running,1,2650.9,10.57,4.6,60.91,47.18,Pump A Running
2026-08-24T09:15:00+00:00,Running,1,2487.8,10.7,4.85,58.94,46.13,Pump A Running
2026-08-24T09:30:00+00:00,Running,1,2407.9,10.68,4.64,60.98,45.95,Pump A Running
2026-08-24T09:45:00+00:00,Running,1,2533.8,10.63,4.73,60.07,46.5,Pump A Running
2026-08-24T10:00:00+00:00,Running,1,2659.4,10.56,4.66,62.27,46.26,Pump A Running
2026-08-24T10:15:00+00:00,Running,1,2528.6,10.57,4.74,60.51,46.31,Pump A Running
2026-08-24T10:30:00+00:00,Running,1,2505.6,10.64,4.66,59.78,47.12,Pump A Running
2026-08-24T10:45:00+00:00,Running,1,2500.6,10.62,4.66,59.7,46.89,Pump A Running
2026-08-24T11:00:00+00:00,Running,1,2284.0,10.62,4.69,62.23,46.91,Pump A Running
2026-08-24T11:15:00+00:00,Running,1,2348.8,10.51,4.84,60.03,46.85,Pump A Running
2026-08-24T11:30:00+00:00,Running,1,2577.3,10.61,4.71,59.13,46.61,Pump A Running
2026-08-24T11:45:00+00:00,Running,1,2616.9,10.64,4.64,59.74,45.83,Pump A Running
2026-08-24T12:00:00+00:00,Running,1,2585.9,10.64,4.74,60.87,46.43,Pump A Running
2026-08-24T12:15:00+00:00,Running,1,2422.4,10.59,4.75,59.47,46.72,Pump A Running
2026-08-24T12:30:00+00:00,Running,1,2425.6,10.48,4.63,60.9,45.9,Pump A Running
2026-08-24T12:45:00+00:00,Running,1,2430.8,10.64,4.54,60.84,45.71,Pump A Running
2026-08-24T13:00:00+00:00,Running,1,2426.7,10.67,4.71,61.03,45.61,Pump A Running
2026-08-24T13:15:00+00:00,Running,1,2305.6,10.55,4.73,59.82,45.97,Pump A Running
2026-08-24T13:30:00+00:00,Running,1,2498.5,10.6,4.81,59.16,46.21,Pump A Running
2026-08-24T13:45:00+00:00,Running,1,2551.2,10.75,4.89,61.65,45.64,Pump A Running
2026-08-24T14:00:00+00:00,Running,1,2318.2,10.72,4.75,60.62,46.8,Pump A Running
2026-08-24T14:15:00+00:00,Running,1,2441.9,10.64,4.71,60.49,46.7,Pump A Running
2026-08-24T14:30:00+00:00,Running,1,2386.2,10.65,4.81,61.1,45.98,Pump A Running
2026-08-24T14:45:00+00:00,Running,1,2368.3,10.66,4.6,61.43,45.98,Pump A Running
2026-08-24T15:00:00+00:00,Running,1,2378.8,10.68,4.75,59.6,47.19,Pump A Running
2026-08-24T15:15:00+00:00,Running,1,2416.5,10.42,4.75,60.76,46.66,Pump A Running
2026-08-24T15:30:00+00:00,Running,1,2188.8,10.66,4.72,61.88,45.9,Pump A Running
2026-08-24T15:45:00+00:00,Running,1,2291.2,10.58,4.78,60.39,46.31,Pump A Running
2026-08-24T16:00:00+00:00,Running,1,2269.2,10.51,4.57,59.19,46.13,Pump A Running
2026-08-24T16:15:00+00:00,Running,1,2431.3,10.54,4.64,61.5,46.41,Pump A Running
2026-08-24T16:30:00+00:00,Running,1,2504.7,10.54,4.69,59.74,46.63,Pump A Running
2026-08-24T16:45:00+00:00,Running,1,2403.6,10.57,4.67,62.99,46.97,Pump A Running
2026-08-24T17:00:00+00:00,Running,1,2354.0,10.56,4.77,62.28,45.42,Pump A Running
2026-08-24T17:15:00+00:00,Running,1,2144.7,10.52,4.67,61.21,46.81,Pump A Running
2026-08-24T17:30:00+00:00,Running,1,2403.9,10.58,4.66,60.12,46.57,Pump A Running
2026-08-24T17:45:00+00:00,Running,1,2361.2,10.58,4.74,60.68,46.02,Pump A Running
2026-08-24T18:00:00+00:00,Running,1,2396.6,10.54,4.79,61.05,47.43,Pump A Running
2026-08-24T18:15:00+00:00,Running,1,2175.6,10.62,4.75,60.36,46.31,Pump A Running
2026-08-24T18:30:00+00:00,Running,1,2184.0,10.65,4.66,60.2,46.21,Pump A Running
2026-08-24T18:45:00+00:00,Running,1,2394.0,10.68,4.76,60.44,45.68,Pump A Running
2026-08-24T19:00:00+00:00,Running,1,2418.2,10.53,4.69,62.42,46.33,Pump A Running
2026-08-24T19:15:00+00:00,Running,1,2374.0,10.58,4.62,62.07,46.89,Pump A Running
2026-08-24T19:30:00+00:00,Running,1,2301.4,10.58,4.85,61.7,45.5,Pump A Running
2026-08-24T19:45:00+00:00,Running,1,2099.7,10.61,4.87,60.92,46.26,Pump A Running
2026-08-24T20:00:00+00:00,Running,1,2396.9,10.48,4.81,60.52,46.61,Pump A Running
2026-08-24T20:15:00+00:00,Running,1,2454.9,10.64,4.59,59.8,46.33,Pump A Running
2026-08-24T20:30:00+00:00,Running,1,2310.0,10.58,4.72,58.74,46.94,Pump A Running
2026-08-24T20:45:00+00:00,Running,1,2183.8,10.64,4.69,60.42,46.69,Pump A Running
2026-08-24T21:00:00+00:00,Running,1,2170.5,10.66,4.71,59.89,45.73,Pump A Running
2026-08-24T21:15:00+00:00,Running,1,2235.1,10.66,4.78,61.04,46.53,Pump A Running
2026-08-24T21:30:00+00:00,Running,1,2099.3,10.61,4.75,61.39,45.46,Pump A Running
2026-08-24T21:45:00+00:00,Running,1,2222.6,10.68,4.71,59.92,46.49,Pump A Running
2026-08-24T22:00:00+00:00,Running,1,2074.7,10.62,4.71,61.75,46.84,Pump A Running
2026-08-24T22:15:00+00:00,Running,1,2184.5,10.7,4.54,60.49,46.08,Pump A Running
2026-08-24T22:30:00+00:00,Running,1,2237.2,10.53,4.76,60.35,46.31,Pump A Running
2026-08-24T22:45:00+00:00,Running,1,2215.5,10.51,4.61,61.39,47.38,Pump A Running
2026-08-24T23:00:00+00:00,Running,1,2075.9,10.53,4.7,62.12,47.18,Pump A Running
2026-08-24T23:15:00+00:00,Running,1,2130.7,10.65,4.71,61.45,46.17,Pump A Running
2026-08-24T23:30:00+00:00,Running,1,2205.9,10.6,4.7,60.13,46.25,Pump A Running
2026-08-24T23:45:00+00:00,Running,1,2053.8,10.55,4.79,61.61,46.37,Pump A Running
2026-08-25T00:00:00+00:00,Running,1,2246.2,10.62,4.68,60.94,46.08,Pump A Running
2026-08-25T00:15:00+00:00,Running,1,1993.1,10.64,4.77,62.03,46.44,Pump A Running
2026-08-25T00:30:00+00:00,Running,1,2066.1,10.43,4.79,59.29,46.17,Pump A Running
2026-08-25T00:45:00+00:00,Running,1,2210.2,10.51,4.64,60.2,46.45,Pump A Running
2026-08-25T01:00:00+00:00,Running,1,2048.6,10.63,4.82,59.58,46.54,Pump A Running
2026-08-25T01:15:00+00:00,Running,1,2134.0,10.67,4.88,61.37,46.19,Pump A Running
2026-08-25T01:30:00+00:00,Running,1,2205.1,10.74,4.73,58.33,46.85,Pump A Running
2026-08-25T01:45:00+00:00,Running,1,2351.0,10.66,4.88,61.72,46.13,Pump A Running
2026-08-25T02:00:00+00:00,Stopped,0,0.0,0.0,0.17,0.0,28.5,Pumps Stopped
2026-08-25T02:15:00+00:00,Stopped,0,0.0,0.0,0.11,0.0,29.19,Pumps Stopped
2026-08-25T02:30:00+00:00,Stopped,0,0.0,0.0,0.1,0.0,28.85,Pumps Stopped
2026-08-25T02:45:00+00:00,Stopped,0,0.0,0.0,0.12,0.0,29.87,Pumps Stopped
2026-08-25T03:00:00+00:00,Stopped,0,0.0,0.0,0.16,0.0,29.15,Pumps Stopped
2026-08-25T03:15:00+00:00,Stopped,0,0.0,0.0,0.15,0.0,29.29,Pumps Stopped
2026-08-25T03:30:00+00:00,Running,1,2070.7,10.65,4.7,59.6,46.72,Pump A Running
2026-08-25T03:45:00+00:00,Running,1,2100.1,10.43,4.77,61.19,46.71,Pump A Running
2026-08-25T04:00:00+00:00,Running,1,1933.1,10.59,4.8,60.97,46.81,Pump A Running
2026-08-25T04:15:00+00:00,Running,1,2000.7,10.67,4.64,62.25,46.36,Pump A Running
2026-08-25T04:30:00+00:00,Running,1,2235.5,10.65,4.71,58.45,46.42,Pump A Running
2026-08-25T04:45:00+00:00,Running,1,2202.0,10.64,4.86,63.14,46.19,Pump A Running
2026-08-25T05:00:00+00:00,Running,1,2280.3,10.68,4.73,61.89,46.78,Pump A Running
2026-08-25T05:15:00+00:00,Running,1,2080.1,10.59,4.68,60.64,45.96,Pump A Running
2026-08-25T05:30:00+00:00,Running,1,2138.4,10.55,4.72,61.75,45.79,Pump A Running
2026-08-25T05:45:00+00:00,Running,1,2126.7,10.55,4.64,59.91,46.2,Pump A Running
2026-08-25T06:00:00+00:00,Running,1,2109.7,10.53,4.75,60.8,46.56,Pump A Running
2026-08-25T06:15:00+00:00,Running,1,2234.0,10.65,4.83,59.86,46.1,Pump A Running
2026-08-25T06:30:00+00:00,Running,1,2250.4,10.63,4.65,60.71,45.57,Pump A Running
2026-08-25T06:45:00+00:00,Running,1,2336.5,10.69,4.61,59.27,46.17,Pump A Running
2026-08-25T07:00:00+00:00,Running,1,2271.1,10.63,4.6,62.33,46.92,Pump A Running
2026-08-25T07:15:00+00:00,Running,1,2220.2,10.6,4.67,62.48,45.92,Pump A Running
2026-08-25T07:30:00+00:00,Running,1,2149.6,10.6,4.69,60.46,46.27,Pump A Running
2026-08-25T07:45:00+00:00,Running,1,2124.7,10.53,4.8,59.52,45.43,Pump A Running
2026-08-25T08:00:00+00:00,Running,1,2202.1,10.6,4.74,60.85,46.35,Pump A Running
2026-08-25T08:15:00+00:00,Running,1,2011.9,10.66,4.62,61.35,45.51,Pump A Running
2026-08-25T08:30:00+00:00,Running,1,2126.6,10.65,4.76,58.92,46.82,Pump A Running
2026-08-25T08:45:00+00:00,Running,1,2302.6,10.53,4.66,59.51,46.19,Pump A Running
2026-08-25T09:00:00+00:00,Running,1,2209.0,10.6,4.58,61.63,46.05,Pump A Running
2026-08-25T09:15:00+00:00,Running,1,2201.0,10.63,4.79,61.25,46.33,Pump A Running
2026-08-25T09:30:00+00:00,Running,1,2152.0,10.6,4.84,60.42,46.04,Pump A Running
2026-08-25T09:45:00+00:00,Running,1,2182.9,10.46,4.62,60.15,46.3,Pump A Running
2026-08-25T10:00:00+00:00,Running,1,2250.8,10.6,4.87,62.61,45.96,Pump A Running
2026-08-25T10:15:00+00:00,Running,1,2274.8,10.64,4.68,60.78,46.7,Pump A Running
2026-08-25T10:30:00+00:00,Running,1,2198.0,10.56,4.64,58.94,46.52,Pump A Running
2026-08-25T10:45:00+00:00,Running,1,2041.6,10.54,4.81,60.7,46.53,Pump A Running
2026-08-25T11:00:00+00:00,Running,1,2113.8,10.57,4.63,59.92,46.3,Pump A Running
2026-08-25T11:15:00+00:00,Running,1,2134.1,10.61,4.83,59.3,47.26,Pump A Running
2026-08-25T11:30:00+00:00,Running,1,2158.1,10.58,4.6,58.33,46.25,Pump A Running
2026-08-25T11:45:00+00:00,Running,1,2286.8,10.63,4.68,62.54,46.27,Pump A Running
2026-08-25T12:00:00+00:00,Running,1,2308.1,10.59,4.73,60.76,46.67,Pump A Running
2026-08-25T12:15:00+00:00,Running,1,2405.7,10.67,4.71,60.34,46.05,Pump A Running
2026-08-25T12:30:00+00:00,Running,1,2291.4,10.57,4.72,59.61,46.77,Pump A Running
2026-08-25T12:45:00+00:00,Running,1,2315.8,10.66,4.73,60.78,46.17,Pump A Running
2026-08-25T13:00:00+00:00,Running,1,2212.4,10.52,4.64,60.86,46.55,Pump A Running
2026-08-25T13:15:00+00:00,Running,1,2092.3,10.58,4.8,61.06,46.1,Pump A Running
2026-08-25T13:30:00+00:00,Running,1,2145.1,10.57,4.67,59.22,46.42,Pump A Running
2026-08-25T13:45:00+00:00,Running,1,2063.1,10.7,4.66,61.16,46.34,Pump A Running
2026-08-25T14:00:00+00:00,Running,1,2272.2,10.56,4.71,62.42,46.04,Pump A Running
2026-08-25T14:15:00+00:00,Running,1,2217.2,10.67,4.63,60.29,46.31,Pump A Running
2026-08-25T14:30:00+00:00,Running,1,2234.0,10.72,4.77,60.66,46.72,Pump A Running
2026-08-25T14:45:00+00:00,Running,1,2204.7,10.6,4.7,60.71,46.93,Pump A Running
2026-08-25T15:00:00+00:00,Running,1,2241.6,10.63,4.58,60.42,46.87,Pump A Running
2026-08-25T15:15:00+00:00,Running,1,2428.8,10.55,4.75,60.57,46.37,Pump A Running
2026-08-25T15:30:00+00:00,Running,1,2263.9,10.5,4.72,59.55,46.56,Pump A Running
2026-08-25T15:45:00+00:00,Running,1,2281.3,10.55,4.72,59.65,46.88,Pump A Running
2026-08-25T16:00:00+00:00,Running,1,2207.6,10.77,4.72,60.19,45.85,Pump A Running
2026-08-25T16:15:00+00:00,Running,1,2162.9,10.56,4.6,59.25,46.16,Pump A Running
2026-08-25T16:30:00+00:00,Running,1,2155.6,10.69,4.71,59.63,46.41,Pump A Running
2026-08-25T16:45:00+00:00,Running,1,2306.0,10.67,4.73,60.15,46.59,Pump A Running
2026-08-25T17:00:00+00:00,Running,1,2345.5,10.53,4.65,59.01,45.64,Pump A Running
2026-08-25T17:15:00+00:00,Running,1,2136.3,10.56,4.69,60.91,46.21,Pump A Running
2026-08-25T17:30:00+00:00,Running,1,2360.5,10.61,4.68,60.15,45.94,Pump A Running
2026-08-25T17:45:00+00:00,Running,1,2170.4,10.65,4.76,61.39,46.67,Pump A Running
2026-08-25T18:00:00+00:00,Running,1,2253.7,10.74,4.69,62.22,46.58,Pump A Running
2026-08-25T18:15:00+00:00,Running,1,2179.8,10.7,4.62,60.2,46.24,Pump A Running
2026-08-25T18:30:00+00:00,Running,1,2196.7,10.52,4.66,60.57,46.26,Pump A Running
2026-08-25T18:45:00+00:00,Running,1,2501.3,10.52,4.75,59.48,46.3,Pump A Running
2026-08-25T19:00:00+00:00,Running,1,2319.3,10.7,4.7,61.53,46.62,Pump A Running
2026-08-25T19:15:00+00:00,Running,1,2262.2,10.58,4.73,59.87,46.4,Pump A Running
2026-08-25T19:30:00+00:00,Running,1,2454.1,10.6,4.64,61.65,46.77,Pump A Running
2026-08-25T19:45:00+00:00,Running,1,2388.5,10.48,4.77,61.1,46.34,Pump A Running
2026-08-25T20:00:00+00:00,Running,1,2247.0,10.63,4.8,59.98,46.38,Pump A Running
2026-08-25T20:15:00+00:00,Running,1,2327.8,10.55,4.83,61.6,45.82,Pump A Running
2026-08-25T20:30:00+00:00,Running,1,2251.4,10.62,4.68,60.21,46.82,Pump A Running
2026-08-25T20:45:00+00:00,Running,1,2216.9,10.65,4.66,60.13,46.6,Pump A Running
2026-08-25T21:00:00+00:00,Running,1,2302.3,10.7,4.76,63.18,46.65,Pump A Running
2026-08-25T21:15:00+00:00,Running,1,2400.7,10.63,4.78,61.25,46.46,Pump A Running
2026-08-25T21:30:00+00:00,Running,1,2407.2,10.63,4.69,61.57,46.98,Pump A Running
2026-08-25T21:45:00+00:00,Running,1,2501.9,10.74,4.7,61.51,46.13,Pump A Running
2026-08-25T22:00:00+00:00,Running,1,2224.5,10.62,4.72,62.16,46.17,Pump A Running
2026-08-25T22:15:00+00:00,Running,1,2355.0,10.49,4.79,59.99,46.14,Pump A Running
2026-08-25T22:30:00+00:00,Running,1,2504.5,10.71,4.73,61.11,46.42,Pump A Running
2026-08-25T22:45:00+00:00,Running,1,2264.2,10.52,4.59,61.31,46.15,Pump A Running
2026-08-25T23:00:00+00:00,Running,1,2424.9,10.6,4.79,60.36,45.79,Pump A Running
2026-08-25T23:15:00+00:00,Running,1,2440.8,10.63,4.82,59.84,45.57,Pump A Running
2026-08-25T23:30:00+00:00,Running,1,2367.2,10.64,4.7,61.09,46.52,Pump A Running
2026-08-25T23:45:00+00:00,Running,1,2464.8,10.54,4.64,59.71,46.44,Pump A Running
2026-08-26T00:00:00+00:00,Running,1,2344.4,10.65,4.61,59.24,46.24,Pump A Running
2026-08-26T00:15:00+00:00,Running,1,2439.8,10.64,4.61,61.91,46.13,Pump A Running
2026-08-26T00:30:00+00:00,Running,1,2422.9,10.61,4.6,61.11,46.03,Pump A Running
2026-08-26T00:45:00+00:00,Running,1,2517.3,10.64,4.57,62.14,46.55,Pump A Running
2026-08-26T01:00:00+00:00,Running,1,2607.1,10.65,4.73,62.11,46.54,Pump A Running
2026-08-26T01:15:00+00:00,Running,1,2378.1,10.56,4.74,60.23,46.67,Pump A Running
2026-08-26T01:30:00+00:00,Running,1,2353.2,10.62,4.61,59.92,45.8,Pump A Running
2026-08-26T01:45:00+00:00,Running,1,2336.9,10.58,4.62,60.8,46.14,Pump A Running
2026-08-26T02:00:00+00:00,Stopped,0,0.0,0.0,0.15,0.0,28.73,Pumps Stopped
2026-08-26T02:15:00+00:00,Stopped,0,0.0,0.0,0.11,0.0,28.68,Pumps Stopped
2026-08-26T02:30:00+00:00,Stopped,0,0.0,0.0,0.15,0.0,28.73,Pumps Stopped
2026-08-26T02:45:00+00:00,Stopped,0,0.0,0.0,0.12,0.0,29.0,Pumps Stopped
2026-08-26T03:00:00+00:00,Stopped,0,0.0,0.0,0.12,0.0,29.06,Pumps Stopped
2026-08-26T03:15:00+00:00,Stopped,0,0.0,0.0,0.12,0.0,28.74,Pumps Stopped
2026-08-26T03:30:00+00:00,Running,1,2609.9,10.61,4.67,61.73,47.2,Pump A Running
2026-08-26T03:45:00+00:00,Running,1,2524.8,10.7,4.72,61.11,46.51,Pump A Running
2026-08-26T04:00:00+00:00,Running,1,2384.5,10.67,4.68,59.93,46.3,Pump A Running
2026-08-26T04:15:00+00:00,Running,1,2507.9,10.65,4.67,60.62,46.46,Pump A Running
2026-08-26T04:30:00+00:00,Running,1,2448.7,10.62,4.64,61.37,46.3,Pump A Running
2026-08-26T04:45:00+00:00,Running,1,2749.1,10.51,4.62,59.61,46.53,Pump A Running
2026-08-26T05:00:00+00:00,Running,1,2553.3,10.49,4.6,60.1,46.95,Pump A Running
2026-08-26T05:15:00+00:00,Running,1,2612.6,10.72,4.78,60.59,46.18,Pump A Running
2026-08-26T05:30:00+00:00,Running,1,2604.3,10.59,4.73,59.86,45.7,Pump A Running
2026-08-26T05:45:00+00:00,Running,1,2594.7,10.55,4.66,59.76,46.64,Pump A Running
2026-08-26T06:00:00+00:00,Running,1,2705.3,10.64,4.76,60.76,46.19,Pump A Running
2026-08-26T06:15:00+00:00,Running,1,2534.4,10.52,4.72,60.78,46.31,Pump A Running
2026-08-26T06:30:00+00:00,Running,1,2503.4,10.63,4.59,60.59,46.48,Pump A Running
2026-08-26T06:45:00+00:00,Running,1,2730.6,10.68,4.62,61.42,46.05,Pump A Running
2026-08-26T07:00:00+00:00,Running,1,2765.2,10.57,4.76,60.64,46.42,Pump A Running
2026-08-26T07:15:00+00:00,Running,1,2512.0,10.68,4.68,61.37,46.43,Pump A Running
2026-08-26T07:30:00+00:00,Running,1,2788.3,10.61,4.77,60.02,46.48,Pump A Running
2026-08-26T07:45:00+00:00,Running,1,2554.6,10.67,4.7,60.35,45.57,Pump A Running
2026-08-26T08:00:00+00:00,Running,1,2522.2,10.69,4.67,59.31,46.4,Pump A Running
2026-08-26T08:15:00+00:00,Running,1,2606.8,10.55,4.74,61.01,45.83,Pump A Running
2026-08-26T08:30:00+00:00,Running,1,2640.0,10.71,4.67,61.12,46.48,Pump A Running
2026-08-26T08:45:00+00:00,Running,1,2560.3,10.54,4.7,62.16,45.81,Pump A Running
2026-08-26T09:00:00+00:00,Running,1,2758.1,10.58,4.66,60.36,46.37,Pump A Running
2026-08-26T09:15:00+00:00,Running,1,2729.4,10.46,4.65,60.53,46.37,Pump A Running
2026-08-26T09:30:00+00:00,Running,1,2768.0,10.46,4.62,60.31,45.92,Pump A Running
2026-08-26T09:45:00+00:00,Running,1,2582.9,10.61,4.88,60.4,46.52,Pump A Running
2026-08-26T10:00:00+00:00,Running,1,2783.2,10.59,4.74,60.49,45.96,Pump A Running
2026-08-26T10:15:00+00:00,Running,1,2711.9,10.55,4.59,59.61,46.61,Pump A Running
2026-08-26T10:30:00+00:00,Running,1,2647.5,10.53,4.71,60.52,47.16,Pump A Running
2026-08-26T10:45:00+00:00,Running,1,2750.9,10.55,4.56,61.04,46.46,Pump A Running
2026-08-26T11:00:00+00:00,Running,1,2638.7,10.7,4.68,60.35,46.45,Pump A Running
2026-08-26T11:15:00+00:00,Running,1,2682.8,10.61,4.7,60.52,46.48,Pump A Running
2026-08-26T11:30:00+00:00,Running,1,2759.2,10.62,4.83,60.17,46.32,Pump A Running
2026-08-26T11:45:00+00:00,Running,1,2725.6,10.48,4.75,60.92,45.38,Pump A Running
2026-08-26T12:00:00+00:00,Running,1,2693.2,10.66,4.83,62.82,46.59,Pump A Running
2026-08-26T12:15:00+00:00,Running,1,2725.5,10.58,4.59,60.35,46.48,Pump A Running
2026-08-26T12:30:00+00:00,Running,1,2784.7,10.68,4.78,59.03,46.65,Pump A Running
2026-08-26T12:45:00+00:00,Running,1,2668.1,10.59,4.71,61.84,45.69,Pump A Running
2026-08-26T13:00:00+00:00,Running,1,2726.7,10.56,4.67,60.77,47.04,Pump A Running
2026-08-26T13:15:00+00:00,Running,1,2885.3,10.72,4.63,60.8,45.81,Pump A Running
2026-08-26T13:30:00+00:00,Running,1,2856.0,10.53,4.78,60.51,45.74,Pump A Running
2026-08-26T13:45:00+00:00,Running,1,2655.6,10.62,4.65,60.08,46.8,Pump A Running
2026-08-26T14:00:00+00:00,Running,1,2759.7,10.52,4.74,60.97,46.71,Pump A Running
2026-08-26T14:15:00+00:00,Running,1,2702.5,10.67,4.8,60.69,46.1,Pump A Running
2026-08-26T14:30:00+00:00,Running,1,2627.0,10.62,4.77,60.91,46.61,Pump A Running
2026-08-26T14:45:00+00:00,Running,1,2806.4,10.66,4.71,59.68,46.32,Pump A Running
2026-08-26T15:00:00+00:00,Running,1,2780.8,10.56,4.68,61.39,46.45,Pump A Running
2026-08-26T15:15:00+00:00,Running,1,2726.1,10.57,4.68,62.07,46.73,Pump A Running
2026-08-26T15:30:00+00:00,Running,1,2833.1,10.65,4.75,62.4,45.97,Pump A Running
2026-08-26T15:45:00+00:00,Running,1,2800.5,10.6,4.71,59.89,46.73,Pump A Running
2026-08-26T16:00:00+00:00,Running,1,2743.2,10.5,4.69,61.44,46.85,Pump A Running
2026-08-26T16:15:00+00:00,Running,1,2889.8,10.57,4.73,61.88,46.54,Pump A Running
2026-08-26T16:30:00+00:00,Running,1,2880.1,10.69,4.67,61.65,46.43,Pump A Running
2026-08-26T16:45:00+00:00,Running,1,2524.7,10.61,4.72,60.59,46.27,Pump A Running
2026-08-26T17:00:00+00:00,Running,1,2759.1,10.49,4.73,60.61,46.7,Pump A Running
2026-08-26T17:15:00+00:00,Running,1,2808.2,10.6,4.7,59.46,47.28,Pump A Running
2026-08-26T17:30:00+00:00,Running,1,2911.4,10.62,4.68,59.56,46.92,Pump A Running
2026-08-26T17:45:00+00:00,Running,1,2621.1,10.62,4.77,62.01,46.15,Pump A Running
2026-08-26T18:00:00+00:00,Running,1,2613.8,10.68,4.61,59.29,46.81,Pump A Running
2026-08-26T18:15:00+00:00,Running,1,2659.8,10.63,4.77,58.96,46.9,Pump A Running
2026-08-26T18:30:00+00:00,Running,1,2772.6,10.64,4.64,60.21,46.06,Pump A Running
2026-08-26T18:45:00+00:00,Running,1,2777.2,10.6,4.79,60.22,47.15,Pump A Running
2026-08-26T19:00:00+00:00,Running,1,2980.3,10.68,4.72,60.86,46.68,Pump A Running
2026-08-26T19:15:00+00:00,Running,1,2826.0,10.54,4.58,60.91,46.43,Pump A Running
2026-08-26T19:30:00+00:00,Running,1,2756.7,10.6,4.71,61.12,46.15,Pump A Running
2026-08-26T19:45:00+00:00,Running,1,2694.6,10.69,4.7,60.03,46.34,Pump A Running
2026-08-26T20:00:00+00:00,Running,1,2821.5,10.45,4.65,60.99,46.99,Pump A Running
2026-08-26T20:15:00+00:00,Running,1,2894.9,10.72,4.66,60.39,46.83,Pump A Running
2026-08-26T20:30:00+00:00,Running,1,2890.9,10.61,4.87,60.73,46.81,Pump A Running
2026-08-26T20:45:00+00:00,Running,1,2766.2,10.57,4.8,60.67,46.76,Pump A Running
2026-08-26T21:00:00+00:00,Running,1,2604.6,10.6,4.68,59.74,45.23,Pump A Running
2026-08-26T21:15:00+00:00,Running,1,2845.3,10.53,4.8,62.43,45.95,Pump A Running
2026-08-26T21:30:00+00:00,Running,1,2685.6,10.66,4.74,59.03,46.46,Pump A Running
2026-08-26T21:45:00+00:00,Running,1,2859.8,10.58,4.7,61.92,46.54,Pump A Running
2026-08-26T22:00:00+00:00,Running,1,2827.8,10.74,4.71,60.62,46.3,Pump A Running
2026-08-26T22:15:00+00:00,Running,1,2834.6,10.65,4.66,59.61,46.28,Pump A Running
2026-08-26T22:30:00+00:00,Running,1,2924.1,10.55,4.66,60.04,46.39,Pump A Running
2026-08-26T22:45:00+00:00,Running,1,2845.7,10.6,4.58,60.43,46.58,Pump A Running
2026-08-26T23:00:00+00:00,Running,1,2715.1,10.63,4.86,61.21,46.61,Pump A Running
2026-08-26T23:15:00+00:00,Running,1,2823.9,10.65,4.7,59.36,46.64,Pump A Running
2026-08-26T23:30:00+00:00,Running,1,2728.5,10.71,4.55,59.48,46.8,Pump A Running
2026-08-26T23:45:00+00:00,Running,1,2826.2,10.49,4.74,60.3,45.98,Pump A Running
2026-08-27T00:00:00+00:00,Running,1,2808.2,10.62,4.68,61.19,47.35,Pump A Running
2026-08-27T00:15:00+00:00,Running,1,2542.9,10.59,4.57,61.67,46.6,Pump A Running
2026-08-27T00:30:00+00:00,Running,1,2559.9,10.59,4.61,60.43,46.43,Pump A Running
2026-08-27T00:45:00+00:00,Running,1,2658.8,10.51,4.74,60.11,46.4,Pump A Running
2026-08-27T01:00:00+00:00,Running,1,2677.2,10.71,4.68,61.12,45.96,Pump A Running
2026-08-27T01:15:00+00:00,Running,1,2790.5,10.66,4.74,61.44,46.52,Pump A Running
2026-08-27T01:30:00+00:00,Running,1,2755.3,10.62,4.81,60.69,45.95,Pump A Running
2026-08-27T01:45:00+00:00,Running,1,2757.6,10.7,4.78,61.89,46.66,Pump A Running
2026-08-27T02:00:00+00:00,Stopped,0,0.0,0.0,0.07,0.0,29.16,Pumps Stopped
2026-08-27T02:15:00+00:00,Stopped,0,0.0,0.0,0.1,0.0,28.53,Pumps Stopped
2026-08-27T02:30:00+00:00,Stopped,0,0.0,0.0,0.17,0.0,28.79,Pumps Stopped
2026-08-27T02:45:00+00:00,Stopped,0,0.0,0.0,0.14,0.0,29.3,Pumps Stopped
2026-08-27T03:00:00+00:00,Stopped,0,0.0,0.0,0.1,0.0,28.83,Pumps Stopped
2026-08-27T03:15:00+00:00,Stopped,0,0.0,0.0,0.07,0.0,28.74,Pumps Stopped
2026-08-27T03:30:00+00:00,Running,1,2661.6,10.58,4.67,62.23,47.0,Pump A Running
2026-08-27T03:45:00+00:00,Running,1,2763.9,10.8,4.6,60.62,46.52,Pump A Running
2026-08-27T04:00:00+00:00,Running,1,2477.9,10.56,4.69,61.15,45.7,Pump A Running
2026-08-27T04:15:00+00:00,Running,1,2562.2,10.55,4.69,61.41,47.06,Pump A Running
2026-08-27T04:30:00+00:00,Running,1,2646.0,10.66,4.65,62.62,46.16,Pump A Running
2026-08-27T04:45:00+00:00,Running,1,2702.6,10.64,4.87,61.23,46.08,Pump A Running
2026-08-27T05:00:00+00:00,Running,1,2539.6,10.6,4.65,59.54,46.73,Pump A Running
2026-08-27T05:15:00+00:00,Running,1,2693.2,10.44,4.79,60.6,46.59,Pump A Running
2026-08-27T05:30:00+00:00,Running,1,2449.9,10.58,4.69,59.4,45.56,Pump A Running
2026-08-27T05:45:00+00:00,Running,1,2522.1,10.63,4.52,61.45,46.49,Pump A Running
2026-08-27T06:00:00+00:00,Running,1,2713.7,10.63,4.71,60.41,46.19,Pump A Running
2026-08-27T06:15:00+00:00,Running,1,2572.5,10.59,4.7,60.68,46.26,Pump A Running
2026-08-27T06:30:00+00:00,Running,1,2652.0,10.66,4.68,59.77,45.59,Pump A Running
2026-08-27T06:45:00+00:00,Running,1,2455.8,10.57,4.76,60.64,46.23,Pump A Running
2026-08-27T07:00:00+00:00,Running,1,2671.9,10.57,4.76,61.98,46.62,Pump A Running
2026-08-27T07:15:00+00:00,Running,1,2629.3,10.65,4.68,58.89,46.1,Pump A Running
2026-08-27T07:30:00+00:00,Running,1,2493.5,10.57,4.69,59.24,45.97,Pump A Running
2026-08-27T07:45:00+00:00,Running,1,2471.0,10.54,4.67,58.74,46.36,Pump A Running
2026-08-27T08:00:00+00:00,Running,1,2619.1,10.48,4.57,59.63,46.01,Pump A Running
2026-08-27T08:15:00+00:00,Running,1,2555.3,10.54,4.67,59.59,46.18,Pump A Running
2026-08-27T08:30:00+00:00,Running,1,2539.6,10.65,4.62,60.44,47.21,Pump A Running
2026-08-27T08:45:00+00:00,Running,1,2631.0,10.53,4.69,61.92,46.27,Pump A Running
2026-08-27T09:00:00+00:00,Running,1,2652.4,10.76,4.69,59.58,46.41,Pump A Running
2026-08-27T09:15:00+00:00,Running,1,2588.0,10.54,4.78,59.44,46.7,Pump A Running
2026-08-27T09:30:00+00:00,Running,1,2507.7,10.53,4.65,61.99,46.18,Pump A Running
2026-08-27T09:45:00+00:00,Running,1,2749.6,10.65,4.54,60.96,45.89,Pump A Running
2026-08-27T10:00:00+00:00,Running,1,2495.0,10.48,4.68,59.46,46.06,Pump A Running
2026-08-27T10:15:00+00:00,Running,1,2531.2,10.61,4.69,61.08,46.58,Pump A Running
2026-08-27T10:30:00+00:00,Running,1,2628.1,10.69,4.58,61.58,45.61,Pump A Running
2026-08-27T10:45:00+00:00,Running,1,2490.9,10.5,4.67,60.47,46.17,Pump A Running
2026-08-27T11:00:00+00:00,Running,1,2432.7,10.55,4.72,60.88,46.34,Pump A Running
2026-08-27T11:15:00+00:00,Running,1,2356.9,10.57,4.86,60.94,45.85,Pump A Running
2026-08-27T11:30:00+00:00,Running,1,2437.4,10.64,4.73,59.36,46.82,Pump A Running
2026-08-27T11:45:00+00:00,Running,1,2506.0,10.66,4.68,59.94,45.56,Pump A Running
2026-08-27T12:00:00+00:00,Running,1,2526.2,10.56,4.58,60.99,46.37,Pump A Running
2026-08-27T12:15:00+00:00,Running,1,2439.1,10.7,4.82,60.56,46.22,Pump A Running
2026-08-27T12:30:00+00:00,Running,1,2435.8,10.45,4.7,61.16,47.18,Pump A Running
2026-08-27T12:45:00+00:00,Running,1,2407.6,10.69,4.71,60.44,46.1,Pump A Running
2026-08-27T13:00:00+00:00,Running,1,2515.2,10.64,4.6,62.34,46.79,Pump A Running
2026-08-27T13:15:00+00:00,Running,1,2344.9,10.54,4.72,60.84,46.14,Pump A Running
2026-08-27T13:30:00+00:00,Running,1,2513.2,10.51,4.7,63.52,46.58,Pump A Running
2026-08-27T13:45:00+00:00,Running,1,2382.3,10.59,4.67,60.24,46.33,Pump A Running
2026-08-27T14:00:00+00:00,Running,1,2272.9,10.44,4.68,61.8,45.9,Pump A Running
2026-08-27T14:15:00+00:00,Running,1,2423.1,10.54,4.59,59.37,46.61,Pump A Running
2026-08-27T14:30:00+00:00,Running,1,2293.5,10.62,4.54,60.05,46.55,Pump A Running
2026-08-27T14:45:00+00:00,Running,1,2414.3,10.51,4.73,60.72,46.61,Pump A Running
2026-08-27T15:00:00+00:00,Running,1,2493.9,10.54,4.63,61.09,45.41,Pump A Running
2026-08-27T15:15:00+00:00,Running,1,2493.1,10.7,4.78,60.24,45.85,Pump A Running
2026-08-27T15:30:00+00:00,Running,1,2371.4,10.66,4.79,60.01,46.46,Pump A Running
2026-08-27T15:45:00+00:00,Running,1,2449.6,10.55,4.74,62.08,46.67,Pump A Running
2026-08-27T16:00:00+00:00,Running,1,2302.8,10.57,4.76,60.59,46.91,Pump A Running
2026-08-27T16:15:00+00:00,Running,1,2431.0,10.62,4.62,61.8,45.34,Pump A Running
2026-08-27T16:30:00+00:00,Running,1,2422.4,10.68,4.68,58.78,46.85,Pump A Running
2026-08-27T16:45:00+00:00,Running,1,2382.5,10.51,4.58,58.68,46.2,Pump A Running
2026-08-27T17:00:00+00:00,Running,1,2214.6,10.66,4.76,61.34,46.83,Pump A Running
2026-08-27T17:15:00+00:00,Running,1,2261.6,10.63,4.73,61.03,46.56,Pump A Running
2026-08-27T17:30:00+00:00,Running,1,2289.7,10.58,4.81,59.74,46.34,Pump A Running
2026-08-27T17:45:00+00:00,Running,1,2226.8,10.71,4.77,60.51,46.78,Pump A Running
2026-08-27T18:00:00+00:00,Running,1,2392.7,10.58,4.74,60.2,46.89,Pump A Running
2026-08-27T18:15:00+00:00,Running,1,2254.6,10.54,4.83,62.82,46.18,Pump A Running
2026-08-27T18:30:00+00:00,Running,1,2294.6,10.66,4.88,60.0,45.83,Pump A Running
2026-08-27T18:45:00+00:00,Running,1,2192.9,10.56,4.76,59.94,46.65,Pump A Running
2026-08-27T19:00:00+00:00,Running,1,2252.3,10.53,4.74,60.6,46.39,Pump A Running
2026-08-27T19:15:00+00:00,Running,1,2171.3,10.57,4.73,62.24,46.46,Pump A Running
2026-08-27T19:30:00+00:00,Running,1,2153.6,10.57,4.73,60.36,46.89,Pump A Running
2026-08-27T19:45:00+00:00,Running,1,2198.4,10.6,4.67,61.17,46.32,Pump A Running
2026-08-27T20:00:00+00:00,Running,1,2275.2,10.62,4.66,62.92,46.88,Pump A Running
2026-08-27T20:15:00+00:00,Running,1,2295.9,10.54,4.77,60.68,46.04,Pump A Running
2026-08-27T20:30:00+00:00,Running,1,2119.4,10.59,4.67,59.11,47.12,Pump A Running
2026-08-27T20:45:00+00:00,Running,1,2170.0,10.69,4.63,61.46,46.72,Pump A Running
2026-08-27T21:00:00+00:00,Running,1,2142.9,10.53,4.72,60.27,46.21,Pump A Running
2026-08-27T21:15:00+00:00,Running,1,2158.4,10.54,4.56,60.88,46.59,Pump A Running
2026-08-27T21:30:00+00:00,Running,1,2173.4,10.67,4.81,61.87,45.91,Pump A Running
2026-08-27T21:45:00+00:00,Running,1,2283.1,10.69,4.79,58.46,46.24,Pump A Running
2026-08-27T22:00:00+00:00,Running,1,2269.5,10.69,4.78,60.56,46.21,Pump A Running
2026-08-27T22:15:00+00:00,Running,1,2207.5,10.51,4.8,61.25,46.79,Pump A Running
2026-08-27T22:30:00+00:00,Running,1,2181.9,10.62,4.71,60.42,46.23,Pump A Running
2026-08-27T22:45:00+00:00,Running,1,2059.1,10.62,4.7,60.99,47.08,Pump A Running
2026-08-27T23:00:00+00:00,Running,1,2135.6,10.56,4.63,60.94,45.73,Pump A Running
2026-08-27T23:15:00+00:00,Running,1,2303.3,10.71,4.78,61.35,46.62,Pump A Running
2026-08-27T23:30:00+00:00,Running,1,2056.6,10.52,4.64,62.4,46.37,Pump A Running
2026-08-27T23:45:00+00:00,Running,1,2201.8,10.68,4.65,59.83,46.86,Pump A Running
2026-08-28T00:00:00+00:00,Running,1,2284.2,10.59,4.6,60.32,47.15,Pump A Running
2026-08-28T00:15:00+00:00,Running,1,1940.6,10.46,4.78,60.27,46.5,Pump A Running
2026-08-28T00:30:00+00:00,Running,1,2159.2,10.55,4.57,61.01,46.46,Pump A Running
2026-08-28T00:45:00+00:00,Running,1,2210.8,10.55,4.7,60.05,45.92,Pump A Running
2026-08-28T01:00:00+00:00,Running,1,2156.9,10.66,4.69,59.92,46.19,Pump A Running
2026-08-28T01:15:00+00:00,Running,1,2151.8,10.57,4.73,61.77,46.43,Pump A Running
2026-08-28T01:30:00+00:00,Running,1,2140.6,10.63,4.68,59.91,46.28,Pump A Running
2026-08-28T01:45:00+00:00,Running,1,2212.1,10.54,4.73,60.78,46.38,Pump A Running
2026-08-28T02:00:00+00:00,Stopped,0,0.0,0.0,0.11,0.0,28.47,Pumps Stopped
2026-08-28T02:15:00+00:00,Stopped,0,0.0,0.0,0.14,0.0,29.21,Pumps Stopped
2026-08-28T02:30:00+00:00,Stopped,0,0.0,0.0,0.08,0.0,28.59,Pumps Stopped
2026-08-28T02:45:00+00:00,Stopped,0,0.0,0.0,0.13,0.0,28.83,Pumps Stopped
2026-08-28T03:00:00+00:00,Stopped,0,0.0,0.0,0.09,0.0,28.95,Pumps Stopped
2026-08-28T03:15:00+00:00,Stopped,0,0.0,0.0,0.13,0.0,28.66,Pumps Stopped
2026-08-28T03:30:00+00:00,Running,1,2085.2,10.55,4.81,62.82,46.16,Pump A Running
2026-08-28T03:45:00+00:00,Running,1,2089.9,10.71,4.72,58.66,46.65,Pump A Running
2026-08-28T04:00:00+00:00,Running,1,2141.7,10.57,4.69,60.78,46.88,Pump A Running
2026-08-28T04:15:00+00:00,Running,1,2167.2,10.47,4.76,59.4,46.52,Pump A Running
2026-08-28T04:30:00+00:00,Running,1,1969.4,10.63,4.67,60.61,46.28,Pump A Running
2026-08-28T04:45:00+00:00,Running,1,2270.7,10.59,4.77,59.06,46.6,Pump A Running
2026-08-28T05:00:00+00:00,Running,1,1956.0,10.6,4.54,61.6,46.54,Pump A Running
2026-08-28T05:15:00+00:00,Running,1,2025.8,10.63,4.7,58.87,46.96,Pump A Running
2026-08-28T05:30:00+00:00,Running,1,2300.8,10.57,4.67,61.21,46.71,Pump A Running
2026-08-28T05:45:00+00:00,Running,1,2073.2,10.71,4.75,60.45,45.89,Pump A Running
2026-08-28T06:00:00+00:00,Running,1,2242.0,10.72,4.61,60.41,46.45,Pump A Running
2026-08-28T06:15:00+00:00,Running,1,2124.2,10.51,4.58,59.19,46.63,Pump A Running
2026-08-28T06:30:00+00:00,Running,1,2144.1,10.67,4.63,60.3,46.73,Pump A Running
2026-08-28T06:45:00+00:00,Running,1,2199.0,10.57,4.63,60.15,46.5,Pump A Running
2026-08-28T07:00:00+00:00,Running,1,2237.3,10.69,4.69,60.1,46.56,Pump A Running
2026-08-28T07:15:00+00:00,Running,1,2085.2,10.67,4.71,60.09,47.21,Pump A Running
2026-08-28T07:30:00+00:00,Running,1,2114.9,10.66,4.71,58.83,46.59,Pump A Running
2026-08-28T07:45:00+00:00,Running,1,2161.6,10.57,4.52,60.67,46.69,Pump A Running
2026-08-28T08:00:00+00:00,Running,1,2084.7,10.52,4.8,59.77,46.91,Pump A Running
2026-08-28T08:15:00+00:00,Running,1,2126.0,10.61,4.75,60.9,46.65,Pump A Running
2026-08-28T08:30:00+00:00,Running,1,2392.1,10.57,4.61,61.22,46.35,Pump A Running
2026-08-28T08:45:00+00:00,Running,1,2288.1,10.59,4.74,59.42,46.06,Pump A Running
2026-08-28T09:00:00+00:00,Running,1,2155.8,10.69,4.68,61.05,46.91,Pump A Running
2026-08-28T09:15:00+00:00,Running,1,2251.2,10.55,4.52,60.11,46.24,Pump A Running
2026-08-28T09:30:00+00:00,Running,1,2110.3,10.5,4.65,60.54,46.23,Pump A Running
2026-08-28T09:45:00+00:00,Running,1,2153.2,10.58,4.78,60.91,46.42,Pump A Running
2026-08-28T10:00:00+00:00,Running,1,2098.0,10.47,4.56,61.57,46.68,Pump A Running
2026-08-28T10:15:00+00:00,Running,1,2116.2,10.63,4.66,60.09,47.04,Pump A Running
2026-08-28T10:30:00+00:00,Running,1,2188.8,10.66,4.66,60.47,46.17,Pump A Running
2026-08-28T10:45:00+00:00,Running,1,1999.9,10.64,4.69,57.07,45.9,Pump A Running
2026-08-28T11:00:00+00:00,Running,1,2247.6,10.43,4.66,59.47,46.77,Pump A Running
2026-08-28T11:15:00+00:00,Running,1,2252.1,10.62,4.7,59.55,45.67,Pump A Running
2026-08-28T11:30:00+00:00,Running,1,2238.0,10.63,4.78,60.36,46.05,Pump A Running
2026-08-28T11:45:00+00:00,Running,1,2278.8,10.66,4.77,59.65,46.82,Pump A Running
2026-08-28T12:00:00+00:00,Running,1,2142.1,10.62,4.76,61.32,47.06,Pump A Running
2026-08-28T12:15:00+00:00,Running,1,2222.6,10.56,4.66,60.14,46.51,Pump A Running
2026-08-28T12:30:00+00:00,Running,1,2221.5,10.52,4.51,59.94,46.21,Pump A Running
2026-08-28T12:45:00+00:00,Running,1,2115.6,10.63,4.8,60.73,46.64,Pump A Running
2026-08-28T13:00:00+00:00,Running,1,2254.3,10.73,4.7,60.89,46.6,Pump A Running
2026-08-28T13:15:00+00:00,Running,1,2074.5,10.63,4.72,60.31,46.21,Pump A Running
2026-08-28T13:30:00+00:00,Running,1,2190.9,10.64,4.57,61.53,47.22,Pump A Running
2026-08-28T13:45:00+00:00,Running,1,2218.5,10.61,4.62,60.78,46.06,Pump A Running
2026-08-28T14:00:00+00:00,Running,1,2197.7,10.65,4.64,60.36,46.11,Pump A Running
2026-08-28T14:15:00+00:00,Running,1,2217.9,10.6,4.64,59.72,47.23,Pump A Running
2026-08-28T14:30:00+00:00,Running,1,2245.8,10.64,4.56,60.17,46.89,Pump A Running
2026-08-28T14:45:00+00:00,Running,1,2252.3,10.63,4.52,60.92,46.78,Pump A Running
2026-08-28T15:00:00+00:00,Running,1,2124.3,10.6,4.66,61.35,46.49,Pump A Running
2026-08-28T15:15:00+00:00,Running,1,2218.0,10.51,4.73,58.35,46.51,Pump A Running
2026-08-28T15:30:00+00:00,Running,1,2273.7,10.53,4.69,59.34,46.62,Pump A Running
2026-08-28T15:45:00+00:00,Running,1,2216.1,10.74,4.7,61.85,46.29,Pump A Running
2026-08-28T16:00:00+00:00,Running,1,2038.2,10.69,4.57,60.91,46.9,Pump A Running
2026-08-28T16:15:00+00:00,Running,1,2199.1,10.64,4.75,60.74,46.39,Pump A Running
2026-08-28T16:30:00+00:00,Running,1,2165.8,10.68,4.6,61.25,46.08,Pump A Running
2026-08-28T16:45:00+00:00,Running,1,2208.9,10.73,4.64,59.68,46.09,Pump A Running
2026-08-28T17:00:00+00:00,Running,1,2314.8,10.52,4.81,59.76,45.67,Pump A Running
2026-08-28T17:15:00+00:00,Running,1,2123.7,10.57,4.62,60.13,46.6,Pump A Running
2026-08-28T17:30:00+00:00,Running,1,2374.6,10.47,4.68,58.8,46.2,Pump A Running
2026-08-28T17:45:00+00:00,Running,1,2211.2,10.61,4.77,61.38,46.42,Pump A Running
2026-08-28T18:00:00+00:00,Running,1,2169.7,10.6,4.69,59.98,46.56,Pump A Running
2026-08-28T18:15:00+00:00,Running,1,2282.8,10.54,4.71,59.45,46.22,Pump A Running
2026-08-28T18:30:00+00:00,Running,1,2253.9,10.56,4.63,60.65,46.86,Pump A Running
2026-08-28T18:45:00+00:00,Running,1,2217.4,10.55,4.65,59.37,46.41,Pump A Running
2026-08-28T19:00:00+00:00,Running,1,2233.1,10.6,4.55,57.89,46.13,Pump A Running
2026-08-28T19:15:00+00:00,Running,1,2298.3,10.63,4.61,63.43,46.25,Pump A Running
2026-08-28T19:30:00+00:00,Running,1,2464.6,10.66,4.57,60.32,46.71,Pump A Running
2026-08-28T19:45:00+00:00,Running,1,2489.7,10.57,4.75,60.33,46.78,Pump A Running
2026-08-28T20:00:00+00:00,Running,1,2411.5,10.69,4.78,60.21,46.21,Pump A Running
2026-08-28T20:15:00+00:00,Running,1,2320.2,10.61,4.79,60.84,46.47,Pump A Running
2026-08-28T20:30:00+00:00,Running,1,2204.0,10.61,4.72,60.7,46.65,Pump A Running
2026-08-28T20:45:00+00:00,Running,1,2456.1,10.63,4.83,62.69,46.37,Pump A Running
2026-08-28T21:00:00+00:00,Running,1,2494.7,10.53,4.48,60.81,46.5,Pump A Running
2026-08-28T21:15:00+00:00,Running,1,2428.1,10.74,4.69,61.02,47.08,Pump A Running
2026-08-28T21:30:00+00:00,Running,1,2441.6,10.53,4.66,60.1,45.84,Pump A Running
2026-08-28T21:45:00+00:00,Running,1,2359.3,10.52,4.78,60.51,45.99,Pump A Running
2026-08-28T22:00:00+00:00,Running,1,2377.4,10.66,4.6,57.63,46.22,Pump A Running
2026-08-28T22:15:00+00:00,Running,1,2264.7,10.67,4.78,61.32,46.48,Pump A Running
2026-08-28T22:30:00+00:00,Running,1,2390.8,10.5,4.79,59.92,46.36,Pump A Running
2026-08-28T22:45:00+00:00,Running,1,2619.9,10.54,4.81,61.0,47.2,Pump A Running
2026-08-28T23:00:00+00:00,Running,1,2541.6,10.65,4.66,60.78,46.92,Pump A Running
2026-08-28T23:15:00+00:00,Running,1,2267.8,10.55,4.58,60.77,45.65,Pump A Running
2026-08-28T23:30:00+00:00,Running,1,2385.4,10.56,4.64,59.59,46.88,Pump A Running
2026-08-28T23:45:00+00:00,Running,1,2468.2,10.48,4.69,61.12,46.85,Pump A Running
2026-08-29T00:00:00+00:00,Running,1,2377.6,10.59,4.63,61.45,46.4,Pump A Running
2026-08-29T00:15:00+00:00,Running,1,2373.7,10.64,4.7,60.6,46.54,Pump A Running
2026-08-29T00:30:00+00:00,Running,1,2399.9,10.59,4.76,60.55,46.99,Pump A Running
2026-08-29T00:45:00+00:00,Running,1,2475.9,10.59,4.64,62.34,46.35,Pump A Running
2026-08-29T01:00:00+00:00,Running,1,2460.9,10.47,4.59,59.17,46.05,Pump A Running
2026-08-29T01:15:00+00:00,Running,1,2395.7,10.59,4.68,61.55,46.48,Pump A Running
2026-08-29T01:30:00+00:00,Running,1,2546.8,10.59,4.62,59.16,46.69,Pump A Running
2026-08-29T01:45:00+00:00,Running,1,2504.4,10.54,4.81,60.37,46.83,Pump A Running
2026-08-29T02:00:00+00:00,Stopped,0,0.0,0.0,0.15,0.0,29.21,Pumps Stopped
2026-08-29T02:15:00+00:00,Stopped,0,0.0,0.0,0.11,0.0,29.26,Pumps Stopped
2026-08-29T02:30:00+00:00,Stopped,0,0.0,0.0,0.13,0.0,28.86,Pumps Stopped
2026-08-29T02:45:00+00:00,Stopped,0,0.0,0.0,0.2,0.0,28.29,Pumps Stopped
2026-08-29T03:00:00+00:00,Stopped,0,0.0,0.0,0.07,0.0,29.3,Pumps Stopped
2026-08-29T03:15:00+00:00,Stopped,0,0.0,0.0,0.15,0.0,28.56,Pumps Stopped
2026-08-29T03:30:00+00:00,Running,1,2599.9,10.73,4.64,59.94,46.38,Pump A Running
2026-08-29T03:45:00+00:00,Running,1,2607.4,10.68,4.69,62.23,46.48,Pump A Running
2026-08-29T04:00:00+00:00,Running,1,2489.4,10.59,4.63,60.98,46.51,Pump A Running
2026-08-29T04:15:00+00:00,Running,1,2585.1,10.63,4.66,60.44,46.68,Pump A Running
2026-08-29T04:30:00+00:00,Running,1,2571.9,10.57,4.74,60.84,46.38,Pump A Running
2026-08-29T04:45:00+00:00,Running,1,2537.1,10.55,4.7,59.04,47.59,Pump A Running
2026-08-29T05:00:00+00:00,Running,1,2546.6,10.55,4.79,59.84,46.64,Pump A Running
2026-08-29T05:15:00+00:00,Running,1,2395.5,10.63,4.66,58.42,46.54,Pump A Running
2026-08-29T05:30:00+00:00,Running,1,2565.3,10.66,4.68,58.92,46.4,Pump A Running
2026-08-29T05:45:00+00:00,Running,1,2685.7,10.68,4.8,59.99,45.81,Pump A Running
2026-08-29T06:00:00+00:00,Running,1,2477.9,10.64,4.75,61.38,46.84,Pump A Running
2026-08-29T06:15:00+00:00,Running,1,2615.9,10.49,4.72,60.69,45.86,Pump A Running
2026-08-29T06:30:00+00:00,Running,1,2606.5,10.55,4.67,59.55,46.67,Pump A Running
2026-08-29T06:45:00+00:00,Running,1,2708.2,10.48,4.6,59.71,46.77,Pump A Running
2026-08-29T07:00:00+00:00,Running,1,2608.8,10.66,4.72,60.65,46.29,Pump A Running
2026-08-29T07:15:00+00:00,Running,1,2673.9,10.7,4.7,59.97,47.07,Pump A Running
2026-08-29T07:30:00+00:00,Running,1,2842.3,10.6,4.7,60.36,47.35,Pump A Running
2026-08-29T07:45:00+00:00,Running,1,2691.7,10.6,4.72,59.73,46.01,Pump A Running
2026-08-29T08:00:00+00:00,Running,1,2517.1,10.62,4.45,60.47,46.42,Pump A Running
2026-08-29T08:15:00+00:00,Running,1,2618.3,10.48,4.7,60.35,46.48,Pump A Running
2026-08-29T08:30:00+00:00,Running,1,2588.8,10.59,4.7,60.22,46.83,Pump A Running
2026-08-29T08:45:00+00:00,Running,1,2721.7,10.55,4.71,62.09,47.01,Pump A Running
2026-08-29T09:00:00+00:00,Running,1,2576.6,10.84,4.71,61.68,46.29,Pump A Running
2026-08-29T09:15:00+00:00,Running,1,2578.1,10.51,4.55,59.26,45.78,Pump A Running
2026-08-29T09:30:00+00:00,Running,1,2745.9,10.67,4.66,60.87,45.9,Pump A Running
2026-08-29T09:45:00+00:00,Running,1,2698.9,10.48,4.61,59.39,45.89,Pump A Running
2026-08-29T10:00:00+00:00,Running,1,2740.8,10.51,4.71,60.44,46.47,Pump A Running
2026-08-29T10:15:00+00:00,Running,1,2590.0,10.59,4.6,59.89,46.73,Pump A Running
2026-08-29T10:30:00+00:00,Running,1,2671.4,10.57,4.76,61.66,45.91,Pump A Running
2026-08-29T10:45:00+00:00,Running,1,2702.6,10.79,4.73,58.5,47.09,Pump A Running
2026-08-29T11:00:00+00:00,Running,1,2824.1,10.7,4.69,60.99,47.4,Pump A Running
2026-08-29T11:15:00+00:00,Running,1,2596.3,10.49,4.48,60.34,46.31,Pump A Running
2026-08-29T11:30:00+00:00,Running,1,2617.6,10.48,4.75,60.99,46.63,Pump A Running
2026-08-29T11:45:00+00:00,Running,1,2757.4,10.52,4.72,58.49,46.33,Pump A Running
2026-08-29T12:00:00+00:00,Running,1,2709.6,10.56,4.76,59.85,46.52,Pump A Running
2026-08-29T12:15:00+00:00,Running,1,2725.8,10.74,4.73,60.0,46.74,Pump A Running
2026-08-29T12:30:00+00:00,Running,1,2672.5,10.59,4.78,61.39,46.63,Pump A Running
2026-08-29T12:45:00+00:00,Running,1,2857.9,10.62,4.61,59.35,46.51,Pump A Running
2026-08-29T13:00:00+00:00,Running,1,2866.7,10.56,4.66,60.65,46.38,Pump A Running
2026-08-29T13:15:00+00:00,Running,1,2742.7,10.54,4.71,59.83,46.39,Pump A Running
2026-08-29T13:30:00+00:00,Running,1,2631.1,10.6,4.64,61.09,46.69,Pump A Running
2026-08-29T13:45:00+00:00,Running,1,2717.5,10.56,4.62,60.65,46.73,Pump A Running
2026-08-29T14:00:00+00:00,Running,1,2725.7,10.55,4.8,59.12,46.77,Pump A Running
2026-08-29T14:15:00+00:00,Running,1,2909.9,10.69,4.64,60.71,46.59,Pump A Running
2026-08-29T14:30:00+00:00,Running,1,2838.8,10.55,4.72,61.26,46.54,Pump A Running
2026-08-29T14:45:00+00:00,Running,1,2678.5,10.59,4.68,58.87,46.73,Pump A Running
2026-08-29T15:00:00+00:00,Running,1,2669.8,10.6,4.59,60.64,46.68,Pump A Running
2026-08-29T15:15:00+00:00,Running,1,2835.5,10.57,4.7,60.35,46.09,Pump A Running
2026-08-29T15:30:00+00:00,Running,1,2925.2,10.7,4.59,60.91,46.4,Pump A Running
2026-08-29T15:45:00+00:00,Running,1,2713.4,10.61,4.86,61.23,46.36,Pump A Running
2026-08-29T16:00:00+00:00,Running,1,2950.1,10.67,4.71,60.39,46.66,Pump A Running
2026-08-29T16:15:00+00:00,Running,1,2766.5,10.55,4.78,60.16,46.4,Pump A Running
2026-08-29T16:30:00+00:00,Running,1,2840.1,10.59,4.89,59.99,46.6,Pump A Running
2026-08-29T16:45:00+00:00,Running,1,2773.0,10.62,4.64,57.26,46.36,Pump A Running
2026-08-29T17:00:00+00:00,Running,1,2663.7,10.56,4.57,60.03,46.64,Pump A Running
2026-08-29T17:15:00+00:00,Running,1,2705.3,10.65,4.81,60.27,46.43,Pump A Running
2026-08-29T17:30:00+00:00,Running,1,2888.7,10.53,4.59,61.21,47.01,Pump A Running
2026-08-29T17:45:00+00:00,Running,1,2784.5,10.59,4.62,59.36,46.24,Pump A Running
2026-08-29T18:00:00+00:00,Running,1,2793.9,10.57,4.8,60.49,46.03,Pump A Running
2026-08-29T18:15:00+00:00,Running,1,2726.3,10.48,4.49,62.38,46.74,Pump A Running
2026-08-29T18:30:00+00:00,Running,1,2568.1,10.6,4.78,59.12,46.25,Pump A Running
2026-08-29T18:45:00+00:00,Running,1,2790.9,10.42,4.55,60.55,46.42,Pump A Running
2026-08-29T19:00:00+00:00,Running,1,2807.9,10.5,4.49,59.1,46.06,Pump A Running
2026-08-29T19:15:00+00:00,Running,1,2830.8,10.54,4.83,61.56,46.36,Pump A Running
2026-08-29T19:30:00+00:00,Running,1,2953.9,10.51,4.61,60.08,46.37,Pump A Running
2026-08-29T19:45:00+00:00,Running,1,2838.2,10.6,4.7,59.89,46.17,Pump A Running
2026-08-29T20:00:00+00:00,Running,1,2817.0,10.61,4.71,60.54,46.5,Pump A Running
2026-08-29T20:15:00+00:00,Running,1,2683.8,10.56,4.71,60.66,46.76,Pump A Running
2026-08-29T20:30:00+00:00,Running,1,2802.3,10.41,4.56,60.94,46.18,Pump A Running
2026-08-29T20:45:00+00:00,Running,1,2839.8,10.51,4.66,60.52,46.75,Pump A Running
2026-08-29T21:00:00+00:00,Running,1,2893.3,10.55,4.68,59.45,46.23,Pump A Running
2026-08-29T21:15:00+00:00,Running,1,2670.1,10.65,4.69,60.76,46.27,Pump A Running
2026-08-29T21:30:00+00:00,Running,1,2757.1,10.59,4.7,60.99,46.94,Pump A Running
2026-08-29T21:45:00+00:00,Running,1,2755.8,10.64,4.64,60.8,46.8,Pump A Running
2026-08-29T22:00:00+00:00,Running,1,2779.6,10.69,4.75,60.5,46.03,Pump A Running
2026-08-29T22:15:00+00:00,Running,1,2869.6,10.77,4.51,59.89,46.18,Pump A Running
2026-08-29T22:30:00+00:00,Running,1,2640.9,10.46,4.68,60.61,45.66,Pump A Running
2026-08-29T22:45:00+00:00,Running,1,2633.4,10.65,4.69,61.3,46.63,Pump A Running
2026-08-29T23:00:00+00:00,Running,1,2853.9,10.56,4.62,59.88,46.4,Pump A Running
2026-08-29T23:15:00+00:00,Running,1,2696.2,10.63,4.69,60.45,46.69,Pump A Running
2026-08-29T23:30:00+00:00,Running,1,2751.3,10.55,4.61,62.08,45.35,Pump A Running
2026-08-29T23:45:00+00:00,Running,1,2676.7,10.68,4.68,61.75,46.27,Pump A Running
2026-08-30T00:00:00+00:00,Running,1,2894.6,10.57,4.64,60.09,45.58,Pump A Running
2026-08-30T00:15:00+00:00,Running,1,2641.1,10.53,4.6,59.81,46.82,Pump A Running
2026-08-30T00:30:00+00:00,Running,1,2754.2,10.71,4.52,59.34,46.67,Pump A Running
2026-08-30T00:45:00+00:00,Running,1,2610.9,10.52,4.6,59.31,45.98,Pump A Running
2026-08-30T01:00:00+00:00,Running,1,2793.2,10.66,4.64,60.98,46.89,Pump A Running
2026-08-30T01:15:00+00:00,Running,1,2400.9,10.52,4.75,60.14,46.31,Pump A Running
2026-08-30T01:30:00+00:00,Running,1,2657.1,10.62,4.78,57.33,46.52,Pump A Running
2026-08-30T01:45:00+00:00,Running,1,2574.6,10.84,4.69,61.01,46.66,Pump A Running
2026-08-30T02:00:00+00:00,Stopped,0,0.0,0.0,0.14,0.0,28.73,Pumps Stopped
2026-08-30T02:15:00+00:00,Stopped,0,0.0,0.0,0.11,0.0,29.16,Pumps Stopped
2026-08-30T02:30:00+00:00,Stopped,0,0.0,0.0,0.13,0.0,29.05,Pumps Stopped
2026-08-30T02:45:00+00:00,Stopped,0,0.0,0.0,0.13,0.0,29.27,Pumps Stopped
2026-08-30T03:00:00+00:00,Stopped,0,0.0,0.0,0.12,0.0,28.86,Pumps Stopped
2026-08-30T03:15:00+00:00,Stopped,0,0.0,0.0,0.1,0.0,28.73,Pumps Stopped
2026-08-30T03:30:00+00:00,Running,1,2681.6,10.69,4.63,58.88,46.12,Pump A Running
2026-08-30T03:45:00+00:00,Running,1,2622.6,10.6,4.74,61.68,45.91,Pump A Running
2026-08-30T04:00:00+00:00,Running,1,2726.2,10.58,4.6,60.94,46.0,Pump A Running
2026-08-30T04:15:00+00:00,Running,1,2764.6,10.52,4.65,60.31,46.65,Pump A Running
2026-08-30T04:30:00+00:00,Running,1,2624.1,10.72,4.74,57.46,46.6,Pump A Running
2026-08-30T04:45:00+00:00,Running,1,2655.2,10.59,4.67,58.15,46.4,Pump A Running
2026-08-30T05:00:00+00:00,Running,1,2625.2,10.63,4.65,59.19,46.27,Pump A Running
2026-08-30T05:15:00+00:00,Running,1,2632.0,10.62,4.79,59.18,46.44,Pump A Running
2026-08-30T05:30:00+00:00,Running,1,2512.9,10.49,4.76,59.84,46.08,Pump A Running
2026-08-30T05:45:00+00:00,Running,1,2761.3,10.61,4.79,59.26,46.84,Pump A Running
2026-08-30T06:00:00+00:00,Running,1,2594.8,10.58,4.62,60.27,46.3,Pump A Running
2026-08-30T06:15:00+00:00,Running,1,2582.8,10.42,4.73,60.09,46.77,Pump A Running
2026-08-30T06:30:00+00:00,Running,1,2525.4,10.59,4.61,60.22,46.03,Pump A Running
2026-08-30T06:45:00+00:00,Running,1,2501.5,10.65,4.8,60.26,46.71,Pump A Running
2026-08-30T07:00:00+00:00,Running,1,2339.8,10.54,4.55,60.18,46.41,Pump A Running
2026-08-30T07:15:00+00:00,Running,1,2588.5,10.7,4.7,60.68,46.76,Pump A Running
2026-08-30T07:30:00+00:00,Running,1,2572.7,10.76,4.71,61.45,46.8,Pump A Running
2026-08-30T07:45:00+00:00,Running,1,2602.2,10.75,4.82,59.35,46.6,Pump A Running
2026-08-30T08:00:00+00:00,Running,1,2636.6,10.64,4.57,60.64,45.79,Pump A Running
2026-08-30T08:15:00+00:00,Running,1,2476.9,10.58,4.64,60.24,46.44,Pump A Running
2026-08-30T08:30:00+00:00,Running,1,2537.7,10.63,4.66,59.26,46.14,Pump A Running
2026-08-30T08:45:00+00:00,Running,1,2476.6,10.66,4.54,59.29,46.84,Pump A Running
2026-08-30T09:00:00+00:00,Running,1,2411.2,10.65,4.6,61.53,46.78,Pump A Running
2026-08-30T09:15:00+00:00,Running,1,2552.8,10.46,4.52,60.36,46.3,Pump A Running
2026-08-30T09:30:00+00:00,Running,1,2658.7,10.62,4.65,59.2,46.9,Pump A Running
2026-08-30T09:45:00+00:00,Running,1,2536.6,10.66,4.81,60.19,46.21,Pump A Running
2026-08-30T10:00:00+00:00,Running,1,2549.4,10.61,4.82,60.27,46.62,Pump A Running
2026-08-30T10:15:00+00:00,Running,1,2728.9,10.57,4.63,60.12,46.98,Pump A Running
2026-08-30T10:30:00+00:00,Running,1,2584.4,10.57,4.69,60.63,46.84,Pump A Running
2026-08-30T10:45:00+00:00,Running,1,2413.0,10.61,4.73,60.4,46.77,Pump A Running
2026-08-30T11:00:00+00:00,Running,1,2439.8,10.57,4.62,59.11,45.97,Pump A Running
2026-08-30T11:15:00+00:00,Running,1,2348.4,10.58,4.8,59.73,46.12,Pump A Running
2026-08-30T11:30:00+00:00,Running,1,2545.7,10.46,4.75,61.16,46.82,Pump A Running
2026-08-30T11:45:00+00:00,Running,1,2343.7,10.49,4.71,57.77,46.83,Pump A Running
2026-08-30T12:00:00+00:00,Running,1,2619.5,10.5,4.69,60.78,47.11,Pump A Running
2026-08-30T12:15:00+00:00,Running,1,2441.8,10.63,4.74,60.7,46.94,Pump A Running
2026-08-30T12:30:00+00:00,Running,1,2569.8,10.53,4.65,61.62,47.7,Pump A Running
2026-08-30T12:45:00+00:00,Running,1,2551.2,10.61,4.65,60.69,46.01,Pump A Running
2026-08-30T13:00:00+00:00,Running,1,2468.5,10.6,4.71,60.76,46.76,Pump A Running
2026-08-30T13:15:00+00:00,Running,1,2583.3,10.7,4.76,58.41,46.89,Pump A Running
2026-08-30T13:30:00+00:00,Running,1,2389.9,10.64,4.71,58.93,46.1,Pump A Running
2026-08-30T13:45:00+00:00,Running,1,2372.1,10.61,4.74,58.56,46.22,Pump A Running
2026-08-30T14:00:00+00:00,Running,1,2352.1,10.61,4.78,62.34,46.48,Pump A Running
2026-08-30T14:15:00+00:00,Running,1,2472.1,10.55,4.8,59.68,46.4,Pump A Running
2026-08-30T14:30:00+00:00,Running,1,2271.4,10.73,4.66,59.69,46.54,Pump A Running
2026-08-30T14:45:00+00:00,Running,1,2483.6,10.57,4.65,61.45,46.63,Pump A Running
2026-08-30T15:00:00+00:00,Running,1,2403.5,10.59,4.77,59.39,46.27,Pump A Running
2026-08-30T15:15:00+00:00,Running,1,2408.4,10.56,4.84,60.61,46.39,Pump A Running
2026-08-30T15:30:00+00:00,Running,1,2467.2,10.68,4.59,60.15,46.07,Pump A Running
2026-08-30T15:45:00+00:00,Running,1,2348.4,10.53,4.7,61.71,47.22,Pump A Running
2026-08-30T16:00:00+00:00,Running,1,2513.1,10.54,4.72,58.55,46.73,Pump A Running
2026-08-30T16:15:00+00:00,Running,1,2402.1,10.71,4.67,59.22,46.55,Pump A Running
2026-08-30T16:30:00+00:00,Running,1,2276.3,10.56,4.65,61.84,46.42,Pump A Running
2026-08-30T16:45:00+00:00,Running,1,2233.2,10.58,4.75,61.74,46.23,Pump A Running
2026-08-30T17:00:00+00:00,Running,1,2384.9,10.56,4.68,59.21,46.58,Pump A Running
2026-08-30T17:15:00+00:00,Running,1,2418.6,10.58,4.72,61.53,46.85,Pump A Running
2026-08-30T17:30:00+00:00,Running,1,2346.9,10.56,4.82,57.81,47.07,Pump A Running
2026-08-30T17:45:00+00:00,Running,1,2310.3,10.52,4.7,58.89,46.81,Pump A Running
2026-08-30T18:00:00+00:00,Running,1,2369.4,10.69,4.57,59.77,46.46,Pump A Running
2026-08-30T18:15:00+00:00,Running,1,2423.2,10.62,4.72,60.43,46.61,Pump A Running
2026-08-30T18:30:00+00:00,Running,1,2246.7,10.52,4.64,58.28,46.26,Pump A Running
2026-08-30T18:45:00+00:00,Running,1,2310.3,10.51,4.75,58.41,46.98,Pump A Running
2026-08-30T19:00:00+00:00,Running,1,2298.7,10.57,4.54,59.94,46.37,Pump A Running
2026-08-30T19:15:00+00:00,Running,1,2179.5,10.55,4.57,59.79,46.51,Pump A Running
2026-08-30T19:30:00+00:00,Running,1,2265.6,10.64,4.66,58.43,45.58,Pump A Running
2026-08-30T19:45:00+00:00,Running,1,2272.3,10.47,4.7,58.91,46.33,Pump A Running
2026-08-30T20:00:00+00:00,Running,1,2138.8,10.59,4.7,61.7,46.0,Pump A Running
2026-08-30T20:15:00+00:00,Running,1,2336.0,10.6,4.64,58.54,46.4,Pump A Running
2026-08-30T20:30:00+00:00,Running,1,2365.8,10.57,4.66,61.71,47.11,Pump A Running
2026-08-30T20:45:00+00:00,Running,1,2178.3,10.63,4.72,60.01,46.75,Pump A Running
2026-08-30T21:00:00+00:00,Running,1,2312.6,10.55,4.69,59.82,46.86,Pump A Running
2026-08-30T21:15:00+00:00,Running,1,2235.5,10.65,4.68,60.53,47.08,Pump A Running
2026-08-30T21:30:00+00:00,Running,1,2260.2,10.56,4.67,59.58,47.01,Pump A Running
2026-08-30T21:45:00+00:00,Running,1,2248.9,10.63,4.69,61.1,46.6,Pump A Running
2026-08-30T22:00:00+00:00,Running,1,2126.8,10.52,4.7,59.77,47.16,Pump A Running
2026-08-30T22:15:00+00:00,Running,1,2192.5,10.63,4.74,60.38,46.14,Pump A Running
2026-08-30T22:30:00+00:00,Running,1,2225.4,10.62,4.72,60.9,46.47,Pump A Running
2026-08-30T22:45:00+00:00,Running,1,2052.2,10.67,4.57,61.16,46.44,Pump A Running
2026-08-30T23:00:00+00:00,Running,1,2078.5,10.53,4.64,60.16,46.36,Pump A Running
2026-08-30T23:15:00+00:00,Running,1,2218.5,10.66,4.72,59.65,46.8,Pump A Running
2026-08-30T23:30:00+00:00,Running,1,1980.9,10.53,4.61,61.19,46.17,Pump A Running
2026-08-30T23:45:00+00:00,Running,1,2279.9,10.64,4.62,60.46,46.57,Pump A Running
2026-08-31T00:00:00+00:00,Running,1,2184.7,10.49,4.69,60.98,46.07,Pump A Running
2026-08-31T00:15:00+00:00,Running,1,2108.0,10.69,4.79,59.48,46.65,Pump A Running
2026-08-31T00:30:00+00:00,Running,1,2287.5,10.57,4.69,60.85,46.61,Pump A Running
2026-08-31T00:45:00+00:00,Running,1,2182.2,10.59,4.56,58.31,46.18,Pump A Running
2026-08-31T01:00:00+00:00,Running,1,2134.4,10.53,4.71,60.57,46.91,Pump A Running
2026-08-31T01:15:00+00:00,Running,1,2369.2,10.53,4.55,60.05,46.95,Pump A Running
2026-08-31T01:30:00+00:00,Running,1,2251.3,10.61,4.67,60.05,45.83,Pump A Running
2026-08-31T01:45:00+00:00,Running,1,2185.6,10.67,4.64,60.83,46.5,Pump A Running
2026-08-31T02:00:00+00:00,Stopped,0,0.0,0.0,0.14,0.0,29.25,Pumps Stopped
2026-08-31T02:15:00+00:00,Stopped,0,0.0,0.0,0.11,0.0,28.73,Pumps Stopped
2026-08-31T02:30:00+00:00,Stopped,0,0.0,0.0,0.11,0.0,28.52,Pumps Stopped
2026-08-31T02:45:00+00:00,Stopped,0,0.0,0.0,0.1,0.0,29.0,Pumps Stopped
2026-08-31T03:00:00+00:00,Stopped,0,0.0,0.0,0.17,0.0,28.59,Pumps Stopped
2026-08-31T03:15:00+00:00,Stopped,0,0.0,0.0,0.14,0.0,29.24,Pumps Stopped
2026-08-31T03:30:00+00:00,Running,1,2269.2,10.56,4.64,61.59,46.23,Pump A Running
2026-08-31T03:45:00+00:00,Running,1,2136.9,10.64,4.6,60.19,47.33,Pump A Running
2026-08-31T04:00:00+00:00,Running,1,1975.1,10.6,4.69,59.23,46.43,Pump A Running
2026-08-31T04:15:00+00:00,Running,1,1946.1,10.58,4.57,61.16,46.74,Pump A Running
2026-08-31T04:30:00+00:00,Running,1,2089.8,10.55,4.62,61.28,46.97,Pump A Running
2026-08-31T04:45:00+00:00,Running,1,2035.8,10.57,4.7,61.89,46.42,Pump A Running
2026-08-31T05:00:00+00:00,Running,1,2276.0,10.71,4.63,60.82,47.12,Pump A Running
2026-08-31T05:15:00+00:00,Running,1,2212.8,10.73,4.83,60.5,46.65,Pump A Running
2026-08-31T05:30:00+00:00,Running,1,2357.4,10.63,4.81,59.47,46.49,Pump A Running
2026-08-31T05:45:00+00:00,Running,1,2090.4,10.77,4.65,60.42,46.3,Pump A Running
2026-08-31T06:00:00+00:00,Running,1,2040.3,10.54,4.61,60.65,46.65,Pump A Running
2026-08-31T06:15:00+00:00,Running,1,2093.9,10.49,4.85,59.84,46.23,Pump A Running
2026-08-31T06:30:00+00:00,Running,1,2120.4,10.5,4.69,59.3,46.36,Pump A Running
2026-08-31T06:45:00+00:00,Running,1,2190.1,10.64,4.71,60.3,46.64,Pump A Running
2026-08-31T07:00:00+00:00,Running,1,2129.1,10.63,4.66,60.19,46.71,Pump A Running
2026-08-31T07:15:00+00:00,Running,1,2265.1,10.66,4.74,59.44,47.06,Pump A Running
2026-08-31T07:30:00+00:00,Running,1,2044.5,10.45,4.63,62.11,46.49,Pump A Running
2026-08-31T07:45:00+00:00,Running,1,2229.0,10.54,4.58,60.54,46.52,Pump A Running
2026-08-31T08:00:00+00:00,Running,1,2064.0,10.71,4.72,59.51,46.14,Pump A Running
2026-08-31T08:15:00+00:00,Running,1,2175.4,10.48,4.58,59.7,46.87,Pump A Running
2026-08-31T08:30:00+00:00,Running,1,2004.8,10.59,4.68,60.77,46.59,Pump A Running
2026-08-31T08:45:00+00:00,Running,1,2137.7,10.45,4.58,58.96,47.16,Pump A Running
2026-08-31T09:00:00+00:00,Running,1,2039.8,10.64,4.58,61.11,46.34,Pump A Running
2026-08-31T09:15:00+00:00,Running,1,2100.3,10.61,4.63,59.88,46.24,Pump A Running
2026-08-31T09:30:00+00:00,Running,1,2086.6,10.76,4.73,58.26,46.79,Pump A Running
2026-08-31T09:45:00+00:00,Running,1,2138.2,10.6,4.68,61.07,45.39,Pump A Running
2026-08-31T10:00:00+00:00,Running,1,2225.0,10.57,4.68,59.87,46.89,Pump A Running
2026-08-31T10:15:00+00:00,Running,1,2191.4,10.68,4.68,59.35,46.36,Pump A Running
2026-08-31T10:30:00+00:00,Running,1,2334.4,10.47,4.73,59.97,46.6,Pump A Running
2026-08-31T10:45:00+00:00,Running,1,2213.2,10.65,4.74,59.0,46.96,Pump A Running
2026-08-31T11:00:00+00:00,Running,1,2034.9,10.57,4.63,60.34,46.98,Pump A Running
2026-08-31T11:15:00+00:00,Running,1,2152.2,10.71,4.67,61.66,46.51,Pump A Running
2026-08-31T11:30:00+00:00,Running,1,2171.0,10.68,4.61,59.8,47.28,Pump A Running
2026-08-31T11:45:00+00:00,Running,1,2075.9,10.47,4.65,60.67,47.26,Pump A Running
2026-08-31T12:00:00+00:00,Running,1,2106.7,10.6,4.66,60.04,46.59,Pump A Running
2026-08-31T12:15:00+00:00,Running,1,2224.6,10.62,4.7,60.88,47.02,Pump A Running
2026-08-31T12:30:00+00:00,Running,1,2314.9,10.65,4.74,60.34,46.1,Pump A Running
2026-08-31T12:45:00+00:00,Running,1,2187.4,10.55,4.57,58.24,46.19,Pump A Running
2026-08-31T13:00:00+00:00,Running,1,2194.7,10.55,4.71,60.27,45.87,Pump A Running
2026-08-31T13:15:00+00:00,Running,1,2231.1,10.72,4.63,58.59,46.06,Pump A Running
2026-08-31T13:30:00+00:00,Running,1,2245.0,10.58,4.73,59.1,46.86,Pump A Running
2026-08-31T13:45:00+00:00,Running,1,2273.1,10.65,4.63,60.2,46.46,Pump A Running
2026-08-31T14:00:00+00:00,Running,1,2222.9,10.52,4.77,58.75,46.41,Pump A Running
2026-08-31T14:15:00+00:00,Running,1,2286.6,10.64,4.69,61.79,46.87,Pump A Running
2026-08-31T14:30:00+00:00,Running,1,2313.8,10.53,4.56,60.38,46.83,Pump A Running
2026-08-31T14:45:00+00:00,Running,1,2301.5,10.55,4.67,59.7,46.89,Pump A Running
2026-08-31T15:00:00+00:00,Running,1,2223.4,10.59,4.64,59.52,45.93,Pump A Running
2026-08-31T15:15:00+00:00,Running,1,2295.1,10.61,4.71,59.36,45.9,Pump A Running
2026-08-31T15:30:00+00:00,Running,1,2248.4,10.54,4.6,60.24,46.59,Pump A Running
2026-08-31T15:45:00+00:00,Running,1,2209.8,10.62,4.58,59.21,46.9,Pump A Running
2026-08-31T16:00:00+00:00,Running,1,2191.8,10.48,4.47,60.08,46.22,Pump A Running
2026-08-31T16:15:00+00:00,Running,1,2087.8,10.62,4.72,60.19,45.86,Pump A Running
2026-08-31T16:30:00+00:00,Running,1,2309.6,10.71,4.83,62.41,46.6,Pump A Running
2026-08-31T16:45:00+00:00,Running,1,2365.7,10.56,4.66,58.08,46.32,Pump A Running
2026-08-31T17:00:00+00:00,Running,1,2234.0,10.59,4.65,58.98,46.52,Pump A Running
2026-08-31T17:15:00+00:00,Running,1,2231.4,10.65,4.62,59.47,46.33,Pump A Running
2026-08-31T17:30:00+00:00,Running,1,2218.0,10.66,4.7,59.91,46.8,Pump A Running
2026-08-31T17:45:00+00:00,Running,1,2332.4,10.64,4.67,60.91,47.06,Pump A Running
2026-08-31T18:00:00+00:00,Running,1,2177.6,10.52,4.68,60.76,46.82,Pump A Running
2026-08-31T18:15:00+00:00,Running,1,2373.1,10.62,4.69,60.41,47.15,Pump A Running
2026-08-31T18:30:00+00:00,Running,1,2265.7,10.7,4.78,59.63,46.69,Pump A Running
2026-08-31T18:45:00+00:00,Running,1,2260.6,10.64,4.53,61.08,46.31,Pump A Running
2026-08-31T19:00:00+00:00,Running,1,2193.5,10.59,4.66,59.0,46.22,Pump A Running
2026-08-31T19:15:00+00:00,Running,1,2418.1,10.66,4.69,59.16,46.4,Pump A Running
2026-08-31T19:30:00+00:00,Running,1,2459.5,10.52,4.6,58.8,46.23,Pump A Running
2026-08-31T19:45:00+00:00,Running,1,2269.9,10.54,4.67,61.2,46.7,Pump A Running
2026-08-31T20:00:00+00:00,Running,1,2251.0,10.63,4.69,60.06,46.96,Pump A Running
2026-08-31T20:15:00+00:00,Running,1,2299.6,10.74,4.74,60.67,46.44,Pump A Running
2026-08-31T20:30:00+00:00,Running,1,2225.9,10.56,4.6,61.07,46.16,Pump A Running
2026-08-31T20:45:00+00:00,Running,1,2499.8,10.62,4.63,60.48,46.7,Pump A Running
2026-08-31T21:00:00+00:00,Running,1,2386.7,10.59,4.65,59.24,47.08,Pump A Running
2026-08-31T21:15:00+00:00,Running,1,2271.8,10.65,4.55,59.58,46.53,Pump A Running
2026-08-31T21:30:00+00:00,Running,1,2361.3,10.65,4.64,59.29,47.6,Pump A Running
2026-08-31T21:45:00+00:00,Running,1,2483.2,10.47,4.71,59.47,47.18,Pump A Running
2026-08-31T22:00:00+00:00,Running,1,2482.2,10.54,4.61,59.81,46.8,Pump A Running
2026-08-31T22:15:00+00:00,Running,1,2426.4,10.58,4.7,61.95,46.44,Pump A Running
2026-08-31T22:30:00+00:00,Running,1,2420.8,10.52,4.58,61.44,47.1,Pump A Running
2026-08-31T22:45:00+00:00,Running,1,2424.5,10.67,4.63,58.78,46.68,Pump A Running
2026-08-31T23:00:00+00:00,Running,1,2435.9,10.48,4.77,61.49,46.64,Pump A Running
2026-08-31T23:15:00+00:00,Running,1,2508.8,10.51,4.67,61.32,45.77,Pump A Running
2026-08-31T23:30:00+00:00,Running,1,2523.3,10.64,4.71,61.08,45.98,Pump A Running
2026-08-31T23:45:00+00:00,Running,1,2478.2,10.65,4.57,58.45,46.51,Pump A Running
2026-09-01T00:00:00+00:00,Running,1,2253.4,10.6,4.57,59.96,46.53,Pump A Running
2026-09-01T00:15:00+00:00,Running,1,2693.3,10.56,4.64,59.14,46.58,Pump A Running
2026-09-01T00:30:00+00:00,Running,1,2478.9,10.7,4.63,60.4,46.31,Pump A Running
2026-09-01T00:45:00+00:00,Running,1,2500.6,10.68,4.6,60.07,46.09,Pump A Running
2026-09-01T01:00:00+00:00,Running,1,2455.8,10.66,4.61,60.48,46.7,Pump A Running
2026-09-01T01:15:00+00:00,Running,1,2585.3,10.71,4.64,60.3,46.54,Pump A Running
2026-09-01T01:30:00+00:00,Running,1,2671.3,10.48,4.65,60.53,46.58,Pump A Running
2026-09-01T01:45:00+00:00,Running,1,2618.0,10.55,4.72,59.37,46.49,Pump A Running
2026-09-01T02:00:00+00:00,Stopped,0,0.0,0.0,0.13,0.0,28.84,Pumps Stopped
2026-09-01T02:15:00+00:00,Stopped,0,0.0,0.0,0.12,0.0,29.11,Pumps Stopped
2026-09-01T02:30:00+00:00,Stopped,0,0.0,0.0,0.07,0.0,28.89,Pumps Stopped
2026-09-01T02:45:00+00:00,Stopped,0,0.0,0.0,0.11,0.0,29.42,Pumps Stopped
2026-09-01T03:00:00+00:00,Stopped,0,0.0,0.0,0.11,0.0,28.87,Pumps Stopped
2026-09-01T03:15:00+00:00,Stopped,0,0.0,0.0,0.13,0.0,29.36,Pumps Stopped
2026-09-01T03:30:00+00:00,Running,1,2532.9,10.6,4.65,60.35,46.18,Pump A Running
2026-09-01T03:45:00+00:00,Running,1,2308.2,10.56,4.68,60.08,46.79,Pump A Running
2026-09-01T04:00:00+00:00,Running,1,2547.7,10.58,4.72,60.16,46.47,Pump A Running
2026-09-01T04:15:00+00:00,Running,1,2699.2,10.53,4.51,59.39,46.93,Pump A Running
2026-09-01T04:30:00+00:00,Running,1,2466.9,10.54,4.72,59.71,46.33,Pump A Running
2026-09-01T04:45:00+00:00,Running,1,2590.9,10.56,4.78,61.06,46.87,Pump A Running
2026-09-01T05:00:00+00:00,Running,1,2637.6,10.54,4.69,61.85,46.64,Pump A Running
2026-09-01T05:15:00+00:00,Running,1,2411.8,10.64,4.69,60.07,46.6,Pump A Running
2026-09-01T05:30:00+00:00,Running,1,2628.2,10.58,4.69,59.54,46.36,Pump A Running
2026-09-01T05:45:00+00:00,Running,1,2638.4,10.7,4.78,61.68,47.35,Pump A Running
2026-09-01T06:00:00+00:00,Running,1,2544.5,10.62,4.65,60.42,47.13,Pump A Running
2026-09-01T06:15:00+00:00,Running,1,2618.3,10.55,4.75,62.05,46.75,Pump A Running
2026-09-01T06:30:00+00:00,Running,1,2559.3,10.63,4.83,59.1,46.46,Pump A Running
2026-09-01T06:45:00+00:00,Running,1,2621.6,10.45,4.69,59.96,46.48,Pump A Running
2026-09-01T07:00:00+00:00,Running,1,2740.0,10.57,4.67,60.53,46.27,Pump A Running
2026-09-01T07:15:00+00:00,Running,1,2841.9,10.61,4.52,59.93,46.96,Pump A Running
2026-09-01T07:30:00+00:00,Running,1,2709.0,10.57,4.65,60.2,46.58,Pump A Running
2026-09-01T07:45:00+00:00,Running,1,2761.8,10.61,4.63,60.53,46.52,Pump A Running
2026-09-01T08:00:00+00:00,Running,1,2428.3,10.65,4.64,60.73,46.46,Pump A Running
2026-09-01T08:15:00+00:00,Running,1,2770.9,10.62,4.7,58.57,46.45,Pump A Running
2026-09-01T08:30:00+00:00,Running,1,2525.7,10.58,4.68,61.71,46.69,Pump A Running
2026-09-01T08:45:00+00:00,Running,1,2500.3,10.57,4.76,61.32,47.69,Pump A Running
2026-09-01T09:00:00+00:00,Running,1,2791.0,10.56,4.67,60.44,45.46,Pump A Running
2026-09-01T09:15:00+00:00,Running,1,2658.1,10.58,4.57,62.32,46.34,Pump A Running
2026-09-01T09:30:00+00:00,Running,1,2689.7,10.5,4.7,58.93,46.52,Pump A Running
2026-09-01T09:45:00+00:00,Running,1,2581.7,10.58,4.87,59.35,47.3,Pump A Running
2026-09-01T10:00:00+00:00,Running,1,2602.2,10.6,4.64,60.33,46.38,Pump A Running
2026-09-01T10:15:00+00:00,Running,1,2728.7,10.56,4.68,58.95,46.59,Pump A Running
2026-09-01T10:30:00+00:00,Running,1,2888.9,10.69,4.75,59.07,45.84,Pump A Running
2026-09-01T10:45:00+00:00,Running,1,2861.9,10.61,4.67,58.94,46.43,Pump A Running
2026-09-01T11:00:00+00:00,Running,1,2741.6,10.57,4.76,59.11,46.91,Pump A Running
2026-09-01T11:15:00+00:00,Running,1,2781.8,10.64,4.66,59.49,47.04,Pump A Running
2026-09-01T11:30:00+00:00,Running,1,2698.5,10.54,4.67,62.04,46.81,Pump A Running
2026-09-01T11:45:00+00:00,Running,1,2501.7,10.69,4.64,59.51,46.62,Pump A Running
2026-09-01T12:00:00+00:00,Running,1,2666.9,10.63,4.76,60.33,46.44,Pump A Running
2026-09-01T12:15:00+00:00,Running,1,2553.7,10.62,4.7,57.95,47.11,Pump A Running
2026-09-01T12:30:00+00:00,Running,1,2734.2,10.57,4.76,59.75,46.63,Pump A Running
2026-09-01T12:45:00+00:00,Running,1,2784.2,10.66,4.55,60.42,47.24,Pump A Running
2026-09-01T13:00:00+00:00,Running,1,2777.6,10.64,4.59,60.89,45.83,Pump A Running
2026-09-01T13:15:00+00:00,Running,1,2875.8,10.43,4.67,60.42,46.75,Pump A Running
2026-09-01T13:30:00+00:00,Running,1,2907.3,10.57,4.55,59.17,46.64,Pump A Running
2026-09-01T13:45:00+00:00,Running,1,2726.8,10.64,4.69,59.9,46.9,Pump A Running
2026-09-01T14:00:00+00:00,Running,1,2717.3,10.65,4.81,58.7,46.3,Pump A Running
2026-09-01T14:15:00+00:00,Running,1,2795.3,10.62,4.75,59.5,45.69,Pump A Running
2026-09-01T14:30:00+00:00,Running,1,2637.3,10.62,4.65,58.26,46.99,Pump A Running
2026-09-01T14:45:00+00:00,Running,1,2686.2,10.68,4.6,59.79,46.28,Pump A Running
2026-09-01T15:00:00+00:00,Running,1,2661.9,10.68,4.69,58.33,46.42,Pump A Running
2026-09-01T15:15:00+00:00,Running,1,2740.9,10.67,4.71,60.92,46.39,Pump A Running
2026-09-01T15:30:00+00:00,Running,1,2672.8,10.62,4.6,60.25,46.55,Pump A Running
2026-09-01T15:45:00+00:00,Running,1,2810.6,10.64,4.61,59.75,46.76,Pump A Running
2026-09-01T16:00:00+00:00,Running,1,2598.2,10.55,4.62,60.15,46.46,Pump A Running
2026-09-01T16:15:00+00:00,Running,1,2769.2,10.52,4.51,60.53,46.73,Pump A Running
2026-09-01T16:30:00+00:00,Running,1,2894.4,10.54,4.8,60.89,46.59,Pump A Running
2026-09-01T16:45:00+00:00,Running,1,2812.8,10.42,4.69,61.53,46.61,Pump A Running
2026-09-01T17:00:00+00:00,Running,1,2714.1,10.75,4.72,60.52,46.26,Pump A Running
2026-09-01T17:15:00+00:00,Running,1,2710.6,10.55,4.76,59.05,46.8,Pump A Running
2026-09-01T17:30:00+00:00,Running,1,2794.2,10.55,4.64,59.63,46.64,Pump A Running
2026-09-01T17:45:00+00:00,Running,1,2736.7,10.52,4.59,59.38,46.7,Pump A Running
2026-09-01T18:00:00+00:00,Running,1,2978.3,10.57,4.61,59.05,46.21,Pump A Running
2026-09-01T18:15:00+00:00,Running,1,2795.2,10.56,4.75,59.95,46.59,Pump A Running
2026-09-01T18:30:00+00:00,Running,1,2674.9,10.64,4.61,61.94,47.0,Pump A Running
2026-09-01T18:45:00+00:00,Running,1,2806.7,10.62,4.66,59.84,46.44,Pump A Running
2026-09-01T19:00:00+00:00,Running,1,2757.0,10.63,4.54,60.3,46.41,Pump A Running
2026-09-01T19:15:00+00:00,Running,1,2949.6,10.69,4.56,60.18,46.61,Pump A Running
2026-09-01T19:30:00+00:00,Running,1,2725.9,10.61,4.64,59.73,46.0,Pump A Running
2026-09-01T19:45:00+00:00,Running,1,2650.0,10.61,4.74,60.16,46.13,Pump A Running
2026-09-01T20:00:00+00:00,Running,1,2754.4,10.56,4.54,60.55,45.92,Pump A Running
2026-09-01T20:15:00+00:00,Running,1,2609.4,10.64,4.61,61.86,46.62,Pump A Running
2026-09-01T20:30:00+00:00,Running,1,2531.8,10.48,4.75,60.66,46.78,Pump A Running
2026-09-01T20:45:00+00:00,Running,1,2831.2,10.62,4.65,59.49,46.78,Pump A Running
2026-09-01T21:00:00+00:00,Running,1,2831.3,10.76,4.7,62.24,46.88,Pump A Running
2026-09-01T21:15:00+00:00,Running,1,2841.4,10.75,4.64,61.0,46.03,Pump A Running
2026-09-01T21:30:00+00:00,Running,1,2657.0,10.62,4.59,61.61,46.48,Pump A Running
2026-09-01T21:45:00+00:00,Running,1,2824.7,10.54,4.69,61.59,46.92,Pump A Running
2026-09-01T22:00:00+00:00,Running,1,2695.8,10.53,4.79,60.47,46.61,Pump A Running
2026-09-01T22:15:00+00:00,Running,1,2829.6,10.61,4.52,59.8,46.88,Pump A Running
2026-09-01T22:30:00+00:00,Running,1,2706.7,10.61,4.62,60.28,46.1,Pump A Running
2026-09-01T22:45:00+00:00,Running,1,2835.3,10.48,4.67,60.39,46.57,Pump A Running
2026-09-01T23:00:00+00:00,Running,1,2801.5,10.55,4.66,59.89,46.82,Pump A Running
2026-09-01T23:15:00+00:00,Running,1,2540.8,10.6,4.66,60.83,46.72,Pump A Running
2026-09-01T23:30:00+00:00,Running,1,2774.6,10.63,4.72,57.5,46.95,Pump A Running
2026-09-01T23:45:00+00:00,Running,1,2750.8,10.59,4.64,60.09,46.57,Pump A Running
2026-09-02T00:00:00+00:00,Running,1,2700.1,10.58,4.63,59.54,46.28,Pump A Running
2026-09-02T00:15:00+00:00,Running,1,2666.0,10.55,4.66,60.26,46.76,Pump A Running
2026-09-02T00:30:00+00:00,Running,1,2666.9,10.69,4.61,60.81,46.83,Pump A Running
2026-09-02T00:45:00+00:00,Running,1,2688.0,10.63,4.76,60.32,46.45,Pump A Running
2026-09-02T01:00:00+00:00,Running,1,2631.8,10.59,4.61,60.26,46.6,Pump A Running
2026-09-02T01:15:00+00:00,Running,1,2760.6,10.66,4.7,60.46,46.67,Pump A Running
2026-09-02T01:30:00+00:00,Running,1,2656.4,10.67,4.67,60.88,46.77,Pump A Running
2026-09-02T01:45:00+00:00,Running,1,2586.4,10.56,4.63,60.12,46.56,Pump A Running
2026-09-02T02:00:00+00:00,Stopped,0,0.0,0.0,0.1,0.0,29.06,Pumps Stopped
2026-09-02T02:15:00+00:00,Stopped,0,0.0,0.0,0.13,0.0,29.35,Pumps Stopped
2026-09-02T02:30:00+00:00,Stopped,0,0.0,0.0,0.11,0.0,28.67,Pumps Stopped
2026-09-02T02:45:00+00:00,Stopped,0,0.0,0.0,0.14,0.0,28.19,Pumps Stopped
2026-09-02T03:00:00+00:00,Stopped,0,0.0,0.0,0.14,0.0,28.87,Pumps Stopped
2026-09-02T03:15:00+00:00,Stopped,0,0.0,0.0,0.1,0.0,28.83,Pumps Stopped
2026-09-02T03:30:00+00:00,Running,1,2588.2,10.58,4.68,59.88,46.68,Pump A Running
2026-09-02T03:45:00+00:00,Running,1,2772.1,10.59,4.67,57.89,46.98,Pump A Running
2026-09-02T04:00:00+00:00,Running,1,2728.9,10.63,4.72,59.63,47.56,Pump A Running
2026-09-02T04:15:00+00:00,Running,1,2602.1,10.58,4.64,60.5,47.09,Pump A Running
2026-09-02T04:30:00+00:00,Running,1,2597.3,10.64,4.63,59.96,47.11,Pump A Running
2026-09-02T04:45:00+00:00,Running,1,2691.5,10.61,4.63,59.1,46.56,Pump A Running
2026-09-02T05:00:00+00:00,Running,1,2717.2,10.6,4.7,59.57,46.98,Pump A Running
2026-09-02T05:15:00+00:00,Running,1,2596.0,10.74,4.65,61.72,46.66,Pump A Running
2026-09-02T05:30:00+00:00,Running,1,2776.9,10.61,4.67,60.46,47.41,Pump A Running
2026-09-02T05:45:00+00:00,Running,1,2552.9,10.61,4.65,59.71,46.76,Pump A Running
2026-09-02T06:00:00+00:00,Running,1,2664.6,10.62,4.65,60.14,46.38,Pump A Running
2026-09-02T06:15:00+00:00,Running,1,2666.0,10.73,4.59,59.48,45.96,Pump A Running
2026-09-02T06:30:00+00:00,Running,1,2625.3,10.67,4.76,61.71,46.74,Pump A Running
2026-09-02T06:45:00+00:00,Running,1,2782.4,10.62,4.72,59.83,45.98,Pump A Running
2026-09-02T07:00:00+00:00,Running,1,2621.0,10.57,4.76,61.35,47.16,Pump A Running
2026-09-02T07:15:00+00:00,Running,1,2561.0,10.65,4.58,61.39,46.38,Pump A Running
2026-09-02T07:30:00+00:00,Running,1,2643.5,10.57,4.54,62.58,46.8,Pump A Running
2026-09-02T07:45:00+00:00,Running,1,2616.1,10.61,4.61,59.33,46.52,Pump A Running
2026-09-02T08:00:00+00:00,Running,1,2693.8,10.74,4.7,60.96,47.19,Pump A Running
2026-09-02T08:15:00+00:00,Running,1,2632.5,10.62,4.76,60.04,46.25,Pump A Running
2026-09-02T08:30:00+00:00,Running,1,2434.4,10.53,4.64,61.34,46.98,Pump A Running
2026-09-02T08:45:00+00:00,Running,1,2651.7,10.62,4.73,58.5,46.96,Pump A Running
2026-09-02T09:00:00+00:00,Running,1,2598.7,10.62,4.7,60.42,46.18,Pump A Running
2026-09-02T09:15:00+00:00,Running,1,2431.2,10.49,4.64,59.12,45.51,Pump A Running
2026-09-02T09:30:00+00:00,Running,1,2656.0,10.61,4.79,59.64,46.32,Pump A Running
2026-09-02T09:45:00+00:00,Running,1,2547.7,10.42,4.77,59.94,47.49,Pump A Running
2026-09-02T10:00:00+00:00,Running,1,2664.5,10.61,4.68,59.92,46.81,Pump A Running
2026-09-02T10:15:00+00:00,Running,1,2684.1,10.66,4.74,60.42,46.65,Pump A Running
2026-09-02T10:30:00+00:00,Running,1,2563.2,10.66,4.63,59.06,46.75,Pump A Running
2026-09-02T10:45:00+00:00,Running,1,2500.5,10.56,4.71,61.23,46.56,Pump A Running
2026-09-02T11:00:00+00:00,Running,1,2563.6,10.51,4.77,59.87,46.59,Pump A Running
2026-09-02T11:15:00+00:00,Running,1,2530.5,10.66,4.67,59.46,47.19,Pump A Running
2026-09-02T11:30:00+00:00,Running,1,2389.3,10.64,4.65,58.64,46.22,Pump A Running
2026-09-02T11:45:00+00:00,Running,1,2522.6,10.51,4.69,59.44,46.29,Pump A Running
2026-09-02T12:00:00+00:00,Running,1,2531.0,10.63,4.72,58.49,45.87,Pump A Running
2026-09-02T12:15:00+00:00,Running,1,2524.2,10.61,4.56,60.47,46.32,Pump A Running
2026-09-02T12:30:00+00:00,Running,1,2561.2,10.63,4.72,60.95,45.57,Pump A Running
2026-09-02T12:45:00+00:00,Running,1,2475.3,10.61,4.68,59.3,46.85,Pump A Running
2026-09-02T13:00:00+00:00,Running,1,2472.8,10.72,4.65,60.74,46.87,Pump A Running
2026-09-02T13:15:00+00:00,Running,1,2283.7,10.71,4.63,57.1,47.06,Pump A Running
2026-09-02T13:30:00+00:00,Running,1,2515.3,10.74,4.61,60.47,46.69,Pump A Running
2026-09-02T13:45:00+00:00,Running,1,2441.4,10.59,4.68,60.86,46.87,Pump A Running
2026-09-02T14:00:00+00:00,Running,1,2322.3,10.57,4.68,62.67,46.83,Pump A Running
2026-09-02T14:15:00+00:00,Running,1,2367.8,10.63,4.7,59.07,46.02,Pump A Running
2026-09-02T14:30:00+00:00,Running,1,2543.5,10.54,4.75,60.24,47.62,Pump A Running
2026-09-02T14:45:00+00:00,Running,1,2353.1,10.62,4.55,57.99,45.92,Pump A Running
2026-09-02T15:00:00+00:00,Running,1,2334.3,10.56,4.48,58.32,47.25,Pump A Running
2026-09-02T15:15:00+00:00,Running,1,2325.0,10.57,4.67,58.33,46.77,Pump A Running
2026-09-02T15:30:00+00:00,Running,1,2373.9,10.54,4.55,58.75,45.91,Pump A Running
2026-09-02T15:45:00+00:00,Running,1,2231.5,10.61,4.79,60.09,46.55,Pump A Running
2026-09-02T16:00:00+00:00,Running,1,2475.8,10.67,4.64,60.67,47.37,Pump A Running
2026-09-02T16:15:00+00:00,Running,1,2333.3,10.71,4.63,60.84,46.54,Pump A Running
2026-09-02T16:30:00+00:00,Running,1,2177.5,10.7,4.64,59.67,46.02,Pump A Running
2026-09-02T16:45:00+00:00,Running,1,2395.3,10.69,4.68,60.51,46.9,Pump A Running
2026-09-02T17:00:00+00:00,Running,1,2335.7,10.61,4.56,59.27,46.58,Pump A Running
2026-09-02T17:15:00+00:00,Running,1,2224.6,10.48,4.75,59.38,46.15,Pump A Running
2026-09-02T17:30:00+00:00,Running,1,2182.5,10.66,4.74,62.12,46.69,Pump A Running
2026-09-02T17:45:00+00:00,Running,1,2197.7,10.66,4.71,60.63,46.0,Pump A Running
2026-09-02T18:00:00+00:00,Running,1,2225.8,10.52,4.63,60.51,46.58,Pump A Running
2026-09-02T18:15:00+00:00,Running,1,2311.0,10.67,4.65,58.92,46.33,Pump A Running
2026-09-02T18:30:00+00:00,Running,1,2381.8,10.58,4.81,60.67,45.78,Pump A Running
2026-09-02T18:45:00+00:00,Running,1,2399.6,10.5,4.71,61.25,46.65,Pump A Running
2026-09-02T19:00:00+00:00,Running,1,2338.7,10.62,4.58,59.8,46.69,Pump A Running
2026-09-02T19:15:00+00:00,Running,1,2167.0,10.59,4.83,60.03,46.48,Pump A Running
2026-09-02T19:30:00+00:00,Running,1,2394.6,10.5,4.68,60.81,46.6,Pump A Running
2026-09-02T19:45:00+00:00,Running,1,2239.8,10.59,4.64,59.12,46.74,Pump A Running
2026-09-02T20:00:00+00:00,Running,1,2163.8,10.59,4.62,59.12,46.41,Pump A Running
2026-09-02T20:15:00+00:00,Running,1,2278.3,10.53,4.73,59.63,47.29,Pump A Running
2026-09-02T20:30:00+00:00,Running,1,2446.1,10.59,4.43,59.77,47.43,Pump A Running
2026-09-02T20:45:00+00:00,Running,1,2305.7,10.53,4.71,58.87,46.8,Pump A Running
2026-09-02T21:00:00+00:00,Running,1,2294.6,10.57,4.64,60.96,46.78,Pump A Running
2026-09-02T21:15:00+00:00,Running,1,2388.7,10.56,4.7,59.82,46.86,Pump A Running
2026-09-02T21:30:00+00:00,Running,1,2052.1,10.54,4.57,60.19,46.76,Pump A Running
2026-09-02T21:45:00+00:00,Running,1,2215.8,10.72,4.59,60.45,46.1,Pump A Running
2026-09-02T22:00:00+00:00,Running,1,2242.1,10.53,4.73,60.17,46.77,Pump A Running
2026-09-02T22:15:00+00:00,Running,1,2248.6,10.48,4.73,60.21,46.6,Pump A Running
2026-09-02T22:30:00+00:00,Running,1,2291.0,10.69,4.77,61.04,46.12,Pump A Running
2026-09-02T22:45:00+00:00,Running,1,2148.4,10.64,4.52,60.62,46.42,Pump A Running
2026-09-02T23:00:00+00:00,Running,1,2366.2,10.71,4.7,60.11,46.93,Pump A Running
2026-09-02T23:15:00+00:00,Running,1,2190.2,10.39,4.71,60.23,46.45,Pump A Running
2026-09-02T23:30:00+00:00,Running,1,2097.7,10.46,4.77,60.36,46.33,Pump A Running
2026-09-02T23:45:00+00:00,Running,1,2218.0,10.54,4.77,60.2,46.82,Pump A Running
2026-09-03T00:00:00+00:00,Running,1,2036.8,10.59,4.73,59.72,47.58,Pump A Running
2026-09-03T00:15:00+00:00,Running,1,2112.2,10.55,4.73,60.47,47.12,Pump A Running
2026-09-03T00:30:00+00:00,Running,1,2031.4,10.58,4.73,59.78,46.15,Pump A Running
2026-09-03T00:45:00+00:00,Running,1,1996.2,10.53,4.64,58.96,46.43,Pump A Running
2026-09-03T01:00:00+00:00,Running,1,2123.5,10.65,4.64,58.81,46.55,Pump A Running
2026-09-03T01:15:00+00:00,Running,1,2236.0,10.53,4.64,60.69,46.37,Pump A Running
2026-09-03T01:30:00+00:00,Running,1,2128.8,10.56,4.59,60.95,47.0,Pump A Running
2026-09-03T01:45:00+00:00,Running,1,2174.8,10.69,4.64,58.64,46.67,Pump A Running
2026-09-03T02:00:00+00:00,Stopped,0,0.0,0.0,0.14,0.0,28.95,Pumps Stopped
2026-09-03T02:15:00+00:00,Stopped,0,0.0,0.0,0.15,0.0,28.45,Pumps Stopped
2026-09-03T02:30:00+00:00,Stopped,0,0.0,0.0,0.16,0.0,28.63,Pumps Stopped
2026-09-03T02:45:00+00:00,Stopped,0,0.0,0.0,0.13,0.0,29.25,Pumps Stopped
2026-09-03T03:00:00+00:00,Stopped,0,0.0,0.0,0.08,0.0,29.21,Pumps Stopped
2026-09-03T03:15:00+00:00,Stopped,0,0.0,0.0,0.1,0.0,29.04,Pumps Stopped
2026-09-03T03:30:00+00:00,Running,1,2134.3,10.59,4.6,61.54,46.8,Pump A Running
2026-09-03T03:45:00+00:00,Running,1,2274.2,10.55,4.7,60.84,46.68,Pump A Running
2026-09-03T04:00:00+00:00,Running,1,2331.1,10.56,4.79,60.65,45.91,Pump A Running
2026-09-03T04:15:00+00:00,Running,1,2241.7,10.72,4.74,60.62,46.39,Pump A Running
2026-09-03T04:30:00+00:00,Running,1,2085.8,10.63,4.71,61.38,46.44,Pump A Running
2026-09-03T04:45:00+00:00,Running,1,2090.5,10.62,4.7,59.21,46.18,Pump A Running
2026-09-03T05:00:00+00:00,Running,1,2183.1,10.52,4.59,60.33,46.42,Pump A Running
2026-09-03T05:15:00+00:00,Running,1,2125.7,10.51,4.48,58.95,46.17,Pump A Running
2026-09-03T05:30:00+00:00,Running,1,1995.5,10.51,4.6,60.2,46.85,Pump A Running
2026-09-03T05:45:00+00:00,Running,1,2117.7,10.68,4.69,59.15,47.17,Pump A Running
2026-09-03T06:00:00+00:00,Running,1,2078.2,10.48,4.63,58.99,46.82,Pump A Running
2026-09-03T06:15:00+00:00,Running,1,2155.0,10.52,4.63,59.42,46.84,Pump A Running
2026-09-03T06:30:00+00:00,Running,1,2087.7,10.62,4.72,59.02,46.55,Pump A Running
2026-09-03T06:45:00+00:00,Running,1,2173.4,10.63,4.85,59.82,45.76,Pump A Running
2026-09-03T07:00:00+00:00,Running,1,1992.9,10.62,4.55,59.34,46.74,Pump A Running
2026-09-03T07:15:00+00:00,Running,1,2121.3,10.62,4.6,58.11,45.93,Pump A Running
2026-09-03T07:30:00+00:00,Running,1,2102.7,10.46,4.6,61.15,46.79,Pump A Running
2026-09-03T07:45:00+00:00,Running,1,2144.1,10.61,4.87,61.09,46.29,Pump A Running
2026-09-03T08:00:00+00:00,Running,1,2141.2,10.61,4.77,60.09,46.96,Pump A Running
2026-09-03T08:15:00+00:00,Running,1,2041.8,10.61,4.58,60.54,46.27,Pump A Running
2026-09-03T08:30:00+00:00,Running,1,2230.0,10.53,4.64,59.62,46.0,Pump A Running
2026-09-03T08:45:00+00:00,Running,1,2205.2,10.68,4.7,62.49,46.71,Pump A Running
2026-09-03T09:00:00+00:00,Running,1,2099.5,10.59,4.58,61.1,46.96,Pump A Running
2026-09-03T09:15:00+00:00,Running,1,2277.9,10.63,4.65,59.62,47.05,Pump A Running
2026-09-03T09:30:00+00:00,Running,1,2078.2,10.54,4.73,59.85,46.5,Pump A Running
2026-09-03T09:45:00+00:00,Running,1,2179.2,10.66,4.58,59.37,47.38,Pump A Running
2026-09-03T10:00:00+00:00,Running,1,2120.2,10.67,4.61,60.43,46.66,Pump A Running
2026-09-03T10:15:00+00:00,Running,1,2106.8,10.57,4.66,61.2,46.46,Pump A Running
2026-09-03T10:30:00+00:00,Running,1,2152.6,10.71,4.65,57.37,46.99,Pump A Running
2026-09-03T10:45:00+00:00,Running,1,2171.1,10.66,4.75,61.48,46.52,Pump A Running
2026-09-03T11:00:00+00:00,Running,1,2074.3,10.65,4.72,60.25,46.42,Pump A Running
2026-09-03T11:15:00+00:00,Running,1,2255.1,10.62,4.6,59.77,47.28,Pump A Running
2026-09-03T11:30:00+00:00,Running,1,2124.5,10.6,4.53,59.47,46.31,Pump A Running
2026-09-03T11:45:00+00:00,Running,1,2085.8,10.6,4.56,59.9,46.84,Pump A Running
2026-09-03T12:00:00+00:00,Running,1,2190.0,10.61,4.63,58.15,46.23,Pump A Running
2026-09-03T12:15:00+00:00,Running,1,2298.1,10.72,4.46,58.48,46.44,Pump A Running
2026-09-03T12:30:00+00:00,Running,1,2408.6,10.48,4.62,59.07,46.73,Pump A Running
2026-09-03T12:45:00+00:00,Running,1,2110.9,10.62,4.7,59.8,46.45,Pump A Running
2026-09-03T13:00:00+00:00,Running,1,2062.3,10.66,4.57,60.33,46.45,Pump A Running
2026-09-03T13:15:00+00:00,Running,1,2042.6,10.68,4.57,61.83,47.19,Pump A Running
2026-09-03T13:30:00+00:00,Running,1,2165.4,10.61,4.65,58.79,47.06,Pump A Running
2026-09-03T13:45:00+00:00,Running,1,2146.9,10.6,4.71,59.51,46.76,Pump A Running
2026-09-03T14:00:00+00:00,Running,1,2252.6,10.51,4.73,59.49,46.14,Pump A Running
2026-09-03T14:15:00+00:00,Running,1,2260.2,10.5,4.63,58.83,46.54,Pump A Running
2026-09-03T14:30:00+00:00,Running,1,2188.7,10.52,4.69,60.99,46.71,Pump A Running
2026-09-03T14:45:00+00:00,Running,1,2188.5,10.62,4.63,59.91,45.74,Pump A Running
2026-09-03T15:00:00+00:00,Running,1,2177.0,10.63,4.51,60.58,46.4,Pump A Running
2026-09-03T15:15:00+00:00,Running,1,1900.8,10.49,4.76,61.24,46.45,Pump A Running
2026-09-03T15:30:00+00:00,Running,1,2168.3,10.56,4.65,60.63,46.99,Pump A Running
2026-09-03T15:45:00+00:00,Running,1,2190.7,10.53,4.61,58.95,46.85,Pump A Running
2026-09-03T16:00:00+00:00,Running,1,2260.1,10.51,4.64,59.35,47.16,Pump A Running
2026-09-03T16:15:00+00:00,Running,1,2165.4,10.67,4.54,60.14,46.63,Pump A Running
2026-09-03T16:30:00+00:00,Running,1,2355.3,10.61,4.73,59.79,46.66,Pump A Running
2026-09-03T16:45:00+00:00,Running,1,2266.9,10.61,4.85,60.53,46.71,Pump A Running
2026-09-03T17:00:00+00:00,Running,1,2152.6,10.59,4.63,61.29,46.68,Pump A Running
2026-09-03T17:15:00+00:00,Running,1,2343.2,10.62,4.7,61.49,47.14,Pump A Running
2026-09-03T17:30:00+00:00,Running,1,2344.6,10.62,4.73,60.03,46.45,Pump A Running
2026-09-03T17:45:00+00:00,Running,1,2283.3,10.55,4.73,59.94,46.39,Pump A Running
2026-09-03T18:00:00+00:00,Running,1,2180.6,10.67,4.41,57.7,46.65,Pump A Running
2026-09-03T18:15:00+00:00,Running,1,2273.9,10.42,4.64,59.38,45.83,Pump A Running
2026-09-03T18:30:00+00:00,Running,1,2341.7,10.46,4.67,60.51,46.4,Pump A Running
2026-09-03T18:45:00+00:00,Running,1,2234.4,10.57,4.73,59.96,46.69,Pump A Running
2026-09-03T19:00:00+00:00,Running,1,2183.8,10.58,4.72,60.64,46.65,Pump A Running
2026-09-03T19:15:00+00:00,Running,1,2294.1,10.73,4.61,60.74,46.54,Pump A Running
2026-09-03T19:30:00+00:00,Running,1,2468.9,10.68,4.74,59.94,47.2,Pump A Running
2026-09-03T19:45:00+00:00,Running,1,2293.8,10.57,4.8,59.94,46.4,Pump A Running
2026-09-03T20:00:00+00:00,Running,1,2288.8,10.61,4.7,58.9,46.6,Pump A Running
2026-09-03T20:15:00+00:00,Running,1,2451.1,10.52,4.51,59.68,46.66,Pump A Running
2026-09-03T20:30:00+00:00,Running,1,2570.5,10.65,4.68,61.27,46.35,Pump A Running
2026-09-03T20:45:00+00:00,Running,1,2438.2,10.52,4.79,59.44,46.52,Pump A Running
2026-09-03T21:00:00+00:00,Running,1,2407.6,10.57,4.59,58.62,46.87,Pump A Running
2026-09-03T21:15:00+00:00,Running,1,2455.2,10.63,4.58,59.94,46.17,Pump A Running
2026-09-03T21:30:00+00:00,Running,1,2422.9,10.73,4.73,59.27,46.59,Pump A Running
2026-09-03T21:45:00+00:00,Running,1,2298.5,10.68,4.75,60.15,46.1,Pump A Running
2026-09-03T22:00:00+00:00,Running,1,2209.6,10.62,4.78,59.51,46.66,Pump A Running
2026-09-03T22:15:00+00:00,Running,1,2519.2,10.6,4.61,59.53,46.88,Pump A Running
2026-09-03T22:30:00+00:00,Running,1,2410.0,10.55,4.65,59.17,46.53,Pump A Running
2026-09-03T22:45:00+00:00,Running,1,2410.8,10.6,4.63,58.74,46.83,Pump A Running
2026-09-03T23:00:00+00:00,Running,1,2428.3,10.6,4.7,60.27,47.02,Pump A Running
2026-09-03T23:15:00+00:00,Running,1,2505.7,10.59,4.57,60.6,47.17,Pump A Running
2026-09-03T23:30:00+00:00,Running,1,2605.4,10.68,4.66,62.0,47.02,Pump A Running
2026-09-03T23:45:00+00:00,Running,1,2581.1,10.64,4.73,60.25,46.67,Pump A Running
2026-09-04T00:00:00+00:00,Running,1,2509.5,10.67,4.77,59.09,46.73,Pump A Running
2026-09-04T00:15:00+00:00,Running,1,2454.0,10.55,4.55,59.93,46.25,Pump A Running
2026-09-04T00:30:00+00:00,Running,1,2429.7,10.69,4.78,60.6,46.49,Pump A Running
2026-09-04T00:45:00+00:00,Running,1,2556.1,10.52,4.68,60.01,46.64,Pump A Running
2026-09-04T01:00:00+00:00,Running,1,2697.2,10.64,4.6,60.14,47.45,Pump A Running
2026-09-04T01:15:00+00:00,Running,1,2530.2,10.54,4.66,60.21,45.75,Pump A Running
2026-09-04T01:30:00+00:00,Running,1,2573.6,10.6,4.64,61.01,45.62,Pump A Running
2026-09-04T01:45:00+00:00,Running,1,2587.2,10.58,4.59,59.77,47.15,Pump A Running
2026-09-04T02:00:00+00:00,Stopped,0,0.0,0.0,0.11,0.0,28.9,Pumps Stopped
2026-09-04T02:15:00+00:00,Stopped,0,0.0,0.0,0.11,0.0,29.29,Pumps Stopped
2026-09-04T02:30:00+00:00,Stopped,0,0.0,0.0,0.12,0.0,29.08,Pumps Stopped
2026-09-04T02:45:00+00:00,Stopped,0,0.0,0.0,0.09,0.0,29.02,Pumps Stopped
2026-09-04T03:00:00+00:00,Stopped,0,0.0,0.0,0.13,0.0,28.84,Pumps Stopped
2026-09-04T03:15:00+00:00,Stopped,0,0.0,0.0,0.15,0.0,29.18,Pumps Stopped
2026-09-04T03:30:00+00:00,Running,1,2374.2,10.63,4.66,60.24,46.38,Pump A Running
2026-09-04T03:45:00+00:00,Running,1,2573.8,10.57,4.73,60.07,47.72,Pump A Running
2026-09-04T04:00:00+00:00,Running,1,2341.5,10.66,4.65,60.09,46.11,Pump A Running
2026-09-04T04:15:00+00:00,Running,1,2519.8,10.58,4.69,59.36,46.61,Pump A Running
2026-09-04T04:30:00+00:00,Running,1,2684.6,10.53,4.67,62.23,46.34,Pump A Running
2026-09-04T04:45:00+00:00,Running,1,2628.3,10.56,4.69,61.09,46.24,Pump A Running
2026-09-04T05:00:00+00:00,Running,1,2579.2,10.59,4.62,60.96,46.34,Pump A Running
2026-09-04T05:15:00+00:00,Running,1,2582.5,10.7,4.68,60.25,45.83,Pump A Running
2026-09-04T05:30:00+00:00,Running,1,2549.3,10.59,4.57,59.91,46.48,Pump A Running
2026-09-04T05:45:00+00:00,Running,1,2517.7,10.63,4.63,59.59,46.85,Pump A Running
2026-09-04T06:00:00+00:00,Running,1,2498.3,10.62,4.64,57.78,47.5,Pump A Running
2026-09-04T06:15:00+00:00,Running,1,2520.0,10.51,4.67,60.13,46.18,Pump A Running
2026-09-04T06:30:00+00:00,Running,1,2520.4,10.57,4.67,60.88,46.27,Pump A Running
2026-09-04T06:45:00+00:00,Running,1,2615.3,10.65,4.53,60.75,46.41,Pump A Running
2026-09-04T07:00:00+00:00,Running,1,2638.1,10.59,4.59,60.14,46.67,Pump A Running
2026-09-04T07:15:00+00:00,Running,1,2608.7,10.57,4.62,59.23,46.6,Pump A Running
2026-09-04T07:30:00+00:00,Running,1,2600.6,10.62,4.67,58.54,45.48,Pump A Running
2026-09-04T07:45:00+00:00,Running,1,2674.6,10.6,4.73,58.66,46.17,Pump A Running
2026-09-04T08:00:00+00:00,Running,1,2656.4,10.68,4.65,58.53,46.42,Pump A Running
2026-09-04T08:15:00+00:00,Running,1,2722.9,10.57,4.68,58.87,46.92,Pump A Running
2026-09-04T08:30:00+00:00,Running,1,2616.1,10.64,4.65,59.97,46.12,Pump A Running
2026-09-04T08:45:00+00:00,Running,1,2609.3,10.78,4.68,58.68,46.73,Pump A Running
2026-09-04T09:00:00+00:00,Running,1,2535.5,10.65,4.64,60.81,46.77,Pump A Running
2026-09-04T09:15:00+00:00,Running,1,2851.0,10.73,4.58,59.35,46.72,Pump A Running
2026-09-04T09:30:00+00:00,Running,1,2686.1,10.69,4.69,58.08,46.98,Pump A Running
2026-09-04T09:45:00+00:00,Running,1,2626.6,10.62,4.64,60.85,47.24,Pump A Running
2026-09-04T10:00:00+00:00,Running,1,2769.8,10.46,4.69,60.24,46.38,Pump A Running
2026-09-04T10:15:00+00:00,Running,1,2695.4,10.55,4.67,60.76,46.33,Pump A Running
2026-09-04T10:30:00+00:00,Running,1,2586.9,10.57,4.69,60.36,46.85,Pump A Running
2026-09-04T10:45:00+00:00,Running,1,2705.9,10.58,4.77,59.59,46.14,Pump A Running
2026-09-04T11:00:00+00:00,Running,1,2661.6,10.69,4.7,59.29,46.39,Pump A Running
2026-09-04T11:15:00+00:00,Running,1,2833.3,10.55,4.7,60.21,47.09,Pump A Running
2026-09-04T11:30:00+00:00,Running,1,2634.7,10.68,4.64,60.63,46.52,Pump A Running
2026-09-04T11:45:00+00:00,Running,1,2747.7,10.54,4.7,60.18,46.7,Pump A Running
2026-09-04T12:00:00+00:00,Running,1,2695.5,10.48,4.57,57.62,46.29,Pump A Running
2026-09-04T12:15:00+00:00,Running,1,2725.7,10.49,4.6,60.55,46.45,Pump A Running
2026-09-04T12:30:00+00:00,Running,1,2856.3,10.63,4.75,60.03,46.28,Pump A Running
2026-09-04T12:45:00+00:00,Running,1,2767.1,10.67,4.67,60.27,46.58,Pump A Running
2026-09-04T13:00:00+00:00,Running,1,2552.9,10.69,4.72,59.1,46.06,Pump A Running
2026-09-04T13:15:00+00:00,Running,1,2501.3,10.6,4.57,59.81,46.68,Pump A Running
2026-09-04T13:30:00+00:00,Running,1,2823.9,10.52,4.61,59.19,46.26,Pump A Running
2026-09-04T13:45:00+00:00,Running,1,2930.2,10.5,4.59,58.72,46.9,Pump A Running
2026-09-04T14:00:00+00:00,Running,1,2804.7,10.58,4.54,59.0,46.83,Pump A Running
2026-09-04T14:15:00+00:00,Running,1,2794.6,10.5,4.67,60.85,46.44,Pump A Running
2026-09-04T14:30:00+00:00,Running,1,2677.4,10.49,4.63,58.63,46.32,Pump A Running
2026-09-04T14:45:00+00:00,Running,1,2632.7,10.59,4.61,58.51,46.78,Pump A Running
2026-09-04T15:00:00+00:00,Running,1,2832.7,10.69,4.66,60.3,46.68,Pump A Running
2026-09-04T15:15:00+00:00,Running,1,2643.3,10.63,4.72,59.31,46.45,Pump A Running
2026-09-04T15:30:00+00:00,Running,1,2915.1,10.52,4.58,61.25,46.64,Pump A Running
2026-09-04T15:45:00+00:00,Running,1,2740.3,10.64,4.62,59.01,46.46,Pump A Running
2026-09-04T16:00:00+00:00,Running,1,2618.9,10.56,4.66,61.19,46.59,Pump A Running
2026-09-04T16:15:00+00:00,Running,1,2644.5,10.55,4.73,59.06,46.7,Pump A Running
2026-09-04T16:30:00+00:00,Running,1,2626.3,10.53,4.65,60.75,46.81,Pump A Running
2026-09-04T16:45:00+00:00,Running,1,2654.9,10.59,4.71,59.58,46.76,Pump A Running
2026-09-04T17:00:00+00:00,Running,1,2703.9,10.69,4.53,59.01,45.9,Pump A Running
2026-09-04T17:15:00+00:00,Running,1,2825.3,10.55,4.67,60.97,47.06,Pump A Running
2026-09-04T17:30:00+00:00,Running,1,2606.7,10.51,4.72,59.79,46.32,Pump A Running
2026-09-04T17:45:00+00:00,Running,1,2821.8,10.58,4.74,59.16,46.26,Pump A Running
2026-09-04T18:00:00+00:00,Running,1,2619.7,10.58,4.7,60.56,45.95,Pump A Running
2026-09-04T18:15:00+00:00,Running,1,2747.5,10.71,4.5,58.32,45.87,Pump A Running
2026-09-04T18:30:00+00:00,Running,1,2959.6,10.67,4.47,59.8,47.31,Pump A Running
2026-09-04T18:45:00+00:00,Running,1,2712.0,10.52,4.73,61.03,45.76,Pump A Running
2026-09-04T19:00:00+00:00,Running,1,2887.6,10.68,4.59,59.59,46.85,Pump A Running
2026-09-04T19:15:00+00:00,Running,1,2745.8,10.53,4.67,59.49,46.91,Pump A Running
2026-09-04T19:30:00+00:00,Running,1,2713.5,10.68,4.6,60.43,46.95,Pump A Running
2026-09-04T19:45:00+00:00,Running,1,2658.0,10.48,4.6,59.0,46.11,Pump A Running
2026-09-04T20:00:00+00:00,Running,1,2728.2,10.63,4.72,59.82,46.07,Pump A Running
2026-09-04T20:15:00+00:00,Running,1,2891.0,10.63,4.6,59.82,46.8,Pump A Running
2026-09-04T20:30:00+00:00,Running,1,2684.9,10.68,4.7,60.67,46.98,Pump A Running
2026-09-04T20:45:00+00:00,Running,1,2885.3,10.85,4.6,59.06,46.8,Pump A Running
2026-09-04T21:00:00+00:00,Running,1,2955.7,10.64,4.62,60.03,46.29,Pump A Running
2026-09-04T21:15:00+00:00,Running,1,2880.5,10.58,4.65,60.01,46.24,Pump A Running
2026-09-04T21:30:00+00:00,Running,1,2620.5,10.49,4.74,62.81,46.38,Pump A Running
2026-09-04T21:45:00+00:00,Running,1,2781.0,10.72,4.56,60.92,46.18,Pump A Running
2026-09-04T22:00:00+00:00,Running,1,2646.3,10.51,4.69,59.73,47.45,Pump A Running
2026-09-04T22:15:00+00:00,Running,1,2720.4,10.61,4.63,59.12,47.45,Pump A Running
2026-09-04T22:30:00+00:00,Running,1,2671.0,10.67,4.64,59.49,46.33,Pump A Running
2026-09-04T22:45:00+00:00,Running,1,2596.2,10.59,4.68,59.22,47.53,Pump A Running
2026-09-04T23:00:00+00:00,Running,1,2720.5,10.62,4.68,58.36,47.03,Pump A Running
2026-09-04T23:15:00+00:00,Running,1,2669.7,10.51,4.69,61.53,47.0,Pump A Running
2026-09-04T23:30:00+00:00,Running,1,2717.5,10.56,4.52,60.93,46.74,Pump A Running
2026-09-04T23:45:00+00:00,Running,1,2744.7,10.45,4.56,59.36,46.19,Pump A Running
2026-09-05T00:00:00+00:00,Running,1,2673.5,10.69,4.57,60.47,45.72,Pump A Running
2026-09-05T00:15:00+00:00,Running,1,2690.0,10.68,4.73,59.53,46.58,Pump A Running
2026-09-05T00:30:00+00:00,Running,1,2526.1,10.63,4.62,60.77,46.41,Pump A Running
2026-09-05T00:45:00+00:00,Running,1,2625.1,10.5,4.61,60.94,47.1,Pump A Running
2026-09-05T01:00:00+00:00,Running,1,2789.1,10.6,4.58,59.94,46.72,Pump A Running
2026-09-05T01:15:00+00:00,Running,1,2733.4,10.58,4.64,59.54,46.95,Pump A Running
2026-09-05T01:30:00+00:00,Running,1,2754.2,10.64,4.79,58.61,47.21,Pump A Running
2026-09-05T01:45:00+00:00,Running,1,2712.3,10.61,4.64,58.71,46.97,Pump A Running
2026-09-05T02:00:00+00:00,Stopped,0,0.0,0.0,0.06,0.0,28.91,Pumps Stopped
2026-09-05T02:15:00+00:00,Stopped,0,0.0,0.0,0.16,0.0,28.86,Pumps Stopped
2026-09-05T02:30:00+00:00,Stopped,0,0.0,0.0,0.1,0.0,29.03,Pumps Stopped
2026-09-05T02:45:00+00:00,Stopped,0,0.0,0.0,0.08,0.0,29.12,Pumps Stopped
2026-09-05T03:00:00+00:00,Stopped,0,0.0,0.0,0.15,0.0,28.77,Pumps Stopped
2026-09-05T03:15:00+00:00,Stopped,0,0.0,0.0,0.08,0.0,29.6,Pumps Stopped
2026-09-05T03:30:00+00:00,Running,1,2617.3,10.49,4.65,59.06,46.92,Pump A Running
2026-09-05T03:45:00+00:00,Running,1,2685.5,10.69,4.61,58.97,46.9,Pump A Running
2026-09-05T04:00:00+00:00,Running,1,2815.5,10.55,4.69,61.55,46.61,Pump A Running
2026-09-05T04:15:00+00:00,Running,1,2657.3,10.72,4.71,59.52,46.83,Pump A Running
2026-09-05T04:30:00+00:00,Running,1,2594.3,10.63,4.79,60.6,46.63,Pump A Running
2026-09-05T04:45:00+00:00,Running,1,2644.1,10.53,4.59,59.84,46.77,Pump A Running
2026-09-05T05:00:00+00:00,Running,1,2669.2,10.47,4.57,60.53,47.41,Pump A Running
2026-09-05T05:15:00+00:00,Running,1,2760.8,10.6,4.74,57.71,46.65,Pump A Running
2026-09-05T05:30:00+00:00,Running,1,2582.6,10.59,4.54,60.3,46.5,Pump A Running
2026-09-05T05:45:00+00:00,Running,1,2490.5,10.48,4.47,61.2,46.97,Pump A Running
2026-09-05T06:00:00+00:00,Running,1,2670.7,10.48,4.77,59.95,46.02,Pump A Running
2026-09-05T06:15:00+00:00,Running,1,2608.7,10.57,4.71,58.23,46.46,Pump A Running
2026-09-05T06:30:00+00:00,Running,1,2668.5,10.64,4.63,60.02,46.83,Pump A Running
2026-09-05T06:45:00+00:00,Running,1,2683.6,10.66,4.65,61.12,46.57,Pump A Running
2026-09-05T07:00:00+00:00,Running,1,2621.5,10.45,4.52,59.41,46.11,Pump A Running
2026-09-05T07:15:00+00:00,Running,1,2669.3,10.55,4.64,60.31,46.33,Pump A Running
2026-09-05T07:30:00+00:00,Running,1,2563.1,10.6,4.6,59.28,46.71,Pump A Running
2026-09-05T07:45:00+00:00,Running,1,2675.7,10.54,4.81,59.53,46.44,Pump A Running
2026-09-05T08:00:00+00:00,Running,1,2644.3,10.49,4.74,59.33,46.94,Pump A Running
2026-09-05T08:15:00+00:00,Running,1,2585.2,10.69,4.64,58.91,46.23,Pump A Running
2026-09-05T08:30:00+00:00,Running,1,2578.8,10.75,4.61,59.74,46.31,Pump A Running
2026-09-05T08:45:00+00:00,Running,1,2515.0,10.64,4.59,59.11,47.02,Pump A Running
2026-09-05T09:00:00+00:00,Running,1,2318.4,10.53,4.73,59.4,46.5,Pump A Running
2026-09-05T09:15:00+00:00,Running,1,2564.7,10.57,4.7,60.28,46.07,Pump A Running
2026-09-05T09:30:00+00:00,Running,1,2486.8,10.56,4.66,60.33,46.49,Pump A Running
2026-09-05T09:45:00+00:00,Running,1,2404.0,10.58,4.57,57.86,47.48,Pump A Running
2026-09-05T10:00:00+00:00,Running,1,2446.5,10.65,4.8,60.01,46.19,Pump A Running
2026-09-05T10:15:00+00:00,Running,1,2585.4,10.73,4.67,60.24,47.17,Pump A Running
2026-09-05T10:30:00+00:00,Running,1,2516.4,10.73,4.63,60.32,47.66,Pump A Running
2026-09-05T10:45:00+00:00,Running,1,2680.4,10.69,4.7,58.18,47.11,Pump A Running
2026-09-05T11:00:00+00:00,Running,1,2323.5,10.51,4.58,60.87,47.17,Pump A Running
2026-09-05T11:15:00+00:00,Running,1,2437.4,10.59,4.61,59.94,46.12,Pump A Running
2026-09-05T11:30:00+00:00,Running,1,2345.4,10.56,4.6,60.85,46.49,Pump A Running
2026-09-05T11:45:00+00:00,Running,1,2444.7,10.56,4.61,59.85,46.54,Pump A Running
2026-09-05T12:00:00+00:00,Running,1,2464.4,10.56,4.74,59.95,46.34,Pump A Running
2026-09-05T12:15:00+00:00,Running,1,2522.4,10.61,4.66,58.92,46.59,Pump A Running
2026-09-05T12:30:00+00:00,Running,1,2403.1,10.5,4.59,58.73,46.86,Pump A Running
2026-09-05T12:45:00+00:00,Running,1,2423.6,10.69,4.69,58.65,46.34,Pump A Running
2026-09-05T13:00:00+00:00,Running,1,2448.1,10.56,4.65,59.49,46.66,Pump A Running
2026-09-05T13:15:00+00:00,Running,1,2430.6,10.72,4.69,59.04,46.86,Pump A Running
2026-09-05T13:30:00+00:00,Running,1,2623.6,10.56,4.72,59.51,45.53,Pump A Running
2026-09-05T13:45:00+00:00,Running,1,2434.7,10.68,4.64,59.95,46.99,Pump A Running
2026-09-05T14:00:00+00:00,Running,1,2396.3,10.56,4.57,60.77,46.61,Pump A Running
2026-09-05T14:15:00+00:00,Running,1,2471.0,10.51,4.66,59.93,46.5,Pump A Running
2026-09-05T14:30:00+00:00,Running,1,2354.2,10.58,4.67,59.58,46.25,Pump A Running
2026-09-05T14:45:00+00:00,Running,1,2299.4,10.66,4.73,60.28,46.36,Pump A Running
2026-09-05T15:00:00+00:00,Running,1,2410.4,10.6,4.57,59.79,46.55,Pump A Running
2026-09-05T15:15:00+00:00,Running,1,2333.8,10.49,4.69,59.13,46.15,Pump A Running
2026-09-05T15:30:00+00:00,Running,1,2264.0,10.63,4.44,59.75,46.29,Pump A Running
2026-09-05T15:45:00+00:00,Running,1,2277.9,10.64,4.6,60.08,45.81,Pump A Running
2026-09-05T16:00:00+00:00,Running,1,2232.9,10.57,4.55,61.06,46.81,Pump A Running
2026-09-05T16:15:00+00:00,Running,1,2422.8,10.59,4.6,59.26,46.24,Pump A Running
2026-09-05T16:30:00+00:00,Running,1,2241.4,10.55,4.72,57.55,47.19,Pump A Running
2026-09-05T16:45:00+00:00,Running,1,2361.2,10.64,4.76,59.91,47.03,Pump A Running
2026-09-05T17:00:00+00:00,Running,1,2316.9,10.54,4.69,58.89,46.15,Pump A Running
2026-09-05T17:15:00+00:00,Running,1,2138.5,10.53,4.72,58.99,46.16,Pump A Running
2026-09-05T17:30:00+00:00,Running,1,2291.4,10.54,4.78,60.66,46.71,Pump A Running
2026-09-05T17:45:00+00:00,Running,1,2509.1,10.63,4.75,59.77,46.8,Pump A Running
2026-09-05T18:00:00+00:00,Running,1,2397.1,10.6,4.55,59.92,46.84,Pump A Running
2026-09-05T18:15:00+00:00,Running,1,2401.7,10.66,4.54,59.62,47.14,Pump A Running
2026-09-05T18:30:00+00:00,Running,1,2337.6,10.61,4.75,61.43,46.91,Pump A Running
2026-09-05T18:45:00+00:00,Running,1,2273.9,10.6,4.58,58.74,46.51,Pump A Running
2026-09-05T19:00:00+00:00,Running,1,2089.6,10.48,4.67,59.14,46.61,Pump A Running
2026-09-05T19:15:00+00:00,Running,1,2199.9,10.58,4.59,57.56,46.75,Pump A Running
2026-09-05T19:30:00+00:00,Running,1,2176.9,10.58,4.76,58.84,46.84,Pump A Running
2026-09-05T19:45:00+00:00,Running,1,2286.9,10.51,4.6,58.68,46.18,Pump A Running
2026-09-05T20:00:00+00:00,Running,1,2264.8,10.6,4.72,58.81,46.54,Pump A Running
2026-09-05T20:15:00+00:00,Running,1,2348.1,10.59,4.51,60.91,46.33,Pump A Running
2026-09-05T20:30:00+00:00,Running,1,2236.4,10.6,4.49,59.63,46.51,Pump A Running
2026-09-05T20:45:00+00:00,Running,1,2227.2,10.64,4.56,58.42,46.27,Pump A Running
2026-09-05T21:00:00+00:00,Running,1,2343.3,10.49,4.53,61.05,46.65,Pump A Running
2026-09-05T21:15:00+00:00,Running,1,2261.8,10.66,4.67,58.85,46.21,Pump A Running
2026-09-05T21:30:00+00:00,Running,1,2167.7,10.55,4.54,59.36,46.88,Pump A Running
2026-09-05T21:45:00+00:00,Running,1,2153.4,10.56,4.7,58.52,46.16,Pump A Running
2026-09-05T22:00:00+00:00,Running,1,2278.2,10.6,4.54,59.17,47.14,Pump A Running
2026-09-05T22:15:00+00:00,Running,1,2132.8,10.65,4.53,61.11,46.38,Pump A Running
2026-09-05T22:30:00+00:00,Running,1,2208.8,10.54,4.76,59.71,47.14,Pump A Running
2026-09-05T22:45:00+00:00,Running,1,2139.7,10.58,4.69,59.07,45.95,Pump A Running
2026-09-05T23:00:00+00:00,Running,1,2237.7,10.57,4.63,60.74,46.67,Pump A Running
2026-09-05T23:15:00+00:00,Running,1,2284.0,10.56,4.67,58.35,46.48,Pump A Running
2026-09-05T23:30:00+00:00,Running,1,2141.4,10.57,4.68,60.27,46.18,Pump A Running
2026-09-05T23:45:00+00:00,Running,1,2173.3,10.61,4.52,59.74,46.26,Pump A Running
2026-09-06T00:00:00+00:00,Running,1,2019.0,10.58,4.64,59.39,46.41,Pump A Running
2026-09-06T00:15:00+00:00,Running,1,2281.4,10.5,4.65,60.07,46.65,Pump A Running
2026-09-06T00:30:00+00:00,Running,1,2383.6,10.59,4.61,59.65,46.98,Pump A Running
2026-09-06T00:45:00+00:00,Running,1,2105.9,10.45,4.54,58.33,46.45,Pump A Running
2026-09-06T01:00:00+00:00,Running,1,2088.3,10.53,4.76,59.9,46.18,Pump A Running
2026-09-06T01:15:00+00:00,Running,1,2359.5,10.66,4.6,60.42,46.63,Pump A Running
2026-09-06T01:30:00+00:00,Running,1,2211.6,10.57,4.63,59.58,47.12,Pump A Running
2026-09-06T01:45:00+00:00,Running,1,2053.1,10.53,4.55,59.24,46.42,Pump A Running
2026-09-06T02:00:00+00:00,Stopped,0,0.0,0.0,0.12,0.0,28.87,Pumps Stopped
2026-09-06T02:15:00+00:00,Stopped,0,0.0,0.0,0.07,0.0,29.59,Pumps Stopped
2026-09-06T02:30:00+00:00,Stopped,0,0.0,0.0,0.12,0.0,28.86,Pumps Stopped
2026-09-06T02:45:00+00:00,Stopped,0,0.0,0.0,0.12,0.0,29.74,Pumps Stopped
2026-09-06T03:00:00+00:00,Stopped,0,0.0,0.0,0.13,0.0,28.9,Pumps Stopped
2026-09-06T03:15:00+00:00,Stopped,0,0.0,0.0,0.17,0.0,29.05,Pumps Stopped
2026-09-06T03:30:00+00:00,Running,1,2044.8,10.6,4.74,59.85,46.47,Pump A Running
2026-09-06T03:45:00+00:00,Running,1,2216.9,10.66,4.68,58.24,46.1,Pump A Running
2026-09-06T04:00:00+00:00,Running,1,2123.6,10.7,4.69,59.58,45.93,Pump A Running
2026-09-06T04:15:00+00:00,Running,1,2074.5,10.64,4.63,60.04,47.41,Pump A Running
2026-09-06T04:30:00+00:00,Running,1,2210.9,10.72,4.75,60.56,46.08,Pump A Running
2026-09-06T04:45:00+00:00,Running,1,2119.6,10.53,4.57,59.76,46.87,Pump A Running
2026-09-06T05:00:00+00:00,Running,1,2040.7,10.51,4.64,60.93,46.53,Pump A Running
2026-09-06T05:15:00+00:00,Running,1,2058.8,10.65,4.51,59.86,46.67,Pump A Running
2026-09-06T05:30:00+00:00,Running,1,2169.0,10.41,4.6,58.05,46.19,Pump A Running
2026-09-06T05:45:00+00:00,Running,1,2158.2,10.61,4.68,59.91,46.41,Pump A Running
2026-09-06T06:00:00+00:00,Running,1,2358.4,10.54,4.58,59.8,47.25,Pump A Running
2026-09-06T06:15:00+00:00,Running,1,2082.6,10.57,4.5,59.06,45.91,Pump A Running
2026-09-06T06:30:00+00:00,Running,1,2201.8,10.58,4.71,59.06,46.65,Pump A Running
2026-09-06T06:45:00+00:00,Running,1,2120.4,10.59,4.69,58.54,46.78,Pump A Running
2026-09-06T07:00:00+00:00,Running,1,2095.5,10.73,4.85,59.7,46.83,Pump A Running
2026-09-06T07:15:00+00:00,Running,1,2144.5,10.61,4.61,62.08,46.92,Pump A Running
2026-09-06T07:30:00+00:00,Running,1,2245.0,10.49,4.52,61.61,46.28,Pump A Running
2026-09-06T07:45:00+00:00,Running,1,2011.5,10.66,4.65,59.54,46.52,Pump A Running
2026-09-06T08:00:00+00:00,Running,1,2193.5,10.59,4.69,59.25,46.74,Pump A Running
2026-09-06T08:15:00+00:00,Running,1,2131.1,10.55,4.68,60.85,46.39,Pump A Running
2026-09-06T08:30:00+00:00,Running,1,2234.2,10.52,4.76,58.53,46.18,Pump A Running
2026-09-06T08:45:00+00:00,Running,1,2203.1,10.65,4.62,61.44,46.27,Pump A Running
2026-09-06T09:00:00+00:00,Running,1,2111.1,10.55,4.64,59.93,46.93,Pump A Running
2026-09-06T09:15:00+00:00,Running,1,2114.7,10.67,4.67,58.41,46.92,Pump A Running
2026-09-06T09:30:00+00:00,Running,1,2199.5,10.55,4.75,58.89,46.14,Pump A Running
2026-09-06T09:45:00+00:00,Running,1,2175.5,10.72,4.66,61.41,46.48,Pump A Running
2026-09-06T10:00:00+00:00,Running,1,2123.0,10.55,4.66,60.08,45.95,Pump A Running
2026-09-06T10:15:00+00:00,Running,1,2099.4,10.58,4.51,61.28,46.73,Pump A Running
2026-09-06T10:30:00+00:00,Running,1,2157.2,10.56,4.61,58.33,46.88,Pump A Running
2026-09-06T10:45:00+00:00,Running,1,2102.2,10.49,4.75,58.73,47.15,Pump A Running
2026-09-06T11:00:00+00:00,Running,1,2161.0,10.57,4.6,60.23,47.2,Pump A Running
2026-09-06T11:15:00+00:00,Running,1,2213.3,10.64,4.53,59.1,46.67,Pump A Running
2026-09-06T11:30:00+00:00,Running,1,2099.2,10.63,4.76,60.14,46.25,Pump A Running
2026-09-06T11:45:00+00:00,Running,1,2185.6,10.52,4.68,62.44,46.4,Pump A Running
2026-09-06T12:00:00+00:00,Running,1,2171.3,10.51,4.55,60.68,46.56,Pump A Running
2026-09-06T12:15:00+00:00,Running,1,2221.8,10.67,4.76,61.69,46.55,Pump A Running
2026-09-06T12:30:00+00:00,Running,1,2094.8,10.62,4.55,59.66,46.55,Pump A Running
2026-09-06T12:45:00+00:00,Running,1,2249.9,10.57,4.6,58.13,46.78,Pump A Running
2026-09-06T13:00:00+00:00,Running,1,2145.8,10.66,4.47,60.16,46.74,Pump A Running
2026-09-06T13:15:00+00:00,Running,1,2213.2,10.48,4.69,57.31,47.02,Pump A Running
2026-09-06T13:30:00+00:00,Running,1,2079.1,10.4,4.74,60.74,46.39,Pump A Running
2026-09-06T13:45:00+00:00,Running,1,2381.6,10.63,4.56,61.36,47.23,Pump A Running
2026-09-06T14:00:00+00:00,Running,1,2215.1,10.7,4.54,59.68,46.84,Pump A Running
2026-09-06T14:15:00+00:00,Running,1,2145.2,10.63,4.52,59.87,46.8,Pump A Running
2026-09-06T14:30:00+00:00,Running,1,2235.3,10.5,4.73,59.94,46.24,Pump A Running
2026-09-06T14:45:00+00:00,Running,1,2221.8,10.54,4.55,60.52,46.56,Pump A Running
2026-09-06T15:00:00+00:00,Running,1,2205.8,10.56,4.62,58.24,46.94,Pump A Running
2026-09-06T15:15:00+00:00,Running,1,2218.6,10.56,4.57,59.15,47.53,Pump A Running
2026-09-06T15:30:00+00:00,Running,1,2173.0,10.59,4.64,60.48,47.22,Pump A Running
2026-09-06T15:45:00+00:00,Running,1,2237.4,10.42,4.66,59.06,46.27,Pump A Running
2026-09-06T16:00:00+00:00,Running,1,2229.8,10.64,4.59,59.59,47.05,Pump A Running
2026-09-06T16:15:00+00:00,Running,1,2264.7,10.6,4.66,59.61,46.46,Pump A Running
2026-09-06T16:30:00+00:00,Running,1,2408.9,10.6,4.58,59.24,46.18,Pump A Running
2026-09-06T16:45:00+00:00,Running,1,2291.7,10.59,4.55,58.32,47.09,Pump A Running
2026-09-06T17:00:00+00:00,Running,1,2289.3,10.63,4.61,59.43,47.34,Pump A Running
2026-09-06T17:15:00+00:00,Running,1,2373.3,10.61,4.61,58.87,46.72,Pump A Running
2026-09-06T17:30:00+00:00,Running,1,2385.2,10.72,4.72,59.73,46.36,Pump A Running
2026-09-06T17:45:00+00:00,Running,1,2365.2,10.54,4.68,59.49,46.79,Pump A Running
2026-09-06T18:00:00+00:00,Running,1,2397.3,10.6,4.66,58.84,47.08,Pump A Running
2026-09-06T18:15:00+00:00,Running,1,2382.4,10.62,4.72,58.69,46.19,Pump A Running
2026-09-06T18:30:00+00:00,Running,1,2239.8,10.56,4.65,60.76,46.58,Pump A Running
2026-09-06T18:45:00+00:00,Running,1,2299.8,10.56,4.67,58.48,46.74,Pump A Running
2026-09-06T19:00:00+00:00,Running,1,2290.4,10.76,4.56,58.97,46.89,Pump A Running
2026-09-06T19:15:00+00:00,Running,1,2314.3,10.59,4.46,58.63,46.64,Pump A Running
2026-09-06T19:30:00+00:00,Running,1,2309.1,10.6,4.7,60.29,46.65,Pump A Running
2026-09-06T19:45:00+00:00,Running,1,2410.4,10.61,4.62,58.18,47.73,Pump A Running
2026-09-06T20:00:00+00:00,Running,1,2196.6,10.56,4.61,59.15,46.74,Pump A Running
2026-09-06T20:15:00+00:00,Running,1,2406.9,10.68,4.55,60.55,46.74,Pump A Running
2026-09-06T20:30:00+00:00,Running,1,2304.9,10.59,4.82,59.53,46.68,Pump A Running
2026-09-06T20:45:00+00:00,Running,1,2415.0,10.56,4.6,60.19,46.55,Pump A Running
2026-09-06T21:00:00+00:00,Running,1,2432.9,10.53,4.54,59.65,46.34,Pump A Running
2026-09-06T21:15:00+00:00,Running,1,2428.1,10.64,4.69,60.11,46.2,Pump A Running
2026-09-06T21:30:00+00:00,Running,1,2423.0,10.54,4.56,60.18,46.83,Pump A Running
2026-09-06T21:45:00+00:00,Running,1,2468.0,10.64,4.59,58.83,45.9,Pump A Running
2026-09-06T22:00:00+00:00,Running,1,2540.6,10.59,4.61,59.63,46.86,Pump A Running
2026-09-06T22:15:00+00:00,Running,1,2636.6,10.69,4.75,61.09,46.45,Pump A Running
2026-09-06T22:30:00+00:00,Running,1,2438.2,10.6,4.66,59.28,46.69,Pump A Running
2026-09-06T22:45:00+00:00,Running,1,2302.3,10.67,4.64,59.21,46.22,Pump A Running
2026-09-06T23:00:00+00:00,Running,1,2488.2,10.67,4.72,61.31,46.28,Pump A Running
2026-09-06T23:15:00+00:00,Running,1,2461.3,10.6,4.63,59.78,46.89,Pump A Running
2026-09-06T23:30:00+00:00,Running,1,2559.0,10.72,4.49,59.38,46.39,Pump A Running
2026-09-06T23:45:00+00:00,Running,1,2536.4,10.66,4.66,58.95,47.15,Pump A Running
2026-09-07T00:00:00+00:00,Running,1,2574.5,10.73,4.74,59.38,46.81,Pump A Running
2026-09-07T00:15:00+00:00,Running,1,2529.7,10.57,4.56,60.1,47.0,Pump A Running
2026-09-07T00:30:00+00:00,Running,1,2385.2,10.58,4.62,60.28,46.79,Pump A Running
2026-09-07T00:45:00+00:00,Running,1,2545.6,10.65,4.66,58.68,46.09,Pump A Running
2026-09-07T01:00:00+00:00,Running,1,2293.8,10.61,4.48,59.53,46.11,Pump A Running
2026-09-07T01:15:00+00:00,Running,1,2282.1,10.54,4.55,60.81,46.55,Pump A Running
2026-09-07T01:30:00+00:00,Running,1,2374.7,10.63,4.66,61.84,47.51,Pump A Running
2026-09-07T01:45:00+00:00,Running,1,2611.5,10.49,4.56,60.02,46.93,Pump A Running
2026-09-07T02:00:00+00:00,Stopped,0,0.0,0.0,0.15,0.0,28.67,Pumps Stopped
2026-09-07T02:15:00+00:00,Stopped,0,0.0,0.0,0.13,0.0,29.37,Pumps Stopped
2026-09-07T02:30:00+00:00,Stopped,0,0.0,0.0,0.09,0.0,29.45,Pumps Stopped
2026-09-07T02:45:00+00:00,Stopped,0,0.0,0.0,0.15,0.0,29.43,Pumps Stopped
2026-09-07T03:00:00+00:00,Stopped,0,0.0,0.0,0.12,0.0,29.4,Pumps Stopped
2026-09-07T03:15:00+00:00,Stopped,0,0.0,0.0,0.18,0.0,28.75,Pumps Stopped
2026-09-07T03:30:00+00:00,Running,1,2473.1,10.6,4.51,58.83,46.57,Pump A Running
2026-09-07T03:45:00+00:00,Running,1,2540.8,10.66,4.54,59.08,46.59,Pump A Running
2026-09-07T04:00:00+00:00,Running,1,2707.6,10.63,4.53,59.28,46.41,Pump A Running
2026-09-07T04:15:00+00:00,Running,1,2461.9,10.64,4.78,59.97,46.46,Pump A Running
2026-09-07T04:30:00+00:00,Running,1,2532.7,10.56,4.58,57.9,46.55,Pump A Running
2026-09-07T04:45:00+00:00,Running,1,2748.7,10.73,4.64,61.07,46.85,Pump A Running
2026-09-07T05:00:00+00:00,Running,1,2682.2,10.71,4.63,59.78,47.03,Pump A Running
2026-09-07T05:15:00+00:00,Running,1,2582.3,10.57,4.66,60.96,45.72,Pump A Running
2026-09-07T05:30:00+00:00,Running,1,2735.2,10.71,4.64,58.71,46.55,Pump A Running
2026-09-07T05:45:00+00:00,Running,1,2579.9,10.67,4.66,58.41,46.26,Pump A Running
2026-09-07T06:00:00+00:00,Running,1,2523.7,10.61,4.82,58.86,46.44,Pump A Running
2026-09-07T06:15:00+00:00,Running,1,2714.7,10.57,4.55,59.48,47.02,Pump A Running
2026-09-07T06:30:00+00:00,Running,1,2544.3,10.7,4.58,61.2,46.8,Pump A Running
2026-09-07T06:45:00+00:00,Running,1,2651.0,10.58,4.5,60.41,46.68,Pump A Running
2026-09-07T07:00:00+00:00,Running,1,2587.8,10.58,4.63,61.55,46.58,Pump A Running
2026-09-07T07:15:00+00:00,Running,1,2637.9,10.48,4.6,59.9,47.11,Pump A Running
2026-09-07T07:30:00+00:00,Running,1,2700.9,10.66,4.57,59.41,46.47,Pump A Running
2026-09-07T07:45:00+00:00,Running,1,2642.0,10.61,4.59,58.61,47.16,Pump A Running
2026-09-07T08:00:00+00:00,Running,1,2570.9,10.61,4.63,59.24,46.73,Pump A Running
2026-09-07T08:15:00+00:00,Running,1,2638.8,10.57,4.67,60.74,47.06,Pump A Running
2026-09-07T08:30:00+00:00,Running,1,2794.4,10.64,4.77,60.77,46.46,Pump A Running
2026-09-07T08:45:00+00:00,Running,1,2626.5,10.58,4.55,61.34,46.66,Pump A Running
2026-09-07T09:00:00+00:00,Running,1,2473.9,10.7,4.62,60.32,46.92,Pump A Running
2026-09-07T09:15:00+00:00,Running,1,2705.0,10.6,4.62,60.33,47.04,Pump A Running
2026-09-07T09:30:00+00:00,Running,1,2668.0,10.48,4.52,59.16,46.73,Pump A Running
2026-09-07T09:45:00+00:00,Running,1,2587.4,10.55,4.59,59.8,45.84,Pump A Running
2026-09-07T10:00:00+00:00,Running,1,2651.0,10.62,4.68,58.62,46.53,Pump A Running
2026-09-07T10:15:00+00:00,Running,1,2829.2,10.55,4.71,59.66,47.46,Pump A Running
2026-09-07T10:30:00+00:00,Running,1,2545.6,10.67,4.62,57.9,46.97,Pump A Running
2026-09-07T10:45:00+00:00,Running,1,2802.4,10.7,4.51,60.55,46.85,Pump A Running
2026-09-07T11:00:00+00:00,Running,1,2684.6,10.49,4.73,59.8,46.93,Pump A Running
2026-09-07T11:15:00+00:00,Running,1,2688.9,10.7,4.63,58.78,47.14,Pump A Running
2026-09-07T11:30:00+00:00,Running,1,2618.7,10.59,4.58,58.39,46.31,Pump A Running
2026-09-07T11:45:00+00:00,Running,1,2768.6,10.61,4.74,60.54,46.02,Pump A Running
2026-09-07T12:00:00+00:00,Running,1,2709.8,10.58,4.54,61.35,47.12,Pump A Running
2026-09-07T12:15:00+00:00,Running,1,2745.9,10.62,4.6,58.94,47.1,Pump A Running
2026-09-07T12:30:00+00:00,Running,1,2677.0,10.61,4.52,58.73,47.06,Pump A Running
2026-09-07T12:45:00+00:00,Running,1,2770.3,10.55,4.52,59.01,46.02,Pump A Running
2026-09-07T13:00:00+00:00,Running,1,2771.0,10.51,4.63,59.34,46.95,Pump A Running
2026-09-07T13:15:00+00:00,Running,1,2550.4,10.7,4.62,59.98,47.04,Pump A Running
2026-09-07T13:30:00+00:00,Running,1,2773.9,10.69,4.7,60.01,47.15,Pump A Running
2026-09-07T13:45:00+00:00,Running,1,2638.8,10.6,4.71,58.4,46.87,Pump A Running
2026-09-07T14:00:00+00:00,Running,1,2814.2,10.5,4.73,59.47,46.98,Pump A Running
2026-09-07T14:15:00+00:00,Running,1,2673.9,10.67,4.61,58.16,46.84,Pump A Running
2026-09-07T14:30:00+00:00,Running,1,2850.4,10.6,4.76,59.29,46.71,Pump A Running
2026-09-07T14:45:00+00:00,Running,1,2846.8,10.52,4.57,59.09,46.64,Pump A Running
2026-09-07T15:00:00+00:00,Running,1,2724.0,10.51,4.63,59.03,46.96,Pump A Running
2026-09-07T15:15:00+00:00,Running,1,2586.6,10.61,4.6,60.24,46.51,Pump A Running
2026-09-07T15:30:00+00:00,Running,1,2623.1,10.74,4.69,60.69,46.3,Pump A Running
2026-09-07T15:45:00+00:00,Running,1,2578.9,10.58,4.47,58.88,46.55,Pump A Running
2026-09-07T16:00:00+00:00,Running,1,2701.9,10.59,4.53,59.72,46.22,Pump A Running
2026-09-07T16:15:00+00:00,Running,1,2689.5,10.59,4.67,60.46,46.03,Pump A Running
2026-09-07T16:30:00+00:00,Running,1,2793.6,10.64,4.6,60.03,46.69,Pump A Running
2026-09-07T16:45:00+00:00,Running,1,2617.1,10.61,4.72,60.24,46.23,Pump A Running
2026-09-07T17:00:00+00:00,Running,1,2787.3,10.63,4.67,61.14,46.63,Pump A Running
2026-09-07T17:15:00+00:00,Running,1,2680.4,10.71,4.76,59.44,46.59,Pump A Running
2026-09-07T17:30:00+00:00,Running,1,2831.8,10.53,4.59,60.53,46.93,Pump A Running
2026-09-07T17:45:00+00:00,Running,1,2672.5,10.66,4.65,59.06,46.69,Pump A Running
2026-09-07T18:00:00+00:00,Running,1,2824.3,10.5,4.57,60.67,46.72,Pump A Running
2026-09-07T18:15:00+00:00,Running,1,2740.6,10.73,4.69,58.44,46.95,Pump A Running
2026-09-07T18:30:00+00:00,Running,1,2733.8,10.48,4.77,58.79,46.5,Pump A Running
2026-09-07T18:45:00+00:00,Running,1,2752.2,10.53,4.66,58.34,46.77,Pump A Running
2026-09-07T19:00:00+00:00,Running,1,2879.7,10.6,4.6,60.6,47.06,Pump A Running
2026-09-07T19:15:00+00:00,Running,1,2680.8,10.7,4.74,61.11,46.37,Pump A Running
2026-09-07T19:30:00+00:00,Running,1,2693.5,10.7,4.69,60.28,46.44,Pump A Running
2026-09-07T19:45:00+00:00,Running,1,2917.8,10.44,4.72,59.97,46.57,Pump A Running
2026-09-07T20:00:00+00:00,Running,1,2766.9,10.68,4.68,60.06,46.85,Pump A Running
2026-09-07T20:15:00+00:00,Running,1,2865.9,10.54,4.63,60.27,46.94,Pump A Running
2026-09-07T20:30:00+00:00,Running,1,2778.1,10.62,4.5,58.96,45.55,Pump A Running
2026-09-07T20:45:00+00:00,Running,1,2820.6,10.67,4.55,59.89,46.6,Pump A Running
2026-09-07T21:00:00+00:00,Running,1,2745.1,10.65,4.72,59.51,47.09,Pump A Running
2026-09-07T21:15:00+00:00,Running,1,2850.5,10.52,4.65,60.3,46.86,Pump A Running
2026-09-07T21:30:00+00:00,Running,1,2631.9,10.75,4.67,58.78,46.92,Pump A Running
2026-09-07T21:45:00+00:00,Running,1,2746.4,10.5,4.57,60.22,47.29,Pump A Running
2026-09-07T22:00:00+00:00,Running,1,2752.2,10.63,4.56,60.03,46.97,Pump A Running
2026-09-07T22:15:00+00:00,Running,1,2708.4,10.62,4.41,60.5,46.82,Pump A Running
2026-09-07T22:30:00+00:00,Running,1,2668.0,10.67,4.65,59.59,47.15,Pump A Running
2026-09-07T22:45:00+00:00,Running,1,2600.1,10.67,4.55,60.18,46.38,Pump A Running
2026-09-07T23:00:00+00:00,Running,1,2666.7,10.64,4.73,57.94,47.05,Pump A Running
2026-09-07T23:15:00+00:00,Running,1,2713.8,10.54,4.53,61.29,47.28,Pump A Running
2026-09-07T23:30:00+00:00,Running,1,2644.2,10.64,4.45,60.59,47.07,Pump A Running
2026-09-07T23:45:00+00:00,Running,1,2941.6,10.58,4.59,59.21,46.53,Pump A Running
2026-09-08T00:00:00+00:00,Planned Shutdown,0,0.0,0.0,0.11,0.0,28.61,Pumps Stopped
2026-09-08T00:15:00+00:00,Planned Shutdown,0,0.0,0.0,0.11,0.0,28.97,Pumps Stopped
2026-09-08T00:30:00+00:00,Planned Shutdown,0,0.0,0.0,0.11,0.0,29.14,Pumps Stopped
2026-09-08T00:45:00+00:00,Planned Shutdown,0,0.0,0.0,0.1,0.0,29.37,Pumps Stopped
2026-09-08T01:00:00+00:00,Planned Shutdown,0,0.0,0.0,0.07,0.0,28.6,Pumps Stopped
2026-09-08T01:15:00+00:00,Planned Shutdown,0,0.0,0.0,0.15,0.0,28.95,Pumps Stopped
2026-09-08T01:30:00+00:00,Planned Shutdown,0,0.0,0.0,0.1,0.0,29.15,Pumps Stopped
2026-09-08T01:45:00+00:00,Planned Shutdown,0,0.0,0.0,0.1,0.0,28.86,Pumps Stopped
2026-09-08T02:00:00+00:00,Planned Shutdown,0,0.0,0.0,0.2,0.0,29.15,Pumps Stopped
2026-09-08T02:15:00+00:00,Planned Shutdown,0,0.0,0.0,0.11,0.0,28.95,Pumps Stopped
2026-09-08T02:30:00+00:00,Planned Shutdown,0,0.0,0.0,0.1,0.0,29.13,Pumps Stopped
2026-09-08T02:45:00+00:00,Planned Shutdown,0,0.0,0.0,0.12,0.0,28.45,Pumps Stopped
2026-09-08T03:00:00+00:00,Planned Shutdown,0,0.0,0.0,0.09,0.0,29.29,Pumps Stopped
2026-09-08T03:15:00+00:00,Planned Shutdown,0,0.0,0.0,0.07,0.0,28.72,Pumps Stopped
2026-09-08T03:30:00+00:00,Planned Shutdown,0,0.0,0.0,0.15,0.0,28.9,Pumps Stopped
2026-09-08T03:45:00+00:00,Planned Shutdown,0,0.0,0.0,0.13,0.0,28.89,Pumps Stopped
2026-09-08T04:00:00+00:00,Planned Shutdown,0,0.0,0.0,0.17,0.0,29.34,Pumps Stopped
2026-09-08T04:15:00+00:00,Planned Shutdown,0,0.0,0.0,0.16,0.0,29.07,Pumps Stopped
2026-09-08T04:30:00+00:00,Planned Shutdown,0,0.0,0.0,0.15,0.0,29.31,Pumps Stopped
2026-09-08T04:45:00+00:00,Planned Shutdown,0,0.0,0.0,0.18,0.0,28.89,Pumps Stopped
2026-09-08T05:00:00+00:00,Planned Shutdown,0,0.0,0.0,0.11,0.0,29.44,Pumps Stopped
2026-09-08T05:15:00+00:00,Planned Shutdown,0,0.0,0.0,0.09,0.0,28.89,Pumps Stopped
2026-09-08T05:30:00+00:00,Planned Shutdown,0,0.0,0.0,0.12,0.0,29.44,Pumps Stopped
2026-09-08T05:45:00+00:00,Planned Shutdown,0,0.0,0.0,0.14,0.0,28.68,Pumps Stopped
2026-09-08T06:00:00+00:00,Planned Shutdown,0,0.0,0.0,0.13,0.0,29.04,Pumps Stopped
2026-09-08T06:15:00+00:00,Planned Shutdown,0,0.0,0.0,0.14,0.0,28.85,Pumps Stopped
2026-09-08T06:30:00+00:00,Planned Shutdown,0,0.0,0.0,0.14,0.0,28.95,Pumps Stopped
2026-09-08T06:45:00+00:00,Planned Shutdown,0,0.0,0.0,0.09,0.0,29.29,Pumps Stopped
2026-09-08T07:00:00+00:00,Planned Shutdown,0,0.0,0.0,0.09,0.0,28.76,Pumps Stopped
2026-09-08T07:15:00+00:00,Planned Shutdown,0,0.0,0.0,0.13,0.0,28.92,Pumps Stopped
2026-09-08T07:30:00+00:00,Planned Shutdown,0,0.0,0.0,0.14,0.0,28.93,Pumps Stopped
2026-09-08T07:45:00+00:00,Planned Shutdown,0,0.0,0.0,0.11,0.0,29.41,Pumps Stopped
2026-09-08T08:00:00+00:00,Planned Shutdown,0,0.0,0.0,0.09,0.0,29.0,Pumps Stopped
2026-09-08T08:15:00+00:00,Planned Shutdown,0,0.0,0.0,0.13,0.0,28.58,Pumps Stopped
2026-09-08T08:30:00+00:00,Planned Shutdown,0,0.0,0.0,0.1,0.0,28.93,Pumps Stopped
2026-09-08T08:45:00+00:00,Planned Shutdown,0,0.0,0.0,0.11,0.0,29.15,Pumps Stopped
2026-09-08T09:00:00+00:00,Planned Shutdown,0,0.0,0.0,0.19,0.0,29.17,Pumps Stopped
2026-09-08T09:15:00+00:00,Planned Shutdown,0,0.0,0.0,0.12,0.0,29.29,Pumps Stopped
2026-09-08T09:30:00+00:00,Planned Shutdown,0,0.0,0.0,0.12,0.0,28.5,Pumps Stopped
2026-09-08T09:45:00+00:00,Planned Shutdown,0,0.0,0.0,0.1,0.0,29.24,Pumps Stopped
2026-09-08T10:00:00+00:00,Planned Shutdown,0,0.0,0.0,0.14,0.0,29.0,Pumps Stopped
2026-09-08T10:15:00+00:00,Planned Shutdown,0,0.0,0.0,0.06,0.0,29.07,Pumps Stopped
2026-09-08T10:30:00+00:00,Planned Shutdown,0,0.0,0.0,0.11,0.0,29.03,Pumps Stopped
2026-09-08T10:45:00+00:00,Planned Shutdown,0,0.0,0.0,0.13,0.0,29.45,Pumps Stopped
2026-09-08T11:00:00+00:00,Planned Shutdown,0,0.0,0.0,0.09,0.0,29.01,Pumps Stopped
2026-09-08T11:15:00+00:00,Planned Shutdown,0,0.0,0.0,0.1,0.0,29.22,Pumps Stopped
2026-09-08T11:30:00+00:00,Planned Shutdown,0,0.0,0.0,0.1,0.0,29.41,Pumps Stopped
2026-09-08T11:45:00+00:00,Planned Shutdown,0,0.0,0.0,0.13,0.0,29.22,Pumps Stopped
2026-09-08T12:00:00+00:00,Planned Shutdown,0,0.0,0.0,0.11,0.0,29.33,Pumps Stopped
2026-09-08T12:15:00+00:00,Planned Shutdown,0,0.0,0.0,0.13,0.0,28.88,Pumps Stopped
2026-09-08T12:30:00+00:00,Planned Shutdown,0,0.0,0.0,0.14,0.0,28.71,Pumps Stopped
2026-09-08T12:45:00+00:00,Planned Shutdown,0,0.0,0.0,0.16,0.0,28.7,Pumps Stopped
2026-09-08T13:00:00+00:00,Planned Shutdown,0,0.0,0.0,0.14,0.0,28.88,Pumps Stopped
2026-09-08T13:15:00+00:00,Planned Shutdown,0,0.0,0.0,0.08,0.0,29.14,Pumps Stopped
2026-09-08T13:30:00+00:00,Planned Shutdown,0,0.0,0.0,0.07,0.0,29.12,Pumps Stopped
2026-09-08T13:45:00+00:00,Planned Shutdown,0,0.0,0.0,0.13,0.0,28.74,Pumps Stopped
2026-09-08T14:00:00+00:00,Planned Shutdown,0,0.0,0.0,0.11,0.0,29.3,Pumps Stopped
2026-09-08T14:15:00+00:00,Planned Shutdown,0,0.0,0.0,0.12,0.0,29.11,Pumps Stopped
2026-09-08T14:30:00+00:00,Planned Shutdown,0,0.0,0.0,0.05,0.0,28.86,Pumps Stopped
2026-09-08T14:45:00+00:00,Planned Shutdown,0,0.0,0.0,0.14,0.0,29.09,Pumps Stopped
2026-09-08T15:00:00+00:00,Planned Shutdown,0,0.0,0.0,0.11,0.0,29.33,Pumps Stopped
2026-09-08T15:15:00+00:00,Planned Shutdown,0,0.0,0.0,0.1,0.0,28.93,Pumps Stopped
2026-09-08T15:30:00+00:00,Planned Shutdown,0,0.0,0.0,0.16,0.0,28.53,Pumps Stopped
2026-09-08T15:45:00+00:00,Planned Shutdown,0,0.0,0.0,0.07,0.0,29.23,Pumps Stopped
2026-09-08T16:00:00+00:00,Planned Shutdown,0,0.0,0.0,0.07,0.0,29.0,Pumps Stopped
2026-09-08T16:15:00+00:00,Planned Shutdown,0,0.0,0.0,0.13,0.0,29.29,Pumps Stopped
2026-09-08T16:30:00+00:00,Planned Shutdown,0,0.0,0.0,0.13,0.0,28.78,Pumps Stopped
2026-09-08T16:45:00+00:00,Planned Shutdown,0,0.0,0.0,0.13,0.0,28.68,Pumps Stopped
2026-09-08T17:00:00+00:00,Planned Shutdown,0,0.0,0.0,0.11,0.0,28.84,Pumps Stopped
2026-09-08T17:15:00+00:00,Planned Shutdown,0,0.0,0.0,0.13,0.0,29.36,Pumps Stopped
2026-09-08T17:30:00+00:00,Planned Shutdown,0,0.0,0.0,0.12,0.0,29.07,Pumps Stopped
2026-09-08T17:45:00+00:00,Planned Shutdown,0,0.0,0.0,0.13,0.0,28.8,Pumps Stopped
2026-09-08T18:00:00+00:00,Planned Shutdown,0,0.0,0.0,0.11,0.0,28.99,Pumps Stopped
2026-09-08T18:15:00+00:00,Planned Shutdown,0,0.0,0.0,0.12,0.0,28.96,Pumps Stopped
2026-09-08T18:30:00+00:00,Planned Shutdown,0,0.0,0.0,0.12,0.0,29.03,Pumps Stopped
2026-09-08T18:45:00+00:00,Planned Shutdown,0,0.0,0.0,0.15,0.0,28.65,Pumps Stopped
2026-09-08T19:00:00+00:00,Planned Shutdown,0,0.0,0.0,0.14,0.0,29.02,Pumps Stopped
2026-09-08T19:15:00+00:00,Planned Shutdown,0,0.0,0.0,0.1,0.0,28.77,Pumps Stopped
2026-09-08T19:30:00+00:00,Planned Shutdown,0,0.0,0.0,0.09,0.0,28.77,Pumps Stopped
2026-09-08T19:45:00+00:00,Planned Shutdown,0,0.0,0.0,0.11,0.0,29.29,Pumps Stopped
2026-09-08T20:00:00+00:00,Planned Shutdown,0,0.0,0.0,0.1,0.0,29.64,Pumps Stopped
2026-09-08T20:15:00+00:00,Planned Shutdown,0,0.0,0.0,0.1,0.0,29.12,Pumps Stopped
2026-09-08T20:30:00+00:00,Planned Shutdown,0,0.0,0.0,0.16,0.0,28.92,Pumps Stopped
2026-09-08T20:45:00+00:00,Planned Shutdown,0,0.0,0.0,0.15,0.0,29.09,Pumps Stopped
2026-09-08T21:00:00+00:00,Planned Shutdown,0,0.0,0.0,0.11,0.0,28.86,Pumps Stopped
2026-09-08T21:15:00+00:00,Planned Shutdown,0,0.0,0.0,0.08,0.0,28.95,Pumps Stopped
2026-09-08T21:30:00+00:00,Planned Shutdown,0,0.0,0.0,0.11,0.0,28.88,Pumps Stopped
2026-09-08T21:45:00+00:00,Planned Shutdown,0,0.0,0.0,0.14,0.0,28.81,Pumps Stopped
2026-09-08T22:00:00+00:00,Planned Shutdown,0,0.0,0.0,0.14,0.0,29.2,Pumps Stopped
2026-09-08T22:15:00+00:00,Planned Shutdown,0,0.0,0.0,0.12,0.0,29.06,Pumps Stopped
2026-09-08T22:30:00+00:00,Planned Shutdown,0,0.0,0.0,0.12,0.0,28.73,Pumps Stopped
2026-09-08T22:45:00+00:00,Planned Shutdown,0,0.0,0.0,0.18,0.0,29.13,Pumps Stopped
2026-09-08T23:00:00+00:00,Planned Shutdown,0,0.0,0.0,0.15,0.0,29.04,Pumps Stopped
2026-09-08T23:15:00+00:00,Planned Shutdown,0,0.0,0.0,0.14,0.0,28.65,Pumps Stopped
2026-09-08T23:30:00+00:00,Planned Shutdown,0,0.0,0.0,0.12,0.0,28.73,Pumps Stopped
2026-09-08T23:45:00+00:00,Planned Shutdown,0,0.0,0.0,0.08,0.0,29.42,Pumps Stopped
2026-09-09T00:00:00+00:00,Planned Shutdown,0,0.0,0.0,0.12,0.0,29.07,Pumps Stopped
2026-09-09T00:15:00+00:00,Planned Shutdown,0,0.0,0.0,0.15,0.0,29.22,Pumps Stopped
2026-09-09T00:30:00+00:00,Planned Shutdown,0,0.0,0.0,0.11,0.0,29.28,Pumps Stopped
2026-09-09T00:45:00+00:00,Planned Shutdown,0,0.0,0.0,0.15,0.0,29.0,Pumps Stopped
2026-09-09T01:00:00+00:00,Planned Shutdown,0,0.0,0.0,0.1,0.0,28.8,Pumps Stopped
2026-09-09T01:15:00+00:00,Planned Shutdown,0,0.0,0.0,0.18,0.0,28.9,Pumps Stopped
2026-09-09T01:30:00+00:00,Planned Shutdown,0,0.0,0.0,0.09,0.0,28.97,Pumps Stopped
2026-09-09T01:45:00+00:00,Planned Shutdown,0,0.0,0.0,0.1,0.0,28.66,Pumps Stopped
2026-09-09T02:00:00+00:00,Planned Shutdown,0,0.0,0.0,0.15,0.0,29.04,Pumps Stopped
2026-09-09T02:15:00+00:00,Planned Shutdown,0,0.0,0.0,0.11,0.0,28.77,Pumps Stopped
2026-09-09T02:30:00+00:00,Planned Shutdown,0,0.0,0.0,0.13,0.0,29.3,Pumps Stopped
2026-09-09T02:45:00+00:00,Planned Shutdown,0,0.0,0.0,0.11,0.0,28.91,Pumps Stopped
2026-09-09T03:00:00+00:00,Planned Shutdown,0,0.0,0.0,0.13,0.0,28.79,Pumps Stopped
2026-09-09T03:15:00+00:00,Planned Shutdown,0,0.0,0.0,0.15,0.0,28.69,Pumps Stopped
2026-09-09T03:30:00+00:00,Planned Shutdown,0,0.0,0.0,0.15,0.0,29.33,Pumps Stopped
2026-09-09T03:45:00+00:00,Planned Shutdown,0,0.0,0.0,0.07,0.0,28.91,Pumps Stopped
2026-09-09T04:00:00+00:00,Planned Shutdown,0,0.0,0.0,0.14,0.0,29.38,Pumps Stopped
2026-09-09T04:15:00+00:00,Planned Shutdown,0,0.0,0.0,0.08,0.0,29.08,Pumps Stopped
2026-09-09T04:30:00+00:00,Planned Shutdown,0,0.0,0.0,0.08,0.0,29.42,Pumps Stopped
2026-09-09T04:45:00+00:00,Planned Shutdown,0,0.0,0.0,0.15,0.0,29.2,Pumps Stopped
2026-09-09T05:00:00+00:00,Planned Shutdown,0,0.0,0.0,0.09,0.0,28.68,Pumps Stopped
2026-09-09T05:15:00+00:00,Planned Shutdown,0,0.0,0.0,0.1,0.0,29.23,Pumps Stopped
2026-09-09T05:30:00+00:00,Planned Shutdown,0,0.0,0.0,0.13,0.0,29.1,Pumps Stopped
2026-09-09T05:45:00+00:00,Planned Shutdown,0,0.0,0.0,0.14,0.0,29.19,Pumps Stopped
2026-09-09T06:00:00+00:00,Running,1,2113.9,10.65,4.65,61.85,47.13,Pump A Running
2026-09-09T06:15:00+00:00,Running,1,2295.1,10.62,4.72,58.7,46.46,Pump A Running
2026-09-09T06:30:00+00:00,Running,1,2342.9,10.59,4.59,59.63,46.14,Pump A Running
2026-09-09T06:45:00+00:00,Running,1,2235.4,10.6,4.6,60.32,46.68,Pump A Running
2026-09-09T07:00:00+00:00,Running,1,2322.1,10.64,4.71,60.08,46.9,Pump A Running
2026-09-09T07:15:00+00:00,Running,1,2115.4,10.43,4.58,60.05,46.59,Pump A Running
2026-09-09T07:30:00+00:00,Running,1,2141.2,10.54,4.78,58.07,46.62,Pump A Running
2026-09-09T07:45:00+00:00,Running,1,2162.4,10.64,4.58,59.59,46.86,Pump A Running
2026-09-09T08:00:00+00:00,Running,1,2151.5,10.58,4.63,58.5,46.34,Pump A Running
2026-09-09T08:15:00+00:00,Running,1,2272.6,10.63,4.51,60.71,46.08,Pump A Running
2026-09-09T08:30:00+00:00,Running,1,2002.8,10.59,4.65,60.0,46.83,Pump A Running
2026-09-09T08:45:00+00:00,Running,1,2184.4,10.7,4.62,58.69,47.51,Pump A Running
2026-09-09T09:00:00+00:00,Running,1,2032.3,10.52,4.56,58.21,46.79,Pump A Running
2026-09-09T09:15:00+00:00,Running,1,2233.8,10.48,4.58,58.85,47.18,Pump A Running
2026-09-09T09:30:00+00:00,Running,1,2360.4,10.65,4.53,58.88,47.38,Pump A Running
2026-09-09T09:45:00+00:00,Running,1,2127.9,10.67,4.56,61.45,46.87,Pump A Running
2026-09-09T10:00:00+00:00,Running,1,2299.3,10.59,4.51,58.94,46.67,Pump A Running
2026-09-09T10:15:00+00:00,Running,1,2081.1,10.61,4.57,58.28,47.26,Pump A Running
2026-09-09T10:30:00+00:00,Running,1,2179.7,10.48,4.54,57.62,46.25,Pump A Running
2026-09-09T10:45:00+00:00,Running,1,2195.9,10.66,4.68,59.67,46.6,Pump A Running
2026-09-09T11:00:00+00:00,Running,1,2222.9,10.5,4.55,59.61,47.11,Pump A Running
2026-09-09T11:15:00+00:00,Running,1,2158.9,10.63,4.71,58.63,46.9,Pump A Running
2026-09-09T11:30:00+00:00,Running,1,2320.4,10.58,4.59,59.67,46.24,Pump A Running
2026-09-09T11:45:00+00:00,Running,1,2176.7,10.52,4.64,59.21,46.62,Pump A Running
2026-09-09T12:00:00+00:00,Running,1,2080.2,10.42,4.76,59.94,46.48,Pump A Running
2026-09-09T12:15:00+00:00,Running,1,2063.3,10.66,4.53,59.87,46.95,Pump A Running
2026-09-09T12:30:00+00:00,Running,1,2199.7,10.58,4.46,60.22,46.78,Pump A Running
2026-09-09T12:45:00+00:00,Running,1,2288.0,10.56,4.59,58.61,46.81,Pump A Running
2026-09-09T13:00:00+00:00,Running,1,2429.9,10.61,4.53,58.38,47.17,Pump A Running
2026-09-09T13:15:00+00:00,Running,1,2304.2,10.66,4.52,59.68,47.47,Pump A Running
2026-09-09T13:30:00+00:00,Running,1,2293.9,10.51,4.6,59.45,45.73,Pump A Running
2026-09-09T13:45:00+00:00,Running,1,2095.6,10.55,4.62,60.77,46.92,Pump A Running
2026-09-09T14:00:00+00:00,Running,1,2253.6,10.61,4.78,59.77,47.35,Pump A Running
2026-09-09T14:15:00+00:00,Running,1,2183.7,10.61,4.5,60.03,46.48,Pump A Running
2026-09-09T14:30:00+00:00,Running,1,2293.1,10.56,4.63,60.0,47.01,Pump A Running
2026-09-09T14:45:00+00:00,Running,1,2270.5,10.6,4.55,57.95,46.37,Pump A Running
2026-09-09T15:00:00+00:00,Running,1,2265.0,10.77,4.64,59.71,47.4,Pump A Running
2026-09-09T15:15:00+00:00,Running,1,2292.4,10.56,4.63,56.22,47.23,Pump A Running
2026-09-09T15:30:00+00:00,Running,1,2226.5,10.59,4.73,60.63,46.6,Pump A Running
2026-09-09T15:45:00+00:00,Running,1,2310.4,10.46,4.56,60.0,46.89,Pump A Running
2026-09-09T16:00:00+00:00,Running,1,2154.7,10.74,4.6,59.49,47.14,Pump A Running
2026-09-09T16:15:00+00:00,Running,1,2346.5,10.6,4.6,58.16,46.31,Pump A Running
2026-09-09T16:30:00+00:00,Running,1,2345.7,10.67,4.67,59.59,47.73,Pump A Running
2026-09-09T16:45:00+00:00,Running,1,2378.3,10.54,4.65,58.89,46.71,Pump A Running
2026-09-09T17:00:00+00:00,Running,1,2187.9,10.53,4.59,58.7,46.61,Pump A Running
2026-09-09T17:15:00+00:00,Running,1,2310.2,10.53,4.71,59.31,46.98,Pump A Running
2026-09-09T17:30:00+00:00,Running,1,2329.4,10.69,4.68,59.33,46.3,Pump A Running
2026-09-09T17:45:00+00:00,Running,1,2329.8,10.65,4.57,60.04,46.68,Pump A Running
2026-09-09T18:00:00+00:00,Running,1,2113.5,10.61,4.56,59.28,46.66,Pump A Running
2026-09-09T18:15:00+00:00,Running,1,2307.7,10.69,4.56,60.03,47.29,Pump A Running
2026-09-09T18:30:00+00:00,Running,1,2260.0,10.62,4.56,61.2,46.6,Pump A Running
2026-09-09T18:45:00+00:00,Running,1,2349.8,10.66,4.69,58.52,46.65,Pump A Running
2026-09-09T19:00:00+00:00,Running,1,2463.0,10.7,4.64,57.96,46.67,Pump A Running
2026-09-09T19:15:00+00:00,Running,1,2225.7,10.76,4.54,59.06,47.04,Pump A Running
2026-09-09T19:30:00+00:00,Running,1,2249.6,10.61,4.57,60.52,46.5,Pump A Running
2026-09-09T19:45:00+00:00,Running,1,2425.9,10.61,4.63,61.07,47.0,Pump A Running
2026-09-09T20:00:00+00:00,Running,1,2295.7,10.75,4.72,60.94,47.13,Pump A Running
2026-09-09T20:15:00+00:00,Running,1,2420.9,10.56,4.78,59.14,46.69,Pump A Running
2026-09-09T20:30:00+00:00,Running,1,2373.8,10.71,4.78,59.93,46.45,Pump A Running
2026-09-09T20:45:00+00:00,Running,1,2350.3,10.52,4.57,58.58,45.98,Pump A Running
2026-09-09T21:00:00+00:00,Running,1,2461.4,10.62,4.6,60.64,46.45,Pump A Running
2026-09-09T21:15:00+00:00,Running,1,2423.8,10.55,4.53,58.41,47.09,Pump A Running
2026-09-09T21:30:00+00:00,Running,1,2404.8,10.51,4.63,59.82,46.71,Pump A Running
2026-09-09T21:45:00+00:00,Running,1,2462.0,10.76,4.6,58.38,47.01,Pump A Running
2026-09-09T22:00:00+00:00,Running,1,2377.2,10.66,4.54,58.67,46.15,Pump A Running
2026-09-09T22:15:00+00:00,Running,1,2380.1,10.62,4.63,57.22,46.42,Pump A Running
2026-09-09T22:30:00+00:00,Running,1,2468.5,10.65,4.6,59.8,45.7,Pump A Running
2026-09-09T22:45:00+00:00,Running,1,2482.9,10.64,4.76,56.64,46.27,Pump A Running
2026-09-09T23:00:00+00:00,Running,1,2336.8,10.55,4.61,59.29,46.96,Pump A Running
2026-09-09T23:15:00+00:00,Running,1,2375.0,10.67,4.55,60.43,46.09,Pump A Running
2026-09-09T23:30:00+00:00,Running,1,2460.9,10.6,4.64,60.5,46.4,Pump A Running
2026-09-09T23:45:00+00:00,Running,1,2476.3,10.56,4.61,59.17,46.48,Pump A Running
2026-09-10T00:00:00+00:00,Running,1,2496.4,10.54,4.63,61.55,46.97,Pump A Running
2026-09-10T00:15:00+00:00,Running,1,2447.1,10.61,4.75,58.45,46.94,Pump A Running
2026-09-10T00:30:00+00:00,Running,1,2435.7,10.54,4.63,59.57,47.55,Pump A Running
2026-09-10T00:45:00+00:00,Running,1,2543.9,10.56,4.63,60.12,46.5,Pump A Running
2026-09-10T01:00:00+00:00,Running,1,2617.1,10.5,4.65,60.21,46.41,Pump A Running
2026-09-10T01:15:00+00:00,Running,1,2349.6,10.56,4.68,59.92,47.64,Pump A Running
2026-09-10T01:30:00+00:00,Running,1,2473.7,10.56,4.58,59.28,47.44,Pump A Running
2026-09-10T01:45:00+00:00,Running,1,2438.7,10.46,4.63,61.74,46.98,Pump A Running
2026-09-10T02:00:00+00:00,Stopped,0,0.0,0.0,0.09,0.0,29.07,Pumps Stopped
2026-09-10T02:15:00+00:00,Stopped,0,0.0,0.0,0.1,0.0,28.78,Pumps Stopped
2026-09-10T02:30:00+00:00,Stopped,0,0.0,0.0,0.17,0.0,28.97,Pumps Stopped
2026-09-10T02:45:00+00:00,Stopped,0,0.0,0.0,0.15,0.0,28.94,Pumps Stopped
2026-09-10T03:00:00+00:00,Stopped,0,0.0,0.0,0.12,0.0,29.38,Pumps Stopped
2026-09-10T03:15:00+00:00,Stopped,0,0.0,0.0,0.09,0.0,28.91,Pumps Stopped
2026-09-10T03:30:00+00:00,Running,1,2530.2,10.54,4.55,58.18,46.58,Pump A Running
2026-09-10T03:45:00+00:00,Running,1,2593.0,10.61,4.63,60.77,46.45,Pump A Running
2026-09-10T04:00:00+00:00,Running,1,2443.1,10.56,4.8,58.36,47.15,Pump A Running
2026-09-10T04:15:00+00:00,Running,1,2519.4,10.68,4.68,59.42,46.75,Pump A Running
2026-09-10T04:30:00+00:00,Running,1,2783.5,10.64,4.57,57.8,46.76,Pump A Running
2026-09-10T04:45:00+00:00,Running,1,2608.0,10.67,4.57,60.28,45.73,Pump A Running
2026-09-10T05:00:00+00:00,Running,1,2647.5,10.63,4.59,58.92,46.79,Pump A Running
2026-09-10T05:15:00+00:00,Running,1,2690.8,10.54,4.54,60.78,47.09,Pump A Running
2026-09-10T05:30:00+00:00,Running,1,2620.4,10.54,4.68,60.88,46.86,Pump A Running
2026-09-10T05:45:00+00:00,Running,1,2606.0,10.71,4.65,60.88,47.13,Pump A Running
2026-09-10T06:00:00+00:00,Running,1,2610.2,10.6,4.81,58.42,46.59,Pump A Running
2026-09-10T06:15:00+00:00,Running,1,2610.9,10.55,4.71,59.77,46.91,Pump A Running
2026-09-10T06:30:00+00:00,Running,1,2794.8,10.66,4.59,59.33,47.08,Pump A Running
2026-09-10T06:45:00+00:00,Running,1,2564.5,10.61,4.62,59.75,47.52,Pump A Running
2026-09-10T07:00:00+00:00,Running,1,2638.9,10.62,4.57,59.54,46.59,Pump A Running
2026-09-10T07:15:00+00:00,Running,1,2526.0,10.62,4.66,60.79,46.73,Pump A Running
2026-09-10T07:30:00+00:00,Running,1,2518.4,10.57,4.58,58.62,46.63,Pump A Running
2026-09-10T07:45:00+00:00,Running,1,2616.4,10.58,4.65,58.85,46.35,Pump A Running
2026-09-10T08:00:00+00:00,Running,1,2670.0,10.58,4.53,59.85,46.91,Pump A Running
2026-09-10T08:15:00+00:00,Running,1,2656.1,10.58,4.62,60.03,46.49,Pump A Running
2026-09-10T08:30:00+00:00,Running,1,2675.0,10.64,4.62,58.99,46.89,Pump A Running
2026-09-10T08:45:00+00:00,Running,1,2632.5,10.56,4.65,59.46,46.84,Pump A Running
2026-09-10T09:00:00+00:00,Running,1,2495.3,10.6,4.71,60.04,46.64,Pump A Running
2026-09-10T09:15:00+00:00,Running,1,2840.5,10.46,4.61,58.76,46.14,Pump A Running
2026-09-10T09:30:00+00:00,Running,1,2738.9,10.65,4.46,61.04,46.53,Pump A Running
2026-09-10T09:45:00+00:00,Running,1,2714.1,10.57,4.62,58.22,47.92,Pump A Running
2026-09-10T10:00:00+00:00,Running,1,2587.4,10.52,4.55,60.26,46.22,Pump A Running
2026-09-10T10:15:00+00:00,Running,1,2595.3,10.55,4.51,58.06,46.5,Pump A Running
2026-09-10T10:30:00+00:00,Running,1,2696.3,10.65,4.59,58.76,46.15,Pump A Running
2026-09-10T10:45:00+00:00,Running,1,2784.5,10.65,4.57,59.94,46.2,Pump A Running
2026-09-10T11:00:00+00:00,Running,1,2639.9,10.56,4.67,59.89,46.86,Pump A Running
2026-09-10T11:15:00+00:00,Running,1,2761.0,10.79,4.62,60.01,46.84,Pump A Running
2026-09-10T11:30:00+00:00,Running,1,2785.7,10.68,4.61,60.29,46.85,Pump A Running
2026-09-10T11:45:00+00:00,Running,1,2779.3,10.59,4.41,58.95,46.15,Pump A Running
2026-09-10T12:00:00+00:00,Running,1,2586.5,10.59,4.6,59.25,46.57,Pump A Running
2026-09-10T12:15:00+00:00,Running,1,2498.1,10.49,4.46,58.16,46.99,Pump A Running
2026-09-10T12:30:00+00:00,Running,1,2773.5,10.51,4.6,60.89,46.53,Pump A Running
2026-09-10T12:45:00+00:00,Running,1,2655.8,10.6,4.49,58.58,46.35,Pump A Running
2026-09-10T13:00:00+00:00,Running,1,2599.1,10.6,4.57,58.71,46.58,Pump A Running
2026-09-10T13:15:00+00:00,Running,1,2702.2,10.74,4.61,61.05,46.83,Pump A Running
2026-09-10T13:30:00+00:00,Running,1,2814.5,10.55,4.79,60.43,46.68,Pump A Running
2026-09-10T13:45:00+00:00,Running,1,2611.0,10.65,4.68,60.23,47.13,Pump A Running
2026-09-10T14:00:00+00:00,Running,1,2825.4,10.55,4.6,60.72,47.07,Pump A Running
2026-09-10T14:15:00+00:00,Running,1,2701.9,10.65,4.7,61.04,46.91,Pump A Running
2026-09-10T14:30:00+00:00,Running,1,2828.3,10.63,4.65,61.36,47.16,Pump A Running
2026-09-10T14:45:00+00:00,Running,1,2670.3,10.61,4.57,60.5,47.05,Pump A Running
2026-09-10T15:00:00+00:00,Running,1,2748.0,10.59,4.61,59.09,46.37,Pump A Running
2026-09-10T15:15:00+00:00,Running,1,2563.4,10.57,4.56,59.75,46.48,Pump A Running
2026-09-10T15:30:00+00:00,Running,1,2723.8,10.71,4.6,59.16,47.03,Pump A Running
2026-09-10T15:45:00+00:00,Running,1,2785.8,10.72,4.55,57.48,46.72,Pump A Running
2026-09-10T16:00:00+00:00,Running,1,2862.6,10.57,4.63,57.3,46.9,Pump A Running
2026-09-10T16:15:00+00:00,Running,1,2770.7,10.51,4.67,58.95,46.6,Pump A Running
2026-09-10T16:30:00+00:00,Running,1,2763.2,10.46,4.54,59.25,46.59,Pump A Running
2026-09-10T16:45:00+00:00,Running,1,2679.2,10.56,4.72,59.91,46.38,Pump A Running
2026-09-10T17:00:00+00:00,Running,1,2983.1,10.5,4.58,59.45,46.47,Pump A Running
2026-09-10T17:15:00+00:00,Running,1,2834.8,10.58,4.59,57.94,47.02,Pump A Running
2026-09-10T17:30:00+00:00,Running,1,2750.3,10.59,4.57,61.12,46.87,Pump A Running
2026-09-10T17:45:00+00:00,Running,1,2688.5,10.5,4.58,59.12,46.05,Pump A Running
2026-09-10T18:00:00+00:00,Running,1,2649.4,10.68,4.6,58.76,46.82,Pump A Running
2026-09-10T18:15:00+00:00,Running,1,2743.2,10.59,4.55,60.61,46.75,Pump A Running
2026-09-10T18:30:00+00:00,Running,1,2749.6,10.66,4.6,60.11,46.84,Pump A Running
2026-09-10T18:45:00+00:00,Running,1,2615.6,10.68,4.59,57.31,46.18,Pump A Running
2026-09-10T19:00:00+00:00,Running,1,2797.7,10.61,4.56,58.77,46.8,Pump A Running
2026-09-10T19:15:00+00:00,Running,1,2863.6,10.67,4.62,60.95,47.19,Pump A Running
2026-09-10T19:30:00+00:00,Running,1,2718.0,10.51,4.5,58.93,46.55,Pump A Running
2026-09-10T19:45:00+00:00,Running,1,2879.1,10.53,4.61,60.64,46.5,Pump A Running
2026-09-10T20:00:00+00:00,Running,1,2558.9,10.68,4.74,59.5,47.09,Pump A Running
2026-09-10T20:15:00+00:00,Running,1,3003.9,10.59,4.45,58.94,47.08,Pump A Running
2026-09-10T20:30:00+00:00,Running,1,2645.1,10.7,4.63,58.29,46.33,Pump A Running
2026-09-10T20:45:00+00:00,Running,1,2751.3,10.52,4.67,58.76,47.1,Pump A Running
2026-09-10T21:00:00+00:00,Running,1,2757.6,10.58,4.61,59.11,47.62,Pump A Running
2026-09-10T21:15:00+00:00,Running,1,2733.3,10.58,4.53,61.53,46.9,Pump A Running
2026-09-10T21:30:00+00:00,Running,1,2611.1,10.55,4.56,59.41,46.59,Pump A Running
2026-09-10T21:45:00+00:00,Running,1,2755.6,10.62,4.49,59.1,46.35,Pump A Running
2026-09-10T22:00:00+00:00,Running,1,2640.3,10.6,4.56,59.32,46.78,Pump A Running
2026-09-10T22:15:00+00:00,Running,1,2708.0,10.69,4.51,58.8,46.46,Pump A Running
2026-09-10T22:30:00+00:00,Running,1,2865.8,10.58,4.76,60.77,46.44,Pump A Running
2026-09-10T22:45:00+00:00,Running,1,2731.9,10.61,4.6,58.74,47.39,Pump A Running
2026-09-10T23:00:00+00:00,Running,1,2835.5,10.6,4.55,60.05,46.57,Pump A Running
2026-09-10T23:15:00+00:00,Running,1,2713.6,10.67,4.58,58.17,47.06,Pump A Running
2026-09-10T23:30:00+00:00,Running,1,2722.0,10.67,4.65,58.55,47.33,Pump A Running
2026-09-10T23:45:00+00:00,Running,1,2728.1,10.72,4.5,60.62,46.56,Pump A Running
2026-09-11T00:00:00+00:00,Running,1,2795.2,10.63,4.71,58.39,47.08,Pump A Running
2026-09-11T00:15:00+00:00,Running,1,2714.3,10.49,4.64,60.13,46.72,Pump A Running
2026-09-11T00:30:00+00:00,Running,1,2764.6,10.67,4.53,57.89,46.5,Pump A Running
2026-09-11T00:45:00+00:00,Running,1,2867.6,10.71,4.57,60.04,47.11,Pump A Running
2026-09-11T01:00:00+00:00,Running,1,2720.3,10.58,4.69,60.2,47.42,Pump A Running
2026-09-11T01:15:00+00:00,Running,1,2693.2,10.48,4.52,60.66,46.04,Pump A Running
2026-09-11T01:30:00+00:00,Running,1,2680.8,10.55,4.56,59.91,45.88,Pump A Running
2026-09-11T01:45:00+00:00,Running,1,2799.8,10.51,4.62,60.06,47.01,Pump A Running
2026-09-11T02:00:00+00:00,Stopped,0,0.0,0.0,0.09,0.0,28.78,Pumps Stopped
2026-09-11T02:15:00+00:00,Stopped,0,0.0,0.0,0.11,0.0,28.94,Pumps Stopped
2026-09-11T02:30:00+00:00,Stopped,0,0.0,0.0,0.14,0.0,29.38,Pumps Stopped
2026-09-11T02:45:00+00:00,Stopped,0,0.0,0.0,0.14,0.0,28.87,Pumps Stopped
2026-09-11T03:00:00+00:00,Stopped,0,0.0,0.0,0.08,0.0,28.87,Pumps Stopped
2026-09-11T03:15:00+00:00,Stopped,0,0.0,0.0,0.1,0.0,29.05,Pumps Stopped
2026-09-11T03:30:00+00:00,Running,1,2438.2,10.67,4.64,59.88,46.68,Pump A Running
2026-09-11T03:45:00+00:00,Running,1,2509.9,10.62,4.56,58.25,47.02,Pump A Running
2026-09-11T04:00:00+00:00,Running,1,2783.3,10.61,4.5,60.35,47.49,Pump A Running
2026-09-11T04:15:00+00:00,Running,1,2537.9,10.54,4.5,59.23,47.0,Pump A Running
2026-09-11T04:30:00+00:00,Running,1,2859.1,10.61,4.56,60.21,46.98,Pump A Running
2026-09-11T04:45:00+00:00,Running,1,2657.7,10.65,4.65,59.91,46.49,Pump A Running
2026-09-11T05:00:00+00:00,Running,1,2600.9,10.61,4.69,58.9,46.29,Pump A Running
2026-09-11T05:15:00+00:00,Running,1,2674.0,10.44,4.65,58.26,46.17,Pump A Running
2026-09-11T05:30:00+00:00,Running,1,2629.3,10.51,4.62,56.67,46.54,Pump A Running
2026-09-11T05:45:00+00:00,Running,1,2740.2,10.61,4.56,58.46,46.42,Pump A Running
2026-09-11T06:00:00+00:00,Running,1,2540.4,10.61,4.59,59.21,47.2,Pump A Running
2026-09-11T06:15:00+00:00,Running,1,2635.1,10.61,4.46,59.91,46.32,Pump A Running
2026-09-11T06:30:00+00:00,Running,1,2721.0,10.65,4.72,59.81,47.01,Pump A Running
2026-09-11T06:45:00+00:00,Running,1,2624.6,10.64,4.5,58.32,46.51,Pump A Running
2026-09-11T07:00:00+00:00,Running,1,2522.6,10.49,4.62,59.89,47.1,Pump A Running
2026-09-11T07:15:00+00:00,Running,1,2602.8,10.68,4.64,58.9,47.37,Pump A Running
2026-09-11T07:30:00+00:00,Running,1,2661.0,10.6,4.67,59.95,46.84,Pump A Running
2026-09-11T07:45:00+00:00,Running,1,2569.9,10.63,4.52,61.17,46.93,Pump A Running
2026-09-11T08:00:00+00:00,Running,1,2476.8,10.64,4.52,59.17,47.54,Pump A Running
2026-09-11T08:15:00+00:00,Running,1,2461.0,10.53,4.6,57.3,45.93,Pump A Running
2026-09-11T08:30:00+00:00,Running,1,2497.7,10.69,4.55,59.42,46.94,Pump A Running
2026-09-11T08:45:00+00:00,Running,1,2505.0,10.61,4.69,58.9,46.6,Pump A Running
2026-09-11T09:00:00+00:00,Running,1,2524.2,10.57,4.47,58.48,46.96,Pump A Running
2026-09-11T09:15:00+00:00,Running,1,2586.0,10.58,4.65,58.38,45.88,Pump A Running
2026-09-11T09:30:00+00:00,Running,1,2627.6,10.64,4.7,59.94,46.17,Pump A Running
2026-09-11T09:45:00+00:00,Running,1,2649.7,10.59,4.69,58.64,46.83,Pump A Running
2026-09-11T10:00:00+00:00,Running,1,2599.8,10.65,4.56,60.72,46.37,Pump A Running
2026-09-11T10:15:00+00:00,Running,1,2557.4,10.54,4.61,60.68,46.5,Pump A Running
2026-09-11T10:30:00+00:00,Running,1,2367.5,10.53,4.61,58.11,47.08,Pump A Running
2026-09-11T10:45:00+00:00,Running,1,2397.9,10.6,4.69,58.69,47.15,Pump A Running
2026-09-11T11:00:00+00:00,Running,1,2445.2,10.57,4.66,58.74,46.1,Pump A Running
2026-09-11T11:15:00+00:00,Running,1,2499.5,10.57,4.65,60.88,46.74,Pump A Running
2026-09-11T11:30:00+00:00,Running,1,2506.9,10.7,4.56,58.64,46.85,Pump A Running
2026-09-11T11:45:00+00:00,Running,1,2426.1,10.57,4.64,57.34,46.11,Pump A Running
2026-09-11T12:00:00+00:00,Running,1,2496.3,10.63,4.63,59.95,46.65,Pump A Running
2026-09-11T12:15:00+00:00,Running,1,2335.5,10.76,4.6,58.58,47.46,Pump A Running
2026-09-11T12:30:00+00:00,Running,1,2343.8,10.74,4.61,59.28,47.07,Pump A Running
2026-09-11T12:45:00+00:00,Running,1,2375.1,10.6,4.59,57.94,46.62,Pump A Running
2026-09-11T13:00:00+00:00,Running,1,2444.7,10.59,4.54,60.1,47.14,Pump A Running
2026-09-11T13:15:00+00:00,Running,1,2349.1,10.61,4.53,59.62,47.27,Pump A Running
2026-09-11T13:30:00+00:00,Running,1,2306.2,10.62,4.65,60.57,46.51,Pump A Running
2026-09-11T13:45:00+00:00,Running,1,2343.0,10.58,4.46,57.92,46.71,Pump A Running
2026-09-11T14:00:00+00:00,Running,1,2420.5,10.6,4.84,59.94,46.85,Pump A Running
2026-09-11T14:15:00+00:00,Running,1,2292.9,10.69,4.7,58.88,46.92,Pump A Running
2026-09-11T14:30:00+00:00,Running,1,2424.6,10.6,4.66,58.85,46.17,Pump A Running
2026-09-11T14:45:00+00:00,Running,1,2304.2,10.59,4.57,60.93,47.29,Pump A Running
2026-09-11T15:00:00+00:00,Running,1,2364.3,10.59,4.55,59.55,46.42,Pump A Running
2026-09-11T15:15:00+00:00,Running,1,2461.2,10.58,4.61,57.92,47.59,Pump A Running
2026-09-11T15:30:00+00:00,Running,1,2339.8,10.74,4.62,59.18,46.39,Pump A Running
2026-09-11T15:45:00+00:00,Running,1,2242.7,10.51,4.63,59.21,46.35,Pump A Running
2026-09-11T16:00:00+00:00,Running,1,2332.9,10.68,4.7,59.56,46.64,Pump A Running
2026-09-11T16:15:00+00:00,Running,1,2360.1,10.69,4.56,58.74,46.98,Pump A Running
2026-09-11T16:30:00+00:00,Running,1,2447.3,10.58,4.55,58.65,46.7,Pump A Running
2026-09-11T16:45:00+00:00,Running,1,2270.8,10.54,4.58,58.58,46.91,Pump A Running
2026-09-11T17:00:00+00:00,Running,1,2184.8,10.69,4.59,58.8,45.94,Pump A Running
2026-09-11T17:15:00+00:00,Running,1,2239.1,10.54,4.61,59.1,46.99,Pump A Running
2026-09-11T17:30:00+00:00,Running,1,2410.3,10.63,4.66,59.89,46.64,Pump A Running
2026-09-11T17:45:00+00:00,Running,1,2395.4,10.61,4.63,57.06,46.71,Pump A Running
2026-09-11T18:00:00+00:00,Running,1,2271.3,10.64,4.64,59.87,47.0,Pump A Running
2026-09-11T18:15:00+00:00,Running,1,2192.0,10.73,4.58,56.8,47.49,Pump A Running
2026-09-11T18:30:00+00:00,Running,1,2108.5,10.61,4.72,57.49,46.83,Pump A Running
2026-09-11T18:45:00+00:00,Running,1,2427.7,10.65,4.52,57.77,47.02,Pump A Running
2026-09-11T19:00:00+00:00,Running,1,2280.5,10.53,4.52,60.58,46.21,Pump A Running
2026-09-11T19:15:00+00:00,Running,1,2277.6,10.62,4.63,60.09,46.57,Pump A Running
2026-09-11T19:30:00+00:00,Running,1,2106.5,10.7,4.64,60.27,45.59,Pump A Running
2026-09-11T19:45:00+00:00,Running,1,2205.4,10.57,4.74,58.06,46.49,Pump A Running
2026-09-11T20:00:00+00:00,Running,1,2389.8,10.55,4.48,58.87,47.38,Pump A Running
2026-09-11T20:15:00+00:00,Running,1,2273.6,10.51,4.49,58.67,46.41,Pump A Running
2026-09-11T20:30:00+00:00,Running,1,2153.2,10.67,4.64,59.01,46.61,Pump A Running
2026-09-11T20:45:00+00:00,Running,1,2295.6,10.67,4.72,60.17,46.91,Pump A Running
2026-09-11T21:00:00+00:00,Running,1,2324.4,10.59,4.56,58.1,46.23,Pump A Running
2026-09-11T21:15:00+00:00,Running,1,2264.0,10.67,4.62,61.11,46.89,Pump A Running
2026-09-11T21:30:00+00:00,Running,1,2322.4,10.66,4.59,59.57,46.38,Pump A Running
2026-09-11T21:45:00+00:00,Running,1,2249.1,10.6,4.59,59.36,46.99,Pump A Running
2026-09-11T22:00:00+00:00,Running,1,2322.5,10.66,4.55,59.71,46.7,Pump A Running
2026-09-11T22:15:00+00:00,Running,1,2357.4,10.56,4.64,58.87,46.46,Pump A Running
2026-09-11T22:30:00+00:00,Running,1,2252.8,10.64,4.57,59.17,46.32,Pump A Running
2026-09-11T22:45:00+00:00,Running,1,2263.9,10.59,4.55,59.11,46.69,Pump A Running
2026-09-11T23:00:00+00:00,Running,1,2178.7,10.61,4.6,58.12,46.64,Pump A Running
2026-09-11T23:15:00+00:00,Running,1,2114.4,10.62,4.52,58.55,47.33,Pump A Running
2026-09-11T23:30:00+00:00,Running,1,2177.7,10.59,4.66,59.08,46.68,Pump A Running
2026-09-11T23:45:00+00:00,Running,1,2169.4,10.6,4.62,58.6,47.46,Pump A Running
2026-09-12T00:00:00+00:00,Running,1,2095.4,10.59,4.64,58.35,46.47,Pump A Running
2026-09-12T00:15:00+00:00,Running,1,2138.1,10.64,4.41,58.74,46.63,Pump A Running
2026-09-12T00:30:00+00:00,Running,1,2250.0,10.48,4.69,60.51,46.21,Pump A Running
2026-09-12T00:45:00+00:00,Running,1,2235.9,10.73,4.64,59.58,47.47,Pump A Running
2026-09-12T01:00:00+00:00,Running,1,2132.4,10.55,4.72,59.89,46.85,Pump A Running
2026-09-12T01:15:00+00:00,Running,1,2310.3,10.55,4.55,59.0,46.47,Pump A Running
2026-09-12T01:30:00+00:00,Running,1,2170.0,10.54,4.46,60.49,46.53,Pump A Running
2026-09-12T01:45:00+00:00,Running,1,2212.5,10.61,4.53,59.05,46.8,Pump A Running
2026-09-12T02:00:00+00:00,Stopped,0,0.0,0.0,0.09,0.0,29.03,Pumps Stopped
2026-09-12T02:15:00+00:00,Stopped,0,0.0,0.0,0.13,0.0,29.2,Pumps Stopped
2026-09-12T02:30:00+00:00,Stopped,0,0.0,0.0,0.18,0.0,28.64,Pumps Stopped
2026-09-12T02:45:00+00:00,Stopped,0,0.0,0.0,0.16,0.0,29.04,Pumps Stopped
2026-09-12T03:00:00+00:00,Stopped,0,0.0,0.0,0.15,0.0,28.7,Pumps Stopped
2026-09-12T03:15:00+00:00,Stopped,0,0.0,0.0,0.15,0.0,28.76,Pumps Stopped
2026-09-12T03:30:00+00:00,Running,1,2125.1,10.64,4.6,61.0,46.42,Pump A Running
2026-09-12T03:45:00+00:00,Running,1,2121.5,10.58,4.54,58.73,46.54,Pump A Running
2026-09-12T04:00:00+00:00,Running,1,2212.8,10.63,4.65,58.57,46.59,Pump A Running
2026-09-12T04:15:00+00:00,Running,1,2227.0,10.63,4.62,61.09,46.72,Pump A Running
2026-09-12T04:30:00+00:00,Running,1,2251.0,10.74,4.54,59.87,47.07,Pump A Running
2026-09-12T04:45:00+00:00,Running,1,2242.3,10.66,4.63,59.15,46.75,Pump A Running
2026-09-12T05:00:00+00:00,Running,1,2153.4,10.67,4.68,60.33,46.99,Pump A Running
2026-09-12T05:15:00+00:00,Running,1,2085.7,10.58,4.52,56.85,46.97,Pump A Running
2026-09-12T05:30:00+00:00,Running,1,1958.6,10.69,4.54,60.41,46.94,Pump A Running
2026-09-12T05:45:00+00:00,Running,1,2265.1,10.6,4.66,58.8,46.15,Pump A Running
2026-09-12T06:00:00+00:00,Running,1,2243.0,10.69,4.61,59.04,47.76,Pump A Running
2026-09-12T06:15:00+00:00,Running,1,2087.4,10.61,4.57,59.21,47.2,Pump A Running
2026-09-12T06:30:00+00:00,Running,1,2177.8,10.56,4.53,60.66,46.94,Pump A Running
2026-09-12T06:45:00+00:00,Running,1,2104.7,10.64,4.51,58.17,46.59,Pump A Running
2026-09-12T07:00:00+00:00,Running,1,2132.6,10.42,4.51,59.07,46.06,Pump A Running
2026-09-12T07:15:00+00:00,Running,1,2144.8,10.68,4.43,58.81,46.5,Pump A Running
2026-09-12T07:30:00+00:00,Running,1,2173.3,10.53,4.63,60.05,46.64,Pump A Running
2026-09-12T07:45:00+00:00,Running,1,2116.1,10.49,4.66,58.51,46.44,Pump A Running
2026-09-12T08:00:00+00:00,Running,1,2061.3,10.67,4.45,59.61,47.36,Pump A Running
2026-09-12T08:15:00+00:00,Running,1,2310.8,10.59,4.53,58.51,46.34,Pump A Running
2026-09-12T08:30:00+00:00,Running,1,2266.6,10.54,4.74,58.43,46.07,Pump A Running
2026-09-12T08:45:00+00:00,Running,1,1922.8,10.61,4.68,59.82,47.06,Pump A Running
2026-09-12T09:00:00+00:00,Running,1,2198.8,10.64,4.68,59.32,46.65,Pump A Running
2026-09-12T09:15:00+00:00,Running,1,2176.7,10.6,4.62,58.8,46.26,Pump A Running
2026-09-12T09:30:00+00:00,Running,1,2260.6,10.59,4.68,58.74,47.12,Pump A Running
2026-09-12T09:45:00+00:00,Running,1,2095.9,10.65,4.58,60.62,46.98,Pump A Running
2026-09-12T10:00:00+00:00,Running,1,2151.9,10.58,4.52,60.1,46.43,Pump A Running
2026-09-12T10:15:00+00:00,Running,1,2138.9,10.55,4.59,58.87,47.57,Pump A Running
2026-09-12T10:30:00+00:00,Running,1,2207.1,10.74,4.75,61.15,46.42,Pump A Running
2026-09-12T10:45:00+00:00,Running,1,2247.6,10.59,4.61,58.56,47.12,Pump A Running
2026-09-12T11:00:00+00:00,Running,1,2064.3,10.74,4.69,58.78,46.72,Pump A Running
2026-09-12T11:15:00+00:00,Running,1,2224.8,10.7,4.42,59.28,46.84,Pump A Running
2026-09-12T11:30:00+00:00,Running,1,2304.0,10.74,4.54,59.73,47.28,Pump A Running
2026-09-12T11:45:00+00:00,Running,1,2186.0,10.71,4.55,59.16,46.82,Pump A Running
2026-09-12T12:00:00+00:00,Running,1,2104.4,10.61,4.6,59.45,46.84,Pump A Running
2026-09-12T12:15:00+00:00,Running,1,2219.0,10.56,4.7,59.93,47.03,Pump A Running
2026-09-12T12:30:00+00:00,Running,1,2091.2,10.52,4.53,58.68,45.85,Pump A Running
2026-09-12T12:45:00+00:00,Running,1,2147.1,10.57,4.47,58.66,46.7,Pump A Running
2026-09-12T13:00:00+00:00,Running,1,2303.6,10.6,4.67,60.47,47.29,Pump A Running
2026-09-12T13:15:00+00:00,Running,1,2087.7,10.59,4.66,60.25,46.34,Pump A Running
2026-09-12T13:30:00+00:00,Running,1,2088.7,10.8,4.66,58.96,46.85,Pump A Running
2026-09-12T13:45:00+00:00,Running,1,2072.3,10.58,4.6,59.17,46.49,Pump A Running
2026-09-12T14:00:00+00:00,Running,1,2094.5,10.6,4.48,57.49,46.76,Pump A Running
2026-09-12T14:15:00+00:00,Running,1,2266.5,10.46,4.58,60.01,46.42,Pump A Running
2026-09-12T14:30:00+00:00,Running,1,2120.5,10.53,4.48,61.24,47.17,Pump A Running
2026-09-12T14:45:00+00:00,Running,1,2169.0,10.66,4.58,59.11,46.86,Pump A Running
2026-09-12T15:00:00+00:00,Running,1,2367.6,10.55,4.55,56.21,46.1,Pump A Running
2026-09-12T15:15:00+00:00,Running,1,2496.2,10.6,4.61,58.67,46.73,Pump A Running
2026-09-12T15:30:00+00:00,Running,1,2100.9,10.55,4.44,59.46,46.53,Pump A Running
2026-09-12T15:45:00+00:00,Running,1,2337.0,10.57,4.72,60.35,47.07,Pump A Running
2026-09-12T16:00:00+00:00,Running,1,2261.9,10.56,4.51,59.79,46.7,Pump A Running
2026-09-12T16:15:00+00:00,Running,1,2239.6,10.56,4.59,57.72,46.76,Pump A Running
2026-09-12T16:30:00+00:00,Running,1,2213.5,10.52,4.54,60.92,47.47,Pump A Running
2026-09-12T16:45:00+00:00,Running,1,2154.4,10.59,4.62,59.14,46.89,Pump A Running
2026-09-12T17:00:00+00:00,Running,1,2280.8,10.6,4.54,58.93,47.35,Pump A Running
2026-09-12T17:15:00+00:00,Running,1,2345.2,10.58,4.61,59.33,47.12,Pump A Running
2026-09-12T17:30:00+00:00,Running,1,2170.1,10.45,4.57,58.14,46.76,Pump A Running
2026-09-12T17:45:00+00:00,Running,1,2238.8,10.51,4.59,58.98,46.89,Pump A Running
2026-09-12T18:00:00+00:00,Running,1,2317.5,10.56,4.48,59.34,46.82,Pump A Running
2026-09-12T18:15:00+00:00,Running,1,2225.9,10.66,4.53,57.67,47.65,Pump A Running
2026-09-12T18:30:00+00:00,Running,1,2264.6,10.53,4.52,57.13,46.52,Pump A Running
2026-09-12T18:45:00+00:00,Running,1,2292.0,10.53,4.56,60.24,46.74,Pump A Running
2026-09-12T19:00:00+00:00,Running,1,2388.5,10.7,4.53,57.74,46.81,Pump A Running
2026-09-12T19:15:00+00:00,Running,1,2396.7,10.66,4.61,61.41,47.44,Pump A Running
2026-09-12T19:30:00+00:00,Running,1,2575.3,10.65,4.61,60.55,46.16,Pump A Running
2026-09-12T19:45:00+00:00,Running,1,2519.0,10.66,4.61,58.94,46.84,Pump A Running
2026-09-12T20:00:00+00:00,Running,1,2401.1,10.66,4.69,59.23,46.92,Pump A Running
2026-09-12T20:15:00+00:00,Running,1,2411.3,10.55,4.66,58.24,47.46,Pump A Running
2026-09-12T20:30:00+00:00,Running,1,2556.4,10.67,4.59,58.79,46.36,Pump A Running
2026-09-12T20:45:00+00:00,Running,1,2277.2,10.59,4.57,59.17,46.2,Pump A Running
2026-09-12T21:00:00+00:00,Running,1,2380.2,10.5,4.5,59.53,47.02,Pump A Running
2026-09-12T21:15:00+00:00,Running,1,2268.9,10.53,4.56,58.47,47.03,Pump A Running
2026-09-12T21:30:00+00:00,Running,1,2380.0,10.59,4.68,58.51,46.64,Pump A Running
2026-09-12T21:45:00+00:00,Running,1,2456.5,10.64,4.55,58.34,46.99,Pump A Running
2026-09-12T22:00:00+00:00,Running,1,2483.6,10.59,4.59,58.5,46.86,Pump A Running
2026-09-12T22:15:00+00:00,Running,1,2429.3,10.7,4.63,58.6,46.53,Pump A Running
2026-09-12T22:30:00+00:00,Running,1,2274.3,10.47,4.63,57.93,46.46,Pump A Running
2026-09-12T22:45:00+00:00,Running,1,2437.3,10.54,4.55,59.85,46.46,Pump A Running
2026-09-12T23:00:00+00:00,Running,1,2349.7,10.5,4.53,58.46,46.55,Pump A Running
2026-09-12T23:15:00+00:00,Running,1,2556.0,10.65,4.67,58.51,47.37,Pump A Running
2026-09-12T23:30:00+00:00,Running,1,2572.1,10.69,4.65,57.46,47.32,Pump A Running
2026-09-12T23:45:00+00:00,Running,1,2441.4,10.57,4.58,60.46,46.93,Pump A Running
2026-09-13T00:00:00+00:00,Running,1,2478.4,10.62,4.63,59.13,47.27,Pump A Running
2026-09-13T00:15:00+00:00,Running,1,2603.5,10.63,4.58,59.35,45.94,Pump A Running
2026-09-13T00:30:00+00:00,Running,1,2643.4,10.62,4.68,60.49,46.84,Pump A Running
2026-09-13T00:45:00+00:00,Running,1,2326.3,10.55,4.63,59.82,47.06,Pump A Running
2026-09-13T01:00:00+00:00,Running,1,2444.0,10.62,4.44,59.43,47.51,Pump A Running
2026-09-13T01:15:00+00:00,Running,1,2361.6,10.53,4.6,61.23,47.11,Pump A Running
2026-09-13T01:30:00+00:00,Running,1,2476.3,10.61,4.55,58.73,47.11,Pump A Running
2026-09-13T01:45:00+00:00,Running,1,2444.4,10.63,4.68,59.77,47.65,Pump A Running
2026-09-13T02:00:00+00:00,Stopped,0,0.0,0.0,0.15,0.0,28.69,Pumps Stopped
2026-09-13T02:15:00+00:00,Stopped,0,0.0,0.0,0.16,0.0,29.36,Pumps Stopped
2026-09-13T02:30:00+00:00,Stopped,0,0.0,0.0,0.05,0.0,28.82,Pumps Stopped
2026-09-13T02:45:00+00:00,Stopped,0,0.0,0.0,0.16,0.0,29.22,Pumps Stopped
2026-09-13T03:00:00+00:00,Stopped,0,0.0,0.0,0.11,0.0,29.1,Pumps Stopped
2026-09-13T03:15:00+00:00,Stopped,0,0.0,0.0,0.13,0.0,29.35,Pumps Stopped
2026-09-13T03:30:00+00:00,Running,1,2611.8,10.71,4.61,59.08,47.11,Pump A Running
2026-09-13T03:45:00+00:00,Running,1,2469.6,10.57,4.64,58.21,47.28,Pump A Running
2026-09-13T04:00:00+00:00,Running,1,2499.9,10.53,4.59,59.53,46.72,Pump A Running
2026-09-13T04:15:00+00:00,Running,1,2676.9,10.61,4.6,58.99,46.89,Pump A Running
2026-09-13T04:30:00+00:00,Running,1,2630.9,10.66,4.66,58.59,47.19,Pump A Running
2026-09-13T04:45:00+00:00,Running,1,2612.9,10.56,4.49,57.74,46.44,Pump A Running
2026-09-13T05:00:00+00:00,Running,1,2540.4,10.46,4.56,58.15,46.77,Pump A Running
2026-09-13T05:15:00+00:00,Running,1,2638.8,10.62,4.64,61.67,46.45,Pump A Running
2026-09-13T05:30:00+00:00,Running,1,2550.2,10.53,4.49,57.77,46.97,Pump A Running
2026-09-13T05:45:00+00:00,Running,1,2689.1,10.54,4.6,59.74,46.94,Pump A Running
2026-09-13T06:00:00+00:00,Running,1,2592.5,10.65,4.64,59.68,47.13,Pump A Running
2026-09-13T06:15:00+00:00,Running,1,2728.0,10.69,4.68,61.04,46.79,Pump A Running
2026-09-13T06:30:00+00:00,Running,1,2627.2,10.57,4.58,60.11,46.88,Pump A Running
2026-09-13T06:45:00+00:00,Running,1,2796.2,10.53,4.66,58.12,45.73,Pump A Running
2026-09-13T07:00:00+00:00,Running,1,2764.0,10.53,4.51,59.69,46.65,Pump A Running
2026-09-13T07:15:00+00:00,Running,1,2633.1,10.57,4.56,58.97,46.9,Pump A Running
2026-09-13T07:30:00+00:00,Running,1,2655.4,10.67,4.62,59.71,46.99,Pump A Running
2026-09-13T07:45:00+00:00,Running,1,2530.0,10.68,4.58,58.32,46.72,Pump A Running
2026-09-13T08:00:00+00:00,Running,1,2606.5,10.67,4.65,57.74,46.51,Pump A Running
2026-09-13T08:15:00+00:00,Running,1,2509.6,10.63,4.65,59.15,46.13,Pump A Running
2026-09-13T08:30:00+00:00,Running,1,2580.0,10.57,4.64,57.05,46.83,Pump A Running
2026-09-13T08:45:00+00:00,Running,1,2586.9,10.56,4.75,57.65,47.14,Pump A Running
2026-09-13T09:00:00+00:00,Running,1,2773.0,10.73,4.54,59.38,47.01,Pump A Running
2026-09-13T09:15:00+00:00,Running,1,2533.9,10.65,4.69,59.53,47.24,Pump A Running
2026-09-13T09:30:00+00:00,Running,1,2415.1,10.52,4.65,60.57,46.86,Pump A Running
2026-09-13T09:45:00+00:00,Running,1,2606.6,10.64,4.64,58.54,47.23,Pump A Running
2026-09-13T10:00:00+00:00,Running,1,2701.0,10.61,4.66,58.32,46.83,Pump A Running
2026-09-13T10:15:00+00:00,Running,1,2833.8,10.71,4.68,58.99,46.32,Pump A Running
2026-09-13T10:30:00+00:00,Running,1,2738.9,10.56,4.57,59.26,46.78,Pump A Running
2026-09-13T10:45:00+00:00,Running,1,2740.1,10.61,4.67,59.64,47.07,Pump A Running
2026-09-13T11:00:00+00:00,Running,1,2681.3,10.62,4.56,59.78,46.73,Pump A Running
2026-09-13T11:15:00+00:00,Running,1,2474.1,10.6,4.5,60.23,47.44,Pump A Running
2026-09-13T11:30:00+00:00,Running,1,2489.4,10.54,4.54,61.73,46.96,Pump A Running
2026-09-13T11:45:00+00:00,Running,1,2809.5,10.58,4.56,58.15,46.72,Pump A Running
2026-09-13T12:00:00+00:00,Running,1,2882.3,10.73,4.59,58.68,47.53,Pump A Running
2026-09-13T12:15:00+00:00,Running,1,2855.5,10.62,4.58,59.28,46.52,Pump A Running
2026-09-13T12:30:00+00:00,Running,1,2655.9,10.57,4.53,60.02,46.07,Pump A Running
2026-09-13T12:45:00+00:00,Running,1,2780.6,10.59,4.51,59.6,46.61,Pump A Running
2026-09-13T13:00:00+00:00,Running,1,2676.8,10.63,4.65,59.33,47.1,Pump A Running
2026-09-13T13:15:00+00:00,Running,1,2601.7,10.72,4.59,59.01,46.65,Pump A Running
2026-09-13T13:30:00+00:00,Running,1,2775.2,10.61,4.61,58.11,47.11,Pump A Running
2026-09-13T13:45:00+00:00,Running,1,2766.5,10.64,4.56,58.42,46.58,Pump A Running
2026-09-13T14:00:00+00:00,Running,1,2822.3,10.66,4.66,59.45,46.67,Pump A Running
2026-09-13T14:15:00+00:00,Running,1,2772.3,10.61,4.65,58.43,46.63,Pump A Running
2026-09-13T14:30:00+00:00,Running,1,2626.0,10.59,4.44,60.0,46.81,Pump A Running
2026-09-13T14:45:00+00:00,Running,1,2725.7,10.68,4.6,57.87,47.08,Pump A Running
2026-09-13T15:00:00+00:00,Running,1,2763.3,10.62,4.59,61.08,46.73,Pump A Running
2026-09-13T15:15:00+00:00,Running,1,2714.2,10.67,4.52,59.39,47.09,Pump A Running
2026-09-13T15:30:00+00:00,Running,1,2858.2,10.62,4.7,58.58,47.17,Pump A Running
2026-09-13T15:45:00+00:00,Running,1,2761.2,10.61,4.59,58.68,46.29,Pump A Running
2026-09-13T16:00:00+00:00,Running,1,2803.8,10.56,4.67,56.43,45.93,Pump A Running
2026-09-13T16:15:00+00:00,Running,1,2757.7,10.49,4.67,60.33,47.1,Pump A Running
2026-09-13T16:30:00+00:00,Running,1,2627.4,10.86,4.49,59.06,47.72,Pump A Running
2026-09-13T16:45:00+00:00,Running,1,2662.9,10.59,4.56,60.41,47.53,Pump A Running
2026-09-13T17:00:00+00:00,Running,1,2719.4,10.63,4.65,60.4,47.08,Pump A Running
2026-09-13T17:15:00+00:00,Running,1,2739.0,10.58,4.63,59.71,46.88,Pump A Running
2026-09-13T17:30:00+00:00,Running,1,2718.7,10.64,4.84,58.14,47.06,Pump A Running
2026-09-13T17:45:00+00:00,Running,1,2725.5,10.72,4.47,60.8,46.22,Pump A Running
2026-09-13T18:00:00+00:00,Running,1,2479.1,10.57,4.71,59.7,46.53,Pump A Running
2026-09-13T18:15:00+00:00,Running,1,2805.1,10.49,4.52,56.21,46.09,Pump A Running
2026-09-13T18:30:00+00:00,Running,1,2821.4,10.64,4.67,59.91,46.43,Pump A Running
2026-09-13T18:45:00+00:00,Running,1,2565.4,10.66,4.62,60.28,47.66,Pump A Running
2026-09-13T19:00:00+00:00,Running,1,2640.2,10.65,4.63,57.95,46.78,Pump A Running
2026-09-13T19:15:00+00:00,Running,1,2722.1,10.61,4.7,57.68,46.5,Pump A Running
2026-09-13T19:30:00+00:00,Running,1,2715.6,10.67,4.52,57.99,46.49,Pump A Running
2026-09-13T19:45:00+00:00,Running,1,2717.4,10.55,4.6,56.79,46.54,Pump A Running
2026-09-13T20:00:00+00:00,Running,1,2839.3,10.65,4.54,59.12,46.35,Pump A Running
2026-09-13T20:15:00+00:00,Running,1,2774.2,10.6,4.57,57.84,46.64,Pump A Running
2026-09-13T20:30:00+00:00,Running,1,2712.1,10.58,4.72,59.12,46.18,Pump A Running
2026-09-13T20:45:00+00:00,Running,1,2820.8,10.65,4.73,59.69,47.33,Pump A Running
2026-09-13T21:00:00+00:00,Running,1,2627.1,10.63,4.67,59.2,46.62,Pump A Running
2026-09-13T21:15:00+00:00,Running,1,2719.6,10.49,4.51,60.39,46.33,Pump A Running
2026-09-13T21:30:00+00:00,Running,1,2801.1,10.63,4.59,58.01,47.01,Pump A Running
2026-09-13T21:45:00+00:00,Running,1,2659.7,10.52,4.68,59.27,46.72,Pump A Running
2026-09-13T22:00:00+00:00,Running,1,2624.2,10.66,4.65,57.91,46.55,Pump A Running
2026-09-13T22:15:00+00:00,Running,1,2732.5,10.44,4.52,58.54,46.63,Pump A Running
2026-09-13T22:30:00+00:00,Running,1,2923.3,10.61,4.65,58.16,47.17,Pump A Running
2026-09-13T22:45:00+00:00,Running,1,2783.0,10.51,4.7,58.49,46.54,Pump A Running
2026-09-13T23:00:00+00:00,Running,1,2688.9,10.63,4.67,61.09,46.76,Pump A Running
2026-09-13T23:15:00+00:00,Running,1,2657.2,10.64,4.66,59.18,45.98,Pump A Running
2026-09-13T23:30:00+00:00,Running,1,2718.4,10.63,4.66,58.82,46.82,Pump A Running
2026-09-13T23:45:00+00:00,Running,1,2859.7,10.62,4.54,58.31,46.31,Pump A Running
2026-09-14T00:00:00+00:00,Running,1,2836.9,10.59,4.56,58.25,46.77,Pump A Running
2026-09-14T00:15:00+00:00,Running,1,2800.4,10.55,4.51,59.27,46.66,Pump A Running
2026-09-14T00:30:00+00:00,Running,1,2747.3,10.61,4.58,60.25,47.31,Pump A Running
2026-09-14T00:45:00+00:00,Running,1,2681.1,10.55,4.69,59.15,46.22,Pump A Running
2026-09-14T01:00:00+00:00,Running,1,2574.0,10.62,4.51,57.8,45.87,Pump A Running
2026-09-14T01:15:00+00:00,Running,1,2822.2,10.78,4.57,59.32,46.32,Pump A Running
2026-09-14T01:30:00+00:00,Running,1,2710.6,10.64,4.65,57.86,45.87,Pump A Running
2026-09-14T01:45:00+00:00,Running,1,2442.8,10.64,4.63,57.55,47.01,Pump A Running
2026-09-14T02:00:00+00:00,Stopped,0,0.0,0.0,0.1,0.0,28.76,Pumps Stopped
2026-09-14T02:15:00+00:00,Stopped,0,0.0,0.0,0.07,0.0,29.27,Pumps Stopped
2026-09-14T02:30:00+00:00,Stopped,0,0.0,0.0,0.11,0.0,28.79,Pumps Stopped
2026-09-14T02:45:00+00:00,Stopped,0,0.0,0.0,0.1,0.0,29.19,Pumps Stopped
2026-09-14T03:00:00+00:00,Stopped,0,0.0,0.0,0.1,0.0,29.28,Pumps Stopped
2026-09-14T03:15:00+00:00,Stopped,0,0.0,0.0,0.12,0.0,29.02,Pumps Stopped
2026-09-14T03:30:00+00:00,Running,1,2748.2,10.77,4.51,59.46,46.88,Pump A Running
2026-09-14T03:45:00+00:00,Running,1,2722.5,10.52,4.61,57.52,46.64,Pump A Running
2026-09-14T04:00:00+00:00,Running,1,2594.2,10.68,4.44,61.14,47.38,Pump A Running
2026-09-14T04:15:00+00:00,Running,1,2592.3,10.48,4.54,59.22,47.04,Pump A Running
2026-09-14T04:30:00+00:00,Running,1,2579.2,10.52,4.55,59.33,46.96,Pump A Running
2026-09-14T04:45:00+00:00,Running,1,2673.1,10.61,4.66,59.92,46.68,Pump A Running
2026-09-14T05:00:00+00:00,Running,1,2659.1,10.65,4.54,60.31,46.44,Pump A Running
2026-09-14T05:15:00+00:00,Running,1,2557.1,10.6,4.62,59.3,47.22,Pump A Running
2026-09-14T05:30:00+00:00,Running,1,2729.2,10.56,4.58,57.19,46.74,Pump A Running
2026-09-14T05:45:00+00:00,Running,1,2678.9,10.65,4.65,58.42,47.14,Pump A Running
2026-09-14T06:00:00+00:00,Running,1,2707.8,10.58,4.59,61.44,46.76,Pump A Running
2026-09-14T06:15:00+00:00,Running,1,2578.9,10.61,4.63,58.93,47.56,Pump A Running
2026-09-14T06:30:00+00:00,Running,1,2495.2,10.62,4.57,58.32,46.51,Pump A Running
2026-09-14T06:45:00+00:00,Running,1,2600.5,10.49,4.64,59.01,47.04,Pump A Running
2026-09-14T07:00:00+00:00,Running,1,2560.1,10.65,4.47,58.72,46.98,Pump A Running
2026-09-14T07:15:00+00:00,Running,1,2629.7,10.6,4.57,60.06,46.59,Pump A Running
2026-09-14T07:30:00+00:00,Running,1,2544.2,10.5,4.55,58.79,47.14,Pump A Running
2026-09-14T07:45:00+00:00,Running,1,2542.0,10.46,4.49,59.69,47.45,Pump A Running
2026-09-14T08:00:00+00:00,Running,1,2586.0,10.63,4.52,58.1,47.4,Pump A Running
2026-09-14T08:15:00+00:00,Running,1,2702.4,10.72,4.58,60.52,47.08,Pump A Running
2026-09-14T08:30:00+00:00,Running,1,2428.2,10.66,4.57,59.27,47.26,Pump A Running
2026-09-14T08:45:00+00:00,Running,1,2542.5,10.51,4.62,58.65,47.2,Pump A Running
2026-09-14T09:00:00+00:00,Running,1,2543.8,10.61,4.67,57.79,46.85,Pump A Running
2026-09-14T09:15:00+00:00,Running,1,2532.3,10.69,4.58,58.61,46.2,Pump A Running
2026-09-14T09:30:00+00:00,Running,1,2548.8,10.56,4.64,60.09,46.39,Pump A Running
2026-09-14T09:45:00+00:00,Running,1,2538.9,10.69,4.53,59.92,47.33,Pump A Running
2026-09-14T10:00:00+00:00,Running,1,2568.1,10.67,4.52,57.82,46.74,Pump A Running
2026-09-14T10:15:00+00:00,Running,1,2402.1,10.54,4.61,58.59,46.86,Pump A Running
2026-09-14T10:30:00+00:00,Running,1,2629.9,10.63,4.43,57.47,46.6,Pump A Running
2026-09-14T10:45:00+00:00,Running,1,2577.8,10.53,4.45,58.92,46.79,Pump A Running
2026-09-14T11:00:00+00:00,Running,1,2489.2,10.63,4.48,57.76,46.76,Pump A Running
2026-09-14T11:15:00+00:00,Running,1,2422.4,10.53,4.53,59.52,47.46,Pump A Running
2026-09-14T11:30:00+00:00,Running,1,2356.7,10.58,4.48,58.84,46.74,Pump A Running
2026-09-14T11:45:00+00:00,Running,1,2467.1,10.55,4.58,60.72,47.4,Pump A Running
2026-09-14T12:00:00+00:00,Running,1,2408.6,10.67,4.64,57.97,47.16,Pump A Running
2026-09-14T12:15:00+00:00,Running,1,2567.1,10.59,4.57,58.2,46.8,Pump A Running
2026-09-14T12:30:00+00:00,Running,1,2411.0,10.46,4.66,59.45,46.61,Pump A Running
2026-09-14T12:45:00+00:00,Running,1,2457.1,10.66,4.64,58.33,46.66,Pump A Running
2026-09-14T13:00:00+00:00,Running,1,2310.4,10.59,4.53,59.1,46.59,Pump A Running
2026-09-14T13:15:00+00:00,Running,1,2339.4,10.56,4.6,59.41,46.43,Pump A Running
2026-09-14T13:30:00+00:00,Running,1,2445.0,10.63,4.58,58.49,46.83,Pump A Running
2026-09-14T13:45:00+00:00,Running,1,2266.7,10.45,4.51,59.42,46.38,Pump A Running
2026-09-14T14:00:00+00:00,Running,1,2436.2,10.46,4.63,59.23,47.46,Pump A Running
2026-09-14T14:15:00+00:00,Running,1,2511.2,10.58,4.59,59.6,46.23,Pump A Running
2026-09-14T14:30:00+00:00,Running,1,2274.9,10.51,4.54,60.3,46.84,Pump A Running
2026-09-14T14:45:00+00:00,Running,1,2302.2,10.62,4.54,57.67,47.11,Pump A Running
2026-09-14T15:00:00+00:00,Running,1,2255.4,10.59,4.58,58.25,47.1,Pump A Running
2026-09-14T15:15:00+00:00,Running,1,2398.5,10.51,4.64,60.84,45.93,Pump A Running
2026-09-14T15:30:00+00:00,Running,1,2237.0,10.58,4.66,60.14,47.0,Pump A Running
2026-09-14T15:45:00+00:00,Running,1,2535.0,10.63,4.57,58.07,46.72,Pump A Running
2026-09-14T16:00:00+00:00,Running,1,2343.5,10.48,4.54,58.59,46.35,Pump A Running
2026-09-14T16:15:00+00:00,Running,1,2388.2,10.63,4.54,56.15,47.47,Pump A Running
2026-09-14T16:30:00+00:00,Running,1,2357.1,10.59,4.63,58.65,46.67,Pump A Running
2026-09-14T16:45:00+00:00,Running,1,2475.2,10.43,4.63,59.47,46.8,Pump A Running
2026-09-14T17:00:00+00:00,Running,1,2283.3,10.66,4.6,59.63,46.96,Pump A Running
2026-09-14T17:15:00+00:00,Running,1,2390.1,10.57,4.71,57.58,46.54,Pump A Running
2026-09-14T17:30:00+00:00,Running,1,2213.3,10.63,4.5,58.79,47.09,Pump A Running
2026-09-14T17:45:00+00:00,Running,1,2218.8,10.55,4.51,59.06,46.44,Pump A Running
2026-09-14T18:00:00+00:00,Running,1,2264.7,10.62,4.76,59.04,47.05,Pump A Running
2026-09-14T18:15:00+00:00,Running,1,2176.8,10.53,4.46,59.51,46.67,Pump A Running
2026-09-14T18:30:00+00:00,Running,1,2146.1,10.49,4.45,57.85,47.12,Pump A Running
2026-09-14T18:45:00+00:00,Running,1,2249.7,10.64,4.5,60.41,46.48,Pump A Running
2026-09-14T19:00:00+00:00,Running,1,2235.9,10.6,4.56,59.95,46.84,Pump A Running
2026-09-14T19:15:00+00:00,Running,1,2052.8,10.61,4.55,57.58,47.18,Pump A Running
2026-09-14T19:30:00+00:00,Running,1,2132.0,10.49,4.46,58.7,46.95,Pump A Running
2026-09-14T19:45:00+00:00,Running,1,2252.4,10.63,4.45,58.62,47.03,Pump A Running
2026-09-14T20:00:00+00:00,Running,1,2218.6,10.61,4.62,58.5,46.67,Pump A Running
2026-09-14T20:15:00+00:00,Running,1,2156.4,10.56,4.63,58.48,47.41,Pump A Running
2026-09-14T20:30:00+00:00,Running,1,2066.6,10.63,4.61,59.08,47.25,Pump A Running
2026-09-14T20:45:00+00:00,Running,1,2131.4,10.59,4.5,59.85,46.64,Pump A Running
2026-09-14T21:00:00+00:00,Running,1,2232.4,10.53,4.45,57.53,47.23,Pump A Running
2026-09-14T21:15:00+00:00,Running,1,2284.8,10.62,4.62,58.78,46.89,Pump A Running
2026-09-14T21:30:00+00:00,Running,1,2257.3,10.59,4.64,58.5,47.2,Pump A Running
2026-09-14T21:45:00+00:00,Running,1,2291.6,10.7,4.56,57.77,46.85,Pump A Running
2026-09-14T22:00:00+00:00,Running,1,2280.1,10.44,4.6,56.29,47.06,Pump A Running
2026-09-14T22:15:00+00:00,Running,1,2132.8,10.56,4.69,59.26,46.61,Pump A Running
2026-09-14T22:30:00+00:00,Running,1,2424.3,10.74,4.54,59.76,47.0,Pump A Running
2026-09-14T22:45:00+00:00,Running,1,2152.6,10.6,4.53,58.58,46.44,Pump A Running
2026-09-14T23:00:00+00:00,Running,1,2233.8,10.58,4.61,59.61,45.97,Pump A Running
2026-09-14T23:15:00+00:00,Running,1,2235.6,10.71,4.62,59.77,45.78,Pump A Running
2026-09-14T23:30:00+00:00,Running,1,2196.4,10.54,4.65,59.96,46.46,Pump A Running
2026-09-14T23:45:00+00:00,Running,1,2149.2,10.57,4.59,60.59,47.27,Pump A Running
2026-09-15T00:00:00+00:00,Running,1,2091.1,10.61,4.55,60.73,46.4,Pump A Running
2026-09-15T00:15:00+00:00,Running,1,2151.7,10.5,4.58,57.43,47.07,Pump A Running
2026-09-15T00:30:00+00:00,Running,1,2143.7,10.51,4.47,59.51,47.26,Pump A Running
2026-09-15T00:45:00+00:00,Running,1,2244.8,10.63,4.61,57.75,46.55,Pump A Running
2026-09-15T01:00:00+00:00,Running,1,1980.9,10.53,4.51,58.45,46.84,Pump A Running
2026-09-15T01:15:00+00:00,Running,1,2266.7,10.6,4.75,58.01,47.23,Pump A Running
2026-09-15T01:30:00+00:00,Running,1,2103.6,10.58,4.53,58.97,46.67,Pump A Running
2026-09-15T01:45:00+00:00,Running,1,2121.2,10.74,4.69,58.81,46.39,Pump A Running
2026-09-15T02:00:00+00:00,Stopped,0,0.0,0.0,0.12,0.0,28.94,Pumps Stopped
2026-09-15T02:15:00+00:00,Stopped,0,0.0,0.0,0.13,0.0,28.65,Pumps Stopped
2026-09-15T02:30:00+00:00,Stopped,0,0.0,0.0,0.16,0.0,28.93,Pumps Stopped
2026-09-15T02:45:00+00:00,Stopped,0,0.0,0.0,0.11,0.0,28.83,Pumps Stopped
2026-09-15T03:00:00+00:00,Stopped,0,0.0,0.0,0.11,0.0,29.22,Pumps Stopped
2026-09-15T03:15:00+00:00,Stopped,0,0.0,0.0,0.14,0.0,28.77,Pumps Stopped
2026-09-15T03:30:00+00:00,Running,1,2338.0,10.59,4.56,60.43,46.43,Pump A Running
2026-09-15T03:45:00+00:00,Running,1,2108.6,10.43,4.58,58.71,46.15,Pump A Running
2026-09-15T04:00:00+00:00,Running,1,2036.6,10.69,4.45,60.32,46.66,Pump A Running
2026-09-15T04:15:00+00:00,Running,1,2076.9,10.68,4.63,58.08,47.23,Pump A Running
2026-09-15T04:30:00+00:00,Running,1,2092.7,10.55,4.76,59.82,46.47,Pump A Running
2026-09-15T04:45:00+00:00,Running,1,2211.0,10.49,4.6,57.2,46.58,Pump A Running
2026-09-15T05:00:00+00:00,Running,1,2208.0,10.6,4.51,58.91,46.21,Pump A Running
2026-09-15T05:15:00+00:00,Running,1,2083.6,10.6,4.54,59.62,46.46,Pump A Running
2026-09-15T05:30:00+00:00,Running,1,2279.1,10.57,4.5,58.85,46.54,Pump A Running
2026-09-15T05:45:00+00:00,Running,1,2136.5,10.57,4.62,58.24,46.38,Pump A Running
2026-09-15T06:00:00+00:00,Running,1,2058.8,10.69,4.6,59.99,46.28,Pump A Running
2026-09-15T06:15:00+00:00,Running,1,2127.5,10.69,4.56,60.03,46.97,Pump A Running
2026-09-15T06:30:00+00:00,Running,1,2083.8,10.63,4.7,60.31,47.09,Pump A Running
2026-09-15T06:45:00+00:00,Running,1,2286.4,10.69,4.58,59.48,47.39,Pump A Running
2026-09-15T07:00:00+00:00,Running,1,2087.6,10.53,4.43,60.56,46.79,Pump A Running
2026-09-15T07:15:00+00:00,Running,1,2033.5,10.55,4.57,59.63,46.78,Pump A Running
2026-09-15T07:30:00+00:00,Running,1,2252.8,10.68,4.61,58.44,47.03,Pump A Running
2026-09-15T07:45:00+00:00,Running,1,2170.0,10.66,4.69,56.74,47.6,Pump A Running
2026-09-15T08:00:00+00:00,Running,1,2139.7,10.57,4.73,59.59,47.07,Pump A Running
2026-09-15T08:15:00+00:00,Running,1,2063.3,10.58,4.62,56.9,47.02,Pump A Running
2026-09-15T08:30:00+00:00,Running,1,2206.4,10.7,4.57,59.69,46.91,Pump A Running
2026-09-15T08:45:00+00:00,Running,1,2142.2,10.57,4.58,58.13,46.45,Pump A Running
2026-09-15T09:00:00+00:00,Running,1,2309.9,10.57,4.62,58.59,45.99,Pump A Running
2026-09-15T09:15:00+00:00,Running,1,2104.3,10.65,4.59,59.24,46.72,Pump A Running
2026-09-15T09:30:00+00:00,Running,1,2101.9,10.59,4.6,60.5,46.25,Pump A Running
2026-09-15T09:45:00+00:00,Running,1,2066.2,10.52,4.71,58.5,47.25,Pump A Running
2026-09-15T10:00:00+00:00,Running,1,2049.6,10.66,4.64,57.07,46.41,Pump A Running
2026-09-15T10:15:00+00:00,Running,1,2161.8,10.63,4.55,60.11,46.98,Pump A Running
2026-09-15T10:30:00+00:00,Running,1,2250.9,10.55,4.44,60.54,46.6,Pump A Running
2026-09-15T10:45:00+00:00,Running,1,1869.2,10.54,4.5,58.38,46.57,Pump A Running
2026-09-15T11:00:00+00:00,Running,1,2124.9,10.63,4.45,58.08,47.25,Pump A Running
2026-09-15T11:15:00+00:00,Running,1,2221.7,10.55,4.58,58.18,46.69,Pump A Running
2026-09-15T11:30:00+00:00,Running,1,2199.1,10.58,4.72,59.68,46.71,Pump A Running
2026-09-15T11:45:00+00:00,Running,1,2193.2,10.59,4.58,59.31,46.66,Pump A Running
2026-09-15T12:00:00+00:00,Running,1,2124.0,10.69,4.5,60.53,46.77,Pump A Running
2026-09-15T12:15:00+00:00,Running,1,2138.3,10.62,4.43,57.24,47.33,Pump A Running
2026-09-15T12:30:00+00:00,Running,1,1945.7,10.59,4.61,59.48,46.88,Pump A Running
2026-09-15T12:45:00+00:00,Running,1,2227.5,10.54,4.57,61.02,47.09,Pump A Running
2026-09-15T13:00:00+00:00,Running,1,2285.1,10.52,4.62,58.33,46.25,Pump A Running
2026-09-15T13:15:00+00:00,Running,1,2154.1,10.57,4.48,58.32,47.18,Pump A Running
2026-09-15T13:30:00+00:00,Running,1,2198.9,10.65,4.66,61.28,46.38,Pump A Running
2026-09-15T13:45:00+00:00,Running,1,2085.5,10.61,4.56,58.82,47.06,Pump A Running
2026-09-15T14:00:00+00:00,Running,1,2225.2,10.72,4.62,58.33,46.61,Pump A Running
2026-09-15T14:15:00+00:00,Running,1,2136.3,10.68,4.5,59.88,46.44,Pump A Running
2026-09-15T14:30:00+00:00,Running,1,2304.0,10.55,4.66,60.39,47.02,Pump A Running
2026-09-15T14:45:00+00:00,Running,1,2256.9,10.56,4.55,57.88,46.45,Pump A Running
2026-09-15T15:00:00+00:00,Running,1,2271.7,10.57,4.54,60.03,46.59,Pump A Running
2026-09-15T15:15:00+00:00,Running,1,2126.4,10.56,4.54,58.48,46.3,Pump A Running
2026-09-15T15:30:00+00:00,Running,1,2182.9,10.56,4.74,59.22,47.35,Pump A Running
2026-09-15T15:45:00+00:00,Running,1,2301.4,10.44,4.5,58.66,47.23,Pump A Running
2026-09-15T16:00:00+00:00,Running,1,2252.0,10.6,4.49,60.1,46.45,Pump A Running
2026-09-15T16:15:00+00:00,Running,1,2168.6,10.71,4.61,60.95,47.04,Pump A Running
2026-09-15T16:30:00+00:00,Running,1,2385.5,10.59,4.48,59.71,47.29,Pump A Running
2026-09-15T16:45:00+00:00,Running,1,2308.6,10.53,4.49,58.64,47.11,Pump A Running
2026-09-15T17:00:00+00:00,Running,1,2344.2,10.59,4.7,58.83,46.4,Pump A Running
2026-09-15T17:15:00+00:00,Running,1,2219.6,10.79,4.54,58.39,46.64,Pump A Running
2026-09-15T17:30:00+00:00,Running,1,2331.8,10.6,4.52,58.81,46.89,Pump A Running
2026-09-15T17:45:00+00:00,Running,1,2331.6,10.64,4.58,59.69,46.41,Pump A Running
2026-09-15T18:00:00+00:00,Running,1,2357.9,10.48,4.65,58.82,47.15,Pump A Running
2026-09-15T18:15:00+00:00,Running,1,2249.5,10.68,4.51,58.85,46.26,Pump A Running
2026-09-15T18:30:00+00:00,Running,1,2383.3,10.58,4.64,57.81,46.5,Pump A Running
2026-09-15T18:45:00+00:00,Running,1,2132.2,10.63,4.58,58.85,47.08,Pump A Running
2026-09-15T19:00:00+00:00,Running,1,2369.4,10.55,4.53,59.25,46.92,Pump A Running
2026-09-15T19:15:00+00:00,Running,1,2428.6,10.62,4.58,59.2,47.02,Pump A Running
2026-09-15T19:30:00+00:00,Running,1,2345.0,10.58,4.58,59.03,46.74,Pump A Running
2026-09-15T19:45:00+00:00,Running,1,2235.6,10.51,4.53,58.0,46.08,Pump A Running
2026-09-15T20:00:00+00:00,Running,1,2242.9,10.57,4.47,60.74,46.58,Pump A Running
2026-09-15T20:15:00+00:00,Running,1,2163.6,10.56,4.57,58.43,46.51,Pump A Running
2026-09-15T20:30:00+00:00,Running,1,2435.0,10.64,4.59,57.22,46.87,Pump A Running
2026-09-15T20:45:00+00:00,Running,1,2307.5,10.52,4.7,59.8,47.27,Pump A Running
2026-09-15T21:00:00+00:00,Running,1,2286.6,10.62,4.67,57.41,46.93,Pump A Running
2026-09-15T21:15:00+00:00,Running,1,2392.5,10.65,4.55,58.87,47.29,Pump A Running
2026-09-15T21:30:00+00:00,Running,1,2421.4,10.71,4.61,57.64,46.96,Pump A Running
2026-09-15T21:45:00+00:00,Running,1,2346.3,10.53,4.62,58.91,46.43,Pump A Running
2026-09-15T22:00:00+00:00,Running,1,2153.8,10.66,4.48,59.09,47.09,Pump A Running
2026-09-15T22:15:00+00:00,Running,1,2401.4,10.54,4.71,58.66,46.56,Pump A Running
2026-09-15T22:30:00+00:00,Running,1,2530.3,10.64,4.51,58.29,47.02,Pump A Running
2026-09-15T22:45:00+00:00,Running,1,2423.7,10.54,4.51,59.81,47.31,Pump A Running
2026-09-15T23:00:00+00:00,Running,1,2497.3,10.55,4.63,59.95,46.48,Pump A Running
2026-09-15T23:15:00+00:00,Running,1,2329.7,10.45,4.62,58.23,46.62,Pump A Running
2026-09-15T23:30:00+00:00,Running,1,2348.4,10.58,4.67,59.88,46.94,Pump A Running
2026-09-15T23:45:00+00:00,Running,1,2278.9,10.58,4.61,58.9,47.18,Pump A Running
2026-09-16T00:00:00+00:00,Running,1,2532.8,10.59,4.47,59.95,46.55,Pump A Running
2026-09-16T00:15:00+00:00,Running,1,2506.6,10.51,4.56,59.93,46.54,Pump A Running
2026-09-16T00:30:00+00:00,Running,1,2479.4,10.58,4.53,58.09,46.09,Pump A Running
2026-09-16T00:45:00+00:00,Running,1,2552.7,10.53,4.69,56.68,46.42,Pump A Running
2026-09-16T01:00:00+00:00,Running,1,2523.6,10.63,4.54,59.1,45.98,Pump A Running
2026-09-16T01:15:00+00:00,Running,1,2540.0,10.58,4.65,60.12,46.63,Pump A Running
2026-09-16T01:30:00+00:00,Running,1,2578.0,10.63,4.66,58.7,47.14,Pump A Running
2026-09-16T01:45:00+00:00,Running,1,2491.9,10.46,4.65,59.21,46.54,Pump A Running
2026-09-16T02:00:00+00:00,Stopped,0,0.0,0.0,0.16,0.0,29.24,Pumps Stopped
2026-09-16T02:15:00+00:00,Stopped,0,0.0,0.0,0.18,0.0,29.1,Pumps Stopped
2026-09-16T02:30:00+00:00,Stopped,0,0.0,0.0,0.11,0.0,29.47,Pumps Stopped
2026-09-16T02:45:00+00:00,Stopped,0,0.0,0.0,0.09,0.0,29.08,Pumps Stopped
2026-09-16T03:00:00+00:00,Stopped,0,0.0,0.0,0.12,0.0,29.1,Pumps Stopped
2026-09-16T03:15:00+00:00,Stopped,0,0.0,0.0,0.15,0.0,29.22,Pumps Stopped
2026-09-16T03:30:00+00:00,Running,1,2542.0,10.49,4.56,57.86,46.81,Pump A Running
2026-09-16T03:45:00+00:00,Running,1,2359.7,10.74,4.7,59.53,46.6,Pump A Running
2026-09-16T04:00:00+00:00,Running,1,2596.2,10.64,4.64,56.74,46.85,Pump A Running
2026-09-16T04:15:00+00:00,Running,1,2627.2,10.67,4.62,59.44,46.52,Pump A Running
2026-09-16T04:30:00+00:00,Running,1,2510.4,10.55,4.59,58.13,46.4,Pump A Running
2026-09-16T04:45:00+00:00,Running,1,2438.8,10.63,4.52,59.57,46.71,Pump A Running
2026-09-16T05:00:00+00:00,Running,1,2661.8,10.58,4.76,59.03,46.85,Pump A Running
2026-09-16T05:15:00+00:00,Running,1,2503.8,10.65,4.44,57.56,46.59,Pump A Running
2026-09-16T05:30:00+00:00,Running,1,2507.8,10.69,4.64,57.33,47.6,Pump A Running
2026-09-16T05:45:00+00:00,Running,1,2765.4,10.51,4.62,56.79,46.92,Pump A Running
2026-09-16T06:00:00+00:00,Running,1,2703.4,10.6,4.65,58.86,46.29,Pump A Running
2026-09-16T06:15:00+00:00,Running,1,2531.0,10.6,4.56,60.61,47.61,Pump A Running
2026-09-16T06:30:00+00:00,Running,1,2584.9,10.58,4.39,59.7,46.34,Pump A Running
2026-09-16T06:45:00+00:00,Running,1,2498.9,10.63,4.59,60.14,47.44,Pump A Running
2026-09-16T07:00:00+00:00,Running,1,2671.9,10.59,4.61,57.82,47.08,Pump A Running
2026-09-16T07:15:00+00:00,Running,1,2532.0,10.71,4.56,61.06,46.8,Pump A Running
2026-09-16T07:30:00+00:00,Running,1,2752.6,10.56,4.72,58.59,46.49,Pump A Running
2026-09-16T07:45:00+00:00,Running,1,2625.8,10.63,4.62,59.22,46.41,Pump A Running
2026-09-16T08:00:00+00:00,Running,1,2613.9,10.58,4.53,59.41,47.28,Pump A Running
2026-09-16T08:15:00+00:00,Running,1,2543.6,10.58,4.56,59.41,46.79,Pump A Running
2026-09-16T08:30:00+00:00,Running,1,2725.4,10.65,4.48,59.24,46.86,Pump A Running
2026-09-16T08:45:00+00:00,Running,1,2638.8,10.68,4.61,59.13,46.54,Pump A Running
2026-09-16T09:00:00+00:00,Running,1,2649.3,10.52,4.56,57.91,47.08,Pump A Running
2026-09-16T09:15:00+00:00,Running,1,2643.4,10.59,4.61,58.55,46.09,Pump A Running
2026-09-16T09:30:00+00:00,Running,1,2716.1,10.59,4.55,58.05,46.9,Pump A Running
2026-09-16T09:45:00+00:00,Running,1,2716.0,10.72,4.62,58.32,47.78,Pump A Running
2026-09-16T10:00:00+00:00,Running,1,2684.6,10.51,4.58,59.91,46.28,Pump A Running
2026-09-16T10:15:00+00:00,Running,1,2596.6,10.7,4.58,59.29,46.56,Pump A Running
2026-09-16T10:30:00+00:00,Running,1,2734.0,10.57,4.55,59.2,46.61,Pump A Running
2026-09-16T10:45:00+00:00,Running,1,2732.6,10.63,4.52,58.73,46.75,Pump A Running
2026-09-16T11:00:00+00:00,Running,1,2630.5,10.46,4.52,60.46,46.81,Pump A Running
2026-09-16T11:15:00+00:00,Running,1,2715.5,10.68,4.69,58.58,46.79,Pump A Running
2026-09-16T11:30:00+00:00,Running,1,2804.3,10.51,4.61,60.56,47.58,Pump A Running
2026-09-16T11:45:00+00:00,Running,1,2559.1,10.59,4.75,59.83,48.01,Pump A Running
2026-09-16T12:00:00+00:00,Running,1,2682.0,10.45,4.61,59.06,47.08,Pump A Running
2026-09-16T12:15:00+00:00,Running,1,2738.5,10.54,4.65,58.62,46.7,Pump A Running
2026-09-16T12:30:00+00:00,Running,1,2735.2,10.6,4.61,59.81,46.55,Pump A Running
2026-09-16T12:45:00+00:00,Running,1,2816.1,10.68,4.67,60.06,46.95,Pump A Running
2026-09-16T13:00:00+00:00,Running,1,2577.2,10.57,4.6,56.9,46.23,Pump A Running
2026-09-16T13:15:00+00:00,Running,1,2709.0,10.65,4.43,59.84,45.88,Pump A Running
2026-09-16T13:30:00+00:00,Running,1,2832.3,10.5,4.55,59.48,46.53,Pump A Running
2026-09-16T13:45:00+00:00,Running,1,2606.2,10.65,4.62,58.79,46.82,Pump A Running
2026-09-16T14:00:00+00:00,Running,1,2665.1,10.67,4.5,59.54,46.54,Pump A Running
2026-09-16T14:15:00+00:00,Running,1,2935.0,10.59,4.65,60.12,47.15,Pump A Running
2026-09-16T14:30:00+00:00,Running,1,2727.7,10.68,4.52,58.28,47.06,Pump A Running
2026-09-16T14:45:00+00:00,Running,1,2859.8,10.61,4.59,57.36,46.08,Pump A Running
2026-09-16T15:00:00+00:00,Running,1,2776.6,10.75,4.63,58.74,47.21,Pump A Running
2026-09-16T15:15:00+00:00,Running,1,2831.1,10.6,4.72,58.8,45.91,Pump A Running
2026-09-16T15:30:00+00:00,Running,1,2747.6,10.72,4.48,58.4,47.33,Pump A Running
2026-09-16T15:45:00+00:00,Running,1,2713.0,10.66,4.59,60.45,47.05,Pump A Running
2026-09-16T16:00:00+00:00,Running,1,2850.6,10.67,4.62,56.86,46.83,Pump A Running
2026-09-16T16:15:00+00:00,Running,1,2939.4,10.59,4.44,60.01,46.63,Pump A Running
2026-09-16T16:30:00+00:00,Running,1,2742.3,10.49,4.71,58.65,46.32,Pump A Running
2026-09-16T16:45:00+00:00,Running,1,2740.9,10.55,4.58,60.57,46.46,Pump A Running
2026-09-16T17:00:00+00:00,Running,1,2943.0,10.65,4.69,60.62,47.73,Pump A Running
2026-09-16T17:15:00+00:00,Running,1,2926.4,10.61,4.67,58.95,46.66,Pump A Running
2026-09-16T17:30:00+00:00,Running,1,2762.3,10.68,4.82,60.33,47.01,Pump A Running
2026-09-16T17:45:00+00:00,Running,1,2680.3,10.63,4.6,57.95,46.52,Pump A Running
2026-09-16T18:00:00+00:00,Running,1,2801.6,10.54,4.57,58.31,46.87,Pump A Running
2026-09-16T18:15:00+00:00,Running,1,2829.8,10.52,4.54,59.48,47.02,Pump A Running
2026-09-16T18:30:00+00:00,Running,1,2764.1,10.69,4.6,59.86,46.97,Pump A Running
2026-09-16T18:45:00+00:00,Running,1,2837.3,10.51,4.68,60.95,46.71,Pump A Running
2026-09-16T19:00:00+00:00,Running,1,2664.1,10.5,4.59,59.84,46.91,Pump A Running
2026-09-16T19:15:00+00:00,Running,1,2867.3,10.66,4.47,59.38,46.0,Pump A Running
2026-09-16T19:30:00+00:00,Running,1,2806.9,10.65,4.72,59.7,46.16,Pump A Running
2026-09-16T19:45:00+00:00,Running,1,2781.4,10.59,4.78,60.36,46.56,Pump A Running
2026-09-16T20:00:00+00:00,Running,1,2543.6,10.58,4.48,57.42,47.26,Pump A Running
2026-09-16T20:15:00+00:00,Running,1,2744.7,10.58,4.66,60.27,46.82,Pump A Running
2026-09-16T20:30:00+00:00,Running,1,2896.4,10.46,4.57,60.7,47.01,Pump A Running
2026-09-16T20:45:00+00:00,Running,1,2748.4,10.63,4.74,57.56,46.84,Pump A Running
2026-09-16T21:00:00+00:00,Running,1,2832.8,10.68,4.55,58.65,47.01,Pump A Running
2026-09-16T21:15:00+00:00,Running,1,2951.1,10.6,4.56,57.58,46.78,Pump A Running
2026-09-16T21:30:00+00:00,Running,1,2660.8,10.75,4.42,56.24,46.22,Pump A Running
2026-09-16T21:45:00+00:00,Running,1,2589.2,10.5,4.52,59.37,46.78,Pump A Running
2026-09-16T22:00:00+00:00,Running,1,2837.3,10.61,4.62,59.7,46.21,Pump A Running
2026-09-16T22:15:00+00:00,Running,1,2649.5,10.51,4.67,58.76,47.0,Pump A Running
2026-09-16T22:30:00+00:00,Running,1,2679.9,10.58,4.71,58.41,46.72,Pump A Running
2026-09-16T22:45:00+00:00,Running,1,2877.4,10.64,4.59,58.32,47.62,Pump A Running
2026-09-16T23:00:00+00:00,Running,1,2830.3,10.6,4.62,56.21,46.88,Pump A Running
2026-09-16T23:15:00+00:00,Running,1,2791.9,10.45,4.51,56.77,46.73,Pump A Running
2026-09-16T23:30:00+00:00,Running,1,2821.0,10.48,4.6,58.59,46.59,Pump A Running
2026-09-16T23:45:00+00:00,Running,1,2581.7,10.67,4.79,57.81,46.79,Pump A Running
2026-09-17T00:00:00+00:00,Running,1,2663.1,10.48,4.53,59.26,46.42,Pump A Running
2026-09-17T00:15:00+00:00,Running,1,2675.6,10.6,4.62,60.27,46.89,Pump A Running
2026-09-17T00:30:00+00:00,Running,1,2719.0,10.47,4.57,58.58,46.91,Pump A Running
2026-09-17T00:45:00+00:00,Running,1,2769.9,10.66,4.55,57.71,47.12,Pump A Running
2026-09-17T01:00:00+00:00,Running,1,2709.2,10.71,4.59,59.19,47.18,Pump A Running
2026-09-17T01:15:00+00:00,Running,1,2623.5,10.68,4.73,59.11,46.19,Pump A Running
2026-09-17T01:30:00+00:00,Running,1,2658.4,10.62,4.46,59.15,46.63,Pump A Running
2026-09-17T01:45:00+00:00,Running,1,2464.1,10.71,4.55,58.37,47.05,Pump A Running
2026-09-17T02:00:00+00:00,Stopped,0,0.0,0.0,0.12,0.0,29.19,Pumps Stopped
2026-09-17T02:15:00+00:00,Stopped,0,0.0,0.0,0.12,0.0,29.2,Pumps Stopped
2026-09-17T02:30:00+00:00,Stopped,0,0.0,0.0,0.15,0.0,29.27,Pumps Stopped
2026-09-17T02:45:00+00:00,Stopped,0,0.0,0.0,0.07,0.0,29.26,Pumps Stopped
2026-09-17T03:00:00+00:00,Stopped,0,0.0,0.0,0.08,0.0,28.81,Pumps Stopped
2026-09-17T03:15:00+00:00,Stopped,0,0.0,0.0,0.1,0.0,29.22,Pumps Stopped
2026-09-17T03:30:00+00:00,Running,1,2557.5,10.5,4.56,59.41,47.01,Pump A Running
2026-09-17T03:45:00+00:00,Running,1,2664.2,10.63,4.64,57.42,46.91,Pump A Running
2026-09-17T04:00:00+00:00,Running,1,2593.5,10.67,4.52,60.02,47.28,Pump A Running
2026-09-17T04:15:00+00:00,Running,1,2614.0,10.62,4.66,59.27,46.76,Pump A Running
2026-09-17T04:30:00+00:00,Running,1,2519.7,10.52,4.55,59.42,46.9,Pump A Running
2026-09-17T04:45:00+00:00,Running,1,2685.7,10.6,4.6,57.95,47.32,Pump A Running
2026-09-17T05:00:00+00:00,Running,1,2749.6,10.62,4.64,58.56,46.28,Pump A Running
2026-09-17T05:15:00+00:00,Running,1,2698.9,10.62,4.7,59.64,46.76,Pump A Running
2026-09-17T05:30:00+00:00,Running,1,2627.4,10.59,4.59,59.87,47.45,Pump A Running
2026-09-17T05:45:00+00:00,Running,1,2675.1,10.73,4.53,58.6,46.36,Pump A Running
2026-09-17T06:00:00+00:00,Running,1,2626.6,10.48,4.64,59.87,46.62,Pump A Running
2026-09-17T06:15:00+00:00,Running,1,2510.8,10.66,4.48,61.04,47.05,Pump A Running
2026-09-17T06:30:00+00:00,Running,1,2509.3,10.55,4.53,59.21,46.5,Pump A Running
2026-09-17T06:45:00+00:00,Running,1,2494.6,10.67,4.54,57.93,47.18,Pump A Running
2026-09-17T07:00:00+00:00,Running,1,2724.7,10.59,4.58,58.44,46.86,Pump A Running
2026-09-17T07:15:00+00:00,Running,1,2690.9,10.53,4.55,60.22,46.82,Pump A Running
2026-09-17T07:30:00+00:00,Running,1,2497.7,10.71,4.7,57.23,46.38,Pump A Running
2026-09-17T07:45:00+00:00,Running,1,2802.5,10.67,4.6,58.72,46.23,Pump A Running
2026-09-17T08:00:00+00:00,Running,1,2555.5,10.63,4.55,58.69,46.62,Pump A Running
2026-09-17T08:15:00+00:00,Running,1,2473.7,10.67,4.47,57.71,46.75,Pump A Running
2026-09-17T08:30:00+00:00,Running,1,2460.4,10.56,4.62,60.37,46.61,Pump A Running
2026-09-17T08:45:00+00:00,Running,1,2540.2,10.68,4.54,59.93,47.11,Pump A Running
2026-09-17T09:00:00+00:00,Running,1,2484.5,10.66,4.63,58.34,46.29,Pump A Running
2026-09-17T09:15:00+00:00,Running,1,2565.5,10.54,4.67,57.29,46.72,Pump A Running
2026-09-17T09:30:00+00:00,Running,1,2637.9,10.67,4.78,59.11,46.45,Pump A Running
2026-09-17T09:45:00+00:00,Running,1,2500.1,10.7,4.52,58.6,46.84,Pump A Running
2026-09-17T10:00:00+00:00,Running,1,2520.5,10.66,4.68,60.7,46.92,Pump A Running
2026-09-17T10:15:00+00:00,Running,1,2570.6,10.66,4.77,59.89,46.26,Pump A Running
2026-09-17T10:30:00+00:00,Running,1,2507.7,10.65,4.59,59.35,46.91,Pump A Running
2026-09-17T10:45:00+00:00,Running,1,2566.2,10.63,4.63,58.42,47.19,Pump A Running
2026-09-17T11:00:00+00:00,Running,1,2706.0,10.53,4.66,60.63,46.47,Pump A Running
2026-09-17T11:15:00+00:00,Running,1,2362.7,10.62,4.61,58.87,47.64,Pump A Running
2026-09-17T11:30:00+00:00,Running,1,2389.8,10.54,4.52,58.89,47.75,Pump A Running
2026-09-17T11:45:00+00:00,Running,1,2471.8,10.52,4.7,59.49,46.06,Pump A Running
2026-09-17T12:00:00+00:00,Running,1,2418.0,10.68,4.6,59.78,47.25,Pump A Running
2026-09-17T12:15:00+00:00,Running,1,2395.8,10.63,4.6,57.73,46.66,Pump A Running
2026-09-17T12:30:00+00:00,Running,1,2592.8,10.53,4.72,59.68,47.06,Pump A Running
2026-09-17T12:45:00+00:00,Running,1,2433.6,10.56,4.63,60.21,46.67,Pump A Running
2026-09-17T13:00:00+00:00,Running,1,2247.6,10.77,4.6,60.89,46.43,Pump A Running
2026-09-17T13:15:00+00:00,Running,1,2433.4,10.59,4.59,61.02,46.1,Pump A Running
2026-09-17T13:30:00+00:00,Running,1,2574.4,10.57,4.62,57.59,47.72,Pump A Running
2026-09-17T13:45:00+00:00,Running,1,2587.6,10.57,4.71,59.41,46.9,Pump A Running
2026-09-17T14:00:00+00:00,Running,1,2554.7,10.65,4.52,58.37,46.6,Pump A Running
2026-09-17T14:15:00+00:00,Running,1,2360.3,10.74,4.59,59.15,47.49,Pump A Running
2026-09-17T14:30:00+00:00,Running,1,2350.8,10.67,4.56,58.84,46.61,Pump A Running
2026-09-17T14:45:00+00:00,Running,1,2392.4,10.66,4.67,59.45,47.02,Pump A Running
2026-09-17T15:00:00+00:00,Running,1,2413.0,10.7,4.67,58.81,46.01,Pump A Running
2026-09-17T15:15:00+00:00,Running,1,2374.6,10.52,4.7,59.22,46.56,Pump A Running
2026-09-17T15:30:00+00:00,Running,1,2425.2,10.62,4.66,59.7,47.27,Pump A Running
2026-09-17T15:45:00+00:00,Running,1,2358.7,10.74,4.58,58.68,46.22,Pump A Running
2026-09-17T16:00:00+00:00,Running,1,2420.8,10.54,4.64,59.84,45.99,Pump A Running
2026-09-17T16:15:00+00:00,Running,1,2328.9,10.58,4.61,60.77,46.91,Pump A Running
2026-09-17T16:30:00+00:00,Running,1,2348.0,10.62,4.51,57.05,46.75,Pump A Running
2026-09-17T16:45:00+00:00,Running,1,2402.1,10.62,4.54,57.44,46.69,Pump A Running
2026-09-17T17:00:00+00:00,Running,1,2390.4,10.54,4.6,59.13,46.77,Pump A Running
2026-09-17T17:15:00+00:00,Running,1,2191.5,10.56,4.46,58.69,47.3,Pump A Running
2026-09-17T17:30:00+00:00,Running,1,2310.2,10.65,4.68,58.48,46.44,Pump A Running
2026-09-17T17:45:00+00:00,Running,1,2217.1,10.54,4.59,58.91,46.52,Pump A Running
2026-09-17T18:00:00+00:00,Running,1,2308.2,10.56,4.41,60.5,47.34,Pump A Running
2026-09-17T18:15:00+00:00,Running,1,2338.2,10.73,4.5,59.6,47.04,Pump A Running
2026-09-17T18:30:00+00:00,Running,1,2267.1,10.64,4.52,60.67,46.87,Pump A Running
2026-09-17T18:45:00+00:00,Running,1,2176.6,10.55,4.64,60.11,47.06,Pump A Running
2026-09-17T19:00:00+00:00,Running,1,2173.9,10.61,4.63,57.63,46.59,Pump A Running
2026-09-17T19:15:00+00:00,Running,1,2451.9,10.57,4.52,59.32,46.4,Pump A Running
2026-09-17T19:30:00+00:00,Running,1,2303.2,10.6,4.5,60.32,46.4,Pump A Running
2026-09-17T19:45:00+00:00,Running,1,2073.1,10.66,4.53,58.94,46.63,Pump A Running
2026-09-17T20:00:00+00:00,Running,1,2354.0,10.75,4.5,60.1,46.89,Pump A Running
2026-09-17T20:15:00+00:00,Running,1,2245.7,10.45,4.73,59.53,46.84,Pump A Running
2026-09-17T20:30:00+00:00,Running,1,2094.5,10.66,4.57,58.85,47.04,Pump A Running
2026-09-17T20:45:00+00:00,Running,1,2212.5,10.58,4.63,57.91,46.58,Pump A Running
2026-09-17T21:00:00+00:00,Running,1,2348.2,10.49,4.56,58.59,47.21,Pump A Running
2026-09-17T21:15:00+00:00,Running,1,2171.5,10.51,4.45,58.39,47.51,Pump A Running
2026-09-17T21:30:00+00:00,Running,1,2429.3,10.58,4.59,58.56,46.63,Pump A Running
2026-09-17T21:45:00+00:00,Running,1,2329.2,10.59,4.59,58.05,46.61,Pump A Running
2026-09-17T22:00:00+00:00,Running,1,2219.5,10.66,4.58,59.87,46.77,Pump A Running
2026-09-17T22:15:00+00:00,Running,1,2137.0,10.54,4.53,59.19,46.94,Pump A Running
2026-09-17T22:30:00+00:00,Running,1,2200.4,10.61,4.66,60.05,47.63,Pump A Running
2026-09-17T22:45:00+00:00,Running,1,2223.2,10.56,4.54,58.71,46.17,Pump A Running
2026-09-17T23:00:00+00:00,Running,1,2089.2,10.57,4.75,58.85,46.52,Pump A Running
2026-09-17T23:15:00+00:00,Running,1,2244.9,10.52,4.67,56.99,47.12,Pump A Running
2026-09-17T23:30:00+00:00,Running,1,2153.9,10.6,4.62,59.68,47.07,Pump A Running
2026-09-17T23:45:00+00:00,Running,1,2300.4,10.67,4.57,58.52,47.31,Pump A Running
2026-09-18T00:00:00+00:00,Running,1,2209.5,10.67,4.65,57.8,47.65,Pump A Running
2026-09-18T00:15:00+00:00,Running,1,2223.9,10.42,4.53,60.35,46.32,Pump A Running
2026-09-18T00:30:00+00:00,Running,1,2269.9,10.59,4.55,59.01,46.9,Pump A Running
2026-09-18T00:45:00+00:00,Running,1,2147.2,10.67,4.64,59.11,46.45,Pump A Running
2026-09-18T01:00:00+00:00,Running,1,2185.9,10.58,4.59,58.32,47.06,Pump A Running
2026-09-18T01:15:00+00:00,Running,1,1983.8,10.65,4.6,58.55,46.39,Pump A Running
2026-09-18T01:30:00+00:00,Running,1,2136.0,10.49,4.64,59.77,46.66,Pump A Running
2026-09-18T01:45:00+00:00,Running,1,2069.8,10.57,4.43,58.96,46.66,Pump A Running
2026-09-18T02:00:00+00:00,Stopped,0,0.0,0.0,0.1,0.0,28.59,Pumps Stopped
2026-09-18T02:15:00+00:00,Stopped,0,0.0,0.0,0.17,0.0,28.9,Pumps Stopped
2026-09-18T02:30:00+00:00,Stopped,0,0.0,0.0,0.18,0.0,28.9,Pumps Stopped
2026-09-18T02:45:00+00:00,Stopped,0,0.0,0.0,0.07,0.0,29.29,Pumps Stopped
2026-09-18T03:00:00+00:00,Stopped,0,0.0,0.0,0.08,0.0,28.92,Pumps Stopped
2026-09-18T03:15:00+00:00,Stopped,0,0.0,0.0,0.15,0.0,29.34,Pumps Stopped
2026-09-18T03:30:00+00:00,Running,1,2151.2,10.7,4.47,59.04,47.2,Pump A Running
2026-09-18T03:45:00+00:00,Running,1,2024.9,10.66,4.66,60.98,47.3,Pump A Running
2026-09-18T04:00:00+00:00,Running,1,2299.5,10.57,4.47,58.53,46.62,Pump A Running
2026-09-18T04:15:00+00:00,Running,1,2024.7,10.63,4.65,60.11,46.47,Pump A Running
2026-09-18T04:30:00+00:00,Running,1,2115.2,10.65,4.57,57.25,47.39,Pump A Running
2026-09-18T04:45:00+00:00,Running,1,2164.0,10.67,4.6,58.64,46.48,Pump A Running
2026-09-18T05:00:00+00:00,Running,1,2146.8,10.63,4.66,56.83,46.49,Pump A Running
2026-09-18T05:15:00+00:00,Running,1,2301.3,10.61,4.55,57.51,46.78,Pump A Running
2026-09-18T05:30:00+00:00,Running,1,2026.1,10.61,4.63,58.83,46.54,Pump A Running
2026-09-18T05:45:00+00:00,Running,1,2228.9,10.67,4.49,60.99,47.14,Pump A Running
2026-09-18T06:00:00+00:00,Running,1,2270.6,10.67,4.59,58.78,46.98,Pump A Running
2026-09-18T06:15:00+00:00,Running,1,2008.5,10.6,4.56,58.79,46.69,Pump A Running
2026-09-18T06:30:00+00:00,Running,1,2070.4,10.75,4.6,58.98,46.63,Pump A Running
2026-09-18T06:45:00+00:00,Running,1,1979.1,10.55,4.77,60.12,47.06,Pump A Running
2026-09-18T07:00:00+00:00,Running,1,2259.3,10.55,4.61,58.31,47.21,Pump A Running
2026-09-18T07:15:00+00:00,Running,1,2192.3,10.68,4.68,59.46,46.84,Pump A Running
2026-09-18T07:30:00+00:00,Running,1,2215.7,10.61,4.64,59.04,46.91,Pump A Running
2026-09-18T07:45:00+00:00,Running,1,1931.7,10.51,4.69,56.82,46.56,Pump A Running
2026-09-18T08:00:00+00:00,Running,1,2077.3,10.49,4.65,59.16,46.91,Pump A Running
2026-09-18T08:15:00+00:00,Running,1,2147.8,10.64,4.48,58.77,46.96,Pump A Running
2026-09-18T08:30:00+00:00,Running,1,2179.4,10.75,4.64,58.33,47.43,Pump A Running
2026-09-18T08:45:00+00:00,Running,1,2169.8,10.68,4.57,59.66,46.93,Pump A Running
2026-09-18T09:00:00+00:00,Running,1,2214.3,10.57,4.72,59.62,46.48,Pump A Running
2026-09-18T09:15:00+00:00,Running,1,2281.9,10.59,4.55,58.2,46.68,Pump A Running
2026-09-18T09:30:00+00:00,Running,1,2212.8,10.57,4.75,59.02,46.69,Pump A Running
2026-09-18T09:45:00+00:00,Running,1,2228.6,10.51,4.59,57.89,46.49,Pump A Running
2026-09-18T10:00:00+00:00,Running,1,2144.4,10.56,4.61,57.44,46.96,Pump A Running
2026-09-18T10:15:00+00:00,Running,1,2188.4,10.66,4.58,58.11,46.39,Pump A Running
2026-09-18T10:30:00+00:00,Running,1,2253.5,10.63,4.49,59.97,47.37,Pump A Running
2026-09-18T10:45:00+00:00,Running,1,2231.0,10.5,4.52,59.81,47.28,Pump A Running
2026-09-18T11:00:00+00:00,Running,1,2259.1,10.68,4.57,57.52,46.92,Pump A Running
2026-09-18T11:15:00+00:00,Running,1,2149.0,10.59,4.48,59.58,46.14,Pump A Running
2026-09-18T11:30:00+00:00,Running,1,2255.5,10.53,4.73,57.9,46.6,Pump A Running
2026-09-18T11:45:00+00:00,Running,1,2067.2,10.54,4.63,60.6,47.15,Pump A Running
2026-09-18T12:00:00+00:00,Running,1,2252.3,10.63,4.51,59.06,47.72,Pump A Running
2026-09-18T12:15:00+00:00,Running,1,2171.1,10.64,4.66,58.34,46.47,Pump A Running
2026-09-18T12:30:00+00:00,Running,1,2243.5,10.65,4.7,58.9,47.25,Pump A Running
2026-09-18T12:45:00+00:00,Running,1,2052.6,10.66,4.69,58.68,46.91,Pump A Running
2026-09-18T13:00:00+00:00,Running,1,2165.5,10.53,4.55,58.6,47.36,Pump A Running
2026-09-18T13:15:00+00:00,Running,1,2340.6,10.55,4.55,59.32,47.19,Pump A Running
2026-09-18T13:30:00+00:00,Running,1,2219.1,10.65,4.43,58.54,46.95,Pump A Running
2026-09-18T13:45:00+00:00,Running,1,2082.4,10.57,4.43,60.73,47.11,Pump A Running
2026-09-18T14:00:00+00:00,Running,1,2222.9,10.58,4.74,56.32,46.12,Pump A Running
2026-09-18T14:15:00+00:00,Running,1,2281.7,10.6,4.58,60.28,46.8,Pump A Running
2026-09-18T14:30:00+00:00,Running,1,2291.5,10.49,4.45,58.21,47.2,Pump A Running
2026-09-18T14:45:00+00:00,Running,1,2319.4,10.48,4.54,58.26,47.49,Pump A Running
2026-09-18T15:00:00+00:00,Running,1,2297.5,10.57,4.63,58.59,46.52,Pump A Running
2026-09-18T15:15:00+00:00,Running,1,2182.5,10.68,4.59,59.37,47.13,Pump A Running
2026-09-18T15:30:00+00:00,Running,1,2416.1,10.63,4.6,55.53,46.45,Pump A Running
2026-09-18T15:45:00+00:00,Running,1,2261.5,10.63,4.59,59.45,47.06,Pump A Running
2026-09-18T16:00:00+00:00,Running,1,2218.6,10.55,4.62,58.39,47.08,Pump A Running
2026-09-18T16:15:00+00:00,Running,1,2158.6,10.65,4.58,59.12,47.39,Pump A Running
2026-09-18T16:30:00+00:00,Running,1,2241.0,10.61,4.52,59.61,46.64,Pump A Running
2026-09-18T16:45:00+00:00,Running,1,2300.8,10.45,4.58,59.91,47.62,Pump A Running
2026-09-18T17:00:00+00:00,Running,1,2355.3,10.52,4.64,59.5,46.95,Pump A Running
2026-09-18T17:15:00+00:00,Running,1,2374.1,10.66,4.66,58.17,47.26,Pump A Running
2026-09-18T17:30:00+00:00,Running,1,2262.1,10.6,4.57,60.05,46.57,Pump A Running
2026-09-18T17:45:00+00:00,Running,1,2482.4,10.63,4.47,58.68,46.27,Pump A Running
2026-09-18T18:00:00+00:00,Running,1,2216.6,10.56,4.57,58.8,47.08,Pump A Running
2026-09-18T18:15:00+00:00,Running,1,2315.1,10.51,4.58,58.46,46.59,Pump A Running
2026-09-18T18:30:00+00:00,Running,1,2246.2,10.71,4.54,57.36,46.8,Pump A Running
2026-09-18T18:45:00+00:00,Running,1,2322.5,10.72,4.74,60.0,46.47,Pump A Running
2026-09-18T19:00:00+00:00,Running,1,2190.3,10.65,4.63,59.12,46.48,Pump A Running
2026-09-18T19:15:00+00:00,Running,1,2269.7,10.74,4.42,57.51,46.99,Pump A Running
2026-09-18T19:30:00+00:00,Running,1,2390.6,10.77,4.59,59.46,47.06,Pump A Running
2026-09-18T19:45:00+00:00,Running,1,2395.9,10.58,4.6,59.24,47.26,Pump A Running
2026-09-18T20:00:00+00:00,Running,1,2351.4,10.59,4.63,58.04,46.66,Pump A Running
2026-09-18T20:15:00+00:00,Running,1,2338.5,10.66,4.41,58.78,46.73,Pump A Running
2026-09-18T20:30:00+00:00,Running,1,2291.8,10.62,4.56,58.74,46.6,Pump A Running
2026-09-18T20:45:00+00:00,Running,1,2343.4,10.66,4.56,58.91,46.78,Pump A Running
2026-09-18T21:00:00+00:00,Running,1,2396.2,10.56,4.66,58.62,47.21,Pump A Running
2026-09-18T21:15:00+00:00,Running,1,2215.6,10.62,4.69,57.59,46.16,Pump A Running
2026-09-18T21:30:00+00:00,Running,1,2328.2,10.69,4.5,57.28,47.22,Pump A Running
2026-09-18T21:45:00+00:00,Running,1,2338.5,10.69,4.49,60.34,46.77,Pump A Running
2026-09-18T22:00:00+00:00,Running,1,2279.5,10.59,4.65,58.87,47.2,Pump A Running
2026-09-18T22:15:00+00:00,Running,1,2368.3,10.51,4.51,59.68,46.26,Pump A Running
2026-09-18T22:30:00+00:00,Running,1,2334.6,10.65,4.68,58.62,46.67,Pump A Running
2026-09-18T22:45:00+00:00,Running,1,2416.9,10.63,4.46,58.58,46.65,Pump A Running
2026-09-18T23:00:00+00:00,Running,1,2422.8,10.66,4.63,59.16,46.7,Pump A Running
2026-09-18T23:15:00+00:00,Running,1,2514.3,10.55,4.66,57.91,46.69,Pump A Running
2026-09-18T23:30:00+00:00,Running,1,2439.1,10.57,4.6,59.84,46.73,Pump A Running
2026-09-18T23:45:00+00:00,Running,1,2435.7,10.63,4.54,58.73,46.73,Pump A Running
2026-09-19T00:00:00+00:00,Running,1,2322.1,10.58,4.54,59.93,47.27,Pump A Running
2026-09-19T00:15:00+00:00,Running,1,2397.1,10.56,4.66,59.22,47.5,Pump A Running
2026-09-19T00:30:00+00:00,Running,1,2372.8,10.49,4.57,59.19,47.01,Pump A Running
2026-09-19T00:45:00+00:00,Running,1,2579.3,10.63,4.69,58.06,47.28,Pump A Running
2026-09-19T01:00:00+00:00,Running,1,2395.2,10.67,4.52,57.51,47.52,Pump A Running
2026-09-19T01:15:00+00:00,Running,1,2393.1,10.52,4.66,58.44,46.96,Pump A Running
2026-09-19T01:30:00+00:00,Running,1,2602.6,10.68,4.58,59.45,46.58,Pump A Running
2026-09-19T01:45:00+00:00,Running,1,2766.6,10.63,4.57,58.77,46.37,Pump A Running
2026-09-19T02:00:00+00:00,Stopped,0,0.0,0.0,0.11,0.0,28.89,Pumps Stopped
2026-09-19T02:15:00+00:00,Stopped,0,0.0,0.0,0.12,0.0,28.77,Pumps Stopped
2026-09-19T02:30:00+00:00,Stopped,0,0.0,0.0,0.15,0.0,29.02,Pumps Stopped
2026-09-19T02:45:00+00:00,Stopped,0,0.0,0.0,0.12,0.0,28.91,Pumps Stopped
2026-09-19T03:00:00+00:00,Stopped,0,0.0,0.0,0.09,0.0,28.61,Pumps Stopped
2026-09-19T03:15:00+00:00,Stopped,0,0.0,0.0,0.11,0.0,28.55,Pumps Stopped
2026-09-19T03:30:00+00:00,Running,1,2765.3,10.63,4.5,59.24,46.57,Pump A Running
2026-09-19T03:45:00+00:00,Running,1,2596.7,10.72,4.64,59.49,46.81,Pump A Running
2026-09-19T04:00:00+00:00,Running,1,2574.9,10.57,4.58,57.71,46.48,Pump A Running
2026-09-19T04:15:00+00:00,Running,1,2568.2,10.62,4.57,59.73,47.13,Pump A Running
2026-09-19T04:30:00+00:00,Running,1,2517.0,10.57,4.65,58.56,46.67,Pump A Running
2026-09-19T04:45:00+00:00,Running,1,2569.5,10.51,4.53,57.51,46.67,Pump A Running
2026-09-19T05:00:00+00:00,Running,1,2568.4,10.55,4.5,60.68,46.82,Pump A Running
2026-09-19T05:15:00+00:00,Running,1,2602.1,10.68,4.53,59.38,46.51,Pump A Running
2026-09-19T05:30:00+00:00,Running,1,2745.0,10.64,4.65,57.68,46.36,Pump A Running
2026-09-19T05:45:00+00:00,Running,1,2654.4,10.66,4.55,59.07,46.83,Pump A Running
2026-09-19T06:00:00+00:00,Running,1,2676.4,10.61,4.44,58.74,46.13,Pump A Running
2026-09-19T06:15:00+00:00,Running,1,2582.4,10.55,4.59,58.74,46.67,Pump A Running
2026-09-19T06:30:00+00:00,Running,1,2617.2,10.55,4.62,60.92,46.92,Pump A Running
2026-09-19T06:45:00+00:00,Running,1,2483.3,10.58,4.51,59.74,46.6,Pump A Running
2026-09-19T07:00:00+00:00,Running,1,2608.5,10.51,4.71,58.52,46.98,Pump A Running
2026-09-19T07:15:00+00:00,Running,1,2729.0,10.62,4.68,60.78,46.59,Pump A Running
2026-09-19T07:30:00+00:00,Running,1,2564.1,10.61,4.64,59.7,47.09,Pump A Running
2026-09-19T07:45:00+00:00,Running,1,2624.4,10.52,4.66,55.98,47.31,Pump A Running
2026-09-19T08:00:00+00:00,Running,1,2749.1,10.51,4.57,59.24,46.05,Pump A Running
2026-09-19T08:15:00+00:00,Running,1,2817.4,10.66,4.64,57.16,47.09,Pump A Running
2026-09-19T08:30:00+00:00,Running,1,2627.9,10.57,4.71,59.55,46.45,Pump A Running
2026-09-19T08:45:00+00:00,Running,1,2686.1,10.66,4.53,57.84,46.76,Pump A Running
2026-09-19T09:00:00+00:00,Running,1,2618.0,10.6,4.56,60.21,46.57,Pump A Running
2026-09-19T09:15:00+00:00,Running,1,2704.0,10.62,4.46,59.39,46.83,Pump A Running
2026-09-19T09:30:00+00:00,Running,1,2620.5,10.54,4.59,62.19,46.61,Pump A Running
2026-09-19T09:45:00+00:00,Running,1,2536.2,10.58,4.54,58.77,46.73,Pump A Running
2026-09-19T10:00:00+00:00,Running,1,2748.5,10.61,4.65,60.68,46.48,Pump A Running
2026-09-19T10:15:00+00:00,Running,1,2846.6,10.63,4.54,58.52,47.25,Pump A Running
2026-09-19T10:30:00+00:00,Running,1,2750.6,10.59,4.61,59.3,47.17,Pump A Running
2026-09-19T10:45:00+00:00,Running,1,2669.4,10.67,4.5,60.68,47.87,Pump A Running
2026-09-19T11:00:00+00:00,Running,1,2936.0,10.54,4.55,59.15,46.51,Pump A Running
2026-09-19T11:15:00+00:00,Running,1,2467.4,10.66,4.53,60.52,46.43,Pump A Running
2026-09-19T11:30:00+00:00,Running,1,2570.1,10.59,4.5,57.67,47.87,Pump A Running
2026-09-19T11:45:00+00:00,Running,1,2683.9,10.55,4.51,57.84,46.8,Pump A Running
2026-09-19T12:00:00+00:00,Running,1,2727.9,10.63,4.66,58.75,47.54,Pump A Running
2026-09-19T12:15:00+00:00,Running,1,2869.5,10.62,4.58,58.91,47.18,Pump A Running
2026-09-19T12:30:00+00:00,Running,1,2744.8,10.68,4.54,60.1,46.98,Pump A Running
2026-09-19T12:45:00+00:00,Running,1,2679.8,10.55,4.52,58.85,46.76,Pump A Running
2026-09-19T13:00:00+00:00,Running,1,2628.1,10.63,4.67,59.23,46.78,Pump A Running
2026-09-19T13:15:00+00:00,Running,1,2652.8,10.65,4.55,61.64,47.19,Pump A Running
2026-09-19T13:30:00+00:00,Running,1,2727.4,10.51,4.54,59.27,46.88,Pump A Running
2026-09-19T13:45:00+00:00,Running,1,2851.2,10.56,4.58,59.87,46.64,Pump A Running
2026-09-19T14:00:00+00:00,Running,1,2770.7,10.51,4.66,59.78,46.37,Pump A Running
2026-09-19T14:15:00+00:00,Running,1,2820.8,10.64,4.5,58.8,47.12,Pump A Running
2026-09-19T14:30:00+00:00,Running,1,2854.0,10.62,4.55,59.59,46.11,Pump A Running
2026-09-19T14:45:00+00:00,Running,1,2657.0,10.68,4.61,59.33,47.14,Pump A Running
2026-09-19T15:00:00+00:00,Running,1,2709.5,10.68,4.52,59.15,46.87,Pump A Running
2026-09-19T15:15:00+00:00,Running,1,2876.2,10.66,4.64,60.4,46.77,Pump A Running
2026-09-19T15:30:00+00:00,Running,1,2831.0,10.66,4.53,59.98,46.67,Pump A Running
2026-09-19T15:45:00+00:00,Running,1,2888.1,10.44,4.62,59.04,47.1,Pump A Running
2026-09-19T16:00:00+00:00,Running,1,2676.4,10.68,4.6,58.13,47.2,Pump A Running
2026-09-19T16:15:00+00:00,Running,1,2587.6,10.57,4.59,60.11,46.29,Pump A Running
2026-09-19T16:30:00+00:00,Running,1,2678.4,10.64,4.53,57.94,46.79,Pump A Running
2026-09-19T16:45:00+00:00,Running,1,2598.9,10.72,4.65,58.84,46.76,Pump A Running
2026-09-19T17:00:00+00:00,Running,1,2800.4,10.48,4.6,58.91,46.75,Pump A Running
2026-09-19T17:15:00+00:00,Running,1,2839.6,10.57,4.64,58.02,46.77,Pump A Running
2026-09-19T17:30:00+00:00,Running,1,2857.7,10.62,4.63,58.32,45.96,Pump A Running
2026-09-19T17:45:00+00:00,Running,1,2788.7,10.67,4.7,62.1,47.01,Pump A Running
2026-09-19T18:00:00+00:00,Running,1,2772.9,10.69,4.63,59.43,46.6,Pump A Running
2026-09-19T18:15:00+00:00,Running,1,2898.5,10.61,4.6,59.4,47.05,Pump A Running
2026-09-19T18:30:00+00:00,Running,1,2797.0,10.69,4.47,57.76,46.54,Pump A Running
2026-09-19T18:45:00+00:00,Running,1,2813.4,10.71,4.64,59.75,47.03,Pump A Running
2026-09-19T19:00:00+00:00,Running,1,2682.9,10.56,4.65,58.14,46.88,Pump A Running
2026-09-19T19:15:00+00:00,Running,1,3007.5,10.5,4.63,56.53,47.55,Pump A Running
2026-09-19T19:30:00+00:00,Running,1,2704.2,10.51,4.69,59.14,47.05,Pump A Running
2026-09-19T19:45:00+00:00,Running,1,2746.0,10.65,4.69,59.65,47.12,Pump A Running
2026-09-19T20:00:00+00:00,Running,1,2779.9,10.63,4.57,59.63,47.86,Pump A Running
2026-09-19T20:15:00+00:00,Running,1,2838.5,10.68,4.64,58.72,47.14,Pump A Running
2026-09-19T20:30:00+00:00,Running,1,2858.3,10.6,4.66,60.11,46.59,Pump A Running
2026-09-19T20:45:00+00:00,Running,1,2685.3,10.59,4.7,57.87,46.29,Pump A Running
2026-09-19T21:00:00+00:00,Running,1,2714.8,10.47,4.65,59.24,47.0,Pump A Running
2026-09-19T21:15:00+00:00,Running,1,2773.5,10.39,4.61,58.6,47.41,Pump A Running
2026-09-19T21:30:00+00:00,Running,1,2842.6,10.64,4.58,59.72,47.72,Pump A Running
2026-09-19T21:45:00+00:00,Running,1,2776.6,10.69,4.53,59.76,47.07,Pump A Running
2026-09-19T22:00:00+00:00,Running,1,2554.7,10.51,4.6,58.67,48.02,Pump A Running
2026-09-19T22:15:00+00:00,Running,1,2836.7,10.68,4.58,56.79,46.8,Pump A Running
2026-09-19T22:30:00+00:00,Running,1,2689.9,10.55,4.53,59.13,47.74,Pump A Running
2026-09-19T22:45:00+00:00,Running,1,2659.6,10.52,4.59,59.58,47.11,Pump A Running
2026-09-19T23:00:00+00:00,Running,1,2656.4,10.53,4.73,58.05,46.3,Pump A Running
2026-09-19T23:15:00+00:00,Running,1,2782.7,10.56,4.53,58.69,47.18,Pump A Running
2026-09-19T23:30:00+00:00,Running,1,2780.9,10.46,4.54,58.13,46.21,Pump A Running
2026-09-19T23:45:00+00:00,Running,1,2730.2,10.7,4.66,58.29,46.79,Pump A Running
2026-09-20T00:00:00+00:00,Running,1,2906.3,10.58,4.57,59.07,46.82,Pump A Running
2026-09-20T00:15:00+00:00,Running,1,2735.6,10.58,4.7,58.74,46.77,Pump A Running
2026-09-20T00:30:00+00:00,Running,1,2644.1,10.59,4.42,58.15,47.31,Pump A Running
2026-09-20T00:45:00+00:00,Running,1,2700.2,10.53,4.6,55.73,46.76,Pump A Running
2026-09-20T01:00:00+00:00,Running,1,2638.3,10.61,4.5,59.85,47.18,Pump A Running
2026-09-20T01:15:00+00:00,Running,1,2933.0,10.66,4.7,58.3,47.8,Pump A Running
2026-09-20T01:30:00+00:00,Running,1,2710.3,10.62,4.56,59.67,46.51,Pump A Running
2026-09-20T01:45:00+00:00,Running,1,2771.8,10.7,4.52,58.77,46.73,Pump A Running
2026-09-20T02:00:00+00:00,Stopped,0,0.0,0.0,0.11,0.0,28.78,Pumps Stopped
2026-09-20T02:15:00+00:00,Stopped,0,0.0,0.0,0.11,0.0,29.42,Pumps Stopped
2026-09-20T02:30:00+00:00,Stopped,0,0.0,0.0,0.12,0.0,29.41,Pumps Stopped
2026-09-20T02:45:00+00:00,Stopped,0,0.0,0.0,0.18,0.0,29.12,Pumps Stopped
2026-09-20T03:00:00+00:00,Stopped,0,0.0,0.0,0.12,0.0,29.31,Pumps Stopped
2026-09-20T03:15:00+00:00,Stopped,0,0.0,0.0,0.1,0.0,28.42,Pumps Stopped
2026-09-20T03:30:00+00:00,Running,1,2756.0,10.54,4.66,58.87,46.83,Pump A Running
2026-09-20T03:45:00+00:00,Running,1,2713.3,10.7,4.55,58.9,46.99,Pump A Running
2026-09-20T04:00:00+00:00,Running,1,2568.7,10.59,4.5,56.81,46.64,Pump A Running
2026-09-20T04:15:00+00:00,Running,1,2596.9,10.68,4.64,58.16,47.45,Pump A Running
2026-09-20T04:30:00+00:00,Running,1,2538.4,10.52,4.47,59.03,46.91,Pump A Running
2026-09-20T04:45:00+00:00,Running,1,2668.1,10.52,4.6,59.34,47.09,Pump A Running
2026-09-20T05:00:00+00:00,Running,1,2494.1,10.55,4.43,60.24,46.56,Pump A Running
2026-09-20T05:15:00+00:00,Running,1,2592.2,10.59,4.57,57.97,46.73,Pump A Running
2026-09-20T05:30:00+00:00,Running,1,2816.4,10.65,4.56,58.07,46.52,Pump A Running
2026-09-20T05:45:00+00:00,Running,1,2588.1,10.54,4.42,58.46,47.05,Pump A Running
2026-09-20T06:00:00+00:00,Running,1,2424.4,10.69,4.57,58.94,46.83,Pump A Running
2026-09-20T06:15:00+00:00,Running,1,2618.2,10.59,4.73,59.32,46.75,Pump A Running
2026-09-20T06:30:00+00:00,Running,1,2564.3,10.51,4.6,58.87,46.4,Pump A Running
2026-09-20T06:45:00+00:00,Running,1,2661.7,10.53,4.63,58.42,46.49,Pump A Running
2026-09-20T07:00:00+00:00,Running,1,2606.3,10.71,4.64,57.86,46.93,Pump A Running
2026-09-20T07:15:00+00:00,Running,1,2450.9,10.63,4.52,58.23,46.37,Pump A Running
2026-09-20T07:30:00+00:00,Running,1,2398.9,10.53,4.67,59.64,46.3,Pump A Running
2026-09-20T07:45:00+00:00,Running,1,2377.0,10.6,4.68,58.11,46.44,Pump A Running
2026-09-20T08:00:00+00:00,Running,1,2628.7,10.54,4.59,58.67,46.76,Pump A Running
2026-09-20T08:15:00+00:00,Running,1,2529.3,10.61,4.69,59.0,46.98,Pump A Running
2026-09-20T08:30:00+00:00,Running,1,2458.9,10.7,4.41,58.34,46.5,Pump A Running
2026-09-20T08:45:00+00:00,Running,1,2447.7,10.63,4.63,58.47,47.01,Pump A Running
2026-09-20T09:00:00+00:00,Running,1,2575.2,10.52,4.58,58.29,47.37,Pump A Running
2026-09-20T09:15:00+00:00,Running,1,2455.6,10.62,4.57,58.55,46.65,Pump A Running
2026-09-20T09:30:00+00:00,Running,1,2590.5,10.61,4.54,59.54,46.67,Pump A Running
2026-09-20T09:45:00+00:00,Running,1,2630.7,10.54,4.69,58.61,46.21,Pump A Running
2026-09-20T10:00:00+00:00,Running,1,2546.5,10.5,4.53,60.34,46.28,Pump A Running
2026-09-20T10:15:00+00:00,Running,1,2474.1,10.66,4.57,58.13,46.42,Pump A Running
2026-09-20T10:30:00+00:00,Running,1,2637.9,10.52,4.66,59.76,46.74,Pump A Running
2026-09-20T10:45:00+00:00,Running,1,2377.4,10.72,4.61,58.78,46.48,Pump A Running
2026-09-20T11:00:00+00:00,Running,1,2509.9,10.51,4.48,59.0,46.46,Pump A Running
2026-09-20T11:15:00+00:00,Running,1,2407.2,10.6,4.59,59.03,46.38,Pump A Running
2026-09-20T11:30:00+00:00,Running,1,2465.5,10.67,4.49,57.71,47.19,Pump A Running
2026-09-20T11:45:00+00:00,Running,1,2414.5,10.67,4.51,59.92,46.49,Pump A Running
2026-09-20T12:00:00+00:00,Running,1,2563.0,10.69,4.45,58.79,46.78,Pump A Running
2026-09-20T12:15:00+00:00,Running,1,2526.9,10.58,4.59,60.17,46.42,Pump A Running
2026-09-20T12:30:00+00:00,Running,1,2467.3,10.64,4.52,59.73,47.0,Pump A Running
2026-09-20T12:45:00+00:00,Running,1,2514.2,10.61,4.55,59.71,47.31,Pump A Running
2026-09-20T13:00:00+00:00,Running,1,2238.5,10.54,4.56,57.75,46.33,Pump A Running
2026-09-20T13:15:00+00:00,Running,1,2583.6,10.6,4.64,59.3,46.94,Pump A Running
2026-09-20T13:30:00+00:00,Running,1,2321.8,10.69,4.43,58.6,46.53,Pump A Running
2026-09-20T13:45:00+00:00,Running,1,2353.5,10.45,4.63,59.37,47.6,Pump A Running
2026-09-20T14:00:00+00:00,Running,1,2482.8,10.54,4.68,59.72,46.86,Pump A Running
2026-09-20T14:15:00+00:00,Running,1,2357.6,10.63,4.6,59.02,46.93,Pump A Running
2026-09-20T14:30:00+00:00,Running,1,2405.2,10.67,4.62,59.12,46.93,Pump A Running
2026-09-20T14:45:00+00:00,Running,1,2344.0,10.54,4.6,59.02,46.57,Pump A Running
2026-09-20T15:00:00+00:00,Running,1,2381.1,10.57,4.42,60.73,47.41,Pump A Running
2026-09-20T15:15:00+00:00,Running,1,2605.4,10.45,4.52,58.94,46.52,Pump A Running
2026-09-20T15:30:00+00:00,Running,1,2249.3,10.45,4.68,59.1,46.13,Pump A Running
2026-09-20T15:45:00+00:00,Running,1,2410.5,10.63,4.57,60.25,46.73,Pump A Running
2026-09-20T16:00:00+00:00,Running,1,2383.8,10.6,4.46,59.64,47.09,Pump A Running
2026-09-20T16:15:00+00:00,Running,1,2447.2,10.64,4.54,58.94,46.37,Pump A Running
2026-09-20T16:30:00+00:00,Running,1,2513.4,10.66,4.54,59.15,47.65,Pump A Running
2026-09-20T16:45:00+00:00,Running,1,2418.3,10.68,4.65,58.47,46.55,Pump A Running
2026-09-20T17:00:00+00:00,Running,1,2374.9,10.48,4.63,57.75,46.9,Pump A Running
2026-09-20T17:15:00+00:00,Running,1,2397.5,10.51,4.53,60.44,47.42,Pump A Running
2026-09-20T17:30:00+00:00,Running,1,2288.9,10.7,4.72,58.51,47.39,Pump A Running
2026-09-20T17:45:00+00:00,Running,1,2357.5,10.68,4.45,59.48,46.82,Pump A Running
2026-09-20T18:00:00+00:00,Running,1,2264.5,10.62,4.72,57.78,47.03,Pump A Running
2026-09-20T18:15:00+00:00,Running,1,2291.6,10.57,4.57,61.64,46.74,Pump A Running
2026-09-20T18:30:00+00:00,Running,1,2238.7,10.73,4.39,56.2,46.81,Pump A Running
2026-09-20T18:45:00+00:00,Running,1,2160.1,10.62,4.59,60.66,46.93,Pump A Running
2026-09-20T19:00:00+00:00,Running,1,2353.1,10.66,4.72,60.94,46.92,Pump A Running
2026-09-20T19:15:00+00:00,Running,1,2311.0,10.44,4.66,58.05,47.17,Pump A Running
2026-09-20T19:30:00+00:00,Running,1,2249.8,10.5,4.5,58.84,46.8,Pump A Running
2026-09-20T19:45:00+00:00,Running,1,2282.3,10.74,4.43,58.27,47.17,Pump A Running
2026-09-20T20:00:00+00:00,Running,1,2297.7,10.62,4.68,59.07,46.44,Pump A Running
2026-09-20T20:15:00+00:00,Running,1,2065.6,10.52,4.51,59.09,46.38,Pump A Running
2026-09-20T20:30:00+00:00,Running,1,2238.1,10.59,4.59,59.98,46.88,Pump A Running
2026-09-20T20:45:00+00:00,Running,1,2151.0,10.76,4.53,57.45,46.5,Pump A Running
2026-09-20T21:00:00+00:00,Running,1,2231.8,10.68,4.62,59.98,46.33,Pump A Running
2026-09-20T21:15:00+00:00,Running,1,2076.5,10.74,4.83,59.26,46.78,Pump A Running
2026-09-20T21:30:00+00:00,Running,1,2192.3,10.59,4.48,59.04,47.12,Pump A Running
2026-09-20T21:45:00+00:00,Running,1,2335.2,10.69,4.54,57.71,47.57,Pump A Running
2026-09-20T22:00:00+00:00,Running,1,2420.5,10.71,4.52,58.6,46.72,Pump A Running
2026-09-20T22:15:00+00:00,Running,1,2256.5,10.43,4.58,59.32,47.12,Pump A Running
2026-09-20T22:30:00+00:00,Running,1,2323.0,10.51,4.58,58.93,47.74,Pump A Running
2026-09-20T22:45:00+00:00,Running,1,2145.2,10.57,4.65,58.83,46.75,Pump A Running
2026-09-20T23:00:00+00:00,Running,1,2310.5,10.57,4.45,57.81,47.3,Pump A Running
2026-09-20T23:15:00+00:00,Running,1,2272.6,10.64,4.65,60.38,47.21,Pump A Running
2026-09-20T23:30:00+00:00,Running,1,2141.9,10.48,4.63,59.98,46.35,Pump A Running
2026-09-20T23:45:00+00:00,Running,1,2228.8,10.65,4.56,60.45,47.32,Pump A Running
2026-09-21T00:00:00+00:00,Running,1,1986.1,10.57,4.52,58.07,47.18,Pump A Running
2026-09-21T00:15:00+00:00,Running,1,2163.0,10.51,4.63,57.34,46.34,Pump A Running
2026-09-21T00:30:00+00:00,Running,1,2177.2,10.62,4.53,57.89,46.65,Pump A Running
2026-09-21T00:45:00+00:00,Running,1,2144.5,10.52,4.57,59.22,47.43,Pump A Running
2026-09-21T01:00:00+00:00,Running,1,2231.5,10.67,4.8,59.19,47.33,Pump A Running
2026-09-21T01:15:00+00:00,Running,1,2231.9,10.58,4.61,58.85,45.74,Pump A Running
2026-09-21T01:30:00+00:00,Running,1,2114.6,10.67,4.71,57.35,46.85,Pump A Running
2026-09-21T01:45:00+00:00,Running,1,2317.6,10.64,4.51,59.66,47.06,Pump A Running
2026-09-21T02:00:00+00:00,Stopped,0,0.0,0.0,0.12,0.0,29.24,Pumps Stopped
2026-09-21T02:15:00+00:00,Stopped,0,0.0,0.0,0.08,0.0,28.54,Pumps Stopped
2026-09-21T02:30:00+00:00,Stopped,0,0.0,0.0,0.1,0.0,29.48,Pumps Stopped
2026-09-21T02:45:00+00:00,Stopped,0,0.0,0.0,0.15,0.0,29.04,Pumps Stopped
2026-09-21T03:00:00+00:00,Stopped,0,0.0,0.0,0.1,0.0,29.43,Pumps Stopped
2026-09-21T03:15:00+00:00,Stopped,0,0.0,0.0,0.12,0.0,28.76,Pumps Stopped
2026-09-21T03:30:00+00:00,Running,1,2036.6,10.6,4.63,57.33,46.76,Pump A Running
2026-09-21T03:45:00+00:00,Running,1,2081.1,10.57,4.55,58.81,46.85,Pump A Running
2026-09-21T04:00:00+00:00,Running,1,2075.5,10.56,4.74,59.9,46.46,Pump A Running
2026-09-21T04:15:00+00:00,Running,1,2107.1,10.64,4.67,58.34,46.52,Pump A Running
2026-09-21T04:30:00+00:00,Running,1,2152.9,10.61,4.64,59.82,47.4,Pump A Running
2026-09-21T04:45:00+00:00,Running,1,2110.5,10.56,4.71,57.56,46.75,Pump A Running
2026-09-21T05:00:00+00:00,Running,1,2275.8,10.63,4.43,58.44,46.54,Pump A Running
2026-09-21T05:15:00+00:00,Running,1,2186.4,10.64,4.64,60.1,46.71,Pump A Running
2026-09-21T05:30:00+00:00,Running,1,2223.5,10.65,4.55,58.5,46.89,Pump A Running
2026-09-21T05:45:00+00:00,Running,1,2214.9,10.63,4.54,60.11,47.59,Pump A Running
2026-09-21T06:00:00+00:00,Running,1,2145.1,10.65,4.53,60.74,47.14,Pump A Running
2026-09-21T06:15:00+00:00,Running,1,2178.1,10.66,4.5,58.74,47.03,Pump A Running
2026-09-21T06:30:00+00:00,Running,1,2098.0,10.61,4.72,58.9,46.53,Pump A Running
2026-09-21T06:45:00+00:00,Running,1,2059.1,10.56,4.6,57.93,46.66,Pump A Running
2026-09-21T07:00:00+00:00,Running,1,2347.8,10.61,4.73,59.85,46.32,Pump A Running
2026-09-21T07:15:00+00:00,Running,1,2252.0,10.53,4.6,57.85,46.83,Pump A Running
2026-09-21T07:30:00+00:00,Running,1,2034.9,10.74,4.6,58.29,46.68,Pump A Running
2026-09-21T07:45:00+00:00,Running,1,2169.8,10.67,4.51,56.81,46.64,Pump A Running
2026-09-21T08:00:00+00:00,Running,1,2170.5,10.56,4.53,58.39,46.43,Pump A Running
2026-09-21T08:15:00+00:00,Running,1,2071.8,10.73,4.63,59.54,46.31,Pump A Running
2026-09-21T08:30:00+00:00,Running,1,2084.9,10.56,4.69,59.62,46.42,Pump A Running
2026-09-21T08:45:00+00:00,Running,1,2139.6,10.54,4.75,58.24,47.06,Pump A Running
2026-09-21T09:00:00+00:00,Running,1,2094.8,10.63,4.62,60.3,47.0,Pump A Running
2026-09-21T09:15:00+00:00,Running,1,2249.0,10.62,4.66,59.94,46.16,Pump A Running
2026-09-21T09:30:00+00:00,Running,1,2277.7,10.6,4.69,58.94,47.11,Pump A Running
2026-09-21T09:45:00+00:00,Running,1,2109.6,10.56,4.57,56.69,46.18,Pump A Running
2026-09-21T10:00:00+00:00,Running,1,2287.4,10.67,4.56,58.22,46.67,Pump A Running
2026-09-21T10:15:00+00:00,Running,1,2087.1,10.57,4.5,59.93,46.45,Pump A Running
2026-09-21T10:30:00+00:00,Running,1,2131.1,10.71,4.64,59.06,46.76,Pump A Running
2026-09-21T10:45:00+00:00,Running,1,2158.0,10.63,4.47,60.78,47.16,Pump A Running
2026-09-21T11:00:00+00:00,Running,1,2134.5,10.69,4.54,61.29,47.04,Pump A Running
2026-09-21T11:15:00+00:00,Running,1,2194.2,10.64,4.51,58.99,46.25,Pump A Running
2026-09-21T11:30:00+00:00,Running,1,2215.7,10.65,4.56,58.11,46.61,Pump A Running
2026-09-21T11:45:00+00:00,Running,1,2281.8,10.53,4.59,60.4,47.19,Pump A Running
2026-09-21T12:00:00+00:00,Running,1,2219.2,10.53,4.69,59.2,46.58,Pump A Running
2026-09-21T12:15:00+00:00,Running,1,2083.8,10.65,4.53,58.57,46.93,Pump A Running
2026-09-21T12:30:00+00:00,Running,1,2302.4,10.58,4.65,59.64,46.99,Pump A Running
2026-09-21T12:45:00+00:00,Running,1,2129.4,10.49,4.59,60.78,46.7,Pump A Running
2026-09-21T13:00:00+00:00,Running,1,2408.2,10.65,4.62,56.26,47.01,Pump A Running
2026-09-21T13:15:00+00:00,Running,1,2199.5,10.57,4.63,60.38,47.35,Pump A Running
2026-09-21T13:30:00+00:00,Running,1,2121.5,10.6,4.56,60.34,46.62,Pump A Running
2026-09-21T13:45:00+00:00,Running,1,2275.0,10.57,4.58,58.59,47.77,Pump A Running
2026-09-21T14:00:00+00:00,Running,1,2138.6,10.59,4.63,60.28,46.64,Pump A Running
2026-09-21T14:15:00+00:00,Running,1,2287.7,10.62,4.63,58.52,46.47,Pump A Running
2026-09-21T14:30:00+00:00,Running,1,2117.4,10.67,4.67,58.19,46.78,Pump A Running
2026-09-21T14:45:00+00:00,Running,1,2327.9,10.57,4.7,58.24,46.84,Pump A Running
2026-09-21T15:00:00+00:00,Running,1,2225.7,10.58,4.6,59.35,46.81,Pump A Running
2026-09-21T15:15:00+00:00,Running,1,2000.3,10.66,4.71,59.21,46.48,Pump A Running
2026-09-21T15:30:00+00:00,Running,1,2337.3,10.62,4.63,58.29,46.46,Pump A Running
2026-09-21T15:45:00+00:00,Running,1,2279.1,10.61,4.62,57.63,47.58,Pump A Running
2026-09-21T16:00:00+00:00,Running,1,2280.1,10.64,4.66,59.24,47.0,Pump A Running
2026-09-21T16:15:00+00:00,Running,1,2400.0,10.66,4.64,58.67,47.55,Pump A Running
2026-09-21T16:30:00+00:00,Running,1,2347.2,10.64,4.7,57.42,46.53,Pump A Running
2026-09-21T16:45:00+00:00,Running,1,2291.6,10.62,4.42,59.22,46.8,Pump A Running
2026-09-21T17:00:00+00:00,Running,1,2242.6,10.5,4.57,57.86,46.54,Pump A Running
2026-09-21T17:15:00+00:00,Running,1,2202.6,10.56,4.6,58.36,46.55,Pump A Running
2026-09-21T17:30:00+00:00,Running,1,2270.1,10.62,4.61,58.68,47.11,Pump A Running
2026-09-21T17:45:00+00:00,Running,1,2424.3,10.55,4.63,59.69,46.16,Pump A Running
2026-09-21T18:00:00+00:00,Running,1,2317.5,10.65,4.57,58.14,46.58,Pump A Running
2026-09-21T18:15:00+00:00,Running,1,2142.4,10.66,4.59,57.41,46.98,Pump A Running
2026-09-21T18:30:00+00:00,Running,1,2379.6,10.71,4.75,58.76,46.86,Pump A Running
2026-09-21T18:45:00+00:00,Running,1,2269.8,10.58,4.44,59.16,46.72,Pump A Running
2026-09-21T19:00:00+00:00,Running,1,2246.8,10.67,4.49,58.29,47.11,Pump A Running
2026-09-21T19:15:00+00:00,Running,1,2490.4,10.68,4.63,58.79,47.57,Pump A Running
2026-09-21T19:30:00+00:00,Running,1,2318.9,10.67,4.62,58.84,46.69,Pump A Running
2026-09-21T19:45:00+00:00,Running,1,2360.6,10.61,4.68,58.49,47.05,Pump A Running
2026-09-21T20:00:00+00:00,Running,1,2278.5,10.58,4.78,60.68,47.2,Pump A Running
2026-09-21T20:15:00+00:00,Running,1,2422.3,10.58,4.55,59.69,46.37,Pump A Running
2026-09-21T20:30:00+00:00,Running,1,2366.8,10.72,4.41,57.71,46.84,Pump A Running
2026-09-21T20:45:00+00:00,Running,1,2273.5,10.73,4.55,59.9,46.56,Pump A Running
2026-09-21T21:00:00+00:00,Running,1,2335.6,10.69,4.63,60.43,47.11,Pump A Running
2026-09-21T21:15:00+00:00,Running,1,2234.9,10.62,4.58,58.77,47.33,Pump A Running
2026-09-21T21:30:00+00:00,Running,1,2335.4,10.66,4.63,57.64,46.71,Pump A Running
2026-09-21T21:45:00+00:00,Running,1,2324.4,10.54,4.51,58.57,47.04,Pump A Running
2026-09-21T22:00:00+00:00,Running,1,2311.3,10.78,4.82,58.88,46.76,Pump A Running
2026-09-21T22:15:00+00:00,Running,1,2411.1,10.55,4.68,60.74,46.61,Pump A Running
2026-09-21T22:30:00+00:00,Running,1,2391.2,10.63,4.55,57.65,47.93,Pump A Running
2026-09-21T22:45:00+00:00,Running,1,2429.2,10.54,4.56,58.32,46.67,Pump A Running
2026-09-21T23:00:00+00:00,Running,1,2408.6,10.55,4.57,57.66,46.67,Pump A Running
2026-09-21T23:15:00+00:00,Running,1,2388.2,10.59,4.55,60.38,47.25,Pump A Running
2026-09-21T23:30:00+00:00,Running,1,2324.8,10.67,4.68,59.74,47.1,Pump A Running
2026-09-21T23:45:00+00:00,Running,1,2278.6,10.63,4.63,59.74,46.77,Pump A Running
2026-09-22T00:00:00+00:00,Running,1,2501.5,10.46,4.67,59.63,47.74,Pump A Running
2026-09-22T00:15:00+00:00,Running,1,2418.3,10.62,4.66,59.86,46.99,Pump A Running
2026-09-22T00:30:00+00:00,Running,1,2491.4,10.62,4.6,59.64,46.14,Pump A Running
2026-09-22T00:45:00+00:00,Running,1,2233.9,10.62,4.57,55.95,47.38,Pump A Running
2026-09-22T01:00:00+00:00,Running,1,2494.6,10.59,4.62,59.2,46.5,Pump A Running
2026-09-22T01:15:00+00:00,Running,1,2520.3,10.62,4.65,60.22,46.66,Pump A Running
2026-09-22T01:30:00+00:00,Running,1,2421.5,10.62,4.54,58.9,46.41,Pump A Running
2026-09-22T01:45:00+00:00,Running,1,2512.1,10.61,4.49,61.48,46.69,Pump A Running
2026-09-22T02:00:00+00:00,Stopped,0,0.0,0.0,0.13,0.0,29.02,Pumps Stopped
2026-09-22T02:15:00+00:00,Stopped,0,0.0,0.0,0.15,0.0,29.22,Pumps Stopped
2026-09-22T02:30:00+00:00,Stopped,0,0.0,0.0,0.08,0.0,29.22,Pumps Stopped
2026-09-22T02:45:00+00:00,Stopped,0,0.0,0.0,0.13,0.0,28.92,Pumps Stopped
2026-09-22T03:00:00+00:00,Stopped,0,0.0,0.0,0.14,0.0,28.89,Pumps Stopped
2026-09-22T03:15:00+00:00,Stopped,0,0.0,0.0,0.17,0.0,28.86,Pumps Stopped
2026-09-22T03:30:00+00:00,Running,1,2480.6,10.65,4.54,57.62,46.47,Pump A Running
2026-09-22T03:45:00+00:00,Running,1,2588.8,10.67,4.61,59.98,46.36,Pump A Running
2026-09-22T04:00:00+00:00,Running,1,2684.3,10.72,4.62,58.28,47.42,Pump A Running
2026-09-22T04:15:00+00:00,Running,1,2632.8,10.58,4.64,58.7,46.92,Pump A Running
2026-09-22T04:30:00+00:00,Running,1,2495.1,10.67,4.59,59.25,47.25,Pump A Running
2026-09-22T04:45:00+00:00,Running,1,2550.9,10.63,4.57,58.07,46.81,Pump A Running
2026-09-22T05:00:00+00:00,Running,1,2537.3,10.58,4.58,60.93,46.94,Pump A Running
2026-09-22T05:15:00+00:00,Running,1,2511.8,10.61,4.65,59.33,46.94,Pump A Running
2026-09-22T05:30:00+00:00,Running,1,2544.8,10.63,4.53,59.6,46.85,Pump A Running
2026-09-22T05:45:00+00:00,Running,1,2629.2,10.64,4.67,59.3,46.59,Pump A Running
2026-09-22T06:00:00+00:00,Running,1,2626.6,10.57,4.67,58.52,46.62,Pump A Running
2026-09-22T06:15:00+00:00,Running,1,2692.0,10.57,4.54,60.24,47.64,Pump A Running
2026-09-22T06:30:00+00:00,Running,1,2528.0,10.6,4.47,60.31,46.3,Pump A Running
2026-09-22T06:45:00+00:00,Running,1,2567.1,10.75,4.62,57.5,47.39,Pump A Running
2026-09-22T07:00:00+00:00,Running,1,2685.1,10.55,4.54,60.51,46.82,Pump A Running
2026-09-22T07:15:00+00:00,Running,1,2715.9,10.64,4.52,59.4,46.33,Pump A Running
2026-09-22T07:30:00+00:00,Running,1,2737.1,10.58,4.67,60.17,46.72,Pump A Running
2026-09-22T07:45:00+00:00,Running,1,2586.6,10.6,4.65,59.54,47.48,Pump A Running
2026-09-22T08:00:00+00:00,Running,1,2750.8,10.59,4.62,59.88,45.86,Pump A Running
2026-09-22T08:15:00+00:00,Running,1,2703.2,10.56,4.63,60.53,46.77,Pump A Running
2026-09-22T08:30:00+00:00,Running,1,2856.2,10.48,4.57,59.21,46.25,Pump A Running
2026-09-22T08:45:00+00:00,Running,1,2605.1,10.62,4.62,61.64,46.63,Pump A Running
2026-09-22T09:00:00+00:00,Running,1,2816.5,10.65,4.59,58.76,47.03,Pump A Running
2026-09-22T09:15:00+00:00,Running,1,2729.8,10.58,4.66,59.66,47.12,Pump A Running
2026-09-22T09:30:00+00:00,Running,1,2784.9,10.61,4.68,59.95,47.26,Pump A Running
2026-09-22T09:45:00+00:00,Running,1,2596.8,10.62,4.59,58.69,46.02,Pump A Running
2026-09-22T10:00:00+00:00,Running,1,2897.3,10.7,4.53,61.55,46.5,Pump A Running
2026-09-22T10:15:00+00:00,Running,1,2807.2,10.62,4.62,57.64,46.92,Pump A Running
2026-09-22T10:30:00+00:00,Running,1,2621.6,10.51,4.49,59.37,46.25,Pump A Running
2026-09-22T10:45:00+00:00,Running,1,2623.1,10.55,4.6,58.1,47.26,Pump A Running
2026-09-22T11:00:00+00:00,Running,1,2750.6,10.53,4.67,59.82,47.15,Pump A Running
2026-09-22T11:15:00+00:00,Running,1,2724.0,10.55,4.73,59.82,47.13,Pump A Running
2026-09-22T11:30:00+00:00,Running,1,2637.0,10.6,4.52,60.11,46.13,Pump A Running
2026-09-22T11:45:00+00:00,Running,1,2788.7,10.58,4.44,61.01,46.79,Pump A Running
2026-09-22T12:00:00+00:00,Running,1,2614.2,10.44,4.68,59.05,46.82,Pump A Running
2026-09-22T12:15:00+00:00,Running,1,2723.9,10.5,4.51,58.1,47.18,Pump A Running
2026-09-22T12:30:00+00:00,Running,1,2771.3,10.53,4.7,57.16,46.25,Pump A Running
2026-09-22T12:45:00+00:00,Running,1,2623.8,10.63,4.55,57.1,46.99,Pump A Running
2026-09-22T13:00:00+00:00,Running,1,2941.8,10.67,4.65,59.71,47.51,Pump A Running
2026-09-22T13:15:00+00:00,Running,1,2746.0,10.65,4.58,58.85,47.5,Pump A Running
2026-09-22T13:30:00+00:00,Running,1,2836.2,10.64,4.68,59.1,47.0,Pump A Running
2026-09-22T13:45:00+00:00,Running,1,2633.5,10.67,4.6,60.28,47.2,Pump A Running
2026-09-22T14:00:00+00:00,Running,1,2817.9,10.61,4.48,58.04,47.16,Pump A Running
2026-09-22T14:15:00+00:00,Running,1,2938.7,10.51,4.66,58.61,46.72,Pump A Running
2026-09-22T14:30:00+00:00,Running,1,2804.0,10.66,4.68,56.67,47.06,Pump A Running
2026-09-22T14:45:00+00:00,Running,1,2792.4,10.62,4.63,59.29,46.92,Pump A Running
2026-09-22T15:00:00+00:00,Running,1,2910.3,10.69,4.67,60.09,46.55,Pump A Running
2026-09-22T15:15:00+00:00,Running,1,2834.2,10.66,4.44,58.54,46.52,Pump A Running
2026-09-22T15:30:00+00:00,Running,1,2788.3,10.59,4.52,61.47,46.87,Pump A Running
2026-09-22T15:45:00+00:00,Running,1,2755.7,10.56,4.66,58.7,46.76,Pump A Running
2026-09-22T16:00:00+00:00,Running,1,2664.9,10.55,4.67,59.03,46.41,Pump A Running
2026-09-22T16:15:00+00:00,Running,1,2927.3,10.63,4.7,56.46,47.3,Pump A Running
2026-09-22T16:30:00+00:00,Running,1,2933.0,10.58,4.65,58.08,47.08,Pump A Running
2026-09-22T16:45:00+00:00,Running,1,2748.2,10.57,4.61,59.4,47.01,Pump A Running
2026-09-22T17:00:00+00:00,Running,1,2670.3,10.55,4.53,58.56,46.69,Pump A Running
2026-09-22T17:15:00+00:00,Running,1,2891.0,10.73,4.39,57.66,46.83,Pump A Running
2026-09-22T17:30:00+00:00,Running,1,2818.9,10.64,4.79,57.96,46.85,Pump A Running
2026-09-22T17:45:00+00:00,Running,1,2709.9,10.56,4.41,60.14,46.55,Pump A Running
2026-09-22T18:00:00+00:00,Running,1,2872.1,10.48,4.61,57.33,46.79,Pump A Running
2026-09-22T18:15:00+00:00,Running,1,2682.1,10.72,4.52,58.04,46.5,Pump A Running
2026-09-22T18:30:00+00:00,Running,1,2799.9,10.62,4.5,60.15,46.87,Pump A Running
2026-09-22T18:45:00+00:00,Running,1,2865.2,10.59,4.64,60.16,46.5,Pump A Running
2026-09-22T19:00:00+00:00,Running,1,2626.8,10.61,4.54,59.19,46.88,Pump A Running
2026-09-22T19:15:00+00:00,Running,1,2882.5,10.54,4.48,58.06,47.35,Pump A Running
2026-09-22T19:30:00+00:00,Running,1,2627.2,10.43,4.61,59.47,46.47,Pump A Running
2026-09-22T19:45:00+00:00,Running,1,2747.1,10.68,4.63,58.54,46.66,Pump A Running
2026-09-22T20:00:00+00:00,Running,1,2782.1,10.56,4.59,58.55,46.88,Pump A Running
2026-09-22T20:15:00+00:00,Running,1,2846.2,10.69,4.71,59.17,47.3,Pump A Running
2026-09-22T20:30:00+00:00,Running,1,2796.4,10.6,4.63,60.13,47.18,Pump A Running
2026-09-22T20:45:00+00:00,Running,1,2687.2,10.56,4.66,60.79,46.64,Pump A Running
2026-09-22T21:00:00+00:00,Running,1,2879.3,10.6,4.54,60.53,46.49,Pump A Running
2026-09-22T21:15:00+00:00,Running,1,2779.7,10.59,4.49,59.1,46.71,Pump A Running
2026-09-22T21:30:00+00:00,Running,1,2767.6,10.63,4.63,59.38,46.34,Pump A Running
2026-09-22T21:45:00+00:00,Running,1,2743.7,10.5,4.62,58.28,47.1,Pump A Running
2026-09-22T22:00:00+00:00,Running,1,2933.6,10.67,4.65,59.68,48.31,Pump A Running
2026-09-22T22:15:00+00:00,Running,1,2671.1,10.63,4.52,59.29,46.92,Pump A Running
2026-09-22T22:30:00+00:00,Running,1,2667.7,10.52,4.75,59.17,46.43,Pump A Running
2026-09-22T22:45:00+00:00,Running,1,2683.4,10.68,4.63,59.69,47.12,Pump A Running
2026-09-22T23:00:00+00:00,Running,1,2646.3,10.51,4.66,58.27,46.68,Pump A Running
2026-09-22T23:15:00+00:00,Running,1,2797.9,10.6,4.62,58.72,46.85,Pump A Running
2026-09-22T23:30:00+00:00,Running,1,2664.2,10.62,4.61,60.22,47.09,Pump A Running
2026-09-22T23:45:00+00:00,Running,1,2774.6,10.59,4.58,59.43,46.77,Pump A Running
