timestamp,mill_state,mill_running,motor_power_kw,mill_speed_rpm,lube_pressure_bar,lube_flow_l_min,lube_oil_temp_c,lube_pump_status
2026-06-24T12:00:00+00:00,Running,1,2357.2,10.65,4.85,60.36,46.01,Pump A Running
2026-06-24T12:15:00+00:00,Running,1,2417.8,10.67,4.77,63.15,45.92,Pump A Running
2026-06-24T12:30:00+00:00,Running,1,2403.1,10.61,4.74,61.8,46.72,Pump A Running
2026-06-24T12:45:00+00:00,Running,1,2361.6,10.58,4.81,62.3,46.69,Pump A Running
2026-06-24T13:00:00+00:00,Running,1,2442.7,10.63,4.76,62.58,46.3,Pump A Running
2026-06-24T13:15:00+00:00,Running,1,2569.9,10.59,4.78,61.67,46.39,Pump A Running
2026-06-24T13:30:00+00:00,Running,1,2472.4,10.58,4.76,63.02,46.34,Pump A Running
2026-06-24T13:45:00+00:00,Running,1,2469.8,10.6,4.86,62.19,45.77,Pump A Running
2026-06-24T14:00:00+00:00,Running,1,2642.6,10.59,4.87,63.57,47.51,Pump A Running
2026-06-24T14:15:00+00:00,Running,1,2573.6,10.63,4.77,61.54,46.65,Pump A Running
2026-06-24T14:30:00+00:00,Running,1,2716.9,10.66,4.77,60.56,46.87,Pump A Running
2026-06-24T14:45:00+00:00,Running,1,2462.2,10.5,4.82,61.35,46.76,Pump A Running
2026-06-24T15:00:00+00:00,Running,1,2609.3,10.64,4.79,63.67,46.62,Pump A Running
2026-06-24T15:15:00+00:00,Running,1,2517.0,10.69,4.81,63.02,46.02,Pump A Running
2026-06-24T15:30:00+00:00,Running,1,2479.0,10.62,4.72,63.42,46.13,Pump A Running
2026-06-24T15:45:00+00:00,Running,1,2606.8,10.64,4.77,62.84,46.59,Pump A Running
2026-06-24T16:00:00+00:00,Running,1,2559.3,10.51,4.91,63.29,46.62,Pump A Running
2026-06-24T16:15:00+00:00,Running,1,2606.5,10.62,4.91,60.58,46.31,Pump A Running
2026-06-24T16:30:00+00:00,Running,1,2773.2,10.52,4.75,61.85,46.66,Pump A Running
2026-06-24T16:45:00+00:00,Running,1,2622.0,10.68,4.62,61.92,46.35,Pump A Running
2026-06-24T17:00:00+00:00,Running,1,2758.8,10.6,4.81,61.96,46.47,Pump A Running
2026-06-24T17:15:00+00:00,Running,1,2593.9,10.55,4.74,63.73,46.62,Pump A Running
2026-06-24T17:30:00+00:00,Running,1,2546.6,10.5,4.65,61.28,45.93,Pump A Running
2026-06-24T17:45:00+00:00,Running,1,2669.8,10.49,4.64,61.95,46.59,Pump A Running
2026-06-24T18:00:00+00:00,Running,1,2644.8,10.51,4.78,62.39,46.75,Pump A Running
2026-06-24T18:15:00+00:00,Running,1,2566.1,10.6,4.88,63.15,46.31,Pump A Running
2026-06-24T18:30:00+00:00,Running,1,2561.0,10.58,4.81,63.12,46.37,Pump A Running
2026-06-24T18:45:00+00:00,Running,1,2701.7,10.71,4.89,63.35,46.68,Pump A Running
2026-06-24T19:00:00+00:00,Running,1,2723.4,10.49,4.67,60.47,46.56,Pump A Running
2026-06-24T19:15:00+00:00,Running,1,2607.4,10.62,4.87,63.48,46.68,Pump A Running
2026-06-24T19:30:00+00:00,Running,1,2610.9,10.74,4.85,61.63,46.11,Pump A Running
2026-06-24T19:45:00+00:00,Running,1,2692.8,10.61,4.85,60.81,46.89,Pump A Running
2026-06-24T20:00:00+00:00,Running,1,2575.1,10.5,4.93,61.39,46.73,Pump A Running
2026-06-24T20:15:00+00:00,Running,1,2755.7,10.57,4.82,62.08,46.83,Pump A Running
2026-06-24T20:30:00+00:00,Running,1,2757.1,10.65,4.76,61.35,46.01,Pump A Running
2026-06-24T20:45:00+00:00,Running,1,2730.9,10.53,4.87,62.38,46.89,Pump A Running
2026-06-24T21:00:00+00:00,Running,1,2605.9,10.64,4.8,63.49,46.38,Pump A Running
2026-06-24T21:15:00+00:00,Running,1,2798.0,10.57,4.86,60.75,46.68,Pump A Running
2026-06-24T21:30:00+00:00,Running,1,2792.7,10.59,4.71,62.32,46.2,Pump A Running
2026-06-24T21:45:00+00:00,Running,1,2706.7,10.57,4.87,61.86,46.79,Pump A Running
2026-06-24T22:00:00+00:00,Running,1,2631.8,10.56,4.82,61.67,46.24,Pump A Running
2026-06-24T22:15:00+00:00,Running,1,2786.4,10.61,4.78,62.45,46.03,Pump A Running
2026-06-24T22:30:00+00:00,Running,1,2612.9,10.59,4.95,62.16,45.96,Pump A Running
2026-06-24T22:45:00+00:00,Running,1,2898.3,10.81,4.65,61.26,46.98,Pump A Running
2026-06-24T23:00:00+00:00,Running,1,2777.0,10.59,4.96,63.3,46.62,Pump A Running
2026-06-24T23:15:00+00:00,Running,1,2743.4,10.74,4.65,63.06,46.54,Pump A Running
2026-06-24T23:30:00+00:00,Running,1,2663.1,10.57,4.91,64.14,46.97,Pump A Running
2026-06-24T23:45:00+00:00,Running,1,2784.4,10.66,4.8,60.39,46.32,Pump A Running
2026-06-25T00:00:00+00:00,Running,1,2893.0,10.5,4.78,61.37,46.71,Pump A Running
2026-06-25T00:15:00+00:00,Running,1,2559.2,10.63,4.78,62.07,46.06,Pump A Running
2026-06-25T00:30:00+00:00,Running,1,2572.8,10.72,4.76,63.3,46.68,Pump A Running
2026-06-25T00:45:00+00:00,Running,1,2806.0,10.49,4.89,62.41,46.59,Pump A Running
2026-06-25T01:00:00+00:00,Running,1,2721.3,10.66,4.73,61.01,46.45,Pump A Running
2026-06-25T01:15:00+00:00,Running,1,2765.5,10.56,4.7,60.64,46.4,Pump A Running
2026-06-25T01:30:00+00:00,Running,1,2753.4,10.57,4.88,59.72,46.14,Pump A Running
2026-06-25T01:45:00+00:00,Running,1,2763.3,10.67,4.82,60.97,47.66,Pump A Running
2026-06-25T02:00:00+00:00,Stopped,0,0.0,0.0,0.07,0.0,29.34,Pumps Stopped
2026-06-25T02:15:00+00:00,Stopped,0,0.0,0.0,0.18,0.0,29.17,Pumps Stopped
2026-06-25T02:30:00+00:00,Stopped,0,0.0,0.0,0.14,0.0,29.49,Pumps Stopped
2026-06-25T02:45:00+00:00,Stopped,0,0.0,0.0,0.21,0.0,29.44,Pumps Stopped
2026-06-25T03:00:00+00:00,Stopped,0,0.0,0.0,0.1,0.0,29.54,Pumps Stopped
2026-06-25T03:15:00+00:00,Stopped,0,0.0,0.0,0.14,0.0,29.13,Pumps Stopped
2026-06-25T03:30:00+00:00,Running,1,2639.2,10.66,4.85,64.09,45.9,Pump A Running
2026-06-25T03:45:00+00:00,Running,1,2803.0,10.55,4.73,61.92,46.79,Pump A Running
2026-06-25T04:00:00+00:00,Running,1,2869.7,10.65,4.76,61.79,46.53,Pump A Running
2026-06-25T04:15:00+00:00,Running,1,2813.6,10.61,4.76,60.78,46.46,Pump A Running
2026-06-25T04:30:00+00:00,Running,1,2815.3,10.54,4.88,61.84,46.89,Pump A Running
2026-06-25T04:45:00+00:00,Running,1,2752.0,10.6,4.79,63.76,46.47,Pump A Running
2026-06-25T05:00:00+00:00,Running,1,2767.0,10.57,4.73,61.99,46.99,Pump A Running
2026-06-25T05:15:00+00:00,Running,1,2711.0,10.56,4.78,61.9,45.9,Pump A Running
2026-06-25T05:30:00+00:00,Running,1,2704.2,10.74,4.82,63.41,47.46,Pump A Running
2026-06-25T05:45:00+00:00,Running,1,2705.6,10.6,4.76,61.72,47.03,Pump A Running
2026-06-25T06:00:00+00:00,Running,1,2855.6,10.39,4.92,62.4,47.09,Pump A Running
2026-06-25T06:15:00+00:00,Running,1,2814.0,10.58,4.84,61.73,46.5,Pump A Running
2026-06-25T06:30:00+00:00,Running,1,2838.0,10.46,4.82,62.03,46.02,Pump A Running
2026-06-25T06:45:00+00:00,Running,1,2693.0,10.57,4.77,60.07,47.19,Pump A Running
2026-06-25T07:00:00+00:00,Running,1,2653.9,10.69,4.71,63.78,46.45,Pump A Running
2026-06-25T07:15:00+00:00,Running,1,2703.7,10.63,4.74,61.72,46.71,Pump A Running
2026-06-25T07:30:00+00:00,Running,1,2693.6,10.47,4.8,61.34,45.76,Pump A Running
2026-06-25T07:45:00+00:00,Running,1,2852.0,10.62,4.67,59.98,46.2,Pump A Running
2026-06-25T08:00:00+00:00,Running,1,2736.3,10.55,4.93,63.39,46.79,Pump A Running
2026-06-25T08:15:00+00:00,Running,1,2842.6,10.58,4.83,61.46,46.69,Pump A Running
2026-06-25T08:30:00+00:00,Running,1,2662.2,10.65,4.69,62.44,46.71,Pump A Running
2026-06-25T08:45:00+00:00,Running,1,2603.9,10.47,4.67,63.6,46.83,Pump A Running
2026-06-25T09:00:00+00:00,Running,1,2791.2,10.56,4.77,62.76,46.5,Pump A Running
2026-06-25T09:15:00+00:00,Running,1,2729.3,10.63,4.72,61.16,46.76,Pump A Running
2026-06-25T09:30:00+00:00,Running,1,2773.4,10.63,4.82,64.76,47.23,Pump A Running
2026-06-25T09:45:00+00:00,Running,1,2771.1,10.57,4.78,62.16,47.25,Pump A Running
2026-06-25T10:00:00+00:00,Running,1,2617.8,10.6,4.84,63.58,46.78,Pump A Running
2026-06-25T10:15:00+00:00,Running,1,2787.1,10.65,4.87,60.67,47.01,Pump A Running
2026-06-25T10:30:00+00:00,Running,1,2552.9,10.53,4.87,61.43,47.15,Pump A Running
2026-06-25T10:45:00+00:00,Running,1,2649.1,10.6,4.77,61.09,46.17,Pump A Running
2026-06-25T11:00:00+00:00,Running,1,2663.3,10.56,4.79,63.9,46.48,Pump A Running
2026-06-25T11:15:00+00:00,Running,1,2640.7,10.64,4.75,61.95,46.97,Pump A Running
2026-06-25T11:30:00+00:00,Running,1,2844.9,10.58,4.89,61.92,46.86,Pump A Running
2026-06-25T11:45:00+00:00,Running,1,2594.0,10.78,4.69,59.91,46.44,Pump A Running
2026-06-25T12:00:00+00:00,Running,1,2656.1,10.8,4.84,61.66,46.53,Pump A Running
2026-06-25T12:15:00+00:00,Running,1,2717.5,10.65,4.8,62.2,46.45,Pump A Running
2026-06-25T12:30:00+00:00,Running,1,2863.8,10.58,4.68,61.59,46.84,Pump A Running
2026-06-25T12:45:00+00:00,Running,1,2674.5,10.61,4.91,63.83,46.74,Pump A Running
2026-06-25T13:00:00+00:00,Running,1,2765.7,10.57,4.86,61.47,46.64,Pump A Running
2026-06-25T13:15:00+00:00,Running,1,2595.6,10.7,4.82,62.99,46.27,Pump A Running
2026-06-25T13:30:00+00:00,Running,1,2608.0,10.62,4.79,63.01,46.64,Pump A Running
2026-06-25T13:45:00+00:00,Running,1,2648.7,10.55,4.79,60.0,46.92,Pump A Running
2026-06-25T14:00:00+00:00,Running,1,2653.8,10.54,4.8,62.05,46.9,Pump A Running
2026-06-25T14:15:00+00:00,Running,1,2686.9,10.62,4.57,61.43,46.57,Pump A Running
2026-06-25T14:30:00+00:00,Running,1,2636.3,10.5,4.85,63.62,46.45,Pump A Running
2026-06-25T14:45:00+00:00,Running,1,2591.6,10.67,4.88,62.92,46.65,Pump A Running
2026-06-25T15:00:00+00:00,Running,1,2607.1,10.54,4.74,61.53,46.86,Pump A Running
2026-06-25T15:15:00+00:00,Running,1,2563.6,10.51,4.69,64.49,47.42,Pump A Running
2026-06-25T15:30:00+00:00,Running,1,2730.5,10.57,4.88,64.45,46.5,Pump A Running
2026-06-25T15:45:00+00:00,Running,1,2837.1,10.58,4.65,61.16,46.23,Pump A Running
2026-06-25T16:00:00+00:00,Running,1,2509.2,10.63,4.71,64.32,46.52,Pump A Running
2026-06-25T16:15:00+00:00,Running,1,2728.7,10.52,4.85,63.38,46.19,Pump A Running
2026-06-25T16:30:00+00:00,Running,1,2494.7,10.63,4.94,61.16,46.65,Pump A Running
2026-06-25T16:45:00+00:00,Running,1,2632.0,10.44,4.81,62.84,46.53,Pump A Running
2026-06-25T17:00:00+00:00,Running,1,2622.5,10.65,4.71,59.8,46.84,Pump A Running
2026-06-25T17:15:00+00:00,Running,1,2582.7,10.61,4.72,59.76,46.54,Pump A Running
2026-06-25T17:30:00+00:00,Running,1,2475.2,10.62,4.91,63.17,46.47,Pump A Running
2026-06-25T17:45:00+00:00,Running,1,2465.5,10.63,4.67,62.78,46.48,Pump A Running
2026-06-25T18:00:00+00:00,Running,1,2499.9,10.5,4.88,61.1,46.47,Pump A Running
2026-06-25T18:15:00+00:00,Running,1,2381.1,10.6,4.76,63.76,46.4,Pump A Running
2026-06-25T18:30:00+00:00,Running,1,2539.9,10.51,4.65,63.44,46.19,Pump A Running
2026-06-25T18:45:00+00:00,Running,1,2580.9,10.54,4.78,62.22,47.22,Pump A Running
2026-06-25T19:00:00+00:00,Running,1,2518.9,10.47,4.88,60.79,46.2,Pump A Running
2026-06-25T19:15:00+00:00,Running,1,2559.7,10.43,4.82,62.87,46.16,Pump A Running
2026-06-25T19:30:00+00:00,Running,1,2627.6,10.56,4.93,62.17,46.15,Pump A Running
2026-06-25T19:45:00+00:00,Running,1,2541.2,10.63,4.78,61.73,46.64,Pump A Running
2026-06-25T20:00:00+00:00,Running,1,2472.9,10.58,4.82,60.14,46.11,Pump A Running
2026-06-25T20:15:00+00:00,Running,1,2652.5,10.57,4.85,61.02,46.29,Pump A Running
2026-06-25T20:30:00+00:00,Running,1,2415.7,10.53,4.82,62.47,45.75,Pump A Running
2026-06-25T20:45:00+00:00,Running,1,2577.3,10.61,4.68,61.58,46.28,Pump A Running
2026-06-25T21:00:00+00:00,Running,1,2391.0,10.56,4.71,60.29,45.9,Pump A Running
2026-06-25T21:15:00+00:00,Running,1,2603.1,10.69,4.81,62.71,46.37,Pump A Running
2026-06-25T21:30:00+00:00,Running,1,2457.8,10.59,4.73,62.15,46.42,Pump A Running
2026-06-25T21:45:00+00:00,Running,1,2548.9,10.56,4.74,60.34,46.99,Pump A Running
2026-06-25T22:00:00+00:00,Running,1,2558.8,10.62,4.83,61.61,46.85,Pump A Running
2026-06-25T22:15:00+00:00,Running,1,2304.8,10.52,4.87,61.36,46.18,Pump A Running
2026-06-25T22:30:00+00:00,Running,1,2369.8,10.6,4.83,62.57,46.21,Pump A Running
2026-06-25T22:45:00+00:00,Running,1,2458.4,10.66,4.82,63.24,45.97,Pump A Running
2026-06-25T23:00:00+00:00,Running,1,2585.6,10.58,4.87,63.42,46.17,Pump A Running
2026-06-25T23:15:00+00:00,Running,1,2332.5,10.73,4.79,62.12,45.63,Pump A Running
2026-06-25T23:30:00+00:00,Running,1,2476.8,10.62,4.68,64.56,46.53,Pump A Running
2026-06-25T23:45:00+00:00,Running,1,2397.5,10.56,4.88,62.93,46.8,Pump A Running
2026-06-26T00:00:00+00:00,Running,1,2493.3,10.53,4.8,63.36,46.34,Pump A Running
2026-06-26T00:15:00+00:00,Running,1,2259.9,10.55,4.67,62.88,46.45,Pump A Running
2026-06-26T00:30:00+00:00,Running,1,2494.3,10.61,4.84,60.78,46.23,Pump A Running
2026-06-26T00:45:00+00:00,Running,1,2287.4,10.53,4.79,62.42,46.64,Pump A Running
2026-06-26T01:00:00+00:00,Running,1,2423.1,10.63,4.78,62.09,46.5,Pump A Running
2026-06-26T01:15:00+00:00,Running,1,2372.6,10.63,4.86,61.1,46.12,Pump A Running
2026-06-26T01:30:00+00:00,Running,1,2404.5,10.57,4.87,62.22,46.03,Pump A Running
2026-06-26T01:45:00+00:00,Running,1,2458.9,10.57,4.95,61.76,45.51,Pump A Running
2026-06-26T02:00:00+00:00,Stopped,0,0.0,0.0,0.15,0.0,28.77,Pumps Stopped
2026-06-26T02:15:00+00:00,Stopped,0,0.0,0.0,0.1,0.0,28.71,Pumps Stopped
2026-06-26T02:30:00+00:00,Stopped,0,0.0,0.0,0.15,0.0,29.04,Pumps Stopped
2026-06-26T02:45:00+00:00,Stopped,0,0.0,0.0,0.12,0.0,29.06,Pumps Stopped
2026-06-26T03:00:00+00:00,Stopped,0,0.0,0.0,0.18,0.0,29.18,Pumps Stopped
2026-06-26T03:15:00+00:00,Stopped,0,0.0,0.0,0.22,0.0,29.25,Pumps Stopped
2026-06-26T03:30:00+00:00,Running,1,2179.7,10.61,4.78,61.67,46.27,Pump A Running
2026-06-26T03:45:00+00:00,Running,1,2527.4,10.64,4.75,61.26,47.06,Pump A Running
2026-06-26T04:00:00+00:00,Running,1,2389.5,10.69,4.89,62.01,46.43,Pump A Running
2026-06-26T04:15:00+00:00,Running,1,2344.8,10.66,4.89,61.52,46.49,Pump A Running
2026-06-26T04:30:00+00:00,Running,1,2412.3,10.67,4.78,60.37,46.11,Pump A Running
2026-06-26T04:45:00+00:00,Running,1,2470.8,10.71,4.79,59.76,46.02,Pump A Running
2026-06-26T05:00:00+00:00,Running,1,2268.9,10.61,4.87,62.11,45.78,Pump A Running
2026-06-26T05:15:00+00:00,Running,1,2097.8,10.68,4.79,61.58,45.43,Pump A Running
2026-06-26T05:30:00+00:00,Running,1,2276.7,10.61,4.76,60.88,46.3,Pump A Running
2026-06-26T05:45:00+00:00,Running,1,2263.0,10.57,4.78,61.27,45.53,Pump A Running
2026-06-26T06:00:00+00:00,Running,1,2369.3,10.57,4.91,61.66,46.41,Pump A Running
2026-06-26T06:15:00+00:00,Running,1,2298.6,10.66,4.74,61.51,45.65,Pump A Running
2026-06-26T06:30:00+00:00,Running,1,2241.4,10.66,4.77,61.23,46.04,Pump A Running
2026-06-26T06:45:00+00:00,Running,1,2073.1,10.62,4.77,62.07,45.1,Pump A Running
2026-06-26T07:00:00+00:00,Running,1,2162.1,10.31,4.77,61.63,46.36,Pump A Running
2026-06-26T07:15:00+00:00,Running,1,2372.1,10.6,4.72,62.01,46.06,Pump A Running
2026-06-26T07:30:00+00:00,Running,1,2112.9,10.49,4.7,61.03,46.01,Pump A Running
2026-06-26T07:45:00+00:00,Running,1,2257.6,10.71,4.73,62.78,45.74,Pump A Running
2026-06-26T08:00:00+00:00,Running,1,2405.8,10.52,4.73,60.48,45.62,Pump A Running
2026-06-26T08:15:00+00:00,Running,1,2172.0,10.67,4.91,61.97,45.64,Pump A Running
2026-06-26T08:30:00+00:00,Running,1,2149.5,10.57,4.76,64.96,45.56,Pump A Running
2026-06-26T08:45:00+00:00,Running,1,1979.4,10.66,4.71,60.69,46.39,Pump A Running
2026-06-26T09:00:00+00:00,Running,1,2309.8,10.59,4.66,61.35,46.21,Pump A Running
2026-06-26T09:15:00+00:00,Running,1,2234.8,10.66,4.76,62.0,45.46,Pump A Running
2026-06-26T09:30:00+00:00,Running,1,2189.4,10.75,4.92,62.45,46.44,Pump A Running
2026-06-26T09:45:00+00:00,Running,1,2110.9,10.57,4.79,59.34,45.41,Pump A Running
2026-06-26T10:00:00+00:00,Running,1,2313.9,10.53,4.9,60.77,46.42,Pump A Running
2026-06-26T10:15:00+00:00,Running,1,2296.9,10.67,4.91,61.99,46.12,Pump A Running
2026-06-26T10:30:00+00:00,Running,1,2191.4,10.68,4.79,63.16,45.67,Pump A Running
2026-06-26T10:45:00+00:00,Running,1,2071.0,10.57,4.95,64.46,45.69,Pump A Running
2026-06-26T11:00:00+00:00,Running,1,2206.5,10.47,4.76,61.49,45.98,Pump A Running
2026-06-26T11:15:00+00:00,Running,1,2057.2,10.63,4.63,57.69,46.2,Pump A Running
2026-06-26T11:30:00+00:00,Running,1,2294.5,10.53,4.82,62.38,46.29,Pump A Running
2026-06-26T11:45:00+00:00,Running,1,2024.4,10.62,4.76,61.83,46.31,Pump A Running
2026-06-26T12:00:00+00:00,Running,1,2089.0,10.49,4.91,60.93,46.44,Pump A Running
2026-06-26T12:15:00+00:00,Running,1,2044.4,10.52,4.8,61.21,45.36,Pump A Running
2026-06-26T12:30:00+00:00,Running,1,2142.0,10.64,4.76,60.16,46.08,Pump A Running
2026-06-26T12:45:00+00:00,Running,1,2038.4,10.55,4.92,61.46,45.91,Pump A Running
2026-06-26T13:00:00+00:00,Running,1,2110.0,10.52,4.86,62.7,46.01,Pump A Running
2026-06-26T13:15:00+00:00,Running,1,2100.4,10.61,4.89,59.88,45.7,Pump A Running
2026-06-26T13:30:00+00:00,Running,1,2015.8,10.49,4.77,60.67,45.87,Pump A Running
2026-06-26T13:45:00+00:00,Running,1,2205.3,10.59,4.84,61.61,45.89,Pump A Running
2026-06-26T14:00:00+00:00,Running,1,2098.4,10.65,4.94,60.07,46.08,Pump A Running
2026-06-26T14:15:00+00:00,Running,1,2258.0,10.54,4.73,61.41,46.88,Pump A Running
2026-06-26T14:30:00+00:00,Running,1,2089.0,10.59,4.69,63.28,45.95,Pump A Running
2026-06-26T14:45:00+00:00,Running,1,2264.9,10.62,4.86,62.88,46.43,Pump A Running
2026-06-26T15:00:00+00:00,Running,1,2233.7,10.65,4.87,63.19,46.52,Pump A Running
2026-06-26T15:15:00+00:00,Running,1,2130.1,10.6,4.75,63.82,45.99,Pump A Running
2026-06-26T15:30:00+00:00,Running,1,2078.2,10.64,4.76,62.49,46.34,Pump A Running
2026-06-26T15:45:00+00:00,Running,1,2263.9,10.62,4.69,61.8,46.56,Pump A Running
2026-06-26T16:00:00+00:00,Running,1,2145.6,10.66,4.84,60.84,46.57,Pump A Running
2026-06-26T16:15:00+00:00,Running,1,2136.2,10.61,4.79,62.25,45.94,Pump A Running
2026-06-26T16:30:00+00:00,Running,1,2253.6,10.43,4.7,63.08,46.02,Pump A Running
2026-06-26T16:45:00+00:00,Running,1,2233.2,10.52,4.79,62.78,46.99,Pump A Running
2026-06-26T17:00:00+00:00,Running,1,2224.2,10.55,4.82,61.94,46.47,Pump A Running
2026-06-26T17:15:00+00:00,Running,1,2046.6,10.6,4.82,62.95,45.69,Pump A Running
2026-06-26T17:30:00+00:00,Running,1,2186.7,10.64,4.79,62.73,45.6,Pump A Running
2026-06-26T17:45:00+00:00,Running,1,2155.5,10.78,4.74,62.48,46.74,Pump A Running
2026-06-26T18:00:00+00:00,Running,1,2166.8,10.6,4.81,62.11,46.01,Pump A Running
2026-06-26T18:15:00+00:00,Running,1,2140.3,10.64,4.78,62.91,46.31,Pump A Running
2026-06-26T18:30:00+00:00,Running,1,2268.4,10.6,4.93,62.73,45.83,Pump A Running
2026-06-26T18:45:00+00:00,Running,1,2113.7,10.58,4.75,61.06,45.97,Pump A Running
2026-06-26T19:00:00+00:00,Running,1,2246.2,10.53,4.8,63.11,46.63,Pump A Running
2026-06-26T19:15:00+00:00,Running,1,2043.4,10.51,4.69,60.65,45.84,Pump A Running
2026-06-26T19:30:00+00:00,Running,1,2185.4,10.61,4.76,62.99,46.03,Pump A Running
2026-06-26T19:45:00+00:00,Running,1,2168.1,10.62,4.86,63.1,46.14,Pump A Running
2026-06-26T20:00:00+00:00,Running,1,2249.1,10.63,4.51,62.27,46.33,Pump A Running
2026-06-26T20:15:00+00:00,Running,1,2284.7,10.63,4.62,61.92,46.26,Pump A Running
2026-06-26T20:30:00+00:00,Running,1,2245.5,10.51,4.93,63.36,46.41,Pump A Running
2026-06-26T20:45:00+00:00,Running,1,2081.6,10.67,4.84,63.16,46.27,Pump A Running
2026-06-26T21:00:00+00:00,Running,1,2178.7,10.57,4.8,63.69,46.16,Pump A Running
2026-06-26T21:15:00+00:00,Running,1,2246.5,10.64,4.68,62.52,46.45,Pump A Running
2026-06-26T21:30:00+00:00,Running,1,2086.6,10.59,4.68,60.84,46.47,Pump A Running
2026-06-26T21:45:00+00:00,Running,1,2262.2,10.61,4.7,62.41,45.9,Pump A Running
2026-06-26T22:00:00+00:00,Running,1,2222.9,10.72,4.76,59.38,45.85,Pump A Running
2026-06-26T22:15:00+00:00,Running,1,2169.7,10.55,4.72,62.1,45.38,Pump A Running
2026-06-26T22:30:00+00:00,Running,1,2319.0,10.64,4.76,62.18,45.81,Pump A Running
2026-06-26T22:45:00+00:00,Running,1,2223.5,10.55,4.8,62.44,46.54,Pump A Running
2026-06-26T23:00:00+00:00,Running,1,2162.7,10.6,4.8,62.95,45.98,Pump A Running
2026-06-26T23:15:00+00:00,Running,1,2268.2,10.52,4.79,62.96,46.26,Pump A Running
2026-06-26T23:30:00+00:00,Running,1,2294.2,10.62,4.87,61.55,45.6,Pump A Running
2026-06-26T23:45:00+00:00,Running,1,2168.6,10.65,4.73,61.02,45.88,Pump A Running
2026-06-27T00:00:00+00:00,Running,1,2387.2,10.41,4.73,61.39,46.44,Pump A Running
2026-06-27T00:15:00+00:00,Running,1,2381.2,10.63,4.74,63.12,46.06,Pump A Running
2026-06-27T00:30:00+00:00,Running,1,2296.7,10.64,4.78,60.2,46.19,Pump A Running
2026-06-27T00:45:00+00:00,Running,1,2339.2,10.55,4.72,61.2,46.58,Pump A Running
2026-06-27T01:00:00+00:00,Running,1,2254.4,10.7,4.8,61.49,46.64,Pump A Running
2026-06-27T01:15:00+00:00,Running,1,2255.6,10.7,4.63,63.78,45.81,Pump A Running
2026-06-27T01:30:00+00:00,Running,1,2356.4,10.54,4.83,62.01,46.21,Pump A Running
2026-06-27T01:45:00+00:00,Running,1,2326.5,10.69,5.04,63.5,46.23,Pump A Running
2026-06-27T02:00:00+00:00,Stopped,0,0.0,0.0,0.14,0.0,29.13,Pumps Stopped
2026-06-27T02:15:00+00:00,Stopped,0,0.0,0.0,0.2,0.0,28.9,Pumps Stopped
2026-06-27T02:30:00+00:00,Stopped,0,0.0,0.0,0.12,0.0,28.68,Pumps Stopped
2026-06-27T02:45:00+00:00,Stopped,0,0.0,0.0,0.13,0.0,29.33,Pumps Stopped
2026-06-27T03:00:00+00:00,Stopped,0,0.0,0.0,0.15,0.0,29.28,Pumps Stopped
2026-06-27T03:15:00+00:00,Stopped,0,0.0,0.0,0.18,0.0,28.64,Pumps Stopped
2026-06-27T03:30:00+00:00,Running,1,2333.3,10.57,4.78,61.01,46.03,Pump A Running
2026-06-27T03:45:00+00:00,Running,1,2244.2,10.64,4.8,61.88,46.41,Pump A Running
2026-06-27T04:00:00+00:00,Running,1,2518.2,10.7,4.83,61.57,46.64,Pump A Running
2026-06-27T04:15:00+00:00,Running,1,2380.6,10.54,4.76,59.58,46.19,Pump A Running
2026-06-27T04:30:00+00:00,Running,1,2240.4,10.55,4.76,61.97,46.82,Pump A Running
2026-06-27T04:45:00+00:00,Running,1,2219.1,10.48,4.9,62.26,46.49,Pump A Running
2026-06-27T05:00:00+00:00,Running,1,2183.8,10.61,4.74,61.69,46.18,Pump A Running
2026-06-27T05:15:00+00:00,Running,1,2366.7,10.69,4.73,63.43,46.04,Pump A Running
2026-06-27T05:30:00+00:00,Running,1,2495.2,10.57,4.85,61.28,46.35,Pump A Running
2026-06-27T05:45:00+00:00,Running,1,2452.9,10.56,4.77,62.76,46.34,Pump A Running
2026-06-27T06:00:00+00:00,Running,1,2311.2,10.61,4.69,62.75,46.36,Pump A Running
2026-06-27T06:15:00+00:00,Running,1,2352.7,10.52,4.76,61.79,46.36,Pump A Running
2026-06-27T06:30:00+00:00,Running,1,2486.1,10.66,4.81,61.29,46.66,Pump A Running
2026-06-27T06:45:00+00:00,Running,1,2316.1,10.64,4.89,62.73,46.56,Pump A Running
2026-06-27T07:00:00+00:00,Running,1,2281.9,10.5,4.74,64.09,46.07,Pump A Running
2026-06-27T07:15:00+00:00,Running,1,2593.6,10.49,4.65,61.92,46.54,Pump A Running
2026-06-27T07:30:00+00:00,Running,1,2438.4,10.6,4.94,61.29,45.99,Pump A Running
2026-06-27T07:45:00+00:00,Running,1,2759.8,10.63,4.68,60.23,46.59,Pump A Running
2026-06-27T08:00:00+00:00,Running,1,2435.3,10.52,4.67,63.05,46.55,Pump A Running
2026-06-27T08:15:00+00:00,Running,1,2531.7,10.57,4.73,61.97,46.43,Pump A Running
2026-06-27T08:30:00+00:00,Running,1,2431.3,10.61,4.81,63.92,45.54,Pump A Running
2026-06-27T08:45:00+00:00,Running,1,2444.0,10.58,4.84,61.33,46.51,Pump A Running
2026-06-27T09:00:00+00:00,Running,1,2594.2,10.46,4.78,60.81,46.42,Pump A Running
2026-06-27T09:15:00+00:00,Running,1,2584.6,10.66,4.8,63.05,45.78,Pump A Running
2026-06-27T09:30:00+00:00,Running,1,2716.7,10.57,4.56,62.07,46.47,Pump A Running
2026-06-27T09:45:00+00:00,Running,1,2540.9,10.6,4.87,64.68,46.14,Pump A Running
2026-06-27T10:00:00+00:00,Running,1,2570.8,10.51,4.6,63.17,47.06,Pump A Running
2026-06-27T10:15:00+00:00,Running,1,2496.6,10.65,4.85,62.33,46.75,Pump A Running
2026-06-27T10:30:00+00:00,Running,1,2512.5,10.55,4.9,61.86,46.62,Pump A Running
2026-06-27T10:45:00+00:00,Running,1,2746.9,10.59,4.82,62.79,46.08,Pump A Running
2026-06-27T11:00:00+00:00,Running,1,2570.4,10.66,4.92,59.27,46.04,Pump A Running
2026-06-27T11:15:00+00:00,Running,1,2495.3,10.56,4.78,60.74,45.74,Pump A Running
2026-06-27T11:30:00+00:00,Running,1,2469.3,10.61,4.82,63.43,46.5,Pump A Running
2026-06-27T11:45:00+00:00,Running,1,2466.5,10.66,4.9,61.16,46.39,Pump A Running
2026-06-27T12:00:00+00:00,Running,1,2645.3,10.67,4.87,61.92,46.16,Pump A Running
2026-06-27T12:15:00+00:00,Running,1,2538.0,10.57,4.62,60.68,46.23,Pump A Running
2026-06-27T12:30:00+00:00,Running,1,2586.4,10.65,4.72,62.09,46.3,Pump A Running
2026-06-27T12:45:00+00:00,Running,1,2575.7,10.64,4.65,59.97,46.94,Pump A Running
2026-06-27T13:00:00+00:00,Running,1,2578.8,10.44,4.91,61.85,46.6,Pump A Running
2026-06-27T13:15:00+00:00,Running,1,2527.3,10.68,4.79,61.63,46.27,Pump A Running
2026-06-27T13:30:00+00:00,Running,1,2710.4,10.6,4.9,61.31,46.7,Pump A Running
2026-06-27T13:45:00+00:00,Running,1,2539.7,10.44,4.76,63.7,45.96,Pump A Running
2026-06-27T14:00:00+00:00,Running,1,2584.8,10.64,4.73,63.17,46.05,Pump A Running
2026-06-27T14:15:00+00:00,Running,1,2639.0,10.61,4.9,64.07,46.75,Pump A Running
2026-06-27T14:30:00+00:00,Running,1,2508.6,10.57,4.74,60.73,45.94,Pump A Running
2026-06-27T14:45:00+00:00,Running,1,2519.3,10.71,4.84,63.16,46.06,Pump A Running
2026-06-27T15:00:00+00:00,Running,1,2817.2,10.55,4.79,61.29,46.79,Pump A Running
2026-06-27T15:15:00+00:00,Running,1,2814.3,10.63,4.86,63.22,47.52,Pump A Running
2026-06-27T15:30:00+00:00,Running,1,2788.1,10.56,4.72,60.56,47.12,Pump A Running
2026-06-27T15:45:00+00:00,Running,1,2547.5,10.64,4.9,61.52,46.42,Pump A Running
2026-06-27T16:00:00+00:00,Running,1,2734.6,10.49,4.82,61.68,46.42,Pump A Running
2026-06-27T16:15:00+00:00,Running,1,2650.7,10.61,4.91,63.31,46.68,Pump A Running
2026-06-27T16:30:00+00:00,Running,1,2809.8,10.55,4.64,61.43,46.4,Pump A Running
2026-06-27T16:45:00+00:00,Running,1,2661.7,10.57,4.74,62.32,47.09,Pump A Running
2026-06-27T17:00:00+00:00,Running,1,2689.1,10.62,4.7,58.31,46.7,Pump A Running
2026-06-27T17:15:00+00:00,Running,1,2809.8,10.62,4.71,62.5,46.8,Pump A Running
2026-06-27T17:30:00+00:00,Running,1,2637.9,10.5,4.79,62.7,46.18,Pump A Running
2026-06-27T17:45:00+00:00,Running,1,2674.4,10.61,4.74,62.17,47.02,Pump A Running
2026-06-27T18:00:00+00:00,Running,1,2854.9,10.63,4.82,62.0,46.81,Pump A Running
2026-06-27T18:15:00+00:00,Running,1,2872.9,10.61,4.83,60.25,46.54,Pump A Running
2026-06-27T18:30:00+00:00,Running,1,2804.8,10.68,4.81,61.01,46.41,Pump A Running
2026-06-27T18:45:00+00:00,Running,1,2724.4,10.57,4.7,61.88,46.84,Pump A Running
2026-06-27T19:00:00+00:00,Running,1,2691.5,10.56,4.83,62.78,46.53,Pump A Running
2026-06-27T19:15:00+00:00,Running,1,2737.9,10.72,4.61,60.57,46.68,Pump A Running
2026-06-27T19:30:00+00:00,Running,1,2712.6,10.51,4.94,60.36,46.63,Pump A Running
2026-06-27T19:45:00+00:00,Running,1,2857.6,10.68,4.79,61.35,46.4,Pump A Running
2026-06-27T20:00:00+00:00,Running,1,2675.7,10.65,4.8,62.56,46.22,Pump A Running
2026-06-27T20:15:00+00:00,Running,1,2813.1,10.74,4.9,64.78,46.48,Pump A Running
2026-06-27T20:30:00+00:00,Running,1,2774.1,10.51,4.77,62.74,47.18,Pump A Running
2026-06-27T20:45:00+00:00,Running,1,2771.1,10.55,4.73,61.57,46.67,Pump A Running
2026-06-27T21:00:00+00:00,Running,1,2663.4,10.63,4.73,61.56,46.57,Pump A Running
2026-06-27T21:15:00+00:00,Running,1,2825.3,10.59,4.74,62.13,46.61,Pump A Running
2026-06-27T21:30:00+00:00,Running,1,2702.1,10.76,4.9,61.14,46.24,Pump A Running
2026-06-27T21:45:00+00:00,Running,1,2880.2,10.64,4.55,60.25,47.0,Pump A Running
2026-06-27T22:00:00+00:00,Running,1,2711.8,10.46,4.77,62.46,47.29,Pump A Running
2026-06-27T22:15:00+00:00,Running,1,2826.2,10.6,4.71,60.63,47.03,Pump A Running
2026-06-27T22:30:00+00:00,Running,1,2783.1,10.72,4.69,60.93,46.53,Pump A Running
2026-06-27T22:45:00+00:00,Running,1,2460.6,10.7,4.8,61.88,46.27,Pump A Running
2026-06-27T23:00:00+00:00,Running,1,2789.8,10.73,4.66,62.65,47.18,Pump A Running
2026-06-27T23:15:00+00:00,Running,1,2873.4,10.62,4.85,60.94,46.55,Pump A Running
2026-06-27T23:30:00+00:00,Running,1,2900.1,10.62,4.88,62.17,46.74,Pump A Running
2026-06-27T23:45:00+00:00,Running,1,2715.2,10.69,4.84,63.2,46.94,Pump A Running
2026-06-28T00:00:00+00:00,Running,1,2748.5,10.66,4.76,61.0,46.6,Pump A Running
2026-06-28T00:15:00+00:00,Running,1,2805.9,10.53,4.86,62.27,46.91,Pump A Running
2026-06-28T00:30:00+00:00,Running,1,2779.4,10.44,4.77,63.14,46.51,Pump A Running
2026-06-28T00:45:00+00:00,Running,1,2780.3,10.51,4.85,64.75,46.86,Pump A Running
2026-06-28T01:00:00+00:00,Running,1,2783.0,10.59,4.75,63.47,46.5,Pump A Running
2026-06-28T01:15:00+00:00,Running,1,2706.2,10.67,4.75,63.09,47.0,Pump A Running
2026-06-28T01:30:00+00:00,Running,1,2735.0,10.54,4.66,61.78,47.0,Pump A Running
2026-06-28T01:45:00+00:00,Running,1,2735.5,10.71,4.72,62.31,46.13,Pump A Running
2026-06-28T02:00:00+00:00,Stopped,0,0.0,0.0,0.12,0.0,29.19,Pumps Stopped
2026-06-28T02:15:00+00:00,Stopped,0,0.0,0.0,0.16,0.0,29.34,Pumps Stopped
2026-06-28T02:30:00+00:00,Stopped,0,0.0,0.0,0.14,0.0,28.75,Pumps Stopped
2026-06-28T02:45:00+00:00,Stopped,0,0.0,0.0,0.13,0.0,29.22,Pumps Stopped
2026-06-28T03:00:00+00:00,Stopped,0,0.0,0.0,0.16,0.0,29.18,Pumps Stopped
2026-06-28T03:15:00+00:00,Stopped,0,0.0,0.0,0.15,0.0,29.02,Pumps Stopped
2026-06-28T03:30:00+00:00,Running,1,2859.3,10.77,4.78,61.67,47.35,Pump A Running
2026-06-28T03:45:00+00:00,Running,1,2658.2,10.78,4.69,61.35,46.96,Pump A Running
2026-06-28T04:00:00+00:00,Running,1,2729.6,10.65,4.88,61.33,46.11,Pump A Running
2026-06-28T04:15:00+00:00,Running,1,2491.7,10.71,4.66,61.06,46.58,Pump A Running
2026-06-28T04:30:00+00:00,Running,1,2702.7,10.55,4.89,60.5,46.85,Pump A Running
2026-06-28T04:45:00+00:00,Running,1,2766.1,10.55,4.8,62.3,46.84,Pump A Running
2026-06-28T05:00:00+00:00,Running,1,2711.0,10.63,4.87,60.85,46.47,Pump A Running
2026-06-28T05:15:00+00:00,Running,1,2636.5,10.6,4.64,62.73,46.77,Pump A Running
2026-06-28T05:30:00+00:00,Running,1,2861.5,10.64,4.75,62.74,46.8,Pump A Running
2026-06-28T05:45:00+00:00,Running,1,2673.6,10.64,4.83,62.71,46.28,Pump A Running
2026-06-28T06:00:00+00:00,Running,1,2585.1,10.59,4.76,62.68,46.98,Pump A Running
2026-06-28T06:15:00+00:00,Running,1,2739.1,10.72,4.81,64.19,46.55,Pump A Running
2026-06-28T06:30:00+00:00,Running,1,2657.4,10.54,4.86,61.76,47.08,Pump A Running
2026-06-28T06:45:00+00:00,Running,1,2699.9,10.71,4.86,63.77,47.04,Pump A Running
2026-06-28T07:00:00+00:00,Running,1,2595.3,10.55,4.9,61.44,46.53,Pump A Running
2026-06-28T07:15:00+00:00,Running,1,2552.0,10.68,4.84,61.92,46.33,Pump A Running
2026-06-28T07:30:00+00:00,Running,1,2725.6,10.68,4.88,62.08,46.75,Pump A Running
2026-06-28T07:45:00+00:00,Running,1,2682.2,10.56,4.8,61.77,46.07,Pump A Running
2026-06-28T08:00:00+00:00,Running,1,2752.3,10.52,4.84,63.26,46.41,Pump A Running
2026-06-28T08:15:00+00:00,Running,1,2619.1,10.63,4.79,64.49,47.48,Pump A Running
2026-06-28T08:30:00+00:00,Running,1,2659.0,10.68,4.8,61.13,46.22,Pump A Running
2026-06-28T08:45:00+00:00,Running,1,2798.6,10.6,4.79,61.12,46.76,Pump A Running
2026-06-28T09:00:00+00:00,Running,1,2822.3,10.67,4.89,60.96,47.04,Pump A Running
2026-06-28T09:15:00+00:00,Running,1,2822.6,10.74,4.66,63.48,46.76,Pump A Running
2026-06-28T09:30:00+00:00,Running,1,2568.4,10.6,4.91,60.99,46.41,Pump A Running
2026-06-28T09:45:00+00:00,Running,1,2868.0,10.6,4.85,61.97,47.17,Pump A Running
2026-06-28T10:00:00+00:00,Running,1,2573.5,10.52,4.89,60.73,46.4,Pump A Running
2026-06-28T10:15:00+00:00,Running,1,2556.3,10.6,4.76,61.59,46.11,Pump A Running
2026-06-28T10:30:00+00:00,Running,1,2702.3,10.58,4.75,60.67,47.06,Pump A Running
2026-06-28T10:45:00+00:00,Running,1,2750.3,10.57,4.69,61.18,46.62,Pump A Running
2026-06-28T11:00:00+00:00,Running,1,2587.7,10.65,4.86,60.91,46.0,Pump A Running
2026-06-28T11:15:00+00:00,Running,1,2811.6,10.65,4.75,59.6,46.65,Pump A Running
2026-06-28T11:30:00+00:00,Running,1,2651.2,10.65,4.76,62.53,46.55,Pump A Running
2026-06-28T11:45:00+00:00,Running,1,2718.9,10.61,4.84,63.35,46.49,Pump A Running
2026-06-28T12:00:00+00:00,Running,1,2670.4,10.6,4.86,63.06,46.03,Pump A Running
2026-06-28T12:15:00+00:00,Running,1,2562.6,10.49,4.79,60.52,46.0,Pump A Running
2026-06-28T12:30:00+00:00,Running,1,2565.2,10.57,4.78,63.31,46.54,Pump A Running
2026-06-28T12:45:00+00:00,Running,1,2384.3,10.62,4.78,60.66,46.16,Pump A Running
2026-06-28T13:00:00+00:00,Running,1,2657.8,10.45,4.73,61.77,46.59,Pump A Running
2026-06-28T13:15:00+00:00,Running,1,2406.7,10.66,4.91,62.56,46.27,Pump A Running
2026-06-28T13:30:00+00:00,Running,1,2690.9,10.61,4.83,62.12,47.0,Pump A Running
2026-06-28T13:45:00+00:00,Running,1,2609.2,10.47,4.81,62.81,46.06,Pump A Running
2026-06-28T14:00:00+00:00,Running,1,2483.6,10.74,4.89,62.08,46.13,Pump A Running
2026-06-28T14:15:00+00:00,Running,1,2618.2,10.49,4.64,61.67,46.46,Pump A Running
2026-06-28T14:30:00+00:00,Running,1,2667.3,10.65,4.76,61.53,46.5,Pump A Running
2026-06-28T14:45:00+00:00,Running,1,2535.0,10.66,4.85,60.91,46.37,Pump A Running
2026-06-28T15:00:00+00:00,Running,1,2431.0,10.61,4.8,61.36,46.76,Pump A Running
2026-06-28T15:15:00+00:00,Running,1,2480.1,10.77,4.77,62.32,46.08,Pump A Running
2026-06-28T15:30:00+00:00,Running,1,2380.1,10.61,4.79,61.26,46.26,Pump A Running
2026-06-28T15:45:00+00:00,Running,1,2452.3,10.62,4.73,62.9,46.07,Pump A Running
2026-06-28T16:00:00+00:00,Running,1,2506.8,10.72,4.7,63.2,46.57,Pump A Running
2026-06-28T16:15:00+00:00,Running,1,2585.7,10.62,4.88,64.61,46.24,Pump A Running
2026-06-28T16:30:00+00:00,Running,1,2534.3,10.62,4.84,61.11,45.7,Pump A Running
2026-06-28T16:45:00+00:00,Running,1,2513.3,10.66,4.78,61.67,46.92,Pump A Running
2026-06-28T17:00:00+00:00,Running,1,2443.0,10.72,4.88,62.33,46.4,Pump A Running
2026-06-28T17:15:00+00:00,Running,1,2252.9,10.61,4.7,63.12,46.74,Pump A Running
2026-06-28T17:30:00+00:00,Running,1,2472.8,10.68,4.86,62.59,46.74,Pump A Running
2026-06-28T17:45:00+00:00,Running,1,2353.8,10.61,4.95,61.87,46.4,Pump A Running
2026-06-28T18:00:00+00:00,Running,1,2536.5,10.59,4.73,65.36,46.23,Pump A Running
2026-06-28T18:15:00+00:00,Running,1,2354.0,10.65,4.8,62.11,46.46,Pump A Running
2026-06-28T18:30:00+00:00,Running,1,2580.5,10.55,4.81,63.51,46.92,Pump A Running
2026-06-28T18:45:00+00:00,Running,1,2369.8,10.6,4.81,60.71,46.52,Pump A Running
2026-06-28T19:00:00+00:00,Running,1,2278.3,10.57,4.81,62.69,45.83,Pump A Running
2026-06-28T19:15:00+00:00,Running,1,2433.1,10.57,4.75,61.69,46.55,Pump A Running
2026-06-28T19:30:00+00:00,Running,1,2297.3,10.62,4.81,60.62,45.82,Pump A Running
2026-06-28T19:45:00+00:00,Running,1,2437.6,10.48,4.8,60.93,46.17,Pump A Running
2026-06-28T20:00:00+00:00,Running,1,2415.4,10.68,4.77,62.28,46.61,Pump A Running
2026-06-28T20:15:00+00:00,Running,1,2116.2,10.52,4.83,63.11,45.83,Pump A Running
2026-06-28T20:30:00+00:00,Running,1,2326.0,10.47,4.78,61.54,45.72,Pump A Running
2026-06-28T20:45:00+00:00,Running,1,2334.6,10.57,4.83,62.7,45.24,Pump A Running
2026-06-28T21:00:00+00:00,Running,1,2294.6,10.69,4.92,62.1,46.45,Pump A Running
2026-06-28T21:15:00+00:00,Running,1,2316.3,10.52,4.75,59.44,46.58,Pump A Running
2026-06-28T21:30:00+00:00,Running,1,2238.6,10.68,4.63,62.38,45.92,Pump A Running
2026-06-28T21:45:00+00:00,Running,1,2174.9,10.5,4.84,60.88,45.96,Pump A Running
2026-06-28T22:00:00+00:00,Running,1,2195.3,10.62,4.8,61.45,46.28,Pump A Running
2026-06-28T22:15:00+00:00,Running,1,2275.3,10.54,4.77,59.86,46.48,Pump A Running
2026-06-28T22:30:00+00:00,Running,1,2326.4,10.59,4.88,61.97,45.89,Pump A Running
2026-06-28T22:45:00+00:00,Running,1,2179.6,10.59,4.85,61.59,46.46,Pump A Running
2026-06-28T23:00:00+00:00,Running,1,2390.5,10.56,4.76,62.2,46.87,Pump A Running
2026-06-28T23:15:00+00:00,Running,1,2155.1,10.75,4.69,61.26,46.01,Pump A Running
2026-06-28T23:30:00+00:00,Running,1,2236.7,10.48,4.7,64.14,46.09,Pump A Running
2026-06-28T23:45:00+00:00,Running,1,2177.5,10.55,4.89,62.3,46.28,Pump A Running
2026-06-29T00:00:00+00:00,Running,1,2284.5,10.54,4.86,64.49,46.5,Pump A Running
2026-06-29T00:15:00+00:00,Running,1,2118.2,10.64,4.84,60.85,45.88,Pump A Running
2026-06-29T00:30:00+00:00,Running,1,2154.8,10.57,4.82,62.36,46.27,Pump A Running
2026-06-29T00:45:00+00:00,Running,1,2285.0,10.63,4.86,61.32,45.91,Pump A Running
2026-06-29T01:00:00+00:00,Running,1,2279.4,10.64,4.7,62.68,45.5,Pump A Running
2026-06-29T01:15:00+00:00,Running,1,2382.1,10.63,4.81,62.11,46.03,Pump A Running
2026-06-29T01:30:00+00:00,Running,1,2227.9,10.55,4.89,60.86,46.42,Pump A Running
2026-06-29T01:45:00+00:00,Running,1,2227.0,10.58,4.78,61.68,46.26,Pump A Running
2026-06-29T02:00:00+00:00,Stopped,0,0.0,0.0,0.14,0.0,28.98,Pumps Stopped
2026-06-29T02:15:00+00:00,Stopped,0,0.0,0.0,0.15,0.0,28.75,Pumps Stopped
2026-06-29T02:30:00+00:00,Stopped,0,0.0,0.0,0.15,0.0,29.06,Pumps Stopped
2026-06-29T02:45:00+00:00,Stopped,0,0.0,0.0,0.18,0.0,28.82,Pumps Stopped
2026-06-29T03:00:00+00:00,Stopped,0,0.0,0.0,0.13,0.0,29.34,Pumps Stopped
2026-06-29T03:15:00+00:00,Stopped,0,0.0,0.0,0.09,0.0,29.28,Pumps Stopped
2026-06-29T03:30:00+00:00,Running,1,2239.2,10.44,4.91,62.99,46.29,Pump A Running
2026-06-29T03:45:00+00:00,Running,1,2178.8,10.61,4.84,62.46,45.9,Pump A Running
2026-06-29T04:00:00+00:00,Running,1,2014.4,10.72,4.77,60.86,46.02,Pump A Running
2026-06-29T04:15:00+00:00,Running,1,2175.2,10.68,4.84,61.06,45.44,Pump A Running
2026-06-29T04:30:00+00:00,Running,1,2205.4,10.75,4.93,61.22,46.67,Pump A Running
2026-06-29T04:45:00+00:00,Running,1,2186.0,10.65,4.84,62.49,46.36,Pump A Running
2026-06-29T05:00:00+00:00,Running,1,2134.6,10.6,4.8,62.98,45.94,Pump A Running
2026-06-29T05:15:00+00:00,Running,1,2060.2,10.5,4.92,60.4,45.6,Pump A Running
2026-06-29T05:30:00+00:00,Running,1,2210.1,10.63,4.93,61.45,45.89,Pump A Running
2026-06-29T05:45:00+00:00,Running,1,2164.6,10.53,4.71,62.25,45.8,Pump A Running
2026-06-29T06:00:00+00:00,Running,1,1968.5,10.61,4.7,61.99,45.91,Pump A Running
2026-06-29T06:15:00+00:00,Running,1,2219.3,10.56,4.88,61.3,46.48,Pump A Running
2026-06-29T06:30:00+00:00,Running,1,2239.2,10.61,4.76,61.55,46.09,Pump A Running
2026-06-29T06:45:00+00:00,Running,1,2008.1,10.58,4.87,63.5,46.39,Pump A Running
2026-06-29T07:00:00+00:00,Running,1,2076.6,10.56,4.77,60.12,46.11,Pump A Running
2026-06-29T07:15:00+00:00,Running,1,2180.5,10.51,4.66,59.85,46.03,Pump A Running
2026-06-29T07:30:00+00:00,Running,1,2025.6,10.58,4.93,63.27,46.5,Pump A Running
2026-06-29T07:45:00+00:00,Running,1,2146.8,10.52,4.87,60.59,46.05,Pump A Running
2026-06-29T08:00:00+00:00,Running,1,2069.4,10.5,4.84,63.48,46.33,Pump A Running
2026-06-29T08:15:00+00:00,Running,1,2136.5,10.62,4.8,61.25,46.16,Pump A Running
2026-06-29T08:30:00+00:00,Running,1,2118.7,10.67,4.76,62.79,45.43,Pump A Running
2026-06-29T08:45:00+00:00,Running,1,2122.6,10.65,4.79,62.35,45.88,Pump A Running
2026-06-29T09:00:00+00:00,Running,1,2069.9,10.57,4.62,61.36,46.3,Pump A Running
2026-06-29T09:15:00+00:00,Running,1,2134.1,10.64,4.86,60.15,46.04,Pump A Running
2026-06-29T09:30:00+00:00,Running,1,2081.5,10.63,4.78,60.41,45.75,Pump A Running
2026-06-29T09:45:00+00:00,Running,1,2074.8,10.56,4.77,60.68,46.36,Pump A Running
2026-06-29T10:00:00+00:00,Running,1,2057.8,10.51,4.89,63.08,45.98,Pump A Running
2026-06-29T10:15:00+00:00,Running,1,2080.7,10.7,4.74,63.13,46.42,Pump A Running
2026-06-29T10:30:00+00:00,Running,1,2050.1,10.52,4.87,61.38,45.94,Pump A Running
2026-06-29T10:45:00+00:00,Running,1,2235.7,10.54,4.84,62.8,46.15,Pump A Running
2026-06-29T11:00:00+00:00,Running,1,2066.1,10.7,4.77,64.19,46.42,Pump A Running
2026-06-29T11:15:00+00:00,Running,1,2202.2,10.49,4.8,62.29,46.59,Pump A Running
2026-06-29T11:30:00+00:00,Running,1,2218.1,10.61,4.85,62.72,46.66,Pump A Running
2026-06-29T11:45:00+00:00,Running,1,2108.7,10.61,4.72,61.31,46.03,Pump A Running
2026-06-29T12:00:00+00:00,Running,1,2116.2,10.67,4.76,64.04,46.45,Pump A Running
2026-06-29T12:15:00+00:00,Running,1,2135.6,10.53,4.75,60.09,46.06,Pump A Running
2026-06-29T12:30:00+00:00,Running,1,2266.7,10.56,4.83,62.23,46.04,Pump A Running
2026-06-29T12:45:00+00:00,Running,1,2158.6,10.54,4.72,61.61,46.55,Pump A Running
2026-06-29T13:00:00+00:00,Running,1,2243.5,10.68,4.8,64.11,46.04,Pump A Running
2026-06-29T13:15:00+00:00,Running,1,2151.6,10.62,4.71,61.31,46.27,Pump A Running
2026-06-29T13:30:00+00:00,Running,1,2196.9,10.57,4.78,63.7,46.08,Pump A Running
2026-06-29T13:45:00+00:00,Running,1,2216.6,10.66,4.74,62.63,46.05,Pump A Running
2026-06-29T14:00:00+00:00,Running,1,2155.5,10.67,4.87,61.34,46.32,Pump A Running
2026-06-29T14:15:00+00:00,Running,1,2087.8,10.75,4.75,58.36,46.39,Pump A Running
2026-06-29T14:30:00+00:00,Running,1,2259.7,10.52,4.73,63.31,46.17,Pump A Running
2026-06-29T14:45:00+00:00,Running,1,2039.8,10.42,4.98,62.78,45.3,Pump A Running
2026-06-29T15:00:00+00:00,Running,1,2207.6,10.72,4.8,60.95,46.08,Pump A Running
2026-06-29T15:15:00+00:00,Running,1,2211.5,10.68,4.8,62.45,46.19,Pump A Running
2026-06-29T15:30:00+00:00,Running,1,2216.2,10.63,4.78,62.55,46.32,Pump A Running
2026-06-29T15:45:00+00:00,Running,1,2014.6,10.56,4.79,62.18,45.98,Pump A Running
2026-06-29T16:00:00+00:00,Running,1,2314.3,10.63,4.83,61.65,46.25,Pump A Running
2026-06-29T16:15:00+00:00,Running,1,2170.3,10.64,4.83,61.5,45.98,Pump A Running
2026-06-29T16:30:00+00:00,Running,1,2215.6,10.62,4.76,61.98,45.63,Pump A Running
2026-06-29T16:45:00+00:00,Running,1,2182.0,10.58,4.95,63.3,46.7,Pump A Running
2026-06-29T17:00:00+00:00,Running,1,2130.8,10.61,4.7,62.39,46.02,Pump A Running
2026-06-29T17:15:00+00:00,Running,1,2133.1,10.63,4.77,60.57,46.08,Pump A Running
2026-06-29T17:30:00+00:00,Running,1,2182.1,10.49,4.83,61.94,45.99,Pump A Running
2026-06-29T17:45:00+00:00,Running,1,2322.4,10.55,4.93,60.28,46.5,Pump A Running
2026-06-29T18:00:00+00:00,Running,1,2284.2,10.56,4.8,62.91,45.87,Pump A Running
2026-06-29T18:15:00+00:00,Running,1,2271.6,10.69,4.76,61.16,45.76,Pump A Running
2026-06-29T18:30:00+00:00,Running,1,2248.5,10.61,4.72,61.38,45.92,Pump A Running
2026-06-29T18:45:00+00:00,Running,1,2153.4,10.64,4.66,60.11,46.15,Pump A Running
2026-06-29T19:00:00+00:00,Running,1,2076.2,10.44,4.66,62.11,46.09,Pump A Running
2026-06-29T19:15:00+00:00,Running,1,2146.8,10.53,4.81,62.79,46.37,Pump A Running
2026-06-29T19:30:00+00:00,Running,1,2150.5,10.66,4.73,61.09,46.46,Pump A Running
2026-06-29T19:45:00+00:00,Running,1,2385.8,10.54,4.93,61.52,46.44,Pump A Running
2026-06-29T20:00:00+00:00,Running,1,2314.2,10.5,4.6,62.61,45.95,Pump A Running
2026-06-29T20:15:00+00:00,Running,1,2255.8,10.5,4.86,63.41,45.93,Pump A Running
2026-06-29T20:30:00+00:00,Running,1,2186.5,10.62,4.9,64.08,45.86,Pump A Running
2026-06-29T20:45:00+00:00,Running,1,2136.8,10.58,4.69,63.19,46.24,Pump A Running
2026-06-29T21:00:00+00:00,Running,1,2263.1,10.64,4.76,61.96,46.48,Pump A Running
2026-06-29T21:15:00+00:00,Running,1,2318.0,10.64,4.66,62.31,45.85,Pump A Running
2026-06-29T21:30:00+00:00,Running,1,2444.5,10.55,4.97,61.28,46.19,Pump A Running
2026-06-29T21:45:00+00:00,Running,1,2330.8,10.67,4.82,62.27,46.14,Pump A Running
2026-06-29T22:00:00+00:00,Running,1,2291.9,10.59,4.7,62.44,46.37,Pump A Running
2026-06-29T22:15:00+00:00,Running,1,2453.9,10.54,4.76,62.23,46.23,Pump A Running
2026-06-29T22:30:00+00:00,Running,1,2123.1,10.54,4.7,59.79,46.8,Pump A Running
2026-06-29T22:45:00+00:00,Running,1,2313.2,10.57,4.8,61.37,46.02,Pump A Running
2026-06-29T23:00:00+00:00,Running,1,2412.0,10.57,4.71,63.21,45.38,Pump A Running
2026-06-29T23:15:00+00:00,Running,1,2293.6,10.64,4.77,60.98,46.05,Pump A Running
2026-06-29T23:30:00+00:00,Running,1,2501.7,10.75,4.84,63.45,45.85,Pump A Running
2026-06-29T23:45:00+00:00,Running,1,2555.5,10.68,4.91,63.81,46.33,Pump A Running
2026-06-30T00:00:00+00:00,Running,1,2413.5,10.68,4.83,64.18,46.32,Pump A Running
2026-06-30T00:15:00+00:00,Running,1,2394.4,10.54,4.77,62.18,46.19,Pump A Running
2026-06-30T00:30:00+00:00,Running,1,2440.1,10.48,4.7,61.77,46.45,Pump A Running
2026-06-30T00:45:00+00:00,Running,1,2555.3,10.66,4.88,63.3,47.08,Pump A Running
2026-06-30T01:00:00+00:00,Running,1,2286.1,10.62,4.86,61.75,46.57,Pump A Running
2026-06-30T01:15:00+00:00,Running,1,2496.9,10.62,4.9,60.99,46.49,Pump A Running
2026-06-30T01:30:00+00:00,Running,1,2338.6,10.73,4.73,62.23,45.64,Pump A Running
2026-06-30T01:45:00+00:00,Running,1,2281.2,10.57,4.69,60.28,46.17,Pump A Running
2026-06-30T02:00:00+00:00,Stopped,0,0.0,0.0,0.08,0.0,28.61,Pumps Stopped
2026-06-30T02:15:00+00:00,Stopped,0,0.0,0.0,0.16,0.0,28.42,Pumps Stopped
2026-06-30T02:30:00+00:00,Stopped,0,0.0,0.0,0.12,0.0,29.0,Pumps Stopped
2026-06-30T02:45:00+00:00,Stopped,0,0.0,0.0,0.1,0.0,29.06,Pumps Stopped
2026-06-30T03:00:00+00:00,Stopped,0,0.0,0.0,0.2,0.0,29.2,Pumps Stopped
2026-06-30T03:15:00+00:00,Stopped,0,0.0,0.0,0.13,0.0,28.91,Pumps Stopped
2026-06-30T03:30:00+00:00,Running,1,2481.3,10.62,4.86,62.64,46.75,Pump A Running
2026-06-30T03:45:00+00:00,Running,1,2462.3,10.69,4.85,61.78,46.64,Pump A Running
2026-06-30T04:00:00+00:00,Running,1,2577.7,10.59,4.72,62.78,46.13,Pump A Running
2026-06-30T04:15:00+00:00,Running,1,2432.7,10.5,4.73,61.57,46.01,Pump A Running
2026-06-30T04:30:00+00:00,Running,1,2625.1,10.58,4.72,62.83,46.5,Pump A Running
2026-06-30T04:45:00+00:00,Running,1,2537.3,10.66,4.69,62.86,45.56,Pump A Running
2026-06-30T05:00:00+00:00,Running,1,2694.8,10.62,5.0,61.92,46.81,Pump A Running
2026-06-30T05:15:00+00:00,Running,1,2579.6,10.58,4.77,62.07,46.47,Pump A Running
2026-06-30T05:30:00+00:00,Running,1,2502.5,10.68,4.62,59.99,46.66,Pump A Running
2026-06-30T05:45:00+00:00,Running,1,2713.2,10.66,4.65,62.07,46.47,Pump A Running
2026-06-30T06:00:00+00:00,Running,1,2636.6,10.62,4.84,63.2,46.38,Pump A Running
2026-06-30T06:15:00+00:00,Running,1,2600.9,10.68,4.81,61.82,46.17,Pump A Running
2026-06-30T06:30:00+00:00,Running,1,2675.0,10.6,4.72,62.44,47.0,Pump A Running
2026-06-30T06:45:00+00:00,Running,1,2675.1,10.71,4.82,62.99,46.73,Pump A Running
2026-06-30T07:00:00+00:00,Running,1,2575.6,10.72,4.66,62.86,46.1,Pump A Running
2026-06-30T07:15:00+00:00,Running,1,2608.1,10.74,4.83,60.48,46.5,Pump A Running
2026-06-30T07:30:00+00:00,Running,1,2423.4,10.56,4.75,61.06,45.89,Pump A Running
2026-06-30T07:45:00+00:00,Running,1,2487.2,10.56,4.9,60.87,46.83,Pump A Running
2026-06-30T08:00:00+00:00,Running,1,2511.4,10.64,4.89,59.53,46.21,Pump A Running
2026-06-30T08:15:00+00:00,Running,1,2663.2,10.69,4.89,61.83,45.91,Pump A Running
2026-06-30T08:30:00+00:00,Running,1,2596.4,10.66,4.82,60.53,46.57,Pump A Running
2026-06-30T08:45:00+00:00,Running,1,2697.8,10.52,4.71,62.87,46.5,Pump A Running
2026-06-30T09:00:00+00:00,Running,1,2612.9,10.59,4.7,61.42,46.43,Pump A Running
2026-06-30T09:15:00+00:00,Running,1,2470.7,10.63,4.81,61.62,46.09,Pump A Running
2026-06-30T09:30:00+00:00,Running,1,2685.6,10.61,4.8,63.03,45.82,Pump A Running
2026-06-30T09:45:00+00:00,Running,1,2542.2,10.49,4.67,61.99,46.86,Pump A Running
2026-06-30T10:00:00+00:00,Running,1,2851.5,10.62,4.77,59.46,46.39,Pump A Running
2026-06-30T10:15:00+00:00,Running,1,2509.9,10.52,4.9,62.23,46.28,Pump A Running
2026-06-30T10:30:00+00:00,Running,1,2566.8,10.53,4.72,59.74,46.37,Pump A Running
2026-06-30T10:45:00+00:00,Running,1,2537.7,10.59,4.73,60.28,46.29,Pump A Running
2026-06-30T11:00:00+00:00,Running,1,2719.1,10.57,4.81,61.82,46.46,Pump A Running
2026-06-30T11:15:00+00:00,Running,1,2514.5,10.6,4.8,60.2,45.9,Pump A Running
2026-06-30T11:30:00+00:00,Running,1,2626.0,10.56,4.74,61.18,46.0,Pump A Running
2026-06-30T11:45:00+00:00,Running,1,2721.6,10.57,4.86,62.18,46.97,Pump A Running
2026-06-30T12:00:00+00:00,Running,1,2817.8,10.75,4.92,62.69,46.45,Pump A Running
2026-06-30T12:15:00+00:00,Running,1,2734.0,10.59,4.79,61.58,46.98,Pump A Running
2026-06-30T12:30:00+00:00,Running,1,2852.8,10.63,4.68,62.7,46.83,Pump A Running
2026-06-30T12:45:00+00:00,Running,1,2731.6,10.63,4.83,61.27,46.6,Pump A Running
2026-06-30T13:00:00+00:00,Running,1,2702.8,10.57,4.79,62.9,47.06,Pump A Running
2026-06-30T13:15:00+00:00,Running,1,2846.7,10.6,4.91,61.99,47.36,Pump A Running
2026-06-30T13:30:00+00:00,Running,1,2914.9,10.73,4.87,58.66,47.13,Pump A Running
2026-06-30T13:45:00+00:00,Running,1,2683.8,10.65,4.82,61.27,47.17,Pump A Running
2026-06-30T14:00:00+00:00,Running,1,2960.2,10.71,4.82,62.7,46.56,Pump A Running
2026-06-30T14:15:00+00:00,Running,1,2630.0,10.54,4.82,61.55,45.96,Pump A Running
2026-06-30T14:30:00+00:00,Running,1,2753.6,10.51,4.81,63.22,46.5,Pump A Running
2026-06-30T14:45:00+00:00,Running,1,2656.9,10.73,4.87,62.1,47.21,Pump A Running
2026-06-30T15:00:00+00:00,Running,1,2678.3,10.67,4.87,62.57,46.89,Pump A Running
2026-06-30T15:15:00+00:00,Running,1,2758.6,10.74,4.87,61.18,47.11,Pump A Running
2026-06-30T15:30:00+00:00,Running,1,2687.2,10.63,4.8,61.15,46.96,Pump A Running
2026-06-30T15:45:00+00:00,Running,1,2814.6,10.49,4.8,60.55,47.31,Pump A Running
2026-06-30T16:00:00+00:00,Running,1,2677.1,10.58,4.93,61.11,46.97,Pump A Running
2026-06-30T16:15:00+00:00,Running,1,2664.9,10.61,4.78,62.03,45.98,Pump A Running
2026-06-30T16:30:00+00:00,Running,1,2700.1,10.52,4.81,62.05,47.3,Pump A Running
2026-06-30T16:45:00+00:00,Running,1,2737.1,10.68,4.74,60.48,46.33,Pump A Running
2026-06-30T17:00:00+00:00,Running,1,2787.1,10.64,4.87,60.76,46.38,Pump A Running
2026-06-30T17:15:00+00:00,Running,1,2777.6,10.72,4.64,60.39,46.81,Pump A Running
2026-06-30T17:30:00+00:00,Running,1,2687.9,10.56,4.87,61.21,46.97,Pump A Running
2026-06-30T17:45:00+00:00,Running,1,2631.9,10.64,4.87,62.19,46.59,Pump A Running
2026-06-30T18:00:00+00:00,Running,1,2624.3,10.69,4.81,62.54,46.31,Pump A Running
2026-06-30T18:15:00+00:00,Running,1,2928.3,10.64,4.77,61.22,46.57,Pump A Running
2026-06-30T18:30:00+00:00,Running,1,2734.6,10.72,4.88,61.11,46.52,Pump A Running
2026-06-30T18:45:00+00:00,Running,1,2866.2,10.62,4.76,61.71,46.92,Pump A Running
2026-06-30T19:00:00+00:00,Running,1,2713.1,10.49,4.93,60.11,46.95,Pump A Running
2026-06-30T19:15:00+00:00,Running,1,2886.8,10.52,4.91,61.96,46.87,Pump A Running
2026-06-30T19:30:00+00:00,Running,1,2809.1,10.57,4.74,63.23,46.87,Pump A Running
2026-06-30T19:45:00+00:00,Running,1,2791.9,10.7,4.87,61.64,46.46,Pump A Running
2026-06-30T20:00:00+00:00,Running,1,2637.1,10.6,4.71,62.17,46.67,Pump A Running
2026-06-30T20:15:00+00:00,Running,1,2530.3,10.53,4.84,62.81,46.3,Pump A Running
2026-06-30T20:30:00+00:00,Running,1,2806.9,10.64,4.87,62.45,47.18,Pump A Running
2026-06-30T20:45:00+00:00,Running,1,2819.4,10.49,4.9,61.08,45.63,Pump A Running
2026-06-30T21:00:00+00:00,Running,1,2876.7,10.62,4.81,64.2,47.09,Pump A Running
2026-06-30T21:15:00+00:00,Running,1,2849.8,10.61,4.98,64.3,46.45,Pump A Running
2026-06-30T21:30:00+00:00,Running,1,2718.5,10.58,4.89,61.38,46.53,Pump A Running
2026-06-30T21:45:00+00:00,Running,1,2615.8,10.68,4.71,61.66,46.47,Pump A Running
2026-06-30T22:00:00+00:00,Running,1,2771.6,10.68,4.71,61.69,46.51,Pump A Running
2026-06-30T22:15:00+00:00,Running,1,2757.5,10.65,4.85,62.66,46.03,Pump A Running
2026-06-30T22:30:00+00:00,Running,1,2769.1,10.69,4.84,61.76,46.93,Pump A Running
2026-06-30T22:45:00+00:00,Running,1,2632.4,10.63,4.95,62.96,46.67,Pump A Running
2026-06-30T23:00:00+00:00,Running,1,2682.2,10.6,4.94,60.49,46.35,Pump A Running
2026-06-30T23:15:00+00:00,Running,1,2732.2,10.62,4.73,61.6,46.65,Pump A Running
2026-06-30T23:30:00+00:00,Running,1,2818.2,10.51,4.77,62.69,47.0,Pump A Running
2026-06-30T23:45:00+00:00,Running,1,2653.1,10.64,4.84,63.42,46.67,Pump A Running
2026-07-01T00:00:00+00:00,Running,1,2729.9,10.7,4.78,63.54,47.17,Pump A Running
2026-07-01T00:15:00+00:00,Running,1,2788.7,10.46,4.92,60.99,46.91,Pump A Running
2026-07-01T00:30:00+00:00,Running,1,2732.4,10.67,4.71,61.66,46.4,Pump A Running
2026-07-01T00:45:00+00:00,Running,1,2602.0,10.6,4.79,60.64,46.44,Pump A Running
2026-07-01T01:00:00+00:00,Running,1,2606.5,10.51,4.75,62.54,46.0,Pump A Running
2026-07-01T01:15:00+00:00,Running,1,2691.1,10.62,4.78,61.75,46.32,Pump A Running
2026-07-01T01:30:00+00:00,Running,1,2838.6,10.66,4.85,61.27,47.25,Pump A Running
2026-07-01T01:45:00+00:00,Running,1,2543.5,10.41,4.82,60.77,46.46,Pump A Running
2026-07-01T02:00:00+00:00,Stopped,0,0.0,0.0,0.19,0.0,29.25,Pumps Stopped
2026-07-01T02:15:00+00:00,Stopped,0,0.0,0.0,0.14,0.0,28.67,Pumps Stopped
2026-07-01T02:30:00+00:00,Stopped,0,0.0,0.0,0.14,0.0,28.73,Pumps Stopped
2026-07-01T02:45:00+00:00,Stopped,0,0.0,0.0,0.14,0.0,28.73,Pumps Stopped
2026-07-01T03:00:00+00:00,Stopped,0,0.0,0.0,0.12,0.0,28.91,Pumps Stopped
2026-07-01T03:15:00+00:00,Stopped,0,0.0,0.0,0.15,0.0,29.4,Pumps Stopped
2026-07-01T03:30:00+00:00,Running,1,2775.9,10.61,4.85,62.08,46.91,Pump A Running
2026-07-01T03:45:00+00:00,Running,1,2644.6,10.57,4.95,63.32,46.21,Pump A Running
2026-07-01T04:00:00+00:00,Running,1,2657.6,10.53,4.89,60.1,46.62,Pump A Running
2026-07-01T04:15:00+00:00,Running,1,2715.4,10.56,4.8,62.34,46.21,Pump A Running
2026-07-01T04:30:00+00:00,Running,1,2709.3,10.75,4.83,61.55,46.64,Pump A Running
2026-07-01T04:45:00+00:00,Running,1,2773.5,10.55,4.84,62.86,46.77,Pump A Running
2026-07-01T05:00:00+00:00,Running,1,2642.2,10.57,4.92,63.68,46.46,Pump A Running
2026-07-01T05:15:00+00:00,Running,1,2689.6,10.72,4.64,60.13,45.95,Pump A Running
2026-07-01T05:30:00+00:00,Running,1,2684.0,10.48,4.68,62.36,46.41,Pump A Running
2026-07-01T05:45:00+00:00,Running,1,2813.1,10.57,4.94,63.07,46.07,Pump A Running
2026-07-01T06:00:00+00:00,Running,1,2588.9,10.53,4.8,60.84,46.77,Pump A Running
2026-07-01T06:15:00+00:00,Running,1,2570.1,10.66,4.91,62.14,46.47,Pump A Running
2026-07-01T06:30:00+00:00,Running,1,2565.2,10.59,4.76,63.5,45.81,Pump A Running
2026-07-01T06:45:00+00:00,Running,1,2725.8,10.63,4.82,62.42,47.12,Pump A Running
2026-07-01T07:00:00+00:00,Running,1,2582.3,10.51,4.67,60.42,46.12,Pump A Running
2026-07-01T07:15:00+00:00,Running,1,2826.7,10.63,4.69,60.29,46.99,Pump A Running
2026-07-01T07:30:00+00:00,Running,1,2579.0,10.63,4.83,62.91,46.21,Pump A Running
2026-07-01T07:45:00+00:00,Running,1,2728.7,10.69,4.95,60.74,46.96,Pump A Running
2026-07-01T08:00:00+00:00,Running,1,2757.0,10.52,4.85,62.14,46.68,Pump A Running
2026-07-01T08:15:00+00:00,Running,1,2700.7,10.66,4.81,61.72,47.14,Pump A Running
2026-07-01T08:30:00+00:00,Running,1,2527.2,10.57,4.89,63.14,46.53,Pump A Running
2026-07-01T08:45:00+00:00,Running,1,2512.4,10.61,4.66,64.53,46.25,Pump A Running
2026-07-01T09:00:00+00:00,Running,1,2552.9,10.6,4.71,62.7,46.59,Pump A Running
2026-07-01T09:15:00+00:00,Running,1,2563.1,10.51,4.83,61.83,46.77,Pump A Running
2026-07-01T09:30:00+00:00,Running,1,2645.7,10.53,4.72,60.27,46.6,Pump A Running
2026-07-01T09:45:00+00:00,Running,1,2590.2,10.6,4.89,61.1,46.53,Pump A Running
2026-07-01T10:00:00+00:00,Running,1,2423.3,10.76,4.84,62.34,46.49,Pump A Running
2026-07-01T10:15:00+00:00,Running,1,2640.8,10.67,4.72,61.53,45.97,Pump A Running
2026-07-01T10:30:00+00:00,Running,1,2535.8,10.74,4.81,62.11,46.33,Pump A Running
2026-07-01T10:45:00+00:00,Running,1,2556.5,10.63,4.76,61.16,46.56,Pump A Running
2026-07-01T11:00:00+00:00,Running,1,2591.1,10.65,4.65,61.81,46.53,Pump A Running
2026-07-01T11:15:00+00:00,Running,1,2378.0,10.76,4.74,60.74,45.83,Pump A Running
2026-07-01T11:30:00+00:00,Running,1,2385.8,10.69,4.82,60.66,46.1,Pump A Running
2026-07-01T11:45:00+00:00,Running,1,2572.4,10.55,4.82,64.2,45.81,Pump A Running
2026-07-01T12:00:00+00:00,Running,1,2429.5,10.69,4.82,60.64,45.69,Pump A Running
2026-07-01T12:15:00+00:00,Running,1,2596.7,10.51,4.73,63.78,46.26,Pump A Running
2026-07-01T12:30:00+00:00,Running,1,2435.4,10.61,4.83,63.09,46.07,Pump A Running
2026-07-01T12:45:00+00:00,Running,1,2421.5,10.7,4.73,59.3,46.98,Pump A Running
2026-07-01T13:00:00+00:00,Running,1,2373.0,10.64,4.77,62.68,46.71,Pump A Running
2026-07-01T13:15:00+00:00,Running,1,2409.5,10.76,4.81,62.69,46.3,Pump A Running
2026-07-01T13:30:00+00:00,Running,1,2439.5,10.65,4.79,62.74,46.1,Pump A Running
2026-07-01T13:45:00+00:00,Running,1,2432.0,10.57,4.82,61.71,46.04,Pump A Running
2026-07-01T14:00:00+00:00,Running,1,2456.7,10.57,5.05,63.89,46.3,Pump A Running
2026-07-01T14:15:00+00:00,Running,1,2359.0,10.6,4.83,60.7,47.07,Pump A Running
2026-07-01T14:30:00+00:00,Running,1,2367.7,10.57,4.71,62.95,46.97,Pump A Running
2026-07-01T14:45:00+00:00,Running,1,2343.5,10.66,4.9,62.25,46.95,Pump A Running
2026-07-01T15:00:00+00:00,Running,1,2223.6,10.54,4.84,62.91,46.07,Pump A Running
2026-07-01T15:15:00+00:00,Running,1,2234.9,10.64,4.79,64.21,46.25,Pump A Running
2026-07-01T15:30:00+00:00,Running,1,2377.0,10.51,4.6,62.02,45.84,Pump A Running
2026-07-01T15:45:00+00:00,Running,1,2290.8,10.71,4.74,63.04,46.52,Pump A Running
2026-07-01T16:00:00+00:00,Running,1,2466.2,10.45,4.86,62.76,46.56,Pump A Running
2026-07-01T16:15:00+00:00,Running,1,2330.1,10.62,4.77,62.41,46.4,Pump A Running
2026-07-01T16:30:00+00:00,Running,1,2344.4,10.67,4.82,61.04,46.93,Pump A Running
2026-07-01T16:45:00+00:00,Running,1,2397.4,10.7,4.74,61.28,46.06,Pump A Running
2026-07-01T17:00:00+00:00,Running,1,2223.2,10.52,4.82,64.45,46.6,Pump A Running
2026-07-01T17:15:00+00:00,Running,1,2270.2,10.73,4.83,63.54,46.21,Pump A Running
2026-07-01T17:30:00+00:00,Stopped,0,0.0,0.0,0.12,0.0,28.71,Pumps Stopped
2026-07-01T17:45:00+00:00,Stopped,0,0.0,0.0,0.13,0.0,29.08,Pumps Stopped
2026-07-01T18:00:00+00:00,Stopped,0,0.0,0.0,0.13,0.0,28.34,Pumps Stopped
2026-07-01T18:15:00+00:00,Stopped,0,0.0,0.0,0.14,0.0,28.72,Pumps Stopped
2026-07-01T18:30:00+00:00,Stopped,0,0.0,0.0,0.16,0.0,28.7,Pumps Stopped
2026-07-01T18:45:00+00:00,Stopped,0,0.0,0.0,0.14,0.0,28.73,Pumps Stopped
2026-07-01T19:00:00+00:00,Running,1,2325.9,10.61,4.9,61.66,46.0,Pump A Running
2026-07-01T19:15:00+00:00,Running,1,2298.0,10.48,4.86,62.32,45.59,Pump A Running
2026-07-01T19:30:00+00:00,Running,1,2272.6,10.59,4.78,60.5,45.87,Pump A Running
2026-07-01T19:45:00+00:00,Running,1,2378.6,10.52,4.81,63.57,46.01,Pump A Running
2026-07-01T20:00:00+00:00,Running,1,2133.8,10.64,4.67,63.18,45.83,Pump A Running
2026-07-01T20:15:00+00:00,Running,1,2295.8,10.54,4.68,61.45,46.48,Pump A Running
2026-07-01T20:30:00+00:00,Running,1,2133.4,10.61,4.8,61.16,46.27,Pump A Running
2026-07-01T20:45:00+00:00,Running,1,2316.5,10.63,4.64,62.69,46.17,Pump A Running
2026-07-01T21:00:00+00:00,Running,1,2291.8,10.53,4.7,62.32,45.96,Pump A Running
2026-07-01T21:15:00+00:00,Running,1,2193.9,10.55,4.82,64.18,46.12,Pump A Running
2026-07-01T21:30:00+00:00,Running,1,1991.5,10.59,4.82,62.0,45.36,Pump A Running
2026-07-01T21:45:00+00:00,Running,1,2325.7,10.69,4.77,62.13,46.41,Pump A Running
2026-07-01T22:00:00+00:00,Running,1,2390.0,10.64,4.95,62.73,45.85,Pump A Running
2026-07-01T22:15:00+00:00,Running,1,2296.7,10.54,4.86,61.53,46.68,Pump A Running
2026-07-01T22:30:00+00:00,Running,1,2232.3,10.59,4.77,62.61,45.98,Pump A Running
2026-07-01T22:45:00+00:00,Running,1,2152.0,10.66,4.82,64.17,46.41,Pump A Running
2026-07-01T23:00:00+00:00,Running,1,2193.0,10.52,4.65,63.24,45.99,Pump A Running
2026-07-01T23:15:00+00:00,Running,1,2127.0,10.62,4.77,62.88,46.43,Pump A Running
2026-07-01T23:30:00+00:00,Running,1,2192.5,10.64,4.72,66.05,46.28,Pump A Running
2026-07-01T23:45:00+00:00,Running,1,2236.4,10.62,4.8,62.5,45.77,Pump A Running
2026-07-02T00:00:00+00:00,Running,1,2254.1,10.56,4.94,61.52,45.76,Pump A Running
2026-07-02T00:15:00+00:00,Running,1,2084.9,10.56,4.9,59.75,46.17,Pump A Running
2026-07-02T00:30:00+00:00,Running,1,2157.6,10.59,4.7,60.93,45.86,Pump A Running
2026-07-02T00:45:00+00:00,Running,1,2021.3,10.55,4.85,61.93,45.67,Pump A Running
2026-07-02T01:00:00+00:00,Running,1,2032.9,10.61,4.77,61.63,45.97,Pump A Running
2026-07-02T01:15:00+00:00,Running,1,2026.8,10.45,4.79,60.52,46.39,Pump A Running
2026-07-02T01:30:00+00:00,Running,1,2091.5,10.57,4.92,61.63,45.74,Pump A Running
2026-07-02T01:45:00+00:00,Running,1,2097.3,10.79,4.74,60.36,45.8,Pump A Running
2026-07-02T02:00:00+00:00,Stopped,0,0.0,0.0,0.14,0.0,28.77,Pumps Stopped
2026-07-02T02:15:00+00:00,Stopped,0,0.0,0.0,0.09,0.0,28.59,Pumps Stopped
2026-07-02T02:30:00+00:00,Stopped,0,0.0,0.0,0.14,0.0,28.69,Pumps Stopped
2026-07-02T02:45:00+00:00,Stopped,0,0.0,0.0,0.15,0.0,28.67,Pumps Stopped
2026-07-02T03:00:00+00:00,Stopped,0,0.0,0.0,0.16,0.0,29.22,Pumps Stopped
2026-07-02T03:15:00+00:00,Stopped,0,0.0,0.0,0.14,0.0,28.76,Pumps Stopped
2026-07-02T03:30:00+00:00,Running,1,2216.4,10.57,4.81,61.3,46.0,Pump A Running
2026-07-02T03:45:00+00:00,Running,1,2018.9,10.67,4.82,61.14,45.99,Pump A Running
2026-07-02T04:00:00+00:00,Running,1,2251.9,10.55,4.66,63.54,45.57,Pump A Running
2026-07-02T04:15:00+00:00,Running,1,2223.5,10.68,4.8,60.85,45.94,Pump A Running
2026-07-02T04:30:00+00:00,Running,1,2333.8,10.67,4.81,63.61,46.32,Pump A Running
2026-07-02T04:45:00+00:00,Running,1,2139.5,10.72,4.86,61.04,46.15,Pump A Running
2026-07-02T05:00:00+00:00,Running,1,2113.6,10.53,4.92,61.0,45.77,Pump A Running
2026-07-02T05:15:00+00:00,Running,1,2169.3,10.64,4.76,62.7,46.42,Pump A Running
2026-07-02T05:30:00+00:00,Running,1,2064.6,10.56,4.87,60.13,45.81,Pump A Running
2026-07-02T05:45:00+00:00,Running,1,2147.7,10.6,4.81,61.48,46.38,Pump A Running
2026-07-02T06:00:00+00:00,Running,1,2189.9,10.54,4.71,61.98,45.92,Pump A Running
2026-07-02T06:15:00+00:00,Running,1,2083.4,10.63,4.85,60.97,45.73,Pump A Running
2026-07-02T06:30:00+00:00,Running,1,2194.6,10.58,4.82,61.95,45.63,Pump A Running
2026-07-02T06:45:00+00:00,Running,1,2193.5,10.57,4.85,63.34,46.07,Pump A Running
2026-07-02T07:00:00+00:00,Running,1,2036.8,10.64,4.93,60.11,45.73,Pump A Running
2026-07-02T07:15:00+00:00,Running,1,2226.0,10.51,4.92,63.29,45.74,Pump A Running
2026-07-02T07:30:00+00:00,Running,1,2261.2,10.55,4.68,62.26,46.13,Pump A Running
2026-07-02T07:45:00+00:00,Running,1,2075.4,10.65,4.8,61.54,45.72,Pump A Running
2026-07-02T08:00:00+00:00,Running,1,2137.5,10.61,4.75,62.84,46.09,Pump A Running
2026-07-02T08:15:00+00:00,Running,1,2090.5,10.5,4.9,62.03,46.33,Pump A Running
2026-07-02T08:30:00+00:00,Running,1,2208.2,10.59,4.57,62.07,46.1,Pump A Running
2026-07-02T08:45:00+00:00,Running,1,2142.2,10.58,4.72,63.24,45.89,Pump A Running
2026-07-02T09:00:00+00:00,Running,1,2222.9,10.6,4.75,60.89,45.71,Pump A Running
2026-07-02T09:15:00+00:00,Running,1,2081.1,10.47,4.82,62.21,45.39,Pump A Running
2026-07-02T09:30:00+00:00,Running,1,1981.5,10.68,4.72,61.73,46.3,Pump A Running
2026-07-02T09:45:00+00:00,Running,1,2017.3,10.68,4.85,63.24,45.95,Pump A Running
2026-07-02T10:00:00+00:00,Running,1,2015.5,10.6,4.84,60.15,45.31,Pump A Running
2026-07-02T10:15:00+00:00,Running,1,2079.0,10.52,4.74,59.99,45.49,Pump A Running
2026-07-02T10:30:00+00:00,Running,1,2107.3,10.63,4.79,61.67,45.5,Pump A Running
2026-07-02T10:45:00+00:00,Running,1,2182.3,10.68,4.72,61.95,45.98,Pump A Running
2026-07-02T11:00:00+00:00,Running,1,2133.9,10.68,4.94,62.68,46.21,Pump A Running
2026-07-02T11:15:00+00:00,Running,1,2123.6,10.59,4.78,64.93,45.72,Pump A Running
2026-07-02T11:30:00+00:00,Running,1,2163.3,10.59,4.69,62.5,45.77,Pump A Running
2026-07-02T11:45:00+00:00,Running,1,2255.7,10.55,4.86,61.82,46.18,Pump A Running
2026-07-02T12:00:00+00:00,Running,1,2285.6,10.49,4.64,60.85,45.75,Pump A Running
2026-07-02T12:15:00+00:00,Running,1,2288.4,10.74,4.8,62.11,46.22,Pump A Running
2026-07-02T12:30:00+00:00,Running,1,2412.4,10.58,4.85,62.65,45.97,Pump A Running
2026-07-02T12:45:00+00:00,Running,1,2381.0,10.57,4.72,63.58,46.28,Pump A Running
2026-07-02T13:00:00+00:00,Running,1,2230.5,10.61,4.8,63.68,46.2,Pump A Running
2026-07-02T13:15:00+00:00,Running,1,2459.9,10.51,4.72,59.24,46.38,Pump A Running
2026-07-02T13:30:00+00:00,Running,1,2272.6,10.55,4.85,64.73,45.8,Pump A Running
2026-07-02T13:45:00+00:00,Running,1,2383.5,10.72,4.82,62.37,46.35,Pump A Running
2026-07-02T14:00:00+00:00,Running,1,2185.9,10.73,4.95,61.61,46.38,Pump A Running
2026-07-02T14:15:00+00:00,Running,1,2120.0,10.79,4.95,60.75,46.71,Pump A Running
2026-07-02T14:30:00+00:00,Running,1,2351.5,10.53,4.8,63.4,46.38,Pump A Running
2026-07-02T14:45:00+00:00,Running,1,2328.7,10.52,4.97,62.49,46.23,Pump A Running
2026-07-02T15:00:00+00:00,Running,1,2210.2,10.72,4.78,61.56,46.06,Pump A Running
2026-07-02T15:15:00+00:00,Running,1,2251.7,10.64,4.8,62.02,47.21,Pump A Running
2026-07-02T15:30:00+00:00,Running,1,2317.5,10.56,4.76,62.3,46.18,Pump A Running
2026-07-02T15:45:00+00:00,Running,1,2214.1,10.6,4.83,63.35,46.84,Pump A Running
2026-07-02T16:00:00+00:00,Running,1,2270.7,10.61,4.81,60.94,46.1,Pump A Running
2026-07-02T16:15:00+00:00,Running,1,2129.0,10.58,4.81,61.16,46.0,Pump A Running
2026-07-02T16:30:00+00:00,Running,1,2133.1,10.64,4.92,64.2,46.49,Pump A Running
2026-07-02T16:45:00+00:00,Running,1,2379.9,10.54,4.81,63.45,45.74,Pump A Running
2026-07-02T17:00:00+00:00,Running,1,2400.8,10.51,4.74,62.06,46.95,Pump A Running
2026-07-02T17:15:00+00:00,Running,1,2299.9,10.49,4.69,62.17,46.72,Pump A Running
2026-07-02T17:30:00+00:00,Running,1,2385.0,10.61,4.75,62.87,46.65,Pump A Running
2026-07-02T17:45:00+00:00,Running,1,2266.5,10.64,4.88,62.74,45.7,Pump A Running
2026-07-02T18:00:00+00:00,Running,1,2381.3,10.54,4.74,62.5,46.26,Pump A Running
2026-07-02T18:15:00+00:00,Running,1,2289.5,10.65,4.77,62.83,46.11,Pump A Running
2026-07-02T18:30:00+00:00,Running,1,2304.1,10.71,4.87,61.43,46.92,Pump A Running
2026-07-02T18:45:00+00:00,Running,1,2356.6,10.44,4.81,62.0,46.58,Pump A Running
2026-07-02T19:00:00+00:00,Running,1,2355.0,10.52,4.8,61.07,45.72,Pump A Running
2026-07-02T19:15:00+00:00,Running,1,2319.0,10.45,4.71,61.57,46.17,Pump A Running
2026-07-02T19:30:00+00:00,Running,1,2566.0,10.59,4.6,61.9,46.5,Pump A Running
2026-07-02T19:45:00+00:00,Running,1,2373.0,10.51,4.68,62.06,46.16,Pump A Running
2026-07-02T20:00:00+00:00,Running,1,2553.2,10.59,4.83,61.52,46.83,Pump A Running
2026-07-02T20:15:00+00:00,Running,1,2496.5,10.69,4.73,60.46,46.48,Pump A Running
2026-07-02T20:30:00+00:00,Running,1,2402.6,10.66,4.87,59.44,46.33,Pump A Running
2026-07-02T20:45:00+00:00,Running,1,2410.2,10.64,4.64,64.15,45.9,Pump A Running
2026-07-02T21:00:00+00:00,Running,1,2472.4,10.56,4.76,61.35,46.43,Pump A Running
2026-07-02T21:15:00+00:00,Running,1,2477.4,10.66,4.76,62.76,45.82,Pump A Running
2026-07-02T21:30:00+00:00,Running,1,2572.4,10.7,4.78,61.4,46.83,Pump A Running
2026-07-02T21:45:00+00:00,Running,1,2370.4,10.57,4.78,62.08,46.11,Pump A Running
2026-07-02T22:00:00+00:00,Running,1,2423.2,10.68,4.84,62.65,46.21,Pump A Running
2026-07-02T22:15:00+00:00,Running,1,2539.4,10.47,4.77,63.17,47.41,Pump A Running
2026-07-02T22:30:00+00:00,Running,1,2456.3,10.56,4.86,60.25,46.46,Pump A Running
2026-07-02T22:45:00+00:00,Running,1,2426.8,10.55,4.75,61.63,45.77,Pump A Running
2026-07-02T23:00:00+00:00,Running,1,2568.9,10.78,4.86,63.38,46.07,Pump A Running
2026-07-02T23:15:00+00:00,Running,1,2468.9,10.64,4.8,60.15,46.8,Pump A Running
2026-07-02T23:30:00+00:00,Running,1,2314.5,10.5,4.76,60.89,46.86,Pump A Running
2026-07-02T23:45:00+00:00,Running,1,2558.6,10.54,4.77,61.62,45.76,Pump A Running
2026-07-03T00:00:00+00:00,Running,1,2658.6,10.64,4.75,63.36,46.75,Pump A Running
2026-07-03T00:15:00+00:00,Running,1,2319.5,10.62,4.87,62.31,45.81,Pump A Running
2026-07-03T00:30:00+00:00,Running,1,2733.7,10.56,4.95,62.94,46.94,Pump A Running
2026-07-03T00:45:00+00:00,Running,1,2573.5,10.51,4.73,64.02,47.23,Pump A Running
2026-07-03T01:00:00+00:00,Running,1,2577.1,10.58,4.74,63.9,46.6,Pump A Running
2026-07-03T01:15:00+00:00,Running,1,2587.6,10.57,4.68,62.0,46.62,Pump A Running
2026-07-03T01:30:00+00:00,Running,1,2632.7,10.62,4.76,61.89,47.05,Pump A Running
2026-07-03T01:45:00+00:00,Running,1,2404.0,10.64,4.77,61.88,45.71,Pump A Running
2026-07-03T02:00:00+00:00,Stopped,0,0.0,0.0,0.17,0.0,29.0,Pumps Stopped
2026-07-03T02:15:00+00:00,Stopped,0,0.0,0.0,0.17,0.0,28.79,Pumps Stopped
2026-07-03T02:30:00+00:00,Stopped,0,0.0,0.0,0.16,0.0,29.19,Pumps Stopped
2026-07-03T02:45:00+00:00,Stopped,0,0.0,0.0,0.14,0.0,29.15,Pumps Stopped
2026-07-03T03:00:00+00:00,Stopped,0,0.0,0.0,0.15,0.0,29.21,Pumps Stopped
2026-07-03T03:15:00+00:00,Stopped,0,0.0,0.0,0.19,0.0,29.62,Pumps Stopped
2026-07-03T03:30:00+00:00,Running,1,2708.6,10.56,4.82,60.76,46.54,Pump A Running
2026-07-03T03:45:00+00:00,Running,1,2504.5,10.79,4.86,61.85,47.02,Pump A Running
2026-07-03T04:00:00+00:00,Running,1,2428.7,10.6,4.89,61.12,46.61,Pump A Running
2026-07-03T04:15:00+00:00,Running,1,2854.3,10.67,4.8,61.42,46.31,Pump A Running
2026-07-03T04:30:00+00:00,Running,1,2630.0,10.5,4.74,62.52,46.74,Pump A Running
2026-07-03T04:45:00+00:00,Running,1,2744.9,10.6,4.68,60.48,46.8,Pump A Running
2026-07-03T05:00:00+00:00,Running,1,2485.8,10.68,4.77,63.06,46.7,Pump A Running
2026-07-03T05:15:00+00:00,Running,1,2851.8,10.65,4.86,61.33,46.19,Pump A Running
2026-07-03T05:30:00+00:00,Running,1,2695.5,10.54,4.83,61.01,46.83,Pump A Running
2026-07-03T05:45:00+00:00,Running,1,2746.4,10.55,4.83,60.29,46.92,Pump A Running
2026-07-03T06:00:00+00:00,Running,1,2556.2,10.64,4.77,60.31,46.12,Pump A Running
2026-07-03T06:15:00+00:00,Running,1,2746.2,10.65,4.7,61.13,46.94,Pump A Running
2026-07-03T06:30:00+00:00,Running,1,2587.9,10.62,4.71,61.21,46.27,Pump A Running
2026-07-03T06:45:00+00:00,Running,1,2646.4,10.54,4.77,59.46,46.48,Pump A Running
2026-07-03T07:00:00+00:00,Running,1,2715.6,10.64,4.83,62.99,46.51,Pump A Running
2026-07-03T07:15:00+00:00,Running,1,2932.1,10.6,4.76,63.23,46.58,Pump A Running
2026-07-03T07:30:00+00:00,Running,1,2725.3,10.63,4.97,62.16,46.49,Pump A Running
2026-07-03T07:45:00+00:00,Running,1,2715.1,10.67,4.81,60.19,46.89,Pump A Running
2026-07-03T08:00:00+00:00,Running,1,2673.6,10.55,4.69,61.54,46.86,Pump A Running
2026-07-03T08:15:00+00:00,Running,1,2591.0,10.61,4.9,61.59,47.28,Pump A Running
2026-07-03T08:30:00+00:00,Running,1,2684.3,10.63,4.77,62.57,46.51,Pump A Running
2026-07-03T08:45:00+00:00,Running,1,2501.0,10.59,4.76,62.31,46.58,Pump A Running
2026-07-03T09:00:00+00:00,Running,1,2620.5,10.71,4.84,61.5,46.98,Pump A Running
2026-07-03T09:15:00+00:00,Running,1,2827.7,10.74,4.82,63.86,46.62,Pump A Running
2026-07-03T09:30:00+00:00,Running,1,2720.2,10.55,4.8,63.15,46.35,Pump A Running
2026-07-03T09:45:00+00:00,Running,1,2811.4,10.65,4.76,63.75,47.35,Pump A Running
2026-07-03T10:00:00+00:00,Running,1,2705.4,10.67,4.72,63.26,46.62,Pump A Running
2026-07-03T10:15:00+00:00,Running,1,2878.9,10.61,4.71,62.46,46.11,Pump A Running
2026-07-03T10:30:00+00:00,Running,1,2668.4,10.66,4.82,62.73,46.67,Pump A Running
2026-07-03T10:45:00+00:00,Running,1,2573.0,10.5,4.9,62.24,46.13,Pump A Running
2026-07-03T11:00:00+00:00,Running,1,2759.5,10.54,4.95,61.83,47.08,Pump A Running
2026-07-03T11:15:00+00:00,Running,1,2732.3,10.61,4.82,60.29,46.75,Pump A Running
2026-07-03T11:30:00+00:00,Running,1,2744.1,10.67,4.9,61.63,46.52,Pump A Running
2026-07-03T11:45:00+00:00,Running,1,2716.3,10.6,4.65,61.69,46.81,Pump A Running
2026-07-03T12:00:00+00:00,Running,1,2861.8,10.53,4.95,62.19,46.63,Pump A Running
2026-07-03T12:15:00+00:00,Running,1,2807.5,10.71,4.82,61.11,46.4,Pump A Running
2026-07-03T12:30:00+00:00,Running,1,2797.8,10.6,4.8,61.5,46.77,Pump A Running
2026-07-03T12:45:00+00:00,Running,1,2760.8,10.58,4.8,61.35,45.8,Pump A Running
2026-07-03T13:00:00+00:00,Running,1,2839.2,10.61,4.92,62.47,47.09,Pump A Running
2026-07-03T13:15:00+00:00,Running,1,2821.6,10.56,4.8,61.98,47.29,Pump A Running
2026-07-03T13:30:00+00:00,Running,1,2783.6,10.76,4.84,61.91,46.12,Pump A Running
2026-07-03T13:45:00+00:00,Running,1,2695.2,10.63,4.81,61.73,47.55,Pump A Running
2026-07-03T14:00:00+00:00,Running,1,2855.1,10.64,4.74,62.97,46.27,Pump A Running
2026-07-03T14:15:00+00:00,Running,1,2812.7,10.6,4.97,62.04,47.14,Pump A Running
2026-07-03T14:30:00+00:00,Running,1,2757.0,10.6,4.86,63.66,46.75,Pump A Running
2026-07-03T14:45:00+00:00,Running,1,2878.0,10.57,4.74,61.57,46.85,Pump A Running
2026-07-03T15:00:00+00:00,Running,1,2689.4,10.67,4.66,60.67,46.55,Pump A Running
2026-07-03T15:15:00+00:00,Running,1,2699.6,10.56,4.67,62.46,47.26,Pump A Running
2026-07-03T15:30:00+00:00,Running,1,2613.2,10.62,4.85,63.2,46.81,Pump A Running
2026-07-03T15:45:00+00:00,Running,1,2766.7,10.69,4.74,59.89,46.31,Pump A Running
2026-07-03T16:00:00+00:00,Running,1,2727.3,10.65,4.84,60.08,46.91,Pump A Running
2026-07-03T16:15:00+00:00,Running,1,2773.2,10.44,4.76,63.54,46.97,Pump A Running
2026-07-03T16:30:00+00:00,Running,1,2684.8,10.57,4.79,61.14,47.2,Pump A Running
2026-07-03T16:45:00+00:00,Running,1,2877.2,10.62,4.76,62.23,46.68,Pump A Running
2026-07-03T17:00:00+00:00,Running,1,2800.5,10.57,4.81,61.86,46.97,Pump A Running
2026-07-03T17:15:00+00:00,Running,1,2713.7,10.47,4.83,60.67,46.52,Pump A Running
2026-07-03T17:30:00+00:00,Running,1,2801.6,10.63,4.74,61.54,46.71,Pump A Running
2026-07-03T17:45:00+00:00,Running,1,2684.5,10.63,4.76,63.15,46.56,Pump A Running
2026-07-03T18:00:00+00:00,Running,1,2791.7,10.68,4.83,62.64,46.74,Pump A Running
2026-07-03T18:15:00+00:00,Running,1,2731.9,10.69,4.88,61.83,47.07,Pump A Running
2026-07-03T18:30:00+00:00,Running,1,2673.4,10.53,4.9,63.16,47.04,Pump A Running
2026-07-03T18:45:00+00:00,Running,1,2838.3,10.59,4.88,61.17,46.56,Pump A Running
2026-07-03T19:00:00+00:00,Running,1,2679.8,10.65,4.77,62.41,46.51,Pump A Running
2026-07-03T19:15:00+00:00,Running,1,2771.7,10.51,4.86,63.23,46.46,Pump A Running
2026-07-03T19:30:00+00:00,Running,1,2777.0,10.62,4.93,62.14,46.45,Pump A Running
2026-07-03T19:45:00+00:00,Running,1,2627.6,10.64,4.86,61.81,46.75,Pump A Running
2026-07-03T20:00:00+00:00,Running,1,2794.6,10.63,4.75,62.83,46.64,Pump A Running
2026-07-03T20:15:00+00:00,Running,1,2700.0,10.77,4.98,64.1,46.51,Pump A Running
2026-07-03T20:30:00+00:00,Running,1,2587.8,10.59,4.79,61.13,46.51,Pump A Running
2026-07-03T20:45:00+00:00,Running,1,2681.3,10.59,4.83,61.55,46.15,Pump A Running
2026-07-03T21:00:00+00:00,Running,1,2704.6,10.61,4.69,62.73,46.58,Pump A Running
2026-07-03T21:15:00+00:00,Running,1,2743.4,10.54,4.73,63.17,46.45,Pump A Running
2026-07-03T21:30:00+00:00,Running,1,2749.4,10.56,4.84,64.63,47.05,Pump A Running
2026-07-03T21:45:00+00:00,Running,1,2515.2,10.53,4.79,60.42,46.36,Pump A Running
2026-07-03T22:00:00+00:00,Running,1,2620.5,10.62,4.87,61.83,45.68,Pump A Running
2026-07-03T22:15:00+00:00,Running,1,2713.4,10.57,4.68,60.79,46.87,Pump A Running
2026-07-03T22:30:00+00:00,Running,1,2682.6,10.5,4.72,63.05,47.01,Pump A Running
2026-07-03T22:45:00+00:00,Running,1,2796.3,10.57,4.95,61.86,46.57,Pump A Running
2026-07-03T23:00:00+00:00,Running,1,2559.4,10.57,4.74,60.96,46.7,Pump A Running
2026-07-03T23:15:00+00:00,Running,1,2691.8,10.54,4.85,63.07,46.7,Pump A Running
2026-07-03T23:30:00+00:00,Running,1,2635.5,10.54,4.73,61.6,45.59,Pump A Running
2026-07-03T23:45:00+00:00,Running,1,2563.8,10.61,4.77,61.18,46.81,Pump A Running
2026-07-04T00:00:00+00:00,Running,1,2487.1,10.68,4.79,63.2,45.28,Pump A Running
2026-07-04T00:15:00+00:00,Running,1,2705.5,10.57,4.76,63.94,46.15,Pump A Running
2026-07-04T00:30:00+00:00,Running,1,2742.8,10.61,4.87,59.93,47.07,Pump A Running
2026-07-04T00:45:00+00:00,Running,1,2750.1,10.52,4.74,63.02,46.52,Pump A Running
2026-07-04T01:00:00+00:00,Running,1,2485.3,10.75,4.75,63.45,46.81,Pump A Running
2026-07-04T01:15:00+00:00,Running,1,2553.9,10.55,4.87,60.65,46.89,Pump A Running
2026-07-04T01:30:00+00:00,Running,1,2524.4,10.57,4.84,61.93,46.45,Pump A Running
2026-07-04T01:45:00+00:00,Running,1,2640.5,10.67,4.74,60.72,47.64,Pump A Running
2026-07-04T02:00:00+00:00,Stopped,0,0.0,0.0,0.15,0.0,28.66,Pumps Stopped
2026-07-04T02:15:00+00:00,Stopped,0,0.0,0.0,0.14,0.0,28.69,Pumps Stopped
2026-07-04T02:30:00+00:00,Stopped,0,0.0,0.0,0.2,0.0,29.01,Pumps Stopped
2026-07-04T02:45:00+00:00,Stopped,0,0.0,0.0,0.17,0.0,29.27,Pumps Stopped
2026-07-04T03:00:00+00:00,Stopped,0,0.0,0.0,0.13,0.0,29.12,Pumps Stopped
2026-07-04T03:15:00+00:00,Stopped,0,0.0,0.0,0.15,0.0,29.7,Pumps Stopped
2026-07-04T03:30:00+00:00,Running,1,2440.1,10.6,5.0,62.48,45.45,Pump A Running
2026-07-04T03:45:00+00:00,Running,1,2547.9,10.54,4.78,63.84,46.9,Pump A Running
2026-07-04T04:00:00+00:00,Running,1,2442.6,10.59,4.94,63.3,46.35,Pump A Running
2026-07-04T04:15:00+00:00,Running,1,2607.8,10.63,4.78,61.21,46.1,Pump A Running
2026-07-04T04:30:00+00:00,Running,1,2673.5,10.66,4.79,60.85,46.24,Pump A Running
2026-07-04T04:45:00+00:00,Running,1,2626.8,10.54,4.62,62.7,45.82,Pump A Running
2026-07-04T05:00:00+00:00,Running,1,2427.3,10.58,4.86,63.24,46.07,Pump A Running
2026-07-04T05:15:00+00:00,Running,1,2507.5,10.63,4.9,62.08,46.93,Pump A Running
2026-07-04T05:30:00+00:00,Running,1,2520.4,10.58,4.89,63.11,46.32,Pump A Running
2026-07-04T05:45:00+00:00,Running,1,2377.3,10.47,4.88,60.5,46.37,Pump A Running
2026-07-04T06:00:00+00:00,Running,1,2558.4,10.56,4.76,61.44,46.82,Pump A Running
2026-07-04T06:15:00+00:00,Running,1,2537.1,10.66,4.64,60.09,46.24,Pump A Running
2026-07-04T06:30:00+00:00,Running,1,2434.1,10.61,4.8,62.08,46.23,Pump A Running
2026-07-04T06:45:00+00:00,Running,1,2423.1,10.56,4.78,63.72,46.39,Pump A Running
2026-07-04T07:00:00+00:00,Running,1,2620.3,10.63,4.78,61.51,46.84,Pump A Running
2026-07-04T07:15:00+00:00,Running,1,2410.0,10.6,4.79,62.25,46.74,Pump A Running
2026-07-04T07:30:00+00:00,Running,1,2444.5,10.57,4.78,62.03,46.73,Pump A Running
2026-07-04T07:45:00+00:00,Running,1,2394.6,10.62,4.73,62.08,46.66,Pump A Running
2026-07-04T08:00:00+00:00,Running,1,2497.9,10.61,4.7,62.51,45.81,Pump A Running
2026-07-04T08:15:00+00:00,Running,1,2335.8,10.49,4.8,62.61,46.62,Pump A Running
2026-07-04T08:30:00+00:00,Running,1,2424.4,10.6,4.69,62.59,46.69,Pump A Running
2026-07-04T08:45:00+00:00,Running,1,2500.5,10.55,4.69,62.3,45.66,Pump A Running
2026-07-04T09:00:00+00:00,Running,1,2408.5,10.67,4.87,60.94,46.02,Pump A Running
2026-07-04T09:15:00+00:00,Running,1,2360.0,10.53,4.81,61.53,46.96,Pump A Running
2026-07-04T09:30:00+00:00,Running,1,2469.0,10.59,4.74,62.81,46.37,Pump A Running
2026-07-04T09:45:00+00:00,Running,1,2504.3,10.64,4.79,61.82,46.51,Pump A Running
2026-07-04T10:00:00+00:00,Running,1,2203.0,10.68,4.81,61.14,46.04,Pump A Running
2026-07-04T10:15:00+00:00,Running,1,2391.5,10.66,4.8,63.97,45.77,Pump A Running
2026-07-04T10:30:00+00:00,Running,1,2343.6,10.58,4.73,62.99,46.3,Pump A Running
2026-07-04T10:45:00+00:00,Running,1,2323.0,10.63,4.91,62.46,46.44,Pump A Running
2026-07-04T11:00:00+00:00,Running,1,2499.9,10.5,4.77,63.1,45.83,Pump A Running
2026-07-04T11:15:00+00:00,Running,1,2365.2,10.64,4.65,64.01,45.99,Pump A Running
2026-07-04T11:30:00+00:00,Running,1,2443.9,10.67,4.75,61.71,46.43,Pump A Running
2026-07-04T11:45:00+00:00,Running,1,2167.8,10.52,4.72,61.46,45.97,Pump A Running
2026-07-04T12:00:00+00:00,Running,1,2412.8,10.63,4.85,61.22,46.46,Pump A Running
2026-07-04T12:15:00+00:00,Running,1,2332.9,10.49,4.79,63.5,46.23,Pump A Running
2026-07-04T12:30:00+00:00,Running,1,2377.9,10.6,4.76,62.18,46.08,Pump A Running
2026-07-04T12:45:00+00:00,Running,1,2316.3,10.65,4.88,61.39,46.27,Pump A Running
2026-07-04T13:00:00+00:00,Running,1,2427.4,10.55,4.76,59.83,46.35,Pump A Running
2026-07-04T13:15:00+00:00,Running,1,2301.7,10.54,4.83,63.24,46.06,Pump A Running
2026-07-04T13:30:00+00:00,Running,1,2222.7,10.71,4.8,60.44,46.74,Pump A Running
2026-07-04T13:45:00+00:00,Running,1,2362.9,10.55,4.64,59.45,46.36,Pump A Running
2026-07-04T14:00:00+00:00,Running,1,2368.7,10.59,4.75,63.71,47.03,Pump A Running
2026-07-04T14:15:00+00:00,Running,1,2225.3,10.58,4.79,61.89,46.55,Pump A Running
2026-07-04T14:30:00+00:00,Running,1,2330.4,10.61,4.88,61.3,46.15,Pump A Running
2026-07-04T14:45:00+00:00,Running,1,2220.2,10.54,4.68,62.13,46.13,Pump A Running
2026-07-04T15:00:00+00:00,Running,1,2250.9,10.55,4.92,61.86,45.48,Pump A Running
2026-07-04T15:15:00+00:00,Running,1,2278.9,10.63,4.75,62.53,46.52,Pump A Running
2026-07-04T15:30:00+00:00,Running,1,2214.5,10.55,4.76,64.13,46.23,Pump A Running
2026-07-04T15:45:00+00:00,Running,1,2243.7,10.65,4.86,61.71,46.13,Pump A Running
2026-07-04T16:00:00+00:00,Running,1,2156.8,10.6,4.87,63.5,46.98,Pump A Running
2026-07-04T16:15:00+00:00,Running,1,2181.4,10.56,4.76,62.47,46.41,Pump A Running
2026-07-04T16:30:00+00:00,Running,1,2196.8,10.64,4.79,62.34,46.36,Pump A Running
2026-07-04T16:45:00+00:00,Running,1,2252.7,10.56,4.79,61.31,45.79,Pump A Running
2026-07-04T17:00:00+00:00,Running,1,2391.0,10.5,4.64,63.94,46.45,Pump A Running
2026-07-04T17:15:00+00:00,Running,1,2099.3,10.66,4.7,62.16,45.69,Pump A Running
2026-07-04T17:30:00+00:00,Running,1,2052.9,10.59,4.79,61.89,46.26,Pump A Running
2026-07-04T17:45:00+00:00,Running,1,2250.7,10.63,4.96,63.6,45.92,Pump A Running
2026-07-04T18:00:00+00:00,Running,1,2264.2,10.55,4.72,62.02,46.01,Pump A Running
2026-07-04T18:15:00+00:00,Running,1,2187.8,10.59,4.94,62.85,45.61,Pump A Running
2026-07-04T18:30:00+00:00,Running,1,2039.0,10.66,4.77,62.87,45.61,Pump A Running
2026-07-04T18:45:00+00:00,Running,1,2358.2,10.63,4.64,62.27,46.36,Pump A Running
2026-07-04T19:00:00+00:00,Running,1,2127.8,10.59,4.89,63.08,45.7,Pump A Running
2026-07-04T19:15:00+00:00,Running,1,2188.6,10.48,4.72,63.36,45.87,Pump A Running
2026-07-04T19:30:00+00:00,Running,1,2190.3,10.6,4.77,61.61,45.71,Pump A Running
2026-07-04T19:45:00+00:00,Running,1,2010.5,10.66,4.73,61.83,45.57,Pump A Running
2026-07-04T20:00:00+00:00,Running,1,2050.3,10.64,4.92,62.34,45.83,Pump A Running
2026-07-04T20:15:00+00:00,Running,1,2149.7,10.6,4.75,62.19,46.24,Pump A Running
2026-07-04T20:30:00+00:00,Running,1,2290.8,10.61,4.74,60.84,46.16,Pump A Running
2026-07-04T20:45:00+00:00,Running,1,2090.8,10.53,4.82,62.39,46.05,Pump A Running
2026-07-04T21:00:00+00:00,Running,1,2094.2,10.56,4.76,61.58,45.83,Pump A Running
2026-07-04T21:15:00+00:00,Running,1,2056.9,10.76,4.73,62.53,45.85,Pump A Running
2026-07-04T21:30:00+00:00,Running,1,2313.8,10.56,4.78,59.33,46.66,Pump A Running
2026-07-04T21:45:00+00:00,Running,1,2183.3,10.57,4.8,62.27,46.49,Pump A Running
2026-07-04T22:00:00+00:00,Running,1,1923.7,10.63,4.78,61.86,46.21,Pump A Running
2026-07-04T22:15:00+00:00,Running,1,2140.7,10.58,4.81,60.99,46.69,Pump A Running
2026-07-04T22:30:00+00:00,Running,1,2162.6,10.62,4.8,62.46,46.04,Pump A Running
2026-07-04T22:45:00+00:00,Running,1,2158.6,10.56,4.79,62.11,46.13,Pump A Running
2026-07-04T23:00:00+00:00,Running,1,2095.8,10.6,4.75,62.41,46.03,Pump A Running
2026-07-04T23:15:00+00:00,Running,1,2157.8,10.61,4.81,62.99,46.83,Pump A Running
2026-07-04T23:30:00+00:00,Running,1,2145.2,10.68,4.74,59.19,46.31,Pump A Running
2026-07-04T23:45:00+00:00,Running,1,2122.9,10.57,4.64,61.77,45.85,Pump A Running
2026-07-05T00:00:00+00:00,Running,1,2190.8,10.71,4.92,61.79,46.02,Pump A Running
2026-07-05T00:15:00+00:00,Running,1,2171.3,10.65,4.89,61.65,45.3,Pump A Running
2026-07-05T00:30:00+00:00,Running,1,2218.9,10.51,4.76,62.92,46.51,Pump A Running
2026-07-05T00:45:00+00:00,Running,1,2184.0,10.71,4.78,61.73,45.92,Pump A Running
2026-07-05T01:00:00+00:00,Running,1,2205.9,10.71,4.69,63.11,46.85,Pump A Running
2026-07-05T01:15:00+00:00,Running,1,2096.3,10.63,4.71,62.72,46.09,Pump A Running
2026-07-05T01:30:00+00:00,Running,1,2012.7,10.52,4.81,60.25,46.19,Pump A Running
2026-07-05T01:45:00+00:00,Running,1,2104.8,10.69,4.83,63.31,45.94,Pump A Running
2026-07-05T02:00:00+00:00,Stopped,0,0.0,0.0,0.15,0.0,28.86,Pumps Stopped
2026-07-05T02:15:00+00:00,Stopped,0,0.0,0.0,0.18,0.0,29.33,Pumps Stopped
2026-07-05T02:30:00+00:00,Stopped,0,0.0,0.0,0.12,0.0,29.12,Pumps Stopped
2026-07-05T02:45:00+00:00,Stopped,0,0.0,0.0,0.13,0.0,29.33,Pumps Stopped
2026-07-05T03:00:00+00:00,Stopped,0,0.0,0.0,0.14,0.0,28.52,Pumps Stopped
2026-07-05T03:15:00+00:00,Stopped,0,0.0,0.0,0.16,0.0,28.57,Pumps Stopped
2026-07-05T03:30:00+00:00,Running,1,1946.6,10.57,4.65,62.3,46.61,Pump A Running
2026-07-05T03:45:00+00:00,Running,1,2110.5,10.51,4.89,60.35,46.16,Pump A Running
2026-07-05T04:00:00+00:00,Running,1,2234.7,10.65,4.74,62.83,46.09,Pump A Running
2026-07-05T04:15:00+00:00,Running,1,2256.5,10.57,4.8,62.77,46.37,Pump A Running
2026-07-05T04:30:00+00:00,Running,1,2097.9,10.6,4.75,60.66,45.89,Pump A Running
2026-07-05T04:45:00+00:00,Running,1,1931.5,10.57,4.95,61.66,45.77,Pump A Running
2026-07-05T05:00:00+00:00,Running,1,2156.7,10.61,4.78,62.63,45.66,Pump A Running
2026-07-05T05:15:00+00:00,Running,1,2073.9,10.59,4.95,60.44,45.82,Pump A Running
2026-07-05T05:30:00+00:00,Running,1,2228.3,10.58,4.79,63.96,45.9,Pump A Running
2026-07-05T05:45:00+00:00,Running,1,2134.6,10.73,4.77,60.79,46.09,Pump A Running
2026-07-05T06:00:00+00:00,Running,1,2327.3,10.6,4.7,62.76,47.06,Pump A Running
2026-07-05T06:15:00+00:00,Running,1,2331.7,10.67,4.79,62.8,46.35,Pump A Running
2026-07-05T06:30:00+00:00,Running,1,2267.2,10.56,4.87,60.43,45.94,Pump A Running
2026-07-05T06:45:00+00:00,Running,1,2154.3,10.56,4.89,61.66,45.94,Pump A Running
2026-07-05T07:00:00+00:00,Running,1,2205.4,10.69,4.9,62.04,46.54,Pump A Running
2026-07-05T07:15:00+00:00,Running,1,2347.0,10.57,4.81,60.95,46.29,Pump A Running
2026-07-05T07:30:00+00:00,Running,1,2174.7,10.62,4.81,63.11,45.82,Pump A Running
2026-07-05T07:45:00+00:00,Running,1,2220.4,10.57,4.98,60.41,45.98,Pump A Running
2026-07-05T08:00:00+00:00,Running,1,2171.3,10.59,4.86,61.27,45.95,Pump A Running
2026-07-05T08:15:00+00:00,Running,1,2224.0,10.5,4.96,61.75,45.41,Pump A Running
2026-07-05T08:30:00+00:00,Running,1,2122.0,10.65,4.94,60.92,46.37,Pump A Running
2026-07-05T08:45:00+00:00,Running,1,2162.7,10.62,4.69,61.47,45.97,Pump A Running
2026-07-05T09:00:00+00:00,Running,1,2447.8,10.65,4.91,63.04,45.92,Pump A Running
2026-07-05T09:15:00+00:00,Running,1,2351.5,10.55,4.75,61.44,46.52,Pump A Running
2026-07-05T09:30:00+00:00,Running,1,2104.5,10.58,4.75,61.96,45.87,Pump A Running
2026-07-05T09:45:00+00:00,Running,1,2307.6,10.62,4.76,62.8,46.43,Pump A Running
2026-07-05T10:00:00+00:00,Running,1,2289.8,10.64,4.97,60.37,46.46,Pump A Running
2026-07-05T10:15:00+00:00,Running,1,2279.5,10.59,4.93,61.88,46.05,Pump A Running
2026-07-05T10:30:00+00:00,Running,1,2167.6,10.69,4.88,63.58,45.69,Pump A Running
2026-07-05T10:45:00+00:00,Running,1,2404.8,10.61,4.74,62.33,46.2,Pump A Running
2026-07-05T11:00:00+00:00,Running,1,2307.0,10.61,4.92,62.61,46.21,Pump A Running
2026-07-05T11:15:00+00:00,Running,1,2292.6,10.54,4.89,62.53,46.05,Pump A Running
2026-07-05T11:30:00+00:00,Running,1,2268.3,10.62,4.68,60.76,46.35,Pump A Running
2026-07-05T11:45:00+00:00,Running,1,2416.8,10.57,4.81,62.14,46.16,Pump A Running
2026-07-05T12:00:00+00:00,Running,1,2251.5,10.67,4.82,61.67,46.37,Pump A Running
2026-07-05T12:15:00+00:00,Running,1,2236.6,10.75,4.69,61.81,46.33,Pump A Running
2026-07-05T12:30:00+00:00,Running,1,2375.4,10.52,4.67,62.32,46.09,Pump A Running
2026-07-05T12:45:00+00:00,Running,1,2365.5,10.57,4.81,62.08,47.01,Pump A Running
2026-07-05T13:00:00+00:00,Running,1,2301.0,10.56,4.73,62.17,45.88,Pump A Running
2026-07-05T13:15:00+00:00,Running,1,2377.5,10.61,4.73,63.41,46.08,Pump A Running
2026-07-05T13:30:00+00:00,Running,1,2337.6,10.7,4.89,60.15,46.62,Pump A Running
2026-07-05T13:45:00+00:00,Running,1,2505.2,10.49,4.77,59.33,47.15,Pump A Running
2026-07-05T14:00:00+00:00,Running,1,2393.2,10.62,4.81,61.96,45.86,Pump A Running
2026-07-05T14:15:00+00:00,Running,1,2482.7,10.73,4.84,63.01,47.1,Pump A Running
2026-07-05T14:30:00+00:00,Running,1,2458.4,10.54,4.79,62.8,46.58,Pump A Running
2026-07-05T14:45:00+00:00,Running,1,2349.0,10.6,4.78,62.0,45.77,Pump A Running
2026-07-05T15:00:00+00:00,Running,1,2440.8,10.5,4.84,62.49,46.62,Pump A Running
2026-07-05T15:15:00+00:00,Running,1,2579.5,10.74,4.71,60.82,47.09,Pump A Running
2026-07-05T15:30:00+00:00,Running,1,2303.8,10.7,4.8,63.24,46.27,Pump A Running
2026-07-05T15:45:00+00:00,Running,1,2154.8,10.65,4.67,62.54,45.4,Pump A Running
2026-07-05T16:00:00+00:00,Running,1,2384.0,10.65,4.68,62.93,46.66,Pump A Running
2026-07-05T16:15:00+00:00,Running,1,2379.7,10.54,4.74,63.43,45.89,Pump A Running
2026-07-05T16:30:00+00:00,Running,1,2542.5,10.64,4.85,61.91,46.16,Pump A Running
2026-07-05T16:45:00+00:00,Running,1,2406.4,10.62,4.86,62.92,46.46,Pump A Running
2026-07-05T17:00:00+00:00,Running,1,2355.2,10.37,4.81,63.06,47.04,Pump A Running
2026-07-05T17:15:00+00:00,Running,1,2469.2,10.63,4.73,63.03,45.9,Pump A Running
2026-07-05T17:30:00+00:00,Running,1,2428.6,10.53,4.8,62.16,46.31,Pump A Running
2026-07-05T17:45:00+00:00,Running,1,2472.9,10.75,4.59,60.17,45.98,Pump A Running
2026-07-05T18:00:00+00:00,Running,1,2412.6,10.57,4.68,61.61,46.73,Pump A Running
2026-07-05T18:15:00+00:00,Running,1,2590.3,10.61,4.84,61.08,46.2,Pump A Running
2026-07-05T18:30:00+00:00,Running,1,2640.8,10.63,4.94,62.7,46.29,Pump A Running
2026-07-05T18:45:00+00:00,Running,1,2400.3,10.53,4.75,61.22,46.13,Pump A Running
2026-07-05T19:00:00+00:00,Running,1,2380.7,10.61,4.8,64.02,46.53,Pump A Running
2026-07-05T19:15:00+00:00,Running,1,2593.5,10.56,4.72,60.87,47.09,Pump A Running
2026-07-05T19:30:00+00:00,Running,1,2399.2,10.46,4.82,61.56,45.9,Pump A Running
2026-07-05T19:45:00+00:00,Running,1,2465.3,10.44,4.76,63.65,46.83,Pump A Running
2026-07-05T20:00:00+00:00,Running,1,2500.9,10.57,4.74,61.36,46.41,Pump A Running
2026-07-05T20:15:00+00:00,Running,1,2466.9,10.51,4.62,61.7,46.84,Pump A Running
2026-07-05T20:30:00+00:00,Running,1,2476.8,10.55,4.81,61.03,46.53,Pump A Running
2026-07-05T20:45:00+00:00,Running,1,2581.3,10.55,4.76,61.15,46.8,Pump A Running
2026-07-05T21:00:00+00:00,Running,1,2667.1,10.56,4.69,60.3,46.97,Pump A Running
2026-07-05T21:15:00+00:00,Running,1,2573.3,10.55,4.64,62.81,46.36,Pump A Running
2026-07-05T21:30:00+00:00,Running,1,2578.8,10.63,4.86,62.9,46.25,Pump A Running
2026-07-05T21:45:00+00:00,Running,1,2592.5,10.54,4.94,62.96,46.65,Pump A Running
2026-07-05T22:00:00+00:00,Running,1,2533.5,10.61,4.86,62.78,46.71,Pump A Running
2026-07-05T22:15:00+00:00,Running,1,2695.2,10.75,4.82,60.89,46.5,Pump A Running
2026-07-05T22:30:00+00:00,Running,1,2640.0,10.6,4.66,61.97,46.3,Pump A Running
2026-07-05T22:45:00+00:00,Running,1,2772.1,10.5,4.59,61.16,46.79,Pump A Running
2026-07-05T23:00:00+00:00,Running,1,2440.0,10.65,4.7,62.15,46.87,Pump A Running
2026-07-05T23:15:00+00:00,Running,1,2481.7,10.61,4.82,59.48,46.46,Pump A Running
2026-07-05T23:30:00+00:00,Running,1,2574.7,10.68,4.76,61.1,46.52,Pump A Running
2026-07-05T23:45:00+00:00,Running,1,2664.3,10.56,4.78,61.71,46.03,Pump A Running
2026-07-06T00:00:00+00:00,Running,1,2612.8,10.5,4.87,61.18,45.9,Pump A Running
2026-07-06T00:15:00+00:00,Running,1,2718.4,10.69,4.86,62.08,46.67,Pump A Running
2026-07-06T00:30:00+00:00,Running,1,2720.0,10.6,4.78,62.15,47.12,Pump A Running
2026-07-06T00:45:00+00:00,Running,1,2698.2,10.63,4.87,62.41,46.46,Pump A Running
2026-07-06T01:00:00+00:00,Running,1,2572.3,10.54,4.8,60.44,46.41,Pump A Running
2026-07-06T01:15:00+00:00,Running,1,2704.2,10.54,4.62,61.28,46.42,Pump A Running
2026-07-06T01:30:00+00:00,Running,1,2465.8,10.57,4.77,63.33,46.43,Pump A Running
2026-07-06T01:45:00+00:00,Running,1,2745.9,10.57,4.92,60.52,46.2,Pump A Running
2026-07-06T02:00:00+00:00,Stopped,0,0.0,0.0,0.17,0.0,29.1,Pumps Stopped
2026-07-06T02:15:00+00:00,Stopped,0,0.0,0.0,0.18,0.0,28.8,Pumps Stopped
2026-07-06T02:30:00+00:00,Stopped,0,0.0,0.0,0.1,0.0,28.91,Pumps Stopped
2026-07-06T02:45:00+00:00,Stopped,0,0.0,0.0,0.1,0.0,28.59,Pumps Stopped
2026-07-06T03:00:00+00:00,Stopped,0,0.0,0.0,0.09,0.0,29.11,Pumps Stopped
2026-07-06T03:15:00+00:00,Stopped,0,0.0,0.0,0.18,0.0,28.97,Pumps Stopped
2026-07-06T03:30:00+00:00,Running,1,2822.5,10.53,4.87,61.62,46.58,Pump A Running
2026-07-06T03:45:00+00:00,Running,1,2588.3,10.75,4.85,63.4,46.11,Pump A Running
2026-07-06T04:00:00+00:00,Running,1,2730.3,10.54,4.9,61.92,47.12,Pump A Running
2026-07-06T04:15:00+00:00,Running,1,2744.0,10.52,4.9,62.69,46.53,Pump A Running
2026-07-06T04:30:00+00:00,Running,1,2700.3,10.69,4.87,62.97,46.05,Pump A Running
2026-07-06T04:45:00+00:00,Running,1,2785.5,10.49,4.92,60.68,46.78,Pump A Running
2026-07-06T05:00:00+00:00,Running,1,2930.1,10.55,4.81,62.67,46.99,Pump A Running
2026-07-06T05:15:00+00:00,Running,1,2607.6,10.66,4.71,63.36,47.22,Pump A Running
2026-07-06T05:30:00+00:00,Running,1,2819.8,10.68,4.78,61.57,46.5,Pump A Running
2026-07-06T05:45:00+00:00,Running,1,2718.7,10.62,4.92,61.04,45.66,Pump A Running
2026-07-06T06:00:00+00:00,Running,1,2827.8,10.53,4.86,65.49,46.73,Pump A Running
2026-07-06T06:15:00+00:00,Running,1,2640.6,10.64,4.81,63.54,46.26,Pump A Running
2026-07-06T06:30:00+00:00,Running,1,2795.3,10.64,4.92,60.93,47.07,Pump A Running
2026-07-06T06:45:00+00:00,Running,1,2898.9,10.47,4.89,65.05,47.09,Pump A Running
2026-07-06T07:00:00+00:00,Running,1,2835.8,10.56,4.85,62.43,46.41,Pump A Running
2026-07-06T07:15:00+00:00,Running,1,2686.6,10.67,4.8,60.14,46.45,Pump A Running
2026-07-06T07:30:00+00:00,Running,1,2641.0,10.47,4.65,63.08,46.1,Pump A Running
2026-07-06T07:45:00+00:00,Running,1,2743.4,10.74,4.72,61.58,46.37,Pump A Running
2026-07-06T08:00:00+00:00,Running,1,2590.8,10.62,4.83,60.68,46.63,Pump A Running
2026-07-06T08:15:00+00:00,Running,1,2679.6,10.53,4.85,63.26,46.59,Pump A Running
2026-07-06T08:30:00+00:00,Running,1,2781.6,10.44,4.96,59.41,46.56,Pump A Running
2026-07-06T08:45:00+00:00,Running,1,2656.8,10.55,4.91,64.0,46.89,Pump A Running
2026-07-06T09:00:00+00:00,Running,1,2693.8,10.61,5.01,61.27,46.42,Pump A Running
2026-07-06T09:15:00+00:00,Running,1,2757.1,10.53,4.78,60.65,45.82,Pump A Running
2026-07-06T09:30:00+00:00,Running,1,2836.3,10.55,4.86,61.24,46.57,Pump A Running
2026-07-06T09:45:00+00:00,Running,1,2766.0,10.62,4.85,61.55,46.48,Pump A Running
2026-07-06T10:00:00+00:00,Running,1,2767.4,10.61,4.69,63.77,47.21,Pump A Running
2026-07-06T10:15:00+00:00,Running,1,2625.2,10.52,4.69,60.78,46.81,Pump A Running
2026-07-06T10:30:00+00:00,Running,1,2819.2,10.63,4.83,61.25,46.27,Pump A Running
2026-07-06T10:45:00+00:00,Running,1,2717.6,10.74,4.82,61.84,46.81,Pump A Running
2026-07-06T11:00:00+00:00,Running,1,2695.5,10.53,4.72,64.17,46.04,Pump A Running
2026-07-06T11:15:00+00:00,Running,1,2654.9,10.59,4.72,63.08,47.12,Pump A Running
2026-07-06T11:30:00+00:00,Running,1,2732.3,10.59,4.82,62.47,47.2,Pump A Running
2026-07-06T11:45:00+00:00,Running,1,2759.5,10.67,4.95,64.49,46.69,Pump A Running
2026-07-06T12:00:00+00:00,Running,1,2806.9,10.61,4.91,62.68,47.21,Pump A Running
2026-07-06T12:15:00+00:00,Running,1,2824.1,10.58,4.89,61.57,46.57,Pump A Running
2026-07-06T12:30:00+00:00,Running,1,2685.3,10.56,4.93,62.0,47.08,Pump A Running
2026-07-06T12:45:00+00:00,Running,1,2893.6,10.64,4.82,63.8,46.55,Pump A Running
2026-07-06T13:00:00+00:00,Running,1,2525.1,10.67,4.73,62.95,46.11,Pump A Running
2026-07-06T13:15:00+00:00,Running,1,2756.7,10.6,4.73,62.69,46.23,Pump A Running
2026-07-06T13:30:00+00:00,Running,1,2727.3,10.39,4.8,61.57,46.03,Pump A Running
2026-07-06T13:45:00+00:00,Running,1,2504.4,10.58,4.91,60.77,46.37,Pump A Running
2026-07-06T14:00:00+00:00,Running,1,2751.0,10.66,4.68,61.58,47.21,Pump A Running
2026-07-06T14:15:00+00:00,Running,1,2720.7,10.64,4.76,61.66,46.2,Pump A Running
2026-07-06T14:30:00+00:00,Running,1,2730.7,10.58,4.72,62.17,46.15,Pump A Running
2026-07-06T14:45:00+00:00,Running,1,2699.0,10.6,4.79,58.69,46.17,Pump A Running
2026-07-06T15:00:00+00:00,Running,1,2652.7,10.53,4.83,61.34,46.34,Pump A Running
2026-07-06T15:15:00+00:00,Running,1,2624.2,10.54,4.66,62.52,47.0,Pump A Running
2026-07-06T15:30:00+00:00,Running,1,2641.8,10.47,4.79,60.38,47.48,Pump A Running
2026-07-06T15:45:00+00:00,Running,1,2735.4,10.56,4.82,61.37,46.6,Pump A Running
2026-07-06T16:00:00+00:00,Running,1,2692.6,10.45,4.8,62.05,46.65,Pump A Running
2026-07-06T16:15:00+00:00,Running,1,2739.5,10.62,4.82,60.64,46.73,Pump A Running
2026-07-06T16:30:00+00:00,Running,1,2836.2,10.6,4.61,62.49,46.54,Pump A Running
2026-07-06T16:45:00+00:00,Running,1,2939.7,10.68,4.75,62.13,46.79,Pump A Running
2026-07-06T17:00:00+00:00,Running,1,2570.4,10.61,4.77,60.51,46.09,Pump A Running
2026-07-06T17:15:00+00:00,Running,1,2594.8,10.61,4.64,61.41,46.0,Pump A Running
2026-07-06T17:30:00+00:00,Running,1,2627.8,10.62,4.74,61.13,45.77,Pump A Running
2026-07-06T17:45:00+00:00,Running,1,2699.5,10.58,4.72,61.72,46.18,Pump A Running
2026-07-06T18:00:00+00:00,Running,1,2894.4,10.7,4.77,61.38,47.23,Pump A Running
2026-07-06T18:15:00+00:00,Running,1,2825.5,10.56,4.9,60.02,46.86,Pump A Running
2026-07-06T18:30:00+00:00,Running,1,2767.6,10.75,4.83,63.16,46.51,Pump A Running
2026-07-06T18:45:00+00:00,Running,1,2802.5,10.53,4.79,61.63,46.43,Pump A Running
2026-07-06T19:00:00+00:00,Running,1,2702.8,10.6,4.71,63.71,46.78,Pump A Running
2026-07-06T19:15:00+00:00,Running,1,2744.0,10.59,4.82,60.82,46.13,Pump A Running
2026-07-06T19:30:00+00:00,Running,1,2620.7,10.65,4.85,61.92,46.46,Pump A Running
2026-07-06T19:45:00+00:00,Running,1,2643.6,10.68,4.76,61.31,47.12,Pump A Running
2026-07-06T20:00:00+00:00,Running,1,2568.8,10.53,4.78,62.44,46.64,Pump A Running
2026-07-06T20:15:00+00:00,Running,1,2656.6,10.71,4.9,61.27,46.38,Pump A Running
2026-07-06T20:30:00+00:00,Running,1,2832.4,10.59,4.82,61.09,47.02,Pump A Running
2026-07-06T20:45:00+00:00,Running,1,2503.1,10.57,4.81,60.7,45.99,Pump A Running
2026-07-06T21:00:00+00:00,Running,1,2681.2,10.66,4.84,62.22,46.22,Pump A Running
2026-07-06T21:15:00+00:00,Running,1,2498.6,10.63,4.74,62.02,46.18,Pump A Running
2026-07-06T21:30:00+00:00,Running,1,2530.9,10.57,4.65,62.66,46.47,Pump A Running
2026-07-06T21:45:00+00:00,Running,1,2540.7,10.46,4.78,63.16,46.13,Pump A Running
2026-07-06T22:00:00+00:00,Running,1,2514.2,10.64,4.81,63.09,46.61,Pump A Running
2026-07-06T22:15:00+00:00,Running,1,2607.1,10.55,4.91,63.26,46.6,Pump A Running
2026-07-06T22:30:00+00:00,Running,1,2461.4,10.53,4.68,63.22,45.96,Pump A Running
2026-07-06T22:45:00+00:00,Running,1,2482.9,10.43,4.81,62.77,46.64,Pump A Running
2026-07-06T23:00:00+00:00,Running,1,2691.2,10.62,4.71,64.92,46.15,Pump A Running
2026-07-06T23:15:00+00:00,Running,1,2629.9,10.5,4.75,61.91,46.54,Pump A Running
2026-07-06T23:30:00+00:00,Running,1,2641.2,10.62,4.8,61.55,46.65,Pump A Running
2026-07-06T23:45:00+00:00,Running,1,2627.2,10.7,4.85,62.52,46.43,Pump A Running
2026-07-07T00:00:00+00:00,Running,1,2561.7,10.55,4.89,62.42,46.66,Pump A Running
2026-07-07T00:15:00+00:00,Running,1,2544.5,10.65,4.71,62.5,46.57,Pump A Running
2026-07-07T00:30:00+00:00,Running,1,2398.2,10.72,4.91,61.89,46.33,Pump A Running
2026-07-07T00:45:00+00:00,Running,1,2520.4,10.62,4.78,62.17,46.0,Pump A Running
2026-07-07T01:00:00+00:00,Running,1,2402.1,10.61,4.67,60.17,46.08,Pump A Running
2026-07-07T01:15:00+00:00,Running,1,2477.9,10.67,4.94,62.19,46.4,Pump A Running
2026-07-07T01:30:00+00:00,Running,1,2493.4,10.68,4.89,63.54,47.21,Pump A Running
2026-07-07T01:45:00+00:00,Running,1,2406.1,10.6,4.7,62.0,46.25,Pump A Running
2026-07-07T02:00:00+00:00,Stopped,0,0.0,0.0,0.13,0.0,28.21,Pumps Stopped
2026-07-07T02:15:00+00:00,Stopped,0,0.0,0.0,0.2,0.0,29.59,Pumps Stopped
2026-07-07T02:30:00+00:00,Stopped,0,0.0,0.0,0.08,0.0,28.97,Pumps Stopped
2026-07-07T02:45:00+00:00,Stopped,0,0.0,0.0,0.11,0.0,29.15,Pumps Stopped
2026-07-07T03:00:00+00:00,Stopped,0,0.0,0.0,0.1,0.0,29.1,Pumps Stopped
2026-07-07T03:15:00+00:00,Stopped,0,0.0,0.0,0.14,0.0,29.14,Pumps Stopped
2026-07-07T03:30:00+00:00,Running,1,2277.0,10.6,4.74,61.25,46.22,Pump A Running
2026-07-07T03:45:00+00:00,Running,1,2335.6,10.58,4.72,60.63,46.28,Pump A Running
2026-07-07T04:00:00+00:00,Running,1,2455.9,10.76,4.68,60.71,46.01,Pump A Running
2026-07-07T04:15:00+00:00,Running,1,2447.6,10.52,4.76,62.27,45.74,Pump A Running
2026-07-07T04:30:00+00:00,Running,1,2431.6,10.51,4.96,63.29,46.43,Pump A Running
2026-07-07T04:45:00+00:00,Running,1,2413.3,10.53,4.81,61.12,46.11,Pump A Running
2026-07-07T05:00:00+00:00,Running,1,2149.1,10.67,4.78,62.46,45.7,Pump A Running
2026-07-07T05:15:00+00:00,Running,1,2256.7,10.55,4.74,63.41,45.62,Pump A Running
2026-07-07T05:30:00+00:00,Running,1,2489.2,10.53,4.84,61.66,45.68,Pump A Running
2026-07-07T05:45:00+00:00,Running,1,2442.4,10.51,4.95,60.18,46.76,Pump A Running
2026-07-07T06:00:00+00:00,Running,1,2372.4,10.59,4.72,61.58,45.52,Pump A Running
2026-07-07T06:15:00+00:00,Running,1,2420.6,10.52,5.02,62.51,46.29,Pump A Running
2026-07-07T06:30:00+00:00,Running,1,2277.2,10.67,4.96,60.56,46.69,Pump A Running
2026-07-07T06:45:00+00:00,Running,1,2473.2,10.59,4.68,60.66,46.75,Pump A Running
2026-07-07T07:00:00+00:00,Running,1,2330.6,10.58,4.69,64.07,45.69,Pump A Running
2026-07-07T07:15:00+00:00,Running,1,2233.9,10.67,4.81,62.3,46.45,Pump A Running
2026-07-07T07:30:00+00:00,Running,1,2173.5,10.57,4.69,60.12,45.99,Pump A Running
2026-07-07T07:45:00+00:00,Running,1,2246.7,10.57,4.71,60.32,45.78,Pump A Running
2026-07-07T08:00:00+00:00,Running,1,2293.9,10.71,4.88,61.64,46.4,Pump A Running
2026-07-07T08:15:00+00:00,Running,1,2438.1,10.51,4.82,62.32,46.7,Pump A Running
2026-07-07T08:30:00+00:00,Running,1,2575.1,10.37,4.77,61.88,46.09,Pump A Running
2026-07-07T08:45:00+00:00,Running,1,2327.4,10.44,4.83,62.5,45.96,Pump A Running
2026-07-07T09:00:00+00:00,Running,1,2371.0,10.75,4.92,61.36,45.55,Pump A Running
2026-07-07T09:15:00+00:00,Running,1,2309.3,10.6,4.77,62.34,46.18,Pump A Running
2026-07-07T09:30:00+00:00,Running,1,2289.3,10.52,4.87,63.05,46.3,Pump A Running
2026-07-07T09:45:00+00:00,Running,1,2253.6,10.51,4.8,64.06,45.77,Pump A Running
2026-07-07T10:00:00+00:00,Running,1,2307.1,10.47,4.79,64.11,45.98,Pump A Running
2026-07-07T10:15:00+00:00,Running,1,2161.2,10.59,4.73,63.29,46.05,Pump A Running
2026-07-07T10:30:00+00:00,Running,1,2103.0,10.58,4.88,59.76,45.53,Pump A Running
2026-07-07T10:45:00+00:00,Running,1,2209.6,10.62,4.84,61.34,46.02,Pump A Running
2026-07-07T11:00:00+00:00,Running,1,2165.9,10.62,4.88,61.58,46.5,Pump A Running
2026-07-07T11:15:00+00:00,Running,1,2349.5,10.57,4.8,62.89,46.17,Pump A Running
2026-07-07T11:30:00+00:00,Running,1,2260.7,10.61,4.76,61.07,45.78,Pump A Running
2026-07-07T11:45:00+00:00,Running,1,2125.0,10.61,4.77,63.01,45.6,Pump A Running
2026-07-07T12:00:00+00:00,Running,1,2301.5,10.59,4.88,61.79,46.33,Pump A Running
2026-07-07T12:15:00+00:00,Running,1,2125.7,10.66,4.85,62.36,45.52,Pump A Running
2026-07-07T12:30:00+00:00,Running,1,2111.5,10.71,4.89,59.74,45.85,Pump A Running
2026-07-07T12:45:00+00:00,Running,1,2115.7,10.41,4.78,59.49,46.21,Pump A Running
2026-07-07T13:00:00+00:00,Running,1,2230.3,10.67,4.74,61.84,46.6,Pump A Running
2026-07-07T13:15:00+00:00,Running,1,2214.2,10.58,4.78,60.83,46.47,Pump A Running
2026-07-07T13:30:00+00:00,Running,1,2278.3,10.66,4.78,59.54,46.14,Pump A Running
2026-07-07T13:45:00+00:00,Running,1,2164.6,10.53,4.88,60.63,45.28,Pump A Running
2026-07-07T14:00:00+00:00,Running,1,1969.7,10.6,4.8,62.45,46.42,Pump A Running
2026-07-07T14:15:00+00:00,Running,1,2159.0,10.52,4.69,60.67,46.09,Pump A Running
2026-07-07T14:30:00+00:00,Running,1,2171.9,10.66,4.71,62.4,45.83,Pump A Running
2026-07-07T14:45:00+00:00,Running,1,2371.0,10.48,4.92,61.31,46.19,Pump A Running
2026-07-07T15:00:00+00:00,Running,1,2112.9,10.58,4.85,60.98,45.81,Pump A Running
2026-07-07T15:15:00+00:00,Running,1,2134.1,10.64,4.76,62.86,45.63,Pump A Running
2026-07-07T15:30:00+00:00,Running,1,2212.2,10.51,4.95,62.11,45.45,Pump A Running
2026-07-07T15:45:00+00:00,Running,1,2176.3,10.61,4.85,63.64,45.98,Pump A Running
2026-07-07T16:00:00+00:00,Running,1,2241.3,10.56,4.87,63.27,45.79,Pump A Running
2026-07-07T16:15:00+00:00,Running,1,2012.2,10.55,4.74,63.01,46.04,Pump A Running
2026-07-07T16:30:00+00:00,Running,1,2098.8,10.61,4.93,60.15,45.53,Pump A Running
2026-07-07T16:45:00+00:00,Running,1,2176.1,10.5,4.61,62.19,46.26,Pump A Running
2026-07-07T17:00:00+00:00,Running,1,2173.8,10.74,4.77,60.83,46.37,Pump A Running
2026-07-07T17:15:00+00:00,Running,1,2129.7,10.62,4.85,61.58,46.02,Pump A Running
2026-07-07T17:30:00+00:00,Running,1,2109.3,10.57,4.89,60.46,46.35,Pump A Running
2026-07-07T17:45:00+00:00,Running,1,2133.4,10.6,4.8,62.91,45.86,Pump A Running
2026-07-07T18:00:00+00:00,Running,1,2123.2,10.67,4.9,61.58,46.3,Pump A Running
2026-07-07T18:15:00+00:00,Running,1,2095.2,10.48,4.87,61.26,46.6,Pump A Running
2026-07-07T18:30:00+00:00,Running,1,2176.5,10.78,4.81,63.88,45.87,Pump A Running
2026-07-07T18:45:00+00:00,Running,1,2107.6,10.67,4.83,62.41,46.14,Pump A Running
2026-07-07T19:00:00+00:00,Running,1,2287.6,10.62,4.83,61.55,46.23,Pump A Running
2026-07-07T19:15:00+00:00,Running,1,2249.4,10.51,4.82,58.61,46.13,Pump A Running
2026-07-07T19:30:00+00:00,Running,1,2158.8,10.55,4.93,62.05,46.11,Pump A Running
2026-07-07T19:45:00+00:00,Running,1,2053.9,10.58,4.69,61.73,46.03,Pump A Running
2026-07-07T20:00:00+00:00,Running,1,2128.7,10.59,4.91,62.43,45.71,Pump A Running
2026-07-07T20:15:00+00:00,Running,1,2071.9,10.61,4.62,63.31,46.55,Pump A Running
2026-07-07T20:30:00+00:00,Running,1,2074.0,10.54,4.69,62.15,45.64,Pump A Running
2026-07-07T20:45:00+00:00,Running,1,2133.2,10.6,4.9,62.91,46.18,Pump A Running
2026-07-07T21:00:00+00:00,Running,1,2223.3,10.63,4.85,65.22,45.98,Pump A Running
2026-07-07T21:15:00+00:00,Running,1,2087.0,10.73,4.79,61.42,45.86,Pump A Running
2026-07-07T21:30:00+00:00,Running,1,2235.2,10.69,4.81,60.6,46.34,Pump A Running
2026-07-07T21:45:00+00:00,Running,1,2246.7,10.54,4.8,61.42,46.21,Pump A Running
2026-07-07T22:00:00+00:00,Running,1,2136.3,10.45,4.94,61.42,45.24,Pump A Running
2026-07-07T22:15:00+00:00,Running,1,2190.8,10.61,4.92,61.87,45.87,Pump A Running
2026-07-07T22:30:00+00:00,Running,1,2276.7,10.58,4.83,62.91,46.25,Pump A Running
2026-07-07T22:45:00+00:00,Running,1,2177.7,10.65,4.86,60.27,46.34,Pump A Running
2026-07-07T23:00:00+00:00,Running,1,2021.9,10.5,4.82,61.65,46.2,Pump A Running
2026-07-07T23:15:00+00:00,Running,1,2105.5,10.51,4.85,64.04,45.61,Pump A Running
2026-07-07T23:30:00+00:00,Running,1,2160.9,10.58,4.88,64.27,46.51,Pump A Running
2026-07-07T23:45:00+00:00,Running,1,2262.3,10.67,4.8,63.1,46.0,Pump A Running
2026-07-08T00:00:00+00:00,Running,1,2411.9,10.67,4.82,61.98,45.23,Pump A Running
2026-07-08T00:15:00+00:00,Running,1,2156.7,10.48,4.88,64.02,46.34,Pump A Running
2026-07-08T00:30:00+00:00,Running,1,2109.5,10.57,4.7,62.14,45.86,Pump A Running
2026-07-08T00:45:00+00:00,Running,1,2424.0,10.69,4.89,60.07,46.54,Pump A Running
2026-07-08T01:00:00+00:00,Running,1,2136.1,10.49,4.94,61.75,45.94,Pump A Running
2026-07-08T01:15:00+00:00,Running,1,1955.4,10.55,4.67,62.54,45.3,Pump A Running
2026-07-08T01:30:00+00:00,Running,1,2201.8,10.69,4.69,61.99,46.02,Pump A Running
2026-07-08T01:45:00+00:00,Running,1,2076.0,10.7,4.83,62.19,46.38,Pump A Running
2026-07-08T02:00:00+00:00,Stopped,0,0.0,0.0,0.16,0.0,29.29,Pumps Stopped
2026-07-08T02:15:00+00:00,Stopped,0,0.0,0.0,0.12,0.0,29.06,Pumps Stopped
2026-07-08T02:30:00+00:00,Stopped,0,0.0,0.0,0.15,0.0,28.87,Pumps Stopped
2026-07-08T02:45:00+00:00,Stopped,0,0.0,0.0,0.18,0.0,28.87,Pumps Stopped
2026-07-08T03:00:00+00:00,Stopped,0,0.0,0.0,0.1,0.0,28.71,Pumps Stopped
2026-07-08T03:15:00+00:00,Stopped,0,0.0,0.0,0.15,0.0,29.35,Pumps Stopped
2026-07-08T03:30:00+00:00,Running,1,2334.1,10.54,4.72,61.14,47.16,Pump A Running
2026-07-08T03:45:00+00:00,Running,1,2233.1,10.63,4.81,60.36,45.84,Pump A Running
2026-07-08T04:00:00+00:00,Running,1,2328.8,10.66,4.73,61.67,45.57,Pump A Running
2026-07-08T04:15:00+00:00,Running,1,2198.0,10.54,4.78,63.17,46.41,Pump A Running
2026-07-08T04:30:00+00:00,Running,1,2369.2,10.58,4.79,62.12,46.07,Pump A Running
2026-07-08T04:45:00+00:00,Running,1,2280.3,10.64,4.87,62.6,46.27,Pump A Running
2026-07-08T05:00:00+00:00,Running,1,2332.7,10.57,4.76,61.95,45.94,Pump A Running
2026-07-08T05:15:00+00:00,Running,1,2353.3,10.57,4.86,62.9,46.07,Pump A Running
2026-07-08T05:30:00+00:00,Running,1,2156.3,10.65,4.91,62.85,46.79,Pump A Running
2026-07-08T05:45:00+00:00,Running,1,2270.6,10.6,4.88,60.76,46.17,Pump A Running
2026-07-08T06:00:00+00:00,Running,1,2185.2,10.65,4.93,61.12,45.97,Pump A Running
2026-07-08T06:15:00+00:00,Running,1,2202.9,10.57,4.87,61.78,45.7,Pump A Running
2026-07-08T06:30:00+00:00,Running,1,2245.9,10.6,4.76,61.44,45.99,Pump A Running
2026-07-08T06:45:00+00:00,Running,1,2241.5,10.58,4.79,61.58,46.5,Pump A Running
2026-07-08T07:00:00+00:00,Running,1,2411.9,10.54,4.77,62.69,46.31,Pump A Running
2026-07-08T07:15:00+00:00,Running,1,2323.4,10.64,4.94,60.96,45.57,Pump A Running
2026-07-08T07:30:00+00:00,Running,1,2303.5,10.66,4.9,62.16,46.77,Pump A Running
2026-07-08T07:45:00+00:00,Running,1,2319.0,10.59,4.79,62.91,46.22,Pump A Running
2026-07-08T08:00:00+00:00,Running,1,2545.5,10.66,4.76,60.59,46.36,Pump A Running
2026-07-08T08:15:00+00:00,Running,1,2331.6,10.64,4.79,62.8,45.55,Pump A Running
2026-07-08T08:30:00+00:00,Running,1,2319.2,10.72,4.75,60.7,46.73,Pump A Running
2026-07-08T08:45:00+00:00,Running,1,2355.6,10.69,4.76,62.23,46.62,Pump A Running
2026-07-08T09:00:00+00:00,Running,1,2396.6,10.66,4.77,61.97,46.28,Pump A Running
2026-07-08T09:15:00+00:00,Running,1,2319.2,10.62,4.84,61.7,45.53,Pump A Running
2026-07-08T09:30:00+00:00,Running,1,2138.2,10.59,4.82,62.41,46.38,Pump A Running
2026-07-08T09:45:00+00:00,Running,1,2561.9,10.57,4.82,61.63,46.71,Pump A Running
2026-07-08T10:00:00+00:00,Running,1,2584.5,10.68,4.87,61.99,46.64,Pump A Running
2026-07-08T10:15:00+00:00,Running,1,2456.7,10.67,4.77,62.06,46.11,Pump A Running
2026-07-08T10:30:00+00:00,Running,1,2417.1,10.65,4.72,63.58,46.07,Pump A Running
2026-07-08T10:45:00+00:00,Running,1,2414.2,10.57,4.75,63.32,46.11,Pump A Running
2026-07-08T11:00:00+00:00,Running,1,2311.4,10.64,4.82,61.55,46.31,Pump A Running
2026-07-08T11:15:00+00:00,Running,1,2560.9,10.63,4.94,62.51,46.32,Pump A Running
2026-07-08T11:30:00+00:00,Running,1,2291.9,10.65,4.79,60.0,46.38,Pump A Running
2026-07-08T11:45:00+00:00,Running,1,2469.6,10.76,4.76,63.97,45.99,Pump A Running
2026-07-08T12:00:00+00:00,Running,1,2478.7,10.56,4.69,61.45,45.96,Pump A Running
2026-07-08T12:15:00+00:00,Running,1,2263.3,10.56,4.76,62.75,45.98,Pump A Running
2026-07-08T12:30:00+00:00,Running,1,2437.6,10.6,4.83,61.93,45.7,Pump A Running
2026-07-08T12:45:00+00:00,Running,1,2318.8,10.43,4.81,61.34,45.69,Pump A Running
2026-07-08T13:00:00+00:00,Running,1,2458.8,10.66,4.65,62.34,46.38,Pump A Running
2026-07-08T13:15:00+00:00,Running,1,2440.0,10.54,4.64,61.05,46.21,Pump A Running
2026-07-08T13:30:00+00:00,Running,1,2496.6,10.65,4.78,61.68,46.72,Pump A Running
2026-07-08T13:45:00+00:00,Running,1,2531.0,10.52,4.82,60.21,46.96,Pump A Running
2026-07-08T14:00:00+00:00,Running,1,2601.1,10.63,4.87,60.18,46.63,Pump A Running
2026-07-08T14:15:00+00:00,Running,1,2475.1,10.62,4.82,60.76,46.78,Pump A Running
2026-07-08T14:30:00+00:00,Running,1,2561.8,10.71,4.85,60.96,46.61,Pump A Running
2026-07-08T14:45:00+00:00,Running,1,2462.3,10.66,4.8,61.17,45.89,Pump A Running
2026-07-08T15:00:00+00:00,Running,1,2518.3,10.7,4.75,61.36,46.74,Pump A Running
2026-07-08T15:15:00+00:00,Running,1,2529.5,10.62,4.85,63.36,46.68,Pump A Running
2026-07-08T15:30:00+00:00,Running,1,2556.1,10.6,4.87,61.45,45.94,Pump A Running
2026-07-08T15:45:00+00:00,Running,1,2469.1,10.59,4.98,64.52,46.5,Pump A Running
2026-07-08T16:00:00+00:00,Running,1,2647.1,10.68,4.86,61.02,46.99,Pump A Running
2026-07-08T16:15:00+00:00,Running,1,2506.7,10.6,4.78,62.13,46.37,Pump A Running
2026-07-08T16:30:00+00:00,Running,1,2554.4,10.64,4.77,59.61,46.08,Pump A Running
2026-07-08T16:45:00+00:00,Running,1,2533.3,10.67,4.9,59.8,45.82,Pump A Running
2026-07-08T17:00:00+00:00,Running,1,2647.1,10.62,4.88,62.55,47.13,Pump A Running
2026-07-08T17:15:00+00:00,Running,1,2633.9,10.61,4.82,61.47,46.14,Pump A Running
2026-07-08T17:30:00+00:00,Running,1,2658.9,10.56,4.93,61.46,47.02,Pump A Running
2026-07-08T17:45:00+00:00,Running,1,2529.1,10.49,4.97,62.53,46.61,Pump A Running
2026-07-08T18:00:00+00:00,Running,1,2678.0,10.65,4.75,61.89,46.49,Pump A Running
2026-07-08T18:15:00+00:00,Running,1,2598.7,10.61,4.95,60.89,46.88,Pump A Running
2026-07-08T18:30:00+00:00,Running,1,2565.9,10.72,4.76,62.35,46.79,Pump A Running
2026-07-08T18:45:00+00:00,Running,1,2833.5,10.74,4.79,59.42,46.94,Pump A Running
2026-07-08T19:00:00+00:00,Running,1,2699.7,10.74,4.84,62.42,46.35,Pump A Running
2026-07-08T19:15:00+00:00,Running,1,2627.8,10.67,4.82,61.55,46.34,Pump A Running
2026-07-08T19:30:00+00:00,Running,1,2637.7,10.6,4.73,61.32,46.26,Pump A Running
2026-07-08T19:45:00+00:00,Running,1,2612.1,10.74,4.8,61.77,45.85,Pump A Running
2026-07-08T20:00:00+00:00,Running,1,2579.9,10.48,4.93,63.21,46.12,Pump A Running
2026-07-08T20:15:00+00:00,Running,1,2778.3,10.77,4.77,62.41,46.04,Pump A Running
2026-07-08T20:30:00+00:00,Running,1,2628.3,10.54,4.83,61.03,46.71,Pump A Running
2026-07-08T20:45:00+00:00,Running,1,2719.9,10.6,4.68,61.82,47.14,Pump A Running
2026-07-08T21:00:00+00:00,Running,1,2659.6,10.57,4.79,62.87,46.57,Pump A Running
2026-07-08T21:15:00+00:00,Running,1,2611.7,10.59,4.59,61.6,46.11,Pump A Running
2026-07-08T21:30:00+00:00,Running,1,2736.3,10.71,4.94,62.37,47.21,Pump A Running
2026-07-08T21:45:00+00:00,Running,1,2741.7,10.65,4.82,60.98,46.58,Pump A Running
2026-07-08T22:00:00+00:00,Running,1,2643.6,10.45,4.77,62.52,47.25,Pump A Running
2026-07-08T22:15:00+00:00,Running,1,2769.6,10.61,4.85,61.33,46.91,Pump A Running
2026-07-08T22:30:00+00:00,Running,1,2823.5,10.65,4.69,61.88,46.55,Pump A Running
2026-07-08T22:45:00+00:00,Running,1,2716.5,10.57,4.88,62.0,46.37,Pump A Running
2026-07-08T23:00:00+00:00,Running,1,2859.6,10.72,4.89,61.53,47.33,Pump A Running
2026-07-08T23:15:00+00:00,Running,1,2816.6,10.67,4.78,63.77,46.67,Pump A Running
2026-07-08T23:30:00+00:00,Running,1,2627.3,10.58,4.92,62.71,46.76,Pump A Running
2026-07-08T23:45:00+00:00,Running,1,2870.9,10.61,4.82,62.15,47.59,Pump A Running
2026-07-09T00:00:00+00:00,Running,1,2672.7,10.68,4.85,62.99,46.78,Pump A Running
2026-07-09T00:15:00+00:00,Running,1,2760.9,10.65,4.85,61.57,46.41,Pump A Running
2026-07-09T00:30:00+00:00,Running,1,2768.8,10.65,4.85,61.03,46.9,Pump A Running
2026-07-09T00:45:00+00:00,Running,1,2563.3,10.58,4.67,60.44,46.64,Pump A Running
2026-07-09T01:00:00+00:00,Running,1,2777.8,10.59,4.74,61.08,47.35,Pump A Running
2026-07-09T01:15:00+00:00,Running,1,2691.8,10.7,4.85,62.18,46.78,Pump A Running
2026-07-09T01:30:00+00:00,Running,1,2799.9,10.53,4.96,59.8,47.36,Pump A Running
2026-07-09T01:45:00+00:00,Running,1,2711.3,10.55,4.85,60.4,46.66,Pump A Running
2026-07-09T02:00:00+00:00,Stopped,0,0.0,0.0,0.18,0.0,28.44,Pumps Stopped
2026-07-09T02:15:00+00:00,Stopped,0,0.0,0.0,0.17,0.0,29.32,Pumps Stopped
2026-07-09T02:30:00+00:00,Stopped,0,0.0,0.0,0.15,0.0,29.68,Pumps Stopped
2026-07-09T02:45:00+00:00,Stopped,0,0.0,0.0,0.16,0.0,28.78,Pumps Stopped
2026-07-09T03:00:00+00:00,Stopped,0,0.0,0.0,0.19,0.0,29.29,Pumps Stopped
2026-07-09T03:15:00+00:00,Stopped,0,0.0,0.0,0.13,0.0,29.06,Pumps Stopped
2026-07-09T03:30:00+00:00,Running,1,2655.1,10.72,4.73,63.11,46.64,Pump A Running
2026-07-09T03:45:00+00:00,Running,1,2768.2,10.74,4.94,62.91,46.88,Pump A Running
2026-07-09T04:00:00+00:00,Running,1,2629.3,10.56,4.87,59.54,46.3,Pump A Running
2026-07-09T04:15:00+00:00,Running,1,2918.6,10.64,4.82,62.56,46.58,Pump A Running
2026-07-09T04:30:00+00:00,Running,1,2801.1,10.57,4.67,64.13,46.96,Pump A Running
2026-07-09T04:45:00+00:00,Running,1,2775.9,10.65,4.68,61.94,47.36,Pump A Running
2026-07-09T05:00:00+00:00,Running,1,2790.6,10.55,4.68,62.74,46.41,Pump A Running
2026-07-09T05:15:00+00:00,Running,1,2835.9,10.55,4.87,61.07,46.73,Pump A Running
2026-07-09T05:30:00+00:00,Running,1,2773.4,10.63,4.67,60.98,46.65,Pump A Running
2026-07-09T05:45:00+00:00,Running,1,2915.9,10.71,4.8,62.41,46.67,Pump A Running
2026-07-09T06:00:00+00:00,Running,1,2885.3,10.57,4.63,62.83,46.7,Pump A Running
2026-07-09T06:15:00+00:00,Running,1,2721.2,10.58,4.8,61.65,46.91,Pump A Running
2026-07-09T06:30:00+00:00,Running,1,2929.2,10.54,4.9,63.03,47.21,Pump A Running
2026-07-09T06:45:00+00:00,Running,1,2742.1,10.67,4.76,61.01,46.43,Pump A Running
2026-07-09T07:00:00+00:00,Running,1,2766.6,10.67,4.76,60.23,46.97,Pump A Running
2026-07-09T07:15:00+00:00,Running,1,2898.0,10.66,4.65,61.98,45.82,Pump A Running
2026-07-09T07:30:00+00:00,Running,1,2938.1,10.72,4.89,60.18,46.13,Pump A Running
2026-07-09T07:45:00+00:00,Running,1,2637.8,10.52,4.82,63.0,46.52,Pump A Running
2026-07-09T08:00:00+00:00,Running,1,2787.8,10.43,4.7,64.29,46.15,Pump A Running
2026-07-09T08:15:00+00:00,Running,1,2797.6,10.68,4.7,61.42,46.8,Pump A Running
2026-07-09T08:30:00+00:00,Running,1,2726.3,10.65,4.9,62.57,47.14,Pump A Running
2026-07-09T08:45:00+00:00,Running,1,2500.0,10.68,4.82,64.1,46.08,Pump A Running
2026-07-09T09:00:00+00:00,Running,1,2681.9,10.61,4.74,62.91,47.18,Pump A Running
2026-07-09T09:15:00+00:00,Running,1,2816.5,10.64,4.96,61.57,46.52,Pump A Running
2026-07-09T09:30:00+00:00,Running,1,2784.7,10.75,4.66,61.78,46.51,Pump A Running
2026-07-09T09:45:00+00:00,Running,1,2706.2,10.58,4.71,62.14,46.43,Pump A Running
2026-07-09T10:00:00+00:00,Running,1,2802.4,10.59,4.76,60.7,46.72,Pump A Running
2026-07-09T10:15:00+00:00,Running,1,2805.3,10.55,4.75,61.9,46.77,Pump A Running
2026-07-09T10:30:00+00:00,Running,1,2708.6,10.64,4.83,59.71,46.37,Pump A Running
2026-07-09T10:45:00+00:00,Running,1,2474.6,10.65,4.78,62.22,45.98,Pump A Running
2026-07-09T11:00:00+00:00,Running,1,2712.3,10.64,4.82,62.53,46.71,Pump A Running
2026-07-09T11:15:00+00:00,Running,1,2730.6,10.55,4.85,61.83,46.66,Pump A Running
2026-07-09T11:30:00+00:00,Running,1,2736.1,10.63,4.81,62.02,46.17,Pump A Running
2026-07-09T11:45:00+00:00,Running,1,2737.6,10.49,4.75,61.15,46.17,Pump A Running
2026-07-09T12:00:00+00:00,Running,1,2626.2,10.48,4.89,62.75,46.64,Pump A Running
2026-07-09T12:15:00+00:00,Running,1,2629.0,10.58,4.64,62.28,46.41,Pump A Running
2026-07-09T12:30:00+00:00,Running,1,2668.9,10.67,4.77,64.11,46.95,Pump A Running
2026-07-09T12:45:00+00:00,Running,1,2673.8,10.6,4.66,60.73,46.29,Pump A Running
2026-07-09T13:00:00+00:00,Running,1,2599.8,10.52,4.89,61.87,47.21,Pump A Running
2026-07-09T13:15:00+00:00,Running,1,2701.9,10.64,4.71,61.85,46.81,Pump A Running
2026-07-09T13:30:00+00:00,Running,1,2797.3,10.56,4.82,63.39,46.54,Pump A Running
2026-07-09T13:45:00+00:00,Running,1,2799.6,10.59,4.89,61.56,46.7,Pump A Running
2026-07-09T14:00:00+00:00,Running,1,2524.7,10.67,4.91,62.09,46.53,Pump A Running
2026-07-09T14:15:00+00:00,Running,1,2572.8,10.53,4.68,62.95,46.32,Pump A Running
2026-07-09T14:30:00+00:00,Running,1,2686.0,10.65,4.74,61.7,46.74,Pump A Running
2026-07-09T14:45:00+00:00,Running,1,2647.7,10.74,4.87,61.08,46.63,Pump A Running
2026-07-09T15:00:00+00:00,Running,1,2752.5,10.71,4.76,61.46,45.95,Pump A Running
2026-07-09T15:15:00+00:00,Running,1,2576.2,10.61,4.79,61.15,46.58,Pump A Running
2026-07-09T15:30:00+00:00,Running,1,2509.1,10.53,4.66,61.45,45.99,Pump A Running
2026-07-09T15:45:00+00:00,Running,1,2661.0,10.7,4.85,63.03,46.62,Pump A Running
2026-07-09T16:00:00+00:00,Running,1,2491.2,10.66,4.83,60.06,46.78,Pump A Running
2026-07-09T16:15:00+00:00,Running,1,2497.4,10.62,4.93,61.85,46.5,Pump A Running
2026-07-09T16:30:00+00:00,Stopped,0,0.0,0.0,0.17,0.0,29.18,Pumps Stopped
2026-07-09T16:45:00+00:00,Stopped,0,0.0,0.0,0.14,0.0,29.12,Pumps Stopped
2026-07-09T17:00:00+00:00,Stopped,0,0.0,0.0,0.18,0.0,28.7,Pumps Stopped
2026-07-09T17:15:00+00:00,Stopped,0,0.0,0.0,0.17,0.0,29.3,Pumps Stopped
2026-07-09T17:30:00+00:00,Stopped,0,0.0,0.0,0.09,0.0,28.71,Pumps Stopped
2026-07-09T17:45:00+00:00,Stopped,0,0.0,0.0,0.16,0.0,29.26,Pumps Stopped
2026-07-09T18:00:00+00:00,Running,1,2562.7,10.68,4.75,60.45,45.9,Pump A Running
2026-07-09T18:15:00+00:00,Running,1,2575.1,10.52,4.72,64.04,46.37,Pump A Running
2026-07-09T18:30:00+00:00,Running,1,2704.2,10.53,4.81,61.64,46.81,Pump A Running
2026-07-09T18:45:00+00:00,Running,1,2490.0,10.61,4.77,62.15,45.93,Pump A Running
2026-07-09T19:00:00+00:00,Running,1,2640.6,10.64,4.83,61.75,46.27,Pump A Running
2026-07-09T19:15:00+00:00,Running,1,2519.1,10.59,4.86,60.87,46.06,Pump A Running
2026-07-09T19:30:00+00:00,Running,1,2523.8,10.52,4.74,63.91,46.16,Pump A Running
2026-07-09T19:45:00+00:00,Running,1,2530.2,10.55,4.73,63.21,46.11,Pump A Running
2026-07-09T20:00:00+00:00,Running,1,2309.8,10.63,4.66,64.1,46.55,Pump A Running
2026-07-09T20:15:00+00:00,Running,1,2498.2,10.6,4.7,62.12,46.04,Pump A Running
2026-07-09T20:30:00+00:00,Running,1,2473.4,10.69,4.75,60.78,46.38,Pump A Running
2026-07-09T20:45:00+00:00,Running,1,2565.1,10.51,4.8,60.62,46.47,Pump A Running
2026-07-09T21:00:00+00:00,Running,1,2523.0,10.68,4.8,61.29,46.67,Pump A Running
2026-07-09T21:15:00+00:00,Running,1,2529.7,10.61,4.88,61.35,45.87,Pump A Running
2026-07-09T21:30:00+00:00,Running,1,2525.4,10.71,4.77,63.5,46.46,Pump A Running
2026-07-09T21:45:00+00:00,Running,1,2559.1,10.46,4.73,60.21,46.5,Pump A Running
2026-07-09T22:00:00+00:00,Running,1,2292.1,10.63,4.82,59.76,46.33,Pump A Running
2026-07-09T22:15:00+00:00,Running,1,2330.6,10.56,4.76,60.23,46.76,Pump A Running
2026-07-09T22:30:00+00:00,Running,1,2504.2,10.62,4.85,61.62,47.06,Pump A Running
2026-07-09T22:45:00+00:00,Running,1,2245.3,10.64,4.74,61.77,46.33,Pump A Running
2026-07-09T23:00:00+00:00,Running,1,2395.0,10.64,4.88,63.12,46.35,Pump A Running
2026-07-09T23:15:00+00:00,Running,1,2410.0,10.53,4.93,62.28,46.22,Pump A Running
2026-07-09T23:30:00+00:00,Running,1,2387.0,10.6,4.83,62.14,46.37,Pump A Running
2026-07-09T23:45:00+00:00,Running,1,2354.8,10.66,4.85,60.93,45.94,Pump A Running
2026-07-10T00:00:00+00:00,Running,1,2394.0,10.52,4.8,63.48,46.9,Pump A Running
2026-07-10T00:15:00+00:00,Running,1,2412.6,10.69,4.74,62.91,45.65,Pump A Running
2026-07-10T00:30:00+00:00,Running,1,2184.2,10.52,4.77,60.77,45.81,Pump A Running
2026-07-10T00:45:00+00:00,Running,1,2402.1,10.67,4.84,63.97,46.49,Pump A Running
2026-07-10T01:00:00+00:00,Running,1,2298.4,10.56,4.85,61.36,46.14,Pump A Running
2026-07-10T01:15:00+00:00,Running,1,2235.6,10.67,4.63,60.34,46.08,Pump A Running
2026-07-10T01:30:00+00:00,Running,1,2342.8,10.49,4.78,61.68,45.85,Pump A Running
2026-07-10T01:45:00+00:00,Running,1,2398.6,10.57,4.82,62.25,46.32,Pump A Running
2026-07-10T02:00:00+00:00,Stopped,0,0.0,0.0,0.17,0.0,29.03,Pumps Stopped
2026-07-10T02:15:00+00:00,Stopped,0,0.0,0.0,0.14,0.0,29.09,Pumps Stopped
2026-07-10T02:30:00+00:00,Stopped,0,0.0,0.0,0.14,0.0,29.23,Pumps Stopped
2026-07-10T02:45:00+00:00,Stopped,0,0.0,0.0,0.09,0.0,28.42,Pumps Stopped
2026-07-10T03:00:00+00:00,Stopped,0,0.0,0.0,0.09,0.0,29.34,Pumps Stopped
2026-07-10T03:15:00+00:00,Stopped,0,0.0,0.0,0.17,0.0,28.8,Pumps Stopped
2026-07-10T03:30:00+00:00,Running,1,2275.4,10.6,4.85,62.19,46.31,Pump A Running
2026-07-10T03:45:00+00:00,Running,1,2319.7,10.66,4.75,60.77,46.43,Pump A Running
2026-07-10T04:00:00+00:00,Running,1,2408.7,10.6,4.81,61.68,46.85,Pump A Running
2026-07-10T04:15:00+00:00,Running,1,2327.5,10.64,4.9,62.97,46.09,Pump A Running
2026-07-10T04:30:00+00:00,Running,1,2251.9,10.63,4.69,60.35,46.9,Pump A Running
2026-07-10T04:45:00+00:00,Running,1,2367.0,10.49,4.64,63.35,46.55,Pump A Running
2026-07-10T05:00:00+00:00,Running,1,2245.3,10.48,4.74,61.66,45.77,Pump A Running
2026-07-10T05:15:00+00:00,Running,1,2333.3,10.56,4.75,61.58,46.65,Pump A Running
2026-07-10T05:30:00+00:00,Running,1,2130.4,10.67,4.81,62.7,45.94,Pump A Running
2026-07-10T05:45:00+00:00,Running,1,2200.4,10.54,4.72,61.37,46.33,Pump A Running
2026-07-10T06:00:00+00:00,Running,1,2254.8,10.61,4.89,59.9,45.97,Pump A Running
2026-07-10T06:15:00+00:00,Running,1,2329.5,10.55,4.72,61.33,46.27,Pump A Running
2026-07-10T06:30:00+00:00,Running,1,2043.2,10.57,4.82,61.91,45.84,Pump A Running
2026-07-10T06:45:00+00:00,Running,1,2235.2,10.73,4.8,60.97,46.64,Pump A Running
2026-07-10T07:00:00+00:00,Running,1,2321.4,10.58,4.78,60.57,46.76,Pump A Running
2026-07-10T07:15:00+00:00,Running,1,2174.3,10.72,4.79,61.62,46.48,Pump A Running
2026-07-10T07:30:00+00:00,Running,1,2148.8,10.67,4.71,61.97,46.22,Pump A Running
2026-07-10T07:45:00+00:00,Running,1,2395.5,10.7,4.75,62.2,46.43,Pump A Running
2026-07-10T08:00:00+00:00,Running,1,2186.6,10.71,4.84,63.24,46.11,Pump A Running
2026-07-10T08:15:00+00:00,Running,1,2279.5,10.51,4.78,63.26,46.54,Pump A Running
2026-07-10T08:30:00+00:00,Running,1,2333.6,10.62,4.79,60.24,46.82,Pump A Running
2026-07-10T08:45:00+00:00,Running,1,2141.4,10.44,4.79,62.31,46.38,Pump A Running
2026-07-10T09:00:00+00:00,Running,1,2094.2,10.67,4.94,61.99,46.31,Pump A Running
2026-07-10T09:15:00+00:00,Running,1,2210.9,10.65,4.8,63.06,46.67,Pump A Running
2026-07-10T09:30:00+00:00,Running,1,2051.8,10.6,4.89,61.51,45.97,Pump A Running
2026-07-10T09:45:00+00:00,Running,1,2222.6,10.72,4.97,61.34,46.86,Pump A Running
2026-07-10T10:00:00+00:00,Running,1,2075.5,10.62,4.74,61.29,45.78,Pump A Running
2026-07-10T10:15:00+00:00,Running,1,2194.4,10.65,4.7,60.3,45.65,Pump A Running
2026-07-10T10:30:00+00:00,Running,1,2141.8,10.65,4.78,60.35,46.03,Pump A Running
2026-07-10T10:45:00+00:00,Running,1,2133.7,10.55,4.81,63.66,46.75,Pump A Running
2026-07-10T11:00:00+00:00,Running,1,2213.7,10.6,4.81,63.06,46.26,Pump A Running
2026-07-10T11:15:00+00:00,Running,1,2352.6,10.51,4.85,61.19,46.85,Pump A Running
2026-07-10T11:30:00+00:00,Running,1,2242.1,10.45,4.91,62.92,45.92,Pump A Running
2026-07-10T11:45:00+00:00,Running,1,2051.9,10.52,4.95,62.38,45.6,Pump A Running
2026-07-10T12:00:00+00:00,Running,1,2155.7,10.68,4.91,61.66,46.59,Pump A Running
2026-07-10T12:15:00+00:00,Running,1,2103.9,10.5,4.79,61.08,46.25,Pump A Running
2026-07-10T12:30:00+00:00,Running,1,2079.8,10.52,4.74,60.7,46.19,Pump A Running
2026-07-10T12:45:00+00:00,Running,1,2235.9,10.51,4.84,62.36,46.21,Pump A Running
2026-07-10T13:00:00+00:00,Running,1,1895.8,10.54,4.69,62.43,45.88,Pump A Running
2026-07-10T13:15:00+00:00,Running,1,2173.1,10.67,4.89,62.2,45.8,Pump A Running
2026-07-10T13:30:00+00:00,Running,1,2181.9,10.46,4.89,62.28,45.74,Pump A Running
2026-07-10T13:45:00+00:00,Running,1,2173.8,10.62,4.75,60.19,46.05,Pump A Running
2026-07-10T14:00:00+00:00,Running,1,2170.0,10.67,4.9,62.66,46.42,Pump A Running
2026-07-10T14:15:00+00:00,Running,1,2187.7,10.65,4.78,59.58,46.13,Pump A Running
2026-07-10T14:30:00+00:00,Running,1,2088.0,10.59,4.75,62.91,45.38,Pump A Running
2026-07-10T14:45:00+00:00,Running,1,2123.5,10.72,4.65,63.04,46.43,Pump A Running
2026-07-10T15:00:00+00:00,Running,1,2196.1,10.61,4.87,61.93,46.24,Pump A Running
2026-07-10T15:15:00+00:00,Running,1,2260.7,10.57,4.86,63.88,45.57,Pump A Running
2026-07-10T15:30:00+00:00,Running,1,2197.6,10.53,4.85,62.18,45.75,Pump A Running
2026-07-10T15:45:00+00:00,Running,1,2200.4,10.6,4.86,61.27,45.91,Pump A Running
2026-07-10T16:00:00+00:00,Running,1,2202.9,10.63,4.89,62.01,46.08,Pump A Running
2026-07-10T16:15:00+00:00,Running,1,2165.1,10.55,4.89,60.95,45.27,Pump A Running
2026-07-10T16:30:00+00:00,Running,1,2101.2,10.57,4.88,62.08,45.78,Pump A Running
2026-07-10T16:45:00+00:00,Running,1,2206.3,10.57,4.97,62.84,45.9,Pump A Running
2026-07-10T17:00:00+00:00,Running,1,2076.3,10.62,4.81,60.37,45.33,Pump A Running
2026-07-10T17:15:00+00:00,Running,1,2050.0,10.56,4.7,62.83,45.81,Pump A Running
2026-07-10T17:30:00+00:00,Running,1,2062.8,10.64,4.66,61.03,45.41,Pump A Running
2026-07-10T17:45:00+00:00,Running,1,2102.2,10.63,4.88,62.0,46.12,Pump A Running
2026-07-10T18:00:00+00:00,Running,1,2102.7,10.65,4.76,60.31,46.18,Pump A Running
2026-07-10T18:15:00+00:00,Running,1,2147.7,10.58,4.79,60.9,46.38,Pump A Running
2026-07-10T18:30:00+00:00,Running,1,2356.5,10.67,4.65,61.11,46.43,Pump A Running
2026-07-10T18:45:00+00:00,Running,1,2244.0,10.73,4.82,62.46,45.65,Pump A Running
2026-07-10T19:00:00+00:00,Running,1,2274.4,10.61,4.7,60.47,45.77,Pump A Running
2026-07-10T19:15:00+00:00,Running,1,2162.8,10.66,4.66,61.98,46.97,Pump A Running
2026-07-10T19:30:00+00:00,Running,1,2235.3,10.52,4.78,61.67,47.38,Pump A Running
2026-07-10T19:45:00+00:00,Running,1,2050.3,10.46,4.79,61.7,46.57,Pump A Running
2026-07-10T20:00:00+00:00,Running,1,2152.4,10.47,4.77,60.37,45.99,Pump A Running
2026-07-10T20:15:00+00:00,Running,1,2143.2,10.5,4.8,64.43,45.48,Pump A Running
2026-07-10T20:30:00+00:00,Running,1,2236.2,10.67,4.71,61.76,46.16,Pump A Running
2026-07-10T20:45:00+00:00,Running,1,2198.7,10.54,4.85,63.02,46.15,Pump A Running
2026-07-10T21:00:00+00:00,Running,1,2131.9,10.57,4.75,62.35,45.58,Pump A Running
2026-07-10T21:15:00+00:00,Running,1,2154.2,10.5,4.65,61.77,45.71,Pump A Running
2026-07-10T21:30:00+00:00,Running,1,2128.7,10.43,4.66,63.52,45.6,Pump A Running
2026-07-10T21:45:00+00:00,Running,1,2180.6,10.72,4.88,61.91,45.97,Pump A Running
2026-07-10T22:00:00+00:00,Running,1,2256.3,10.72,4.76,61.71,46.27,Pump A Running
2026-07-10T22:15:00+00:00,Running,1,2212.0,10.53,4.9,63.92,46.0,Pump A Running
2026-07-10T22:30:00+00:00,Running,1,2402.9,10.62,4.63,61.05,46.62,Pump A Running
2026-07-10T22:45:00+00:00,Running,1,2185.7,10.62,4.83,61.04,46.04,Pump A Running
2026-07-10T23:00:00+00:00,Running,1,2277.5,10.66,4.94,62.6,46.66,Pump A Running
2026-07-10T23:15:00+00:00,Running,1,2143.7,10.71,4.83,63.56,45.8,Pump A Running
2026-07-10T23:30:00+00:00,Running,1,2190.4,10.6,4.94,63.26,46.5,Pump A Running
2026-07-10T23:45:00+00:00,Running,1,2104.5,10.6,4.77,62.55,46.17,Pump A Running
2026-07-11T00:00:00+00:00,Running,1,2434.1,10.58,4.78,60.29,46.54,Pump A Running
2026-07-11T00:15:00+00:00,Running,1,2137.5,10.51,4.76,62.71,46.37,Pump A Running
2026-07-11T00:30:00+00:00,Running,1,2213.9,10.59,4.86,62.78,45.67,Pump A Running
2026-07-11T00:45:00+00:00,Running,1,2112.0,10.6,4.9,62.87,46.52,Pump A Running
2026-07-11T01:00:00+00:00,Running,1,2291.6,10.57,4.8,63.55,46.2,Pump A Running
2026-07-11T01:15:00+00:00,Running,1,2175.4,10.62,4.86,62.19,45.74,Pump A Running
2026-07-11T01:30:00+00:00,Running,1,2323.0,10.64,4.62,61.84,46.56,Pump A Running
2026-07-11T01:45:00+00:00,Running,1,2210.0,10.62,4.79,63.21,46.57,Pump A Running
2026-07-11T02:00:00+00:00,Stopped,0,0.0,0.0,0.16,0.0,28.74,Pumps Stopped
2026-07-11T02:15:00+00:00,Stopped,0,0.0,0.0,0.22,0.0,28.85,Pumps Stopped
2026-07-11T02:30:00+00:00,Stopped,0,0.0,0.0,0.15,0.0,28.79,Pumps Stopped
2026-07-11T02:45:00+00:00,Stopped,0,0.0,0.0,0.13,0.0,29.42,Pumps Stopped
2026-07-11T03:00:00+00:00,Stopped,0,0.0,0.0,0.13,0.0,28.65,Pumps Stopped
2026-07-11T03:15:00+00:00,Stopped,0,0.0,0.0,0.17,0.0,29.26,Pumps Stopped
2026-07-11T03:30:00+00:00,Running,1,2215.2,10.71,4.73,60.84,46.25,Pump A Running
2026-07-11T03:45:00+00:00,Running,1,2284.4,10.61,4.78,63.37,46.15,Pump A Running
2026-07-11T04:00:00+00:00,Running,1,2415.3,10.6,4.73,62.04,46.35,Pump A Running
2026-07-11T04:15:00+00:00,Running,1,2254.2,10.73,4.81,63.08,46.07,Pump A Running
2026-07-11T04:30:00+00:00,Running,1,2370.1,10.57,4.72,59.04,46.46,Pump A Running
2026-07-11T04:45:00+00:00,Running,1,2247.5,10.75,4.73,62.66,46.13,Pump A Running
2026-07-11T05:00:00+00:00,Running,1,2459.8,10.57,4.68,61.82,46.29,Pump A Running
2026-07-11T05:15:00+00:00,Running,1,2353.0,10.51,4.75,61.21,45.91,Pump A Running
2026-07-11T05:30:00+00:00,Running,1,2253.5,10.61,4.82,61.43,46.08,Pump A Running
2026-07-11T05:45:00+00:00,Running,1,2601.6,10.55,4.84,60.64,46.86,Pump A Running
2026-07-11T06:00:00+00:00,Running,1,2338.6,10.6,4.75,61.51,46.57,Pump A Running
2026-07-11T06:15:00+00:00,Running,1,2393.7,10.65,4.85,62.09,45.93,Pump A Running
2026-07-11T06:30:00+00:00,Running,1,2372.8,10.61,4.73,62.93,46.09,Pump A Running
2026-07-11T06:45:00+00:00,Running,1,2550.8,10.62,4.91,61.62,46.37,Pump A Running
2026-07-11T07:00:00+00:00,Running,1,2568.8,10.63,4.73,61.39,46.6,Pump A Running
2026-07-11T07:15:00+00:00,Running,1,2578.3,10.66,4.91,62.27,46.31,Pump A Running
2026-07-11T07:30:00+00:00,Running,1,2471.1,10.56,4.77,62.25,45.88,Pump A Running
2026-07-11T07:45:00+00:00,Running,1,2406.7,10.59,4.64,63.92,45.75,Pump A Running
2026-07-11T08:00:00+00:00,Running,1,2418.3,10.58,4.64,60.95,46.32,Pump A Running
2026-07-11T08:15:00+00:00,Running,1,2527.8,10.54,4.83,62.88,45.4,Pump A Running
2026-07-11T08:30:00+00:00,Running,1,2525.4,10.59,4.83,61.24,46.01,Pump A Running
2026-07-11T08:45:00+00:00,Running,1,2488.4,10.55,4.79,60.37,46.62,Pump A Running
2026-07-11T09:00:00+00:00,Running,1,2411.9,10.59,4.72,63.28,46.42,Pump A Running
2026-07-11T09:15:00+00:00,Running,1,2596.0,10.66,4.91,62.98,46.39,Pump A Running
2026-07-11T09:30:00+00:00,Running,1,2619.6,10.61,4.64,60.78,46.71,Pump A Running
2026-07-11T09:45:00+00:00,Running,1,2527.8,10.56,4.76,60.59,46.72,Pump A Running
2026-07-11T10:00:00+00:00,Running,1,2488.2,10.52,4.86,63.21,46.58,Pump A Running
2026-07-11T10:15:00+00:00,Running,1,2523.1,10.62,4.67,62.44,46.4,Pump A Running
2026-07-11T10:30:00+00:00,Running,1,2452.3,10.56,4.77,64.57,46.82,Pump A Running
2026-07-11T10:45:00+00:00,Running,1,2594.8,10.59,4.83,59.65,46.35,Pump A Running
2026-07-11T11:00:00+00:00,Running,1,2505.9,10.38,4.87,63.41,46.82,Pump A Running
2026-07-11T11:15:00+00:00,Running,1,2647.4,10.64,4.9,61.41,47.39,Pump A Running
2026-07-11T11:30:00+00:00,Running,1,2502.7,10.6,4.81,62.18,46.46,Pump A Running
2026-07-11T11:45:00+00:00,Running,1,2463.8,10.47,4.95,61.96,46.43,Pump A Running
2026-07-11T12:00:00+00:00,Running,1,2521.6,10.67,4.79,62.12,46.05,Pump A Running
2026-07-11T12:15:00+00:00,Running,1,2671.6,10.58,4.86,62.83,46.38,Pump A Running
2026-07-11T12:30:00+00:00,Running,1,2570.2,10.62,4.85,62.79,46.21,Pump A Running
2026-07-11T12:45:00+00:00,Running,1,2577.0,10.51,4.94,62.47,46.38,Pump A Running
2026-07-11T13:00:00+00:00,Running,1,2570.1,10.62,4.84,59.65,47.29,Pump A Running
2026-07-11T13:15:00+00:00,Running,1,2665.1,10.65,4.77,61.27,46.81,Pump A Running
2026-07-11T13:30:00+00:00,Running,1,2608.5,10.54,4.89,60.85,46.49,Pump A Running
2026-07-11T13:45:00+00:00,Running,1,2579.7,10.59,4.69,62.36,46.66,Pump A Running
2026-07-11T14:00:00+00:00,Running,1,2705.2,10.61,4.72,64.04,46.87,Pump A Running
2026-07-11T14:15:00+00:00,Running,1,2706.9,10.74,4.79,61.45,47.13,Pump A Running
2026-07-11T14:30:00+00:00,Running,1,2604.2,10.6,4.73,59.7,46.16,Pump A Running
2026-07-11T14:45:00+00:00,Running,1,2656.8,10.61,4.81,62.84,47.16,Pump A Running
2026-07-11T15:00:00+00:00,Running,1,2675.1,10.69,4.79,60.63,46.32,Pump A Running
2026-07-11T15:15:00+00:00,Running,1,2599.8,10.54,4.65,62.83,46.55,Pump A Running
2026-07-11T15:30:00+00:00,Running,1,2624.2,10.52,4.75,61.85,46.48,Pump A Running
2026-07-11T15:45:00+00:00,Running,1,2832.7,10.59,4.7,62.37,47.18,Pump A Running
2026-07-11T16:00:00+00:00,Running,1,2612.8,10.56,4.73,60.36,46.02,Pump A Running
2026-07-11T16:15:00+00:00,Running,1,2662.2,10.58,4.82,63.49,47.02,Pump A Running
2026-07-11T16:30:00+00:00,Running,1,2781.7,10.62,4.85,62.29,46.97,Pump A Running
2026-07-11T16:45:00+00:00,Running,1,2804.5,10.73,4.77,62.68,46.51,Pump A Running
2026-07-11T17:00:00+00:00,Running,1,2407.8,10.6,4.8,63.3,46.72,Pump A Running
2026-07-11T17:15:00+00:00,Running,1,2769.7,10.61,4.68,62.89,46.63,Pump A Running
2026-07-11T17:30:00+00:00,Running,1,2744.1,10.72,4.84,60.24,47.19,Pump A Running
2026-07-11T17:45:00+00:00,Running,1,2728.5,10.71,4.8,61.31,47.15,Pump A Running
2026-07-11T18:00:00+00:00,Running,1,2792.8,10.63,4.74,60.7,46.6,Pump A Running
2026-07-11T18:15:00+00:00,Running,1,2789.5,10.61,4.83,61.05,46.73,Pump A Running
2026-07-11T18:30:00+00:00,Running,1,2804.7,10.5,4.86,62.43,46.38,Pump A Running
2026-07-11T18:45:00+00:00,Running,1,2791.6,10.7,4.81,62.24,47.17,Pump A Running
2026-07-11T19:00:00+00:00,Running,1,2803.4,10.57,4.69,61.74,46.78,Pump A Running
2026-07-11T19:15:00+00:00,Running,1,2648.2,10.53,4.87,60.43,46.36,Pump A Running
2026-07-11T19:30:00+00:00,Running,1,2994.1,10.53,4.91,64.08,46.63,Pump A Running
2026-07-11T19:45:00+00:00,Running,1,2712.7,10.62,4.76,61.98,47.05,Pump A Running
2026-07-11T20:00:00+00:00,Running,1,2746.2,10.64,4.79,63.7,46.53,Pump A Running
2026-07-11T20:15:00+00:00,Running,1,2935.2,10.65,4.9,61.14,46.3,Pump A Running
2026-07-11T20:30:00+00:00,Running,1,2779.6,10.54,4.85,62.04,46.88,Pump A Running
2026-07-11T20:45:00+00:00,Running,1,2667.5,10.71,4.96,62.41,46.15,Pump A Running
2026-07-11T21:00:00+00:00,Running,1,2758.6,10.51,4.88,62.86,46.86,Pump A Running
2026-07-11T21:15:00+00:00,Running,1,2643.5,10.61,4.87,62.76,46.77,Pump A Running
2026-07-11T21:30:00+00:00,Running,1,2776.9,10.61,4.83,60.65,45.72,Pump A Running
2026-07-11T21:45:00+00:00,Running,1,2664.9,10.68,4.72,62.16,46.6,Pump A Running
2026-07-11T22:00:00+00:00,Running,1,2717.9,10.67,4.84,61.8,47.02,Pump A Running
2026-07-11T22:15:00+00:00,Running,1,2773.9,10.62,4.69,59.6,47.22,Pump A Running
2026-07-11T22:30:00+00:00,Running,1,2898.3,10.62,4.8,62.78,47.17,Pump A Running
2026-07-11T22:45:00+00:00,Running,1,2596.1,10.58,4.86,63.11,46.75,Pump A Running
2026-07-11T23:00:00+00:00,Running,1,2757.0,10.48,4.89,61.12,46.22,Pump A Running
2026-07-11T23:15:00+00:00,Running,1,2726.9,10.65,4.93,60.61,47.01,Pump A Running
2026-07-11T23:30:00+00:00,Running,1,2843.8,10.68,4.84,61.23,46.86,Pump A Running
2026-07-11T23:45:00+00:00,Running,1,2700.0,10.5,4.81,60.98,47.03,Pump A Running
2026-07-12T00:00:00+00:00,Running,1,2909.5,10.68,4.79,61.72,46.4,Pump A Running
2026-07-12T00:15:00+00:00,Running,1,2622.4,10.59,4.88,62.45,46.37,Pump A Running
2026-07-12T00:30:00+00:00,Running,1,2813.4,10.59,4.92,61.73,46.06,Pump A Running
2026-07-12T00:45:00+00:00,Running,1,2776.1,10.61,4.65,61.83,46.78,Pump A Running
2026-07-12T01:00:00+00:00,Running,1,2827.1,10.55,5.0,60.34,46.7,Pump A Running
2026-07-12T01:15:00+00:00,Running,1,2903.8,10.54,4.77,59.1,46.55,Pump A Running
2026-07-12T01:30:00+00:00,Running,1,2715.8,10.61,4.77,62.32,46.62,Pump A Running
2026-07-12T01:45:00+00:00,Running,1,2785.9,10.67,4.72,61.82,46.81,Pump A Running
2026-07-12T02:00:00+00:00,Stopped,0,0.0,0.0,0.16,0.0,28.98,Pumps Stopped
2026-07-12T02:15:00+00:00,Stopped,0,0.0,0.0,0.17,0.0,28.65,Pumps Stopped
2026-07-12T02:30:00+00:00,Stopped,0,0.0,0.0,0.15,0.0,29.32,Pumps Stopped
2026-07-12T02:45:00+00:00,Stopped,0,0.0,0.0,0.17,0.0,28.54,Pumps Stopped
2026-07-12T03:00:00+00:00,Stopped,0,0.0,0.0,0.15,0.0,28.83,Pumps Stopped
2026-07-12T03:15:00+00:00,Stopped,0,0.0,0.0,0.17,0.0,29.0,Pumps Stopped
2026-07-12T03:30:00+00:00,Running,1,2801.7,10.54,4.76,63.04,46.19,Pump A Running
2026-07-12T03:45:00+00:00,Running,1,2715.3,10.7,4.84,62.56,46.73,Pump A Running
2026-07-12T04:00:00+00:00,Running,1,2696.3,10.46,4.76,60.74,46.86,Pump A Running
2026-07-12T04:15:00+00:00,Running,1,2808.0,10.54,4.84,61.86,46.89,Pump A Running
2026-07-12T04:30:00+00:00,Running,1,2728.5,10.53,4.8,60.93,46.56,Pump A Running
2026-07-12T04:45:00+00:00,Running,1,2885.3,10.59,4.88,63.17,46.61,Pump A Running
2026-07-12T05:00:00+00:00,Running,1,2605.5,10.74,4.92,62.47,46.62,Pump A Running
2026-07-12T05:15:00+00:00,Running,1,2644.0,10.61,4.95,61.28,46.09,Pump A Running
2026-07-12T05:30:00+00:00,Running,1,2664.4,10.52,4.62,60.14,47.09,Pump A Running
2026-07-12T05:45:00+00:00,Running,1,2662.2,10.62,4.9,62.73,46.28,Pump A Running
2026-07-12T06:00:00+00:00,Running,1,2790.6,10.65,4.84,61.64,46.33,Pump A Running
2026-07-12T06:15:00+00:00,Running,1,2691.1,10.55,4.83,62.33,46.17,Pump A Running
2026-07-12T06:30:00+00:00,Running,1,2549.4,10.65,4.96,61.62,46.89,Pump A Running
2026-07-12T06:45:00+00:00,Running,1,2701.0,10.78,4.92,62.56,46.52,Pump A Running
2026-07-12T07:00:00+00:00,Running,1,2614.6,10.48,4.76,62.67,46.63,Pump A Running
2026-07-12T07:15:00+00:00,Running,1,2514.1,10.52,4.86,59.65,46.75,Pump A Running
2026-07-12T07:30:00+00:00,Running,1,2609.3,10.66,4.94,61.97,46.96,Pump A Running
2026-07-12T07:45:00+00:00,Running,1,2701.3,10.68,4.77,62.14,46.3,Pump A Running
2026-07-12T08:00:00+00:00,Running,1,2729.9,10.52,4.89,63.23,46.74,Pump A Running
2026-07-12T08:15:00+00:00,Running,1,2668.4,10.5,4.74,62.6,46.39,Pump A Running
2026-07-12T08:30:00+00:00,Running,1,2682.7,10.57,4.82,59.56,46.61,Pump A Running
2026-07-12T08:45:00+00:00,Running,1,2691.5,10.63,4.92,62.36,46.66,Pump A Running
2026-07-12T09:00:00+00:00,Running,1,2664.9,10.74,4.67,61.72,46.54,Pump A Running
2026-07-12T09:15:00+00:00,Running,1,2883.9,10.62,4.74,60.5,46.65,Pump A Running
2026-07-12T09:30:00+00:00,Running,1,2563.0,10.56,4.76,59.98,46.29,Pump A Running
2026-07-12T09:45:00+00:00,Running,1,2684.4,10.62,4.83,62.71,46.96,Pump A Running
2026-07-12T10:00:00+00:00,Running,1,2577.8,10.69,4.76,63.53,47.03,Pump A Running
2026-07-12T10:15:00+00:00,Running,1,2632.3,10.63,4.96,63.42,46.66,Pump A Running
2026-07-12T10:30:00+00:00,Running,1,2650.4,10.55,4.65,61.07,46.2,Pump A Running
2026-07-12T10:45:00+00:00,Running,1,2629.2,10.53,4.9,63.51,46.4,Pump A Running
2026-07-12T11:00:00+00:00,Running,1,2671.3,10.58,4.7,62.18,46.43,Pump A Running
2026-07-12T11:15:00+00:00,Running,1,2587.3,10.65,4.84,62.82,46.69,Pump A Running
2026-07-12T11:30:00+00:00,Running,1,2577.2,10.57,4.75,60.82,46.38,Pump A Running
2026-07-12T11:45:00+00:00,Running,1,2682.7,10.62,4.83,61.22,47.39,Pump A Running
2026-07-12T12:00:00+00:00,Running,1,2514.1,10.57,4.85,63.01,45.48,Pump A Running
2026-07-12T12:15:00+00:00,Running,1,2745.7,10.62,4.82,62.98,46.74,Pump A Running
2026-07-12T12:30:00+00:00,Running,1,2545.2,10.56,4.8,61.53,46.33,Pump A Running
2026-07-12T12:45:00+00:00,Running,1,2578.6,10.72,4.94,61.92,46.5,Pump A Running
2026-07-12T13:00:00+00:00,Running,1,2619.8,10.53,4.77,60.86,46.31,Pump A Running
2026-07-12T13:15:00+00:00,Running,1,2580.9,10.55,4.74,61.18,46.83,Pump A Running
2026-07-12T13:30:00+00:00,Running,1,2412.5,10.68,4.63,62.35,46.8,Pump A Running
2026-07-12T13:45:00+00:00,Running,1,2492.4,10.65,4.8,61.21,46.88,Pump A Running
2026-07-12T14:00:00+00:00,Running,1,2538.1,10.62,4.71,61.5,46.11,Pump A Running
2026-07-12T14:15:00+00:00,Running,1,2448.6,10.68,4.72,60.39,46.27,Pump A Running
2026-07-12T14:30:00+00:00,Running,1,2386.5,10.51,4.77,61.79,45.79,Pump A Running
2026-07-12T14:45:00+00:00,Running,1,2641.5,10.49,4.76,63.39,46.92,Pump A Running
2026-07-12T15:00:00+00:00,Running,1,2644.1,10.66,4.75,63.7,47.25,Pump A Running
2026-07-12T15:15:00+00:00,Running,1,2609.5,10.53,4.88,61.19,46.68,Pump A Running
2026-07-12T15:30:00+00:00,Running,1,2456.1,10.5,4.83,62.16,45.91,Pump A Running
2026-07-12T15:45:00+00:00,Running,1,2544.1,10.74,4.78,63.63,46.19,Pump A Running
2026-07-12T16:00:00+00:00,Running,1,2282.8,10.66,4.81,58.99,46.45,Pump A Running
2026-07-12T16:15:00+00:00,Running,1,2572.1,10.53,4.73,64.31,46.74,Pump A Running
2026-07-12T16:30:00+00:00,Running,1,2512.9,10.53,4.73,62.62,46.47,Pump A Running
2026-07-12T16:45:00+00:00,Running,1,2578.9,10.55,4.85,60.95,46.39,Pump A Running
2026-07-12T17:00:00+00:00,Running,1,2582.1,10.67,4.95,60.93,46.77,Pump A Running
2026-07-12T17:15:00+00:00,Running,1,2464.6,10.74,4.86,63.81,45.97,Pump A Running
2026-07-12T17:30:00+00:00,Running,1,2474.8,10.57,4.62,61.48,46.04,Pump A Running
2026-07-12T17:45:00+00:00,Running,1,2324.2,10.47,4.75,64.9,45.9,Pump A Running
2026-07-12T18:00:00+00:00,Running,1,2576.4,10.67,4.73,62.87,46.38,Pump A Running
2026-07-12T18:15:00+00:00,Running,1,2416.6,10.62,4.74,61.7,46.77,Pump A Running
2026-07-12T18:30:00+00:00,Running,1,2450.4,10.52,4.8,61.52,46.61,Pump A Running
2026-07-12T18:45:00+00:00,Running,1,2335.1,10.58,4.83,61.82,45.85,Pump A Running
2026-07-12T19:00:00+00:00,Running,1,2535.7,10.64,4.7,61.9,46.19,Pump A Running
2026-07-12T19:15:00+00:00,Running,1,2343.6,10.59,4.68,62.68,46.53,Pump A Running
2026-07-12T19:30:00+00:00,Running,1,2398.1,10.67,4.85,63.72,45.45,Pump A Running
2026-07-12T19:45:00+00:00,Running,1,2379.8,10.53,4.78,60.77,46.5,Pump A Running
2026-07-12T20:00:00+00:00,Running,1,2403.2,10.6,4.77,60.24,46.61,Pump A Running
2026-07-12T20:15:00+00:00,Running,1,2477.1,10.54,4.79,63.91,46.61,Pump A Running
2026-07-12T20:30:00+00:00,Running,1,2186.1,10.53,4.95,62.94,46.12,Pump A Running
2026-07-12T20:45:00+00:00,Running,1,2335.5,10.61,4.69,61.28,45.77,Pump A Running
2026-07-12T21:00:00+00:00,Running,1,2362.8,10.76,4.85,59.99,46.05,Pump A Running
2026-07-12T21:15:00+00:00,Running,1,2302.7,10.81,4.87,61.35,45.74,Pump A Running
2026-07-12T21:30:00+00:00,Running,1,2371.2,10.58,4.85,63.81,46.62,Pump A Running
2026-07-12T21:45:00+00:00,Running,1,2474.9,10.57,4.82,63.49,45.98,Pump A Running
2026-07-12T22:00:00+00:00,Running,1,2501.2,10.59,4.71,62.41,46.74,Pump A Running
2026-07-12T22:15:00+00:00,Running,1,2286.4,10.6,4.9,63.99,46.17,Pump A Running
2026-07-12T22:30:00+00:00,Running,1,2326.0,10.62,4.8,58.98,46.46,Pump A Running
2026-07-12T22:45:00+00:00,Running,1,2236.9,10.44,4.71,61.8,45.79,Pump A Running
2026-07-12T23:00:00+00:00,Running,1,2316.6,10.57,4.81,63.8,46.25,Pump A Running
2026-07-12T23:15:00+00:00,Running,1,2344.2,10.57,4.9,64.15,45.98,Pump A Running
2026-07-12T23:30:00+00:00,Running,1,2067.9,10.63,4.84,62.46,46.09,Pump A Running
2026-07-12T23:45:00+00:00,Running,1,2241.9,10.6,4.85,60.15,45.43,Pump A Running
2026-07-13T00:00:00+00:00,Running,1,2300.4,10.52,4.87,62.61,45.74,Pump A Running
2026-07-13T00:15:00+00:00,Running,1,2210.9,10.63,4.81,62.11,46.07,Pump A Running
2026-07-13T00:30:00+00:00,Running,1,2249.7,10.55,4.85,59.67,45.71,Pump A Running
2026-07-13T00:45:00+00:00,Running,1,2193.3,10.63,4.86,62.57,46.63,Pump A Running
2026-07-13T01:00:00+00:00,Running,1,2215.3,10.59,4.82,60.72,45.88,Pump A Running
2026-07-13T01:15:00+00:00,Running,1,2309.3,10.58,4.84,60.6,45.9,Pump A Running
2026-07-13T01:30:00+00:00,Running,1,2212.3,10.63,4.87,61.47,45.82,Pump A Running
2026-07-13T01:45:00+00:00,Running,1,2306.8,10.72,4.56,62.2,46.73,Pump A Running
2026-07-13T02:00:00+00:00,Stopped,0,0.0,0.0,0.13,0.0,29.06,Pumps Stopped
2026-07-13T02:15:00+00:00,Stopped,0,0.0,0.0,0.15,0.0,28.75,Pumps Stopped
2026-07-13T02:30:00+00:00,Stopped,0,0.0,0.0,0.16,0.0,28.33,Pumps Stopped
2026-07-13T02:45:00+00:00,Stopped,0,0.0,0.0,0.11,0.0,29.24,Pumps Stopped
2026-07-13T03:00:00+00:00,Stopped,0,0.0,0.0,0.14,0.0,29.65,Pumps Stopped
2026-07-13T03:15:00+00:00,Stopped,0,0.0,0.0,0.12,0.0,29.45,Pumps Stopped
2026-07-13T03:30:00+00:00,Running,1,2177.1,10.57,4.84,61.39,46.39,Pump A Running
2026-07-13T03:45:00+00:00,Running,1,2218.8,10.68,4.8,61.17,45.74,Pump A Running
2026-07-13T04:00:00+00:00,Running,1,2088.8,10.75,4.91,60.48,46.87,Pump A Running
2026-07-13T04:15:00+00:00,Running,1,2101.2,10.66,4.89,63.44,46.53,Pump A Running
2026-07-13T04:30:00+00:00,Running,1,2067.2,10.56,4.87,62.09,46.14,Pump A Running
2026-07-13T04:45:00+00:00,Running,1,2311.2,10.77,4.72,60.83,46.08,Pump A Running
2026-07-13T05:00:00+00:00,Running,1,2056.7,10.56,4.71,59.63,46.01,Pump A Running
2026-07-13T05:15:00+00:00,Running,1,2140.1,10.51,4.89,60.77,46.36,Pump A Running
2026-07-13T05:30:00+00:00,Running,1,2172.8,10.63,4.84,63.53,45.94,Pump A Running
2026-07-13T05:45:00+00:00,Running,1,2212.5,10.66,4.75,61.11,45.97,Pump A Running
2026-07-13T06:00:00+00:00,Running,1,2209.3,10.52,4.84,61.42,46.38,Pump A Running
2026-07-13T06:15:00+00:00,Running,1,2042.5,10.6,4.72,62.34,45.97,Pump A Running
2026-07-13T06:30:00+00:00,Running,1,2018.6,10.66,4.95,63.06,45.88,Pump A Running
2026-07-13T06:45:00+00:00,Running,1,2094.1,10.53,4.88,61.32,45.97,Pump A Running
2026-07-13T07:00:00+00:00,Running,1,2053.6,10.63,4.87,61.41,46.08,Pump A Running
2026-07-13T07:15:00+00:00,Running,1,2127.0,10.6,4.75,64.13,45.6,Pump A Running
2026-07-13T07:30:00+00:00,Running,1,2329.9,10.66,4.81,60.64,46.21,Pump A Running
2026-07-13T07:45:00+00:00,Running,1,2087.6,10.45,4.78,61.63,46.25,Pump A Running
2026-07-13T08:00:00+00:00,Running,1,2149.5,10.57,4.83,61.06,45.88,Pump A Running
2026-07-13T08:15:00+00:00,Running,1,2025.9,10.56,4.84,61.54,45.77,Pump A Running
2026-07-13T08:30:00+00:00,Running,1,2078.6,10.55,4.69,62.79,45.72,Pump A Running
2026-07-13T08:45:00+00:00,Running,1,2090.2,10.6,4.91,61.14,45.96,Pump A Running
2026-07-13T09:00:00+00:00,Running,1,2023.5,10.58,4.73,62.59,46.16,Pump A Running
2026-07-13T09:15:00+00:00,Running,1,2084.2,10.69,4.87,62.78,45.96,Pump A Running
2026-07-13T09:30:00+00:00,Running,1,2024.3,10.5,4.66,63.45,46.11,Pump A Running
2026-07-13T09:45:00+00:00,Running,1,2145.1,10.55,4.7,63.4,45.84,Pump A Running
2026-07-13T10:00:00+00:00,Running,1,2130.2,10.62,4.85,64.55,46.06,Pump A Running
2026-07-13T10:15:00+00:00,Running,1,2243.7,10.59,4.83,60.6,46.26,Pump A Running
2026-07-13T10:30:00+00:00,Running,1,2118.8,10.73,4.8,62.16,46.1,Pump A Running
2026-07-13T10:45:00+00:00,Running,1,2215.7,10.51,4.76,61.0,46.49,Pump A Running
2026-07-13T11:00:00+00:00,Running,1,2113.5,10.7,4.85,63.64,46.51,Pump A Running
2026-07-13T11:15:00+00:00,Running,1,2183.4,10.69,4.7,64.14,46.35,Pump A Running
2026-07-13T11:30:00+00:00,Running,1,2193.7,10.61,4.64,61.67,45.86,Pump A Running
2026-07-13T11:45:00+00:00,Running,1,2117.8,10.58,4.81,62.89,45.53,Pump A Running
2026-07-13T12:00:00+00:00,Running,1,2282.7,10.5,4.89,61.57,46.06,Pump A Running
2026-07-13T12:15:00+00:00,Running,1,2066.9,10.56,4.77,61.3,45.44,Pump A Running
2026-07-13T12:30:00+00:00,Running,1,2143.7,10.67,4.78,62.87,45.48,Pump A Running
2026-07-13T12:45:00+00:00,Running,1,2060.0,10.66,5.03,58.19,46.63,Pump A Running
2026-07-13T13:00:00+00:00,Running,1,2213.3,10.61,4.75,62.55,46.03,Pump A Running
2026-07-13T13:15:00+00:00,Running,1,2202.8,10.59,4.78,61.1,46.48,Pump A Running
2026-07-13T13:30:00+00:00,Running,1,2234.9,10.59,4.86,63.66,46.33,Pump A Running
2026-07-13T13:45:00+00:00,Running,1,2077.6,10.66,4.8,58.61,45.71,Pump A Running
2026-07-13T14:00:00+00:00,Running,1,2166.7,10.61,4.78,62.54,45.89,Pump A Running
2026-07-13T14:15:00+00:00,Running,1,2267.2,10.66,4.81,61.09,45.57,Pump A Running
2026-07-13T14:30:00+00:00,Running,1,2093.7,10.55,4.81,61.89,46.0,Pump A Running
2026-07-13T14:45:00+00:00,Running,1,2213.3,10.62,4.82,62.7,46.56,Pump A Running
2026-07-13T15:00:00+00:00,Running,1,2050.6,10.64,4.97,61.16,46.19,Pump A Running
2026-07-13T15:15:00+00:00,Running,1,2310.8,10.58,4.71,63.05,47.16,Pump A Running
2026-07-13T15:30:00+00:00,Running,1,2247.1,10.46,4.78,61.13,45.83,Pump A Running
2026-07-13T15:45:00+00:00,Running,1,2172.2,10.61,4.81,62.91,45.47,Pump A Running
2026-07-13T16:00:00+00:00,Running,1,2028.0,10.64,4.78,63.16,46.0,Pump A Running
2026-07-13T16:15:00+00:00,Running,1,2164.1,10.65,4.83,63.17,45.58,Pump A Running
2026-07-13T16:30:00+00:00,Running,1,2342.8,10.63,4.79,60.69,45.74,Pump A Running
2026-07-13T16:45:00+00:00,Running,1,2135.5,10.48,4.79,63.29,45.78,Pump A Running
2026-07-13T17:00:00+00:00,Running,1,2209.1,10.58,4.76,61.34,46.46,Pump A Running
2026-07-13T17:15:00+00:00,Running,1,2028.5,10.67,4.82,61.01,45.7,Pump A Running
2026-07-13T17:30:00+00:00,Running,1,2227.3,10.68,4.81,63.66,46.45,Pump A Running
2026-07-13T17:45:00+00:00,Running,1,2199.3,10.64,4.89,62.17,46.32,Pump A Running
2026-07-13T18:00:00+00:00,Running,1,2363.4,10.5,4.82,62.14,46.22,Pump A Running
2026-07-13T18:15:00+00:00,Running,1,2237.4,10.62,4.71,62.19,45.95,Pump A Running
2026-07-13T18:30:00+00:00,Running,1,2297.2,10.59,4.82,60.95,45.79,Pump A Running
2026-07-13T18:45:00+00:00,Running,1,2244.5,10.53,4.82,62.63,45.8,Pump A Running
2026-07-13T19:00:00+00:00,Running,1,2197.4,10.75,4.77,61.56,45.9,Pump A Running
2026-07-13T19:15:00+00:00,Running,1,2223.7,10.68,4.85,63.96,46.02,Pump A Running
2026-07-13T19:30:00+00:00,Running,1,2284.6,10.68,4.9,61.55,46.37,Pump A Running
2026-07-13T19:45:00+00:00,Running,1,2281.9,10.54,4.9,61.73,45.55,Pump A Running
2026-07-13T20:00:00+00:00,Running,1,2233.8,10.67,4.83,62.32,45.84,Pump A Running
2026-07-13T20:15:00+00:00,Running,1,2492.8,10.63,4.68,61.86,46.64,Pump A Running
2026-07-13T20:30:00+00:00,Running,1,2257.0,10.63,4.78,61.1,45.83,Pump A Running
2026-07-13T20:45:00+00:00,Running,1,2090.5,10.65,4.71,61.07,46.26,Pump A Running
2026-07-13T21:00:00+00:00,Running,1,2409.2,10.6,4.8,63.07,46.81,Pump A Running
2026-07-13T21:15:00+00:00,Running,1,2414.9,10.57,4.71,62.01,45.93,Pump A Running
2026-07-13T21:30:00+00:00,Running,1,2396.8,10.61,4.96,61.85,46.27,Pump A Running
2026-07-13T21:45:00+00:00,Running,1,2170.6,10.57,4.75,62.88,45.08,Pump A Running
2026-07-13T22:00:00+00:00,Running,1,2479.3,10.55,4.7,62.5,46.61,Pump A Running
2026-07-13T22:15:00+00:00,Running,1,2557.0,10.58,4.64,62.55,47.03,Pump A Running
2026-07-13T22:30:00+00:00,Running,1,2614.9,10.67,4.72,63.98,46.26,Pump A Running
2026-07-13T22:45:00+00:00,Running,1,2438.2,10.72,4.83,64.08,46.06,Pump A Running
2026-07-13T23:00:00+00:00,Running,1,2430.5,10.6,4.82,61.31,46.22,Pump A Running
2026-07-13T23:15:00+00:00,Running,1,2296.0,10.61,4.84,64.14,46.04,Pump A Running
2026-07-13T23:30:00+00:00,Running,1,2483.9,10.61,4.77,62.42,46.98,Pump A Running
2026-07-13T23:45:00+00:00,Running,1,2260.2,10.58,4.73,64.06,46.13,Pump A Running
2026-07-14T00:00:00+00:00,Running,1,2469.5,10.67,4.84,61.56,46.06,Pump A Running
2026-07-14T00:15:00+00:00,Running,1,2448.3,10.61,4.78,63.27,46.26,Pump A Running
2026-07-14T00:30:00+00:00,Running,1,2522.7,10.63,4.7,61.31,45.32,Pump A Running
2026-07-14T00:45:00+00:00,Running,1,2404.0,10.77,4.8,61.47,45.58,Pump A Running
2026-07-14T01:00:00+00:00,Running,1,2515.6,10.62,4.88,63.49,45.88,Pump A Running
2026-07-14T01:15:00+00:00,Running,1,2229.7,10.43,4.87,63.03,45.99,Pump A Running
2026-07-14T01:30:00+00:00,Running,1,2331.2,10.43,4.75,61.66,46.26,Pump A Running
2026-07-14T01:45:00+00:00,Running,1,2334.0,10.61,4.77,63.24,46.06,Pump A Running
2026-07-14T02:00:00+00:00,Stopped,0,0.0,0.0,0.14,0.0,28.92,Pumps Stopped
2026-07-14T02:15:00+00:00,Stopped,0,0.0,0.0,0.13,0.0,29.81,Pumps Stopped
2026-07-14T02:30:00+00:00,Stopped,0,0.0,0.0,0.15,0.0,28.92,Pumps Stopped
2026-07-14T02:45:00+00:00,Stopped,0,0.0,0.0,0.18,0.0,28.97,Pumps Stopped
2026-07-14T03:00:00+00:00,Stopped,0,0.0,0.0,0.15,0.0,28.6,Pumps Stopped
2026-07-14T03:15:00+00:00,Stopped,0,0.0,0.0,0.16,0.0,28.53,Pumps Stopped
2026-07-14T03:30:00+00:00,Running,1,2360.4,10.51,4.68,61.1,45.76,Pump A Running
2026-07-14T03:45:00+00:00,Running,1,2587.4,10.53,4.83,61.65,46.26,Pump A Running
2026-07-14T04:00:00+00:00,Running,1,2627.9,10.6,4.82,62.53,46.65,Pump A Running
2026-07-14T04:15:00+00:00,Running,1,2701.4,10.62,4.88,60.79,46.32,Pump A Running
2026-07-14T04:30:00+00:00,Running,1,2595.2,10.65,4.66,61.26,46.37,Pump A Running
2026-07-14T04:45:00+00:00,Running,1,2538.2,10.6,4.75,64.35,47.28,Pump A Running
2026-07-14T05:00:00+00:00,Running,1,2489.1,10.67,4.64,61.02,46.04,Pump A Running
2026-07-14T05:15:00+00:00,Running,1,2503.3,10.55,4.87,61.55,46.69,Pump A Running
2026-07-14T05:30:00+00:00,Running,1,2579.5,10.64,4.8,59.04,46.97,Pump A Running
2026-07-14T05:45:00+00:00,Running,1,2631.4,10.55,4.71,61.37,46.69,Pump A Running
2026-07-14T06:00:00+00:00,Running,1,2664.5,10.56,4.81,60.57,46.37,Pump A Running
2026-07-14T06:15:00+00:00,Running,1,2495.8,10.69,4.72,60.68,46.61,Pump A Running
2026-07-14T06:30:00+00:00,Running,1,2512.3,10.69,4.89,61.16,46.65,Pump A Running
2026-07-14T06:45:00+00:00,Running,1,2621.1,10.47,4.77,63.81,46.54,Pump A Running
2026-07-14T07:00:00+00:00,Running,1,2603.6,10.54,4.79,61.02,46.33,Pump A Running
2026-07-14T07:15:00+00:00,Running,1,2547.1,10.58,4.82,63.21,46.26,Pump A Running
2026-07-14T07:30:00+00:00,Running,1,2578.6,10.57,4.9,61.4,46.18,Pump A Running
2026-07-14T07:45:00+00:00,Running,1,2634.6,10.67,4.82,64.51,46.97,Pump A Running
2026-07-14T08:00:00+00:00,Running,1,2726.2,10.53,4.64,62.23,46.56,Pump A Running
2026-07-14T08:15:00+00:00,Running,1,2525.3,10.54,4.8,61.67,46.19,Pump A Running
2026-07-14T08:30:00+00:00,Running,1,2586.4,10.69,4.81,61.01,46.59,Pump A Running
2026-07-14T08:45:00+00:00,Running,1,2638.3,10.54,4.84,60.04,46.62,Pump A Running
2026-07-14T09:00:00+00:00,Running,1,2626.7,10.72,4.68,62.71,46.45,Pump A Running
2026-07-14T09:15:00+00:00,Running,1,2719.7,10.62,4.85,60.35,46.7,Pump A Running
2026-07-14T09:30:00+00:00,Running,1,2836.4,10.61,4.82,62.41,46.66,Pump A Running
2026-07-14T09:45:00+00:00,Running,1,2733.1,10.57,4.69,64.37,46.54,Pump A Running
2026-07-14T10:00:00+00:00,Running,1,2594.2,10.57,4.82,62.81,46.56,Pump A Running
2026-07-14T10:15:00+00:00,Running,1,2618.6,10.76,4.92,61.96,46.84,Pump A Running
2026-07-14T10:30:00+00:00,Running,1,2496.3,10.6,4.91,61.3,46.76,Pump A Running
2026-07-14T10:45:00+00:00,Running,1,2655.2,10.63,4.73,61.34,46.32,Pump A Running
2026-07-14T11:00:00+00:00,Running,1,2671.1,10.74,4.81,63.2,46.71,Pump A Running
2026-07-14T11:15:00+00:00,Running,1,2724.7,10.51,4.8,61.72,47.03,Pump A Running
2026-07-14T11:30:00+00:00,Running,1,2811.9,10.47,4.73,63.5,46.87,Pump A Running
2026-07-14T11:45:00+00:00,Running,1,2540.7,10.74,4.86,62.39,46.7,Pump A Running
2026-07-14T12:00:00+00:00,Running,1,2796.6,10.72,4.88,64.11,46.76,Pump A Running
2026-07-14T12:15:00+00:00,Running,1,2609.7,10.69,4.74,62.37,46.53,Pump A Running
2026-07-14T12:30:00+00:00,Running,1,2705.7,10.65,4.83,62.04,46.07,Pump A Running
2026-07-14T12:45:00+00:00,Running,1,2660.7,10.62,4.79,63.84,46.44,Pump A Running
2026-07-14T13:00:00+00:00,Running,1,2581.5,10.59,4.93,64.0,46.24,Pump A Running
2026-07-14T13:15:00+00:00,Running,1,2778.2,10.58,4.76,60.38,47.31,Pump A Running
2026-07-14T13:30:00+00:00,Running,1,2818.3,10.6,4.79,62.31,46.45,Pump A Running
2026-07-14T13:45:00+00:00,Running,1,2691.1,10.52,4.76,62.89,46.55,Pump A Running
2026-07-14T14:00:00+00:00,Running,1,2643.4,10.68,4.68,60.81,46.73,Pump A Running
2026-07-14T14:15:00+00:00,Running,1,2620.0,10.69,4.77,62.7,46.33,Pump A Running
2026-07-14T14:30:00+00:00,Running,1,2701.1,10.61,4.8,62.99,46.58,Pump A Running
2026-07-14T14:45:00+00:00,Running,1,2710.9,10.69,4.92,63.54,47.16,Pump A Running
2026-07-14T15:00:00+00:00,Running,1,2758.6,10.64,4.81,62.16,46.53,Pump A Running
2026-07-14T15:15:00+00:00,Running,1,2618.1,10.6,4.81,61.09,47.2,Pump A Running
2026-07-14T15:30:00+00:00,Running,1,2588.0,10.49,4.82,61.41,47.17,Pump A Running
2026-07-14T15:45:00+00:00,Running,1,2813.3,10.67,4.77,61.89,46.66,Pump A Running
2026-07-14T16:00:00+00:00,Running,1,2724.7,10.51,4.74,62.46,47.35,Pump A Running
2026-07-14T16:15:00+00:00,Running,1,2770.2,10.65,4.89,62.59,46.94,Pump A Running
2026-07-14T16:30:00+00:00,Running,1,2718.8,10.54,4.8,60.74,47.2,Pump A Running
2026-07-14T16:45:00+00:00,Running,1,2807.4,10.6,4.83,62.03,46.51,Pump A Running
2026-07-14T17:00:00+00:00,Running,1,2726.6,10.67,4.83,61.13,46.17,Pump A Running
2026-07-14T17:15:00+00:00,Running,1,2671.9,10.59,4.73,61.64,46.93,Pump A Running
2026-07-14T17:30:00+00:00,Running,1,2892.8,10.61,4.82,60.25,46.67,Pump A Running
2026-07-14T17:45:00+00:00,Running,1,2739.6,10.53,4.7,63.72,46.65,Pump A Running
2026-07-14T18:00:00+00:00,Running,1,2916.4,10.51,4.82,61.46,46.99,Pump A Running
2026-07-14T18:15:00+00:00,Running,1,2732.9,10.56,4.85,63.25,46.96,Pump A Running
2026-07-14T18:30:00+00:00,Running,1,2716.0,10.61,4.88,61.37,46.11,Pump A Running
2026-07-14T18:45:00+00:00,Running,1,2778.5,10.68,4.81,63.13,45.93,Pump A Running
2026-07-14T19:00:00+00:00,Running,1,2839.6,10.63,4.78,62.02,46.39,Pump A Running
2026-07-14T19:15:00+00:00,Running,1,2692.9,10.64,4.82,59.72,46.46,Pump A Running
2026-07-14T19:30:00+00:00,Running,1,2815.5,10.43,4.73,63.23,46.25,Pump A Running
2026-07-14T19:45:00+00:00,Running,1,2706.9,10.62,4.9,61.48,47.03,Pump A Running
2026-07-14T20:00:00+00:00,Running,1,2726.2,10.58,4.76,61.6,46.41,Pump A Running
2026-07-14T20:15:00+00:00,Running,1,2918.5,10.67,4.85,62.61,46.69,Pump A Running
2026-07-14T20:30:00+00:00,Running,1,2827.5,10.55,4.85,63.57,46.68,Pump A Running
2026-07-14T20:45:00+00:00,Running,1,2764.6,10.55,4.81,64.0,45.81,Pump A Running
2026-07-14T21:00:00+00:00,Running,1,2635.6,10.7,4.86,63.26,47.49,Pump A Running
2026-07-14T21:15:00+00:00,Running,1,2854.1,10.59,4.91,61.77,46.78,Pump A Running
2026-07-14T21:30:00+00:00,Running,1,2646.0,10.6,4.76,60.56,46.47,Pump A Running
2026-07-14T21:45:00+00:00,Running,1,2683.7,10.58,4.83,62.61,46.93,Pump A Running
2026-07-14T22:00:00+00:00,Running,1,2744.1,10.68,4.84,62.04,47.35,Pump A Running
2026-07-14T22:15:00+00:00,Running,1,2909.5,10.55,4.83,61.89,46.68,Pump A Running
2026-07-14T22:30:00+00:00,Running,1,2754.0,10.45,4.9,60.28,46.82,Pump A Running
2026-07-14T22:45:00+00:00,Running,1,2568.3,10.64,4.7,61.61,46.87,Pump A Running
2026-07-14T23:00:00+00:00,Running,1,2648.2,10.63,4.68,62.63,46.94,Pump A Running
2026-07-14T23:15:00+00:00,Running,1,2684.7,10.58,4.71,63.43,46.44,Pump A Running
2026-07-14T23:30:00+00:00,Running,1,2831.5,10.46,4.93,61.31,47.14,Pump A Running
2026-07-14T23:45:00+00:00,Running,1,2726.1,10.62,4.88,60.54,46.26,Pump A Running
2026-07-15T00:00:00+00:00,Running,1,2727.5,10.62,4.82,63.28,47.09,Pump A Running
2026-07-15T00:15:00+00:00,Running,1,2774.2,10.67,4.87,62.99,46.08,Pump A Running
2026-07-15T00:30:00+00:00,Running,1,2803.0,10.63,4.8,60.95,46.47,Pump A Running
2026-07-15T00:45:00+00:00,Running,1,2799.7,10.51,4.74,62.56,46.72,Pump A Running
2026-07-15T01:00:00+00:00,Running,1,2827.3,10.6,4.64,61.89,46.55,Pump A Running
2026-07-15T01:15:00+00:00,Running,1,2642.1,10.54,4.71,60.64,46.25,Pump A Running
2026-07-15T01:30:00+00:00,Running,1,2719.3,10.58,4.93,61.45,47.56,Pump A Running
2026-07-15T01:45:00+00:00,Running,1,2674.4,10.84,4.86,63.22,46.77,Pump A Running
2026-07-15T02:00:00+00:00,Stopped,0,0.0,0.0,0.22,0.0,28.48,Pumps Stopped
2026-07-15T02:15:00+00:00,Stopped,0,0.0,0.0,0.17,0.0,28.75,Pumps Stopped
2026-07-15T02:30:00+00:00,Stopped,0,0.0,0.0,0.11,0.0,28.64,Pumps Stopped
2026-07-15T02:45:00+00:00,Stopped,0,0.0,0.0,0.14,0.0,28.79,Pumps Stopped
2026-07-15T03:00:00+00:00,Stopped,0,0.0,0.0,0.15,0.0,29.03,Pumps Stopped
2026-07-15T03:15:00+00:00,Stopped,0,0.0,0.0,0.19,0.0,28.8,Pumps Stopped
2026-07-15T03:30:00+00:00,Running,1,2709.5,10.54,4.9,61.65,47.23,Pump A Running
2026-07-15T03:45:00+00:00,Running,1,2716.0,10.74,4.82,64.03,46.12,Pump A Running
2026-07-15T04:00:00+00:00,Running,1,2770.0,10.59,4.89,61.67,45.93,Pump A Running
2026-07-15T04:15:00+00:00,Running,1,2616.3,10.48,4.84,60.0,46.41,Pump A Running
2026-07-15T04:30:00+00:00,Running,1,2775.5,10.6,4.82,61.85,46.64,Pump A Running
2026-07-15T04:45:00+00:00,Running,1,2484.9,10.57,4.87,59.8,45.62,Pump A Running
2026-07-15T05:00:00+00:00,Running,1,2680.9,10.57,4.72,60.95,46.39,Pump A Running
2026-07-15T05:15:00+00:00,Running,1,2615.5,10.73,4.91,61.51,46.92,Pump A Running
2026-07-15T05:30:00+00:00,Running,1,2729.1,10.5,4.78,62.05,45.97,Pump A Running
2026-07-15T05:45:00+00:00,Running,1,2781.4,10.52,4.63,61.21,46.65,Pump A Running
2026-07-15T06:00:00+00:00,Running,1,2692.0,10.53,4.76,61.0,46.19,Pump A Running
2026-07-15T06:15:00+00:00,Running,1,2593.3,10.52,4.67,61.61,47.01,Pump A Running
2026-07-15T06:30:00+00:00,Running,1,2711.1,10.67,4.86,60.62,46.23,Pump A Running
2026-07-15T06:45:00+00:00,Running,1,2777.1,10.47,4.75,63.21,46.48,Pump A Running
2026-07-15T07:00:00+00:00,Running,1,2702.3,10.54,4.84,62.26,46.26,Pump A Running
2026-07-15T07:15:00+00:00,Running,1,2651.2,10.57,4.84,61.48,46.63,Pump A Running
2026-07-15T07:30:00+00:00,Running,1,2792.0,10.69,4.81,63.42,46.37,Pump A Running
2026-07-15T07:45:00+00:00,Running,1,2532.1,10.65,4.77,60.56,46.5,Pump A Running
2026-07-15T08:00:00+00:00,Running,1,2457.6,10.61,4.8,63.82,47.07,Pump A Running
2026-07-15T08:15:00+00:00,Running,1,2395.4,10.73,4.95,61.93,46.38,Pump A Running
2026-07-15T08:30:00+00:00,Running,1,2499.3,10.68,4.76,61.47,46.39,Pump A Running
2026-07-15T08:45:00+00:00,Running,1,2479.2,10.62,4.77,63.34,46.43,Pump A Running
2026-07-15T09:00:00+00:00,Running,1,2392.8,10.59,4.75,62.19,46.24,Pump A Running
2026-07-15T09:15:00+00:00,Running,1,2477.1,10.55,4.81,62.68,46.64,Pump A Running
2026-07-15T09:30:00+00:00,Running,1,2389.2,10.61,4.66,63.95,45.96,Pump A Running
2026-07-15T09:45:00+00:00,Running,1,2519.7,10.71,4.79,63.34,46.35,Pump A Running
2026-07-15T10:00:00+00:00,Running,1,2362.8,10.62,4.73,62.13,46.25,Pump A Running
2026-07-15T10:15:00+00:00,Running,1,2632.9,10.65,4.78,62.05,46.67,Pump A Running
2026-07-15T10:30:00+00:00,Running,1,2451.8,10.51,4.78,62.4,46.2,Pump A Running
2026-07-15T10:45:00+00:00,Running,1,2494.5,10.68,4.85,62.0,46.24,Pump A Running
2026-07-15T11:00:00+00:00,Running,1,2413.3,10.6,4.74,62.82,46.39,Pump A Running
2026-07-15T11:15:00+00:00,Running,1,2312.8,10.45,4.73,61.38,46.37,Pump A Running
2026-07-15T11:30:00+00:00,Running,1,2611.0,10.62,4.92,62.49,46.5,Pump A Running
2026-07-15T11:45:00+00:00,Running,1,2435.8,10.62,4.81,62.48,45.78,Pump A Running
2026-07-15T12:00:00+00:00,Running,1,2457.5,10.58,4.73,60.33,46.94,Pump A Running
2026-07-15T12:15:00+00:00,Running,1,2555.7,10.6,4.88,62.1,46.21,Pump A Running
2026-07-15T12:30:00+00:00,Running,1,2583.3,10.53,4.8,62.19,46.74,Pump A Running
2026-07-15T12:45:00+00:00,Running,1,2428.1,10.53,4.83,61.63,46.45,Pump A Running
2026-07-15T13:00:00+00:00,Running,1,2406.4,10.6,4.65,61.23,45.99,Pump A Running
2026-07-15T13:15:00+00:00,Running,1,2495.7,10.49,4.86,61.41,46.49,Pump A Running
2026-07-15T13:30:00+00:00,Running,1,2446.1,10.61,4.81,62.22,46.5,Pump A Running
2026-07-15T13:45:00+00:00,Running,1,2447.9,10.54,4.7,62.2,47.01,Pump A Running
2026-07-15T14:00:00+00:00,Running,1,2293.7,10.56,4.83,62.15,45.96,Pump A Running
2026-07-15T14:15:00+00:00,Running,1,2361.0,10.7,4.72,62.43,45.52,Pump A Running
2026-07-15T14:30:00+00:00,Running,1,2340.3,10.56,4.93,64.68,45.89,Pump A Running
2026-07-15T14:45:00+00:00,Running,1,2243.0,10.61,4.77,61.37,45.95,Pump A Running
2026-07-15T15:00:00+00:00,Running,1,2367.7,10.75,4.61,61.05,45.41,Pump A Running
2026-07-15T15:15:00+00:00,Running,1,2408.7,10.53,4.85,62.79,46.4,Pump A Running
2026-07-15T15:30:00+00:00,Running,1,2273.5,10.64,4.66,62.67,46.21,Pump A Running
2026-07-15T15:45:00+00:00,Running,1,2388.8,10.63,4.85,63.13,47.04,Pump A Running
2026-07-15T16:00:00+00:00,Running,1,2353.4,10.54,4.74,61.51,45.78,Pump A Running
2026-07-15T16:15:00+00:00,Running,1,2413.0,10.55,4.81,64.47,46.68,Pump A Running
2026-07-15T16:30:00+00:00,Running,1,2235.9,10.45,4.83,60.43,46.18,Pump A Running
2026-07-15T16:45:00+00:00,Running,1,2191.0,10.52,4.92,62.76,46.25,Pump A Running
2026-07-15T17:00:00+00:00,Running,1,2348.6,10.52,4.98,60.86,46.46,Pump A Running
2026-07-15T17:15:00+00:00,Running,1,2357.1,10.56,4.8,63.36,46.52,Pump A Running
2026-07-15T17:30:00+00:00,Running,1,2383.5,10.67,4.77,63.44,45.96,Pump A Running
2026-07-15T17:45:00+00:00,Running,1,2239.3,10.64,4.74,62.07,46.96,Pump A Running
2026-07-15T18:00:00+00:00,Running,1,2194.0,10.63,4.89,61.63,46.21,Pump A Running
2026-07-15T18:15:00+00:00,Running,1,2244.6,10.6,4.87,60.59,45.95,Pump A Running
2026-07-15T18:30:00+00:00,Running,1,2334.4,10.63,4.8,60.38,45.49,Pump A Running
2026-07-15T18:45:00+00:00,Running,1,2192.7,10.63,4.75,61.79,46.25,Pump A Running
2026-07-15T19:00:00+00:00,Running,1,2424.6,10.53,4.64,59.93,46.26,Pump A Running
2026-07-15T19:15:00+00:00,Running,1,2119.5,10.69,4.63,62.0,46.24,Pump A Running
2026-07-15T19:30:00+00:00,Running,1,2159.0,10.7,4.88,61.87,46.52,Pump A Running
2026-07-15T19:45:00+00:00,Running,1,2265.9,10.65,4.85,64.07,46.42,Pump A Running
2026-07-15T20:00:00+00:00,Running,1,2233.4,10.66,4.8,62.11,45.73,Pump A Running
2026-07-15T20:15:00+00:00,Running,1,2109.3,10.55,4.8,58.62,45.67,Pump A Running
2026-07-15T20:30:00+00:00,Running,1,2080.1,10.65,4.87,60.99,46.25,Pump A Running
2026-07-15T20:45:00+00:00,Running,1,2160.0,10.63,4.71,63.17,46.15,Pump A Running
2026-07-15T21:00:00+00:00,Running,1,2183.7,10.63,4.69,63.3,46.32,Pump A Running
2026-07-15T21:15:00+00:00,Running,1,2367.8,10.68,4.77,63.09,46.6,Pump A Running
2026-07-15T21:30:00+00:00,Running,1,2250.1,10.61,4.85,62.43,45.73,Pump A Running
2026-07-15T21:45:00+00:00,Running,1,2296.5,10.49,4.76,63.47,46.24,Pump A Running
2026-07-15T22:00:00+00:00,Running,1,2197.9,10.61,4.93,62.82,45.95,Pump A Running
2026-07-15T22:15:00+00:00,Running,1,2227.0,10.49,4.75,62.09,46.53,Pump A Running
2026-07-15T22:30:00+00:00,Running,1,2165.0,10.58,4.83,62.96,46.13,Pump A Running
2026-07-15T22:45:00+00:00,Running,1,2019.9,10.59,4.91,61.84,46.73,Pump A Running
2026-07-15T23:00:00+00:00,Running,1,2178.2,10.55,4.75,62.3,46.52,Pump A Running
2026-07-15T23:15:00+00:00,Running,1,2316.1,10.62,4.83,62.64,45.49,Pump A Running
2026-07-15T23:30:00+00:00,Running,1,2191.2,10.52,4.88,61.28,45.64,Pump A Running
2026-07-15T23:45:00+00:00,Running,1,2068.6,10.64,4.73,65.46,46.45,Pump A Running
2026-07-16T00:00:00+00:00,Running,1,2169.2,10.52,4.8,61.51,45.88,Pump A Running
2026-07-16T00:15:00+00:00,Running,1,2228.6,10.56,4.77,61.26,45.99,Pump A Running
2026-07-16T00:30:00+00:00,Running,1,2106.7,10.73,4.73,61.99,46.25,Pump A Running
2026-07-16T00:45:00+00:00,Running,1,2207.0,10.55,4.8,62.4,46.06,Pump A Running
2026-07-16T01:00:00+00:00,Running,1,2112.9,10.61,4.76,59.92,45.55,Pump A Running
2026-07-16T01:15:00+00:00,Running,1,2288.8,10.57,4.85,62.36,45.96,Pump A Running
2026-07-16T01:30:00+00:00,Running,1,2293.2,10.51,4.76,61.19,45.69,Pump A Running
2026-07-16T01:45:00+00:00,Running,1,2019.0,10.72,4.98,58.44,46.0,Pump A Running
2026-07-16T02:00:00+00:00,Stopped,0,0.0,0.0,0.19,0.0,29.47,Pumps Stopped
2026-07-16T02:15:00+00:00,Stopped,0,0.0,0.0,0.09,0.0,28.99,Pumps Stopped
2026-07-16T02:30:00+00:00,Stopped,0,0.0,0.0,0.19,0.0,29.41,Pumps Stopped
2026-07-16T02:45:00+00:00,Stopped,0,0.0,0.0,0.18,0.0,28.7,Pumps Stopped
2026-07-16T03:00:00+00:00,Stopped,0,0.0,0.0,0.13,0.0,29.47,Pumps Stopped
2026-07-16T03:15:00+00:00,Stopped,0,0.0,0.0,0.13,0.0,29.44,Pumps Stopped
2026-07-16T03:30:00+00:00,Running,1,2096.2,10.54,4.81,60.98,45.41,Pump A Running
2026-07-16T03:45:00+00:00,Running,1,2154.5,10.68,4.73,60.86,45.85,Pump A Running
2026-07-16T04:00:00+00:00,Running,1,2273.7,10.72,4.83,60.46,46.4,Pump A Running
2026-07-16T04:15:00+00:00,Running,1,2113.6,10.64,4.64,62.46,45.68,Pump A Running
2026-07-16T04:30:00+00:00,Running,1,2023.1,10.59,4.76,62.19,47.15,Pump A Running
2026-07-16T04:45:00+00:00,Running,1,2200.3,10.6,4.86,61.38,45.9,Pump A Running
2026-07-16T05:00:00+00:00,Running,1,2058.4,10.62,4.73,62.94,45.91,Pump A Running
2026-07-16T05:15:00+00:00,Running,1,2274.4,10.63,4.84,61.48,46.4,Pump A Running
2026-07-16T05:30:00+00:00,Running,1,2203.7,10.61,4.86,61.24,46.2,Pump A Running
2026-07-16T05:45:00+00:00,Running,1,2187.8,10.5,4.79,60.53,46.32,Pump A Running
2026-07-16T06:00:00+00:00,Running,1,2244.0,10.56,4.9,61.92,46.68,Pump A Running
2026-07-16T06:15:00+00:00,Running,1,2161.6,10.59,4.67,60.69,46.16,Pump A Running
2026-07-16T06:30:00+00:00,Running,1,2053.0,10.56,4.67,61.92,45.19,Pump A Running
2026-07-16T06:45:00+00:00,Running,1,2018.0,10.72,4.79,62.64,46.39,Pump A Running
2026-07-16T07:00:00+00:00,Running,1,2130.7,10.66,4.77,63.51,45.9,Pump A Running
2026-07-16T07:15:00+00:00,Running,1,2202.0,10.51,4.63,62.26,46.42,Pump A Running
2026-07-16T07:30:00+00:00,Running,1,1987.8,10.66,4.76,62.19,45.89,Pump A Running
2026-07-16T07:45:00+00:00,Running,1,2194.5,10.67,4.87,63.28,46.63,Pump A Running
2026-07-16T08:00:00+00:00,Running,1,2137.3,10.44,4.77,61.23,45.94,Pump A Running
2026-07-16T08:15:00+00:00,Running,1,2083.7,10.53,4.91,61.87,45.7,Pump A Running
2026-07-16T08:30:00+00:00,Running,1,2082.0,10.77,4.78,61.42,47.18,Pump A Running
2026-07-16T08:45:00+00:00,Running,1,2171.7,10.51,4.71,61.03,46.22,Pump A Running
2026-07-16T09:00:00+00:00,Running,1,2368.5,10.61,4.74,61.47,46.06,Pump A Running
2026-07-16T09:15:00+00:00,Running,1,2189.5,10.58,4.78,61.36,46.1,Pump A Running
2026-07-16T09:30:00+00:00,Running,1,2230.9,10.62,4.7,61.38,45.75,Pump A Running
2026-07-16T09:45:00+00:00,Running,1,2204.0,10.72,4.71,61.55,46.05,Pump A Running
2026-07-16T10:00:00+00:00,Running,1,2153.5,10.48,4.92,63.32,45.92,Pump A Running
2026-07-16T10:15:00+00:00,Running,1,2096.5,10.53,4.76,60.56,45.7,Pump A Running
2026-07-16T10:30:00+00:00,Running,1,2236.8,10.55,4.73,60.48,45.93,Pump A Running
2026-07-16T10:45:00+00:00,Running,1,2228.1,10.73,4.81,61.14,45.61,Pump A Running
2026-07-16T11:00:00+00:00,Running,1,2140.1,10.61,4.88,60.91,45.97,Pump A Running
2026-07-16T11:15:00+00:00,Running,1,2022.9,10.66,4.73,63.74,46.24,Pump A Running
2026-07-16T11:30:00+00:00,Running,1,2150.8,10.63,4.74,61.75,45.8,Pump A Running
2026-07-16T11:45:00+00:00,Running,1,2241.6,10.59,4.9,63.27,45.67,Pump A Running
2026-07-16T12:00:00+00:00,Running,1,2091.6,10.62,4.73,63.17,45.72,Pump A Running
2026-07-16T12:15:00+00:00,Running,1,2148.1,10.69,4.89,62.86,45.84,Pump A Running
2026-07-16T12:30:00+00:00,Running,1,2189.1,10.66,4.82,61.25,46.39,Pump A Running
2026-07-16T12:45:00+00:00,Running,1,2279.6,10.56,4.74,61.25,45.74,Pump A Running
2026-07-16T13:00:00+00:00,Running,1,2204.8,10.68,4.7,62.62,45.75,Pump A Running
2026-07-16T13:15:00+00:00,Running,1,2258.3,10.6,4.86,61.98,45.9,Pump A Running
2026-07-16T13:30:00+00:00,Running,1,2197.3,10.62,4.85,61.26,46.78,Pump A Running
2026-07-16T13:45:00+00:00,Running,1,2343.5,10.56,4.81,61.38,46.58,Pump A Running
2026-07-16T14:00:00+00:00,Running,1,2329.5,10.68,4.87,61.14,46.82,Pump A Running
2026-07-16T14:15:00+00:00,Running,1,2265.2,10.6,4.84,61.19,45.7,Pump A Running
2026-07-16T14:30:00+00:00,Running,1,2207.1,10.63,4.9,62.56,46.02,Pump A Running
2026-07-16T14:45:00+00:00,Running,1,2388.2,10.61,4.74,62.13,46.13,Pump A Running
2026-07-16T15:00:00+00:00,Running,1,2189.4,10.59,4.76,59.48,46.51,Pump A Running
2026-07-16T15:15:00+00:00,Running,1,2334.6,10.68,4.81,61.95,45.83,Pump A Running
2026-07-16T15:30:00+00:00,Running,1,2169.2,10.73,4.79,61.22,46.33,Pump A Running
2026-07-16T15:45:00+00:00,Running,1,2482.6,10.59,4.82,61.53,45.99,Pump A Running
2026-07-16T16:00:00+00:00,Running,1,2300.6,10.65,4.8,61.34,46.36,Pump A Running
2026-07-16T16:15:00+00:00,Running,1,2311.9,10.61,4.78,63.87,46.34,Pump A Running
2026-07-16T16:30:00+00:00,Running,1,2385.8,10.61,4.93,62.09,46.35,Pump A Running
2026-07-16T16:45:00+00:00,Running,1,2338.7,10.57,4.74,62.82,46.07,Pump A Running
2026-07-16T17:00:00+00:00,Running,1,2389.0,10.61,4.85,61.22,46.35,Pump A Running
2026-07-16T17:15:00+00:00,Running,1,2282.6,10.58,4.88,62.12,46.32,Pump A Running
2026-07-16T17:30:00+00:00,Running,1,2352.4,10.56,4.86,62.26,46.22,Pump A Running
2026-07-16T17:45:00+00:00,Running,1,2288.2,10.57,4.76,61.53,46.35,Pump A Running
2026-07-16T18:00:00+00:00,Running,1,2321.8,10.52,4.78,63.23,46.24,Pump A Running
2026-07-16T18:15:00+00:00,Running,1,2311.8,10.58,4.63,61.13,46.21,Pump A Running
2026-07-16T18:30:00+00:00,Running,1,2311.1,10.61,4.8,64.51,45.84,Pump A Running
2026-07-16T18:45:00+00:00,Running,1,2334.1,10.72,4.79,63.31,46.78,Pump A Running
2026-07-16T19:00:00+00:00,Running,1,2327.5,10.71,4.83,61.62,46.04,Pump A Running
2026-07-16T19:15:00+00:00,Running,1,2187.9,10.72,4.74,62.22,45.63,Pump A Running
2026-07-16T19:30:00+00:00,Running,1,2207.2,10.57,4.72,61.52,46.82,Pump A Running
2026-07-16T19:45:00+00:00,Running,1,2453.6,10.72,4.73,62.37,46.68,Pump A Running
2026-07-16T20:00:00+00:00,Running,1,2322.0,10.61,4.78,60.63,46.38,Pump A Running
2026-07-16T20:15:00+00:00,Running,1,2443.1,10.64,4.83,59.91,46.38,Pump A Running
2026-07-16T20:30:00+00:00,Running,1,2482.5,10.66,4.84,60.88,46.86,Pump A Running
2026-07-16T20:45:00+00:00,Running,1,2400.7,10.62,4.8,62.72,45.68,Pump A Running
2026-07-16T21:00:00+00:00,Running,1,2279.7,10.55,4.86,62.86,45.91,Pump A Running
2026-07-16T21:15:00+00:00,Running,1,2265.8,10.52,4.73,60.71,46.08,Pump A Running
2026-07-16T21:30:00+00:00,Running,1,2462.1,10.58,4.84,61.65,46.95,Pump A Running
2026-07-16T21:45:00+00:00,Running,1,2600.2,10.46,4.67,62.13,45.95,Pump A Running
2026-07-16T22:00:00+00:00,Running,1,2556.2,10.67,4.69,62.97,46.42,Pump A Running
2026-07-16T22:15:00+00:00,Running,1,2391.1,10.61,4.8,60.08,46.72,Pump A Running
2026-07-16T22:30:00+00:00,Running,1,2430.1,10.57,4.77,61.63,46.3,Pump A Running
2026-07-16T22:45:00+00:00,Running,1,2459.3,10.54,4.71,62.92,46.48,Pump A Running
2026-07-16T23:00:00+00:00,Running,1,2434.8,10.49,4.75,63.12,46.85,Pump A Running
2026-07-16T23:15:00+00:00,Running,1,2613.4,10.61,4.68,62.69,46.57,Pump A Running
2026-07-16T23:30:00+00:00,Running,1,2545.3,10.41,4.78,62.28,46.12,Pump A Running
2026-07-16T23:45:00+00:00,Running,1,2503.5,10.69,4.74,61.13,46.54,Pump A Running
2026-07-17T00:00:00+00:00,Running,1,2463.2,10.62,4.88,63.69,45.67,Pump A Running
2026-07-17T00:15:00+00:00,Running,1,2531.6,10.5,4.9,62.57,46.67,Pump A Running
2026-07-17T00:30:00+00:00,Running,1,2355.9,10.58,4.89,62.6,46.02,Pump A Running
2026-07-17T00:45:00+00:00,Running,1,2572.7,10.5,4.84,64.83,46.99,Pump A Running
2026-07-17T01:00:00+00:00,Running,1,2675.1,10.66,4.77,62.39,46.46,Pump A Running
2026-07-17T01:15:00+00:00,Running,1,2556.3,10.63,4.63,62.02,46.83,Pump A Running
2026-07-17T01:30:00+00:00,Running,1,2668.0,10.58,4.75,61.43,46.76,Pump A Running
2026-07-17T01:45:00+00:00,Running,1,2582.2,10.59,4.89,62.21,46.43,Pump A Running
2026-07-17T02:00:00+00:00,Stopped,0,0.0,0.0,0.12,0.0,28.82,Pumps Stopped
2026-07-17T02:15:00+00:00,Stopped,0,0.0,0.0,0.16,0.0,29.07,Pumps Stopped
2026-07-17T02:30:00+00:00,Stopped,0,0.0,0.0,0.17,0.0,29.41,Pumps Stopped
2026-07-17T02:45:00+00:00,Stopped,0,0.0,0.0,0.17,0.0,28.84,Pumps Stopped
2026-07-17T03:00:00+00:00,Stopped,0,0.0,0.0,0.17,0.0,29.52,Pumps Stopped
2026-07-17T03:15:00+00:00,Stopped,0,0.0,0.0,0.11,0.0,28.95,Pumps Stopped
2026-07-17T03:30:00+00:00,Running,1,2566.0,10.55,4.81,62.77,46.47,Pump A Running
2026-07-17T03:45:00+00:00,Running,1,2638.3,10.47,4.88,63.12,46.38,Pump A Running
2026-07-17T04:00:00+00:00,Running,1,2628.9,10.56,4.74,63.24,46.63,Pump A Running
2026-07-17T04:15:00+00:00,Running,1,2564.8,10.57,4.91,62.02,47.08,Pump A Running
2026-07-17T04:30:00+00:00,Running,1,2602.5,10.72,4.84,62.7,46.01,Pump A Running
2026-07-17T04:45:00+00:00,Running,1,2841.7,10.6,4.72,62.21,46.86,Pump A Running
2026-07-17T05:00:00+00:00,Running,1,2606.7,10.63,4.78,62.72,46.75,Pump A Running
2026-07-17T05:15:00+00:00,Running,1,2634.6,10.65,4.73,62.8,46.16,Pump A Running
2026-07-17T05:30:00+00:00,Running,1,2592.2,10.48,4.86,61.83,46.16,Pump A Running
2026-07-17T05:45:00+00:00,Running,1,2684.6,10.54,4.82,58.86,46.23,Pump A Running
2026-07-17T06:00:00+00:00,Running,1,2726.9,10.63,4.77,63.24,46.74,Pump A Running
2026-07-17T06:15:00+00:00,Running,1,2665.0,10.5,4.78,61.29,46.68,Pump A Running
2026-07-17T06:30:00+00:00,Running,1,2723.4,10.6,4.75,62.13,46.75,Pump A Running
2026-07-17T06:45:00+00:00,Running,1,2624.5,10.55,4.94,64.05,46.5,Pump A Running
2026-07-17T07:00:00+00:00,Running,1,2780.7,10.56,4.8,60.58,46.71,Pump A Running
2026-07-17T07:15:00+00:00,Running,1,2691.7,10.6,4.85,63.21,46.76,Pump A Running
2026-07-17T07:30:00+00:00,Running,1,2585.2,10.67,4.79,60.85,46.93,Pump A Running
2026-07-17T07:45:00+00:00,Running,1,2611.4,10.75,4.7,60.65,46.72,Pump A Running
2026-07-17T08:00:00+00:00,Running,1,2648.4,10.63,4.6,62.42,46.98,Pump A Running
2026-07-17T08:15:00+00:00,Running,1,2850.0,10.65,4.75,60.31,46.87,Pump A Running
2026-07-17T08:30:00+00:00,Running,1,2880.2,10.6,4.77,64.06,46.87,Pump A Running
2026-07-17T08:45:00+00:00,Running,1,2892.9,10.54,4.85,61.89,46.13,Pump A Running
2026-07-17T09:00:00+00:00,Running,1,2817.4,10.69,4.75,62.45,46.78,Pump A Running
2026-07-17T09:15:00+00:00,Running,1,2820.6,10.67,4.8,62.57,47.08,Pump A Running
2026-07-17T09:30:00+00:00,Running,1,2720.3,10.65,4.74,62.17,46.6,Pump A Running
2026-07-17T09:45:00+00:00,Running,1,2671.4,10.53,4.76,63.5,46.65,Pump A Running
2026-07-17T10:00:00+00:00,Running,1,2655.3,10.54,4.75,62.3,46.78,Pump A Running
2026-07-17T10:15:00+00:00,Running,1,2698.1,10.53,4.78,61.44,46.47,Pump A Running
2026-07-17T10:30:00+00:00,Running,1,2697.5,10.78,4.81,61.53,46.25,Pump A Running
2026-07-17T10:45:00+00:00,Running,1,2787.1,10.55,4.7,62.09,46.09,Pump A Running
2026-07-17T11:00:00+00:00,Running,1,2696.5,10.76,4.8,62.58,45.99,Pump A Running
2026-07-17T11:15:00+00:00,Running,1,2847.1,10.6,4.87,61.34,47.2,Pump A Running
2026-07-17T11:30:00+00:00,Running,1,2722.4,10.54,4.74,62.64,46.58,Pump A Running
2026-07-17T11:45:00+00:00,Running,1,2781.9,10.56,4.73,62.01,47.11,Pump A Running
2026-07-17T12:00:00+00:00,Running,1,2789.8,10.55,4.72,62.84,46.86,Pump A Running
2026-07-17T12:15:00+00:00,Running,1,2716.3,10.62,4.66,61.46,46.17,Pump A Running
2026-07-17T12:30:00+00:00,Running,1,2855.4,10.52,4.94,63.71,46.58,Pump A Running
2026-07-17T12:45:00+00:00,Running,1,2761.4,10.53,4.75,60.89,46.41,Pump A Running
2026-07-17T13:00:00+00:00,Running,1,2780.5,10.6,4.59,60.85,46.49,Pump A Running
2026-07-17T13:15:00+00:00,Running,1,2777.3,10.63,4.82,59.56,46.41,Pump A Running
2026-07-17T13:30:00+00:00,Running,1,2681.4,10.63,4.86,64.03,46.68,Pump A Running
2026-07-17T13:45:00+00:00,Running,1,2601.1,10.57,4.82,60.7,47.16,Pump A Running
2026-07-17T14:00:00+00:00,Running,1,2885.6,10.66,4.79,62.27,46.15,Pump A Running
2026-07-17T14:15:00+00:00,Running,1,2600.0,10.53,4.81,63.19,46.65,Pump A Running
2026-07-17T14:30:00+00:00,Running,1,2751.4,10.6,4.74,61.48,46.65,Pump A Running
2026-07-17T14:45:00+00:00,Running,1,2791.4,10.53,4.77,62.18,47.03,Pump A Running
2026-07-17T15:00:00+00:00,Running,1,2860.0,10.62,4.85,62.6,46.48,Pump A Running
2026-07-17T15:15:00+00:00,Running,1,2863.5,10.58,4.79,61.12,46.61,Pump A Running
2026-07-17T15:30:00+00:00,Running,1,2841.5,10.56,4.77,61.48,46.63,Pump A Running
2026-07-17T15:45:00+00:00,Running,1,2805.7,10.67,4.73,63.64,47.05,Pump A Running
2026-07-17T16:00:00+00:00,Running,1,2712.8,10.62,4.92,64.83,46.89,Pump A Running
2026-07-17T16:15:00+00:00,Running,1,2870.2,10.59,4.83,58.97,46.07,Pump A Running
2026-07-17T16:30:00+00:00,Running,1,2895.8,10.67,4.66,61.31,47.45,Pump A Running
2026-07-17T16:45:00+00:00,Running,1,2749.7,10.58,4.61,63.38,46.48,Pump A Running
2026-07-17T17:00:00+00:00,Running,1,2841.4,10.67,4.8,60.75,46.86,Pump A Running
2026-07-17T17:15:00+00:00,Running,1,2812.0,10.56,4.67,61.86,46.25,Pump A Running
2026-07-17T17:30:00+00:00,Running,1,2854.8,10.61,4.77,61.23,46.74,Pump A Running
2026-07-17T17:45:00+00:00,Running,1,2767.5,10.52,4.89,62.43,47.09,Pump A Running
2026-07-17T18:00:00+00:00,Running,1,2842.3,10.61,4.87,62.3,46.53,Pump A Running
2026-07-17T18:15:00+00:00,Running,1,2743.1,10.6,4.78,62.72,46.78,Pump A Running
2026-07-17T18:30:00+00:00,Running,1,2709.4,10.55,4.78,61.72,46.99,Pump A Running
2026-07-17T18:45:00+00:00,Running,1,2668.9,10.67,4.71,62.78,46.63,Pump A Running
2026-07-17T19:00:00+00:00,Running,1,2932.7,10.55,4.74,61.33,46.25,Pump A Running
2026-07-17T19:15:00+00:00,Running,1,2556.0,10.7,4.8,62.42,46.57,Pump A Running
2026-07-17T19:30:00+00:00,Running,1,2486.7,10.54,4.61,61.25,46.57,Pump A Running
2026-07-17T19:45:00+00:00,Running,1,2801.6,10.62,4.83,61.24,46.29,Pump A Running
2026-07-17T20:00:00+00:00,Running,1,2714.4,10.58,4.78,62.6,46.21,Pump A Running
2026-07-17T20:15:00+00:00,Running,1,2589.4,10.62,4.87,60.69,46.49,Pump A Running
2026-07-17T20:30:00+00:00,Running,1,2706.2,10.8,4.81,62.85,46.5,Pump A Running
2026-07-17T20:45:00+00:00,Running,1,2764.7,10.47,4.75,63.21,46.36,Pump A Running
2026-07-17T21:00:00+00:00,Running,1,2762.0,10.69,4.73,65.3,46.83,Pump A Running
2026-07-17T21:15:00+00:00,Running,1,2783.9,10.65,4.77,62.01,46.47,Pump A Running
2026-07-17T21:30:00+00:00,Running,1,2729.6,10.76,4.81,60.38,46.96,Pump A Running
2026-07-17T21:45:00+00:00,Running,1,2517.1,10.52,4.83,61.71,46.62,Pump A Running
2026-07-17T22:00:00+00:00,Running,1,2647.3,10.71,4.73,62.79,46.67,Pump A Running
2026-07-17T22:15:00+00:00,Running,1,2505.7,10.66,4.77,61.34,45.72,Pump A Running
2026-07-17T22:30:00+00:00,Running,1,2727.3,10.69,4.67,62.71,46.37,Pump A Running
2026-07-17T22:45:00+00:00,Running,1,2806.3,10.6,4.75,60.48,46.78,Pump A Running
2026-07-17T23:00:00+00:00,Running,1,2605.1,10.5,4.83,62.45,45.69,Pump A Running
2026-07-17T23:15:00+00:00,Running,1,2769.9,10.56,4.79,62.58,46.65,Pump A Running
2026-07-17T23:30:00+00:00,Running,1,2533.5,10.48,4.89,62.72,46.28,Pump A Running
2026-07-17T23:45:00+00:00,Running,1,2515.0,10.58,4.83,61.23,46.13,Pump A Running
2026-07-18T00:00:00+00:00,Running,1,2467.7,10.68,4.82,62.19,46.89,Pump A Running
2026-07-18T00:15:00+00:00,Running,1,2562.7,10.44,4.71,60.82,46.59,Pump A Running
2026-07-18T00:30:00+00:00,Running,1,2545.4,10.55,4.83,60.97,46.49,Pump A Running
2026-07-18T00:45:00+00:00,Running,1,2588.3,10.57,4.95,62.37,46.02,Pump A Running
2026-07-18T01:00:00+00:00,Running,1,2656.9,10.59,4.86,61.65,46.25,Pump A Running
2026-07-18T01:15:00+00:00,Running,1,2647.9,10.61,4.84,60.89,46.73,Pump A Running
2026-07-18T01:30:00+00:00,Running,1,2527.9,10.64,4.75,62.44,46.18,Pump A Running
2026-07-18T01:45:00+00:00,Running,1,2744.1,10.68,4.8,63.6,46.73,Pump A Running
2026-07-18T02:00:00+00:00,Stopped,0,0.0,0.0,0.17,0.0,29.22,Pumps Stopped
2026-07-18T02:15:00+00:00,Stopped,0,0.0,0.0,0.14,0.0,29.32,Pumps Stopped
2026-07-18T02:30:00+00:00,Stopped,0,0.0,0.0,0.2,0.0,28.5,Pumps Stopped
2026-07-18T02:45:00+00:00,Stopped,0,0.0,0.0,0.14,0.0,29.39,Pumps Stopped
2026-07-18T03:00:00+00:00,Stopped,0,0.0,0.0,0.16,0.0,28.84,Pumps Stopped
2026-07-18T03:15:00+00:00,Stopped,0,0.0,0.0,0.16,0.0,28.79,Pumps Stopped
2026-07-18T03:30:00+00:00,Running,1,2529.0,10.63,4.75,63.18,46.35,Pump A Running
2026-07-18T03:45:00+00:00,Running,1,2686.7,10.6,4.87,60.09,46.47,Pump A Running
2026-07-18T04:00:00+00:00,Running,1,2632.4,10.47,4.87,61.11,46.47,Pump A Running
2026-07-18T04:15:00+00:00,Running,1,2336.5,10.53,4.88,61.2,46.41,Pump A Running
2026-07-18T04:30:00+00:00,Running,1,2580.3,10.51,4.9,61.54,46.04,Pump A Running
2026-07-18T04:45:00+00:00,Running,1,2572.3,10.73,4.74,62.12,46.31,Pump A Running
2026-07-18T05:00:00+00:00,Running,1,2763.9,10.64,4.8,62.52,46.19,Pump A Running
2026-07-18T05:15:00+00:00,Running,1,2672.3,10.45,4.79,62.36,46.84,Pump A Running
2026-07-18T05:30:00+00:00,Running,1,2491.6,10.58,4.84,61.35,45.92,Pump A Running
2026-07-18T05:45:00+00:00,Running,1,2317.3,10.63,4.73,60.29,46.32,Pump A Running
2026-07-18T06:00:00+00:00,Running,1,2542.1,10.55,4.83,62.14,46.32,Pump A Running
2026-07-18T06:15:00+00:00,Running,1,2322.7,10.62,4.82,62.09,47.14,Pump A Running
2026-07-18T06:30:00+00:00,Running,1,2476.7,10.51,4.81,63.16,46.67,Pump A Running
2026-07-18T06:45:00+00:00,Running,1,2377.1,10.61,4.81,61.5,46.03,Pump A Running
2026-07-18T07:00:00+00:00,Running,1,2391.3,10.63,4.8,63.61,46.97,Pump A Running
2026-07-18T07:15:00+00:00,Running,1,2561.4,10.48,4.77,61.28,46.29,Pump A Running
2026-07-18T07:30:00+00:00,Running,1,2557.5,10.55,4.84,62.52,46.36,Pump A Running
2026-07-18T07:45:00+00:00,Running,1,2505.9,10.65,4.68,61.57,46.21,Pump A Running
2026-07-18T08:00:00+00:00,Running,1,2507.6,10.53,4.85,60.62,46.37,Pump A Running
2026-07-18T08:15:00+00:00,Running,1,2627.6,10.53,4.77,63.04,46.36,Pump A Running
2026-07-18T08:30:00+00:00,Running,1,2501.5,10.54,4.94,62.51,45.53,Pump A Running
2026-07-18T08:45:00+00:00,Running,1,2520.0,10.6,4.83,60.85,46.43,Pump A Running
2026-07-18T09:00:00+00:00,Running,1,2465.4,10.58,4.81,63.9,46.7,Pump A Running
2026-07-18T09:15:00+00:00,Running,1,2372.9,10.54,4.82,62.58,47.15,Pump A Running
2026-07-18T09:30:00+00:00,Running,1,2539.8,10.57,4.8,63.29,46.11,Pump A Running
2026-07-18T09:45:00+00:00,Running,1,2192.9,10.62,4.8,61.94,46.15,Pump A Running
2026-07-18T10:00:00+00:00,Running,1,2453.8,10.67,4.83,62.43,46.27,Pump A Running
2026-07-18T10:15:00+00:00,Running,1,2471.0,10.52,4.85,62.46,46.5,Pump A Running
2026-07-18T10:30:00+00:00,Running,1,2488.3,10.64,4.88,62.38,46.83,Pump A Running
2026-07-18T10:45:00+00:00,Running,1,2327.9,10.61,4.81,63.21,46.36,Pump A Running
2026-07-18T11:00:00+00:00,Running,1,2325.5,10.63,4.86,61.99,45.5,Pump A Running
2026-07-18T11:15:00+00:00,Running,1,2281.4,10.47,4.92,58.83,45.61,Pump A Running
2026-07-18T11:30:00+00:00,Running,1,2437.5,10.55,4.7,61.8,46.2,Pump A Running
2026-07-18T11:45:00+00:00,Running,1,2282.2,10.65,4.69,61.27,46.22,Pump A Running
2026-07-18T12:00:00+00:00,Running,1,2207.5,10.58,4.69,61.97,45.85,Pump A Running
2026-07-18T12:15:00+00:00,Running,1,2390.8,10.53,4.94,61.9,46.32,Pump A Running
2026-07-18T12:30:00+00:00,Running,1,2271.7,10.62,4.84,61.23,45.86,Pump A Running
2026-07-18T12:45:00+00:00,Running,1,2260.5,10.61,4.83,63.05,46.0,Pump A Running
2026-07-18T13:00:00+00:00,Running,1,2310.8,10.67,4.74,63.3,45.89,Pump A Running
2026-07-18T13:15:00+00:00,Running,1,2256.2,10.61,4.85,61.92,46.34,Pump A Running
2026-07-18T13:30:00+00:00,Running,1,2386.5,10.54,4.75,62.68,46.56,Pump A Running
2026-07-18T13:45:00+00:00,Running,1,2401.4,10.62,4.87,62.1,46.33,Pump A Running
2026-07-18T14:00:00+00:00,Running,1,2431.7,10.56,4.91,62.04,45.23,Pump A Running
2026-07-18T14:15:00+00:00,Running,1,2285.6,10.69,4.89,60.95,46.22,Pump A Running
2026-07-18T14:30:00+00:00,Running,1,2277.9,10.63,4.81,62.05,46.52,Pump A Running
2026-07-18T14:45:00+00:00,Running,1,2256.0,10.51,4.74,62.17,46.5,Pump A Running
2026-07-18T15:00:00+00:00,Running,1,2141.4,10.6,4.64,61.54,45.62,Pump A Running
2026-07-18T15:15:00+00:00,Running,1,2244.4,10.69,4.71,60.93,45.73,Pump A Running
2026-07-18T15:30:00+00:00,Running,1,2192.3,10.63,4.89,61.71,45.7,Pump A Running
2026-07-18T15:45:00+00:00,Running,1,2153.6,10.43,4.83,61.53,46.57,Pump A Running
2026-07-18T16:00:00+00:00,Running,1,2179.1,10.6,4.68,62.69,45.94,Pump A Running
2026-07-18T16:15:00+00:00,Running,1,2146.3,10.71,4.59,60.21,46.19,Pump A Running
2026-07-18T16:30:00+00:00,Running,1,2179.0,10.49,4.78,62.72,46.51,Pump A Running
2026-07-18T16:45:00+00:00,Running,1,2028.2,10.67,4.64,61.11,46.52,Pump A Running
2026-07-18T17:00:00+00:00,Running,1,2154.4,10.53,4.82,60.36,46.41,Pump A Running
2026-07-18T17:15:00+00:00,Running,1,2198.7,10.65,4.77,62.51,45.67,Pump A Running
2026-07-18T17:30:00+00:00,Running,1,2076.6,10.57,4.74,63.68,45.59,Pump A Running
2026-07-18T17:45:00+00:00,Running,1,2251.5,10.7,4.95,61.38,46.08,Pump A Running
2026-07-18T18:00:00+00:00,Running,1,2208.3,10.72,4.85,62.78,46.86,Pump A Running
2026-07-18T18:15:00+00:00,Running,1,2157.7,10.55,4.86,61.08,46.47,Pump A Running
2026-07-18T18:30:00+00:00,Running,1,2223.3,10.59,4.99,63.98,46.84,Pump A Running
2026-07-18T18:45:00+00:00,Running,1,2312.3,10.6,4.92,64.34,46.33,Pump A Running
2026-07-18T19:00:00+00:00,Running,1,2140.8,10.65,4.88,62.72,46.65,Pump A Running
2026-07-18T19:15:00+00:00,Running,1,2169.2,10.53,4.86,62.05,46.08,Pump A Running
2026-07-18T19:30:00+00:00,Running,1,2190.4,10.66,4.78,61.97,46.56,Pump A Running
2026-07-18T19:45:00+00:00,Running,1,2240.3,10.64,4.78,63.3,46.74,Pump A Running
2026-07-18T20:00:00+00:00,Running,1,2212.8,10.66,4.89,60.29,46.67,Pump A Running
2026-07-18T20:15:00+00:00,Running,1,2118.3,10.53,4.76,61.82,46.05,Pump A Running
2026-07-18T20:30:00+00:00,Running,1,2148.6,10.71,4.78,62.85,46.05,Pump A Running
2026-07-18T20:45:00+00:00,Running,1,1963.7,10.6,4.81,63.16,46.2,Pump A Running
2026-07-18T21:00:00+00:00,Running,1,2105.0,10.53,4.83,63.6,46.14,Pump A Running
2026-07-18T21:15:00+00:00,Running,1,2311.6,10.67,4.78,61.71,45.96,Pump A Running
2026-07-18T21:30:00+00:00,Running,1,2178.5,10.55,4.66,62.54,45.95,Pump A Running
2026-07-18T21:45:00+00:00,Running,1,2084.3,10.65,4.78,62.31,46.99,Pump A Running
2026-07-18T22:00:00+00:00,Running,1,2120.2,10.55,4.66,62.09,45.71,Pump A Running
2026-07-18T22:15:00+00:00,Running,1,2061.5,10.69,4.8,62.27,46.15,Pump A Running
2026-07-18T22:30:00+00:00,Running,1,2180.3,10.68,4.73,62.54,45.82,Pump A Running
2026-07-18T22:45:00+00:00,Running,1,2081.2,10.63,4.77,62.61,46.12,Pump A Running
2026-07-18T23:00:00+00:00,Running,1,2167.4,10.55,4.85,61.37,45.84,Pump A Running
2026-07-18T23:15:00+00:00,Running,1,2133.2,10.63,4.97,62.06,45.49,Pump A Running
2026-07-18T23:30:00+00:00,Running,1,2201.7,10.63,4.81,61.54,46.14,Pump A Running
2026-07-18T23:45:00+00:00,Running,1,2062.2,10.62,4.81,62.06,45.72,Pump A Running
2026-07-19T00:00:00+00:00,Running,1,2188.3,10.6,4.65,63.57,46.19,Pump A Running
2026-07-19T00:15:00+00:00,Running,1,2163.7,10.76,4.62,62.65,46.06,Pump A Running
2026-07-19T00:30:00+00:00,Running,1,2107.9,10.62,4.92,63.71,45.72,Pump A Running
2026-07-19T00:45:00+00:00,Running,1,2129.8,10.6,4.72,64.19,45.76,Pump A Running
2026-07-19T01:00:00+00:00,Running,1,2117.6,10.66,4.86,62.77,45.51,Pump A Running
2026-07-19T01:15:00+00:00,Running,1,2150.8,10.59,4.85,63.17,46.2,Pump A Running
2026-07-19T01:30:00+00:00,Running,1,2093.1,10.57,4.87,61.31,46.42,Pump A Running
2026-07-19T01:45:00+00:00,Running,1,2052.5,10.64,4.89,61.2,46.63,Pump A Running
2026-07-19T02:00:00+00:00,Stopped,0,0.0,0.0,0.14,0.0,29.07,Pumps Stopped
2026-07-19T02:15:00+00:00,Stopped,0,0.0,0.0,0.11,0.0,29.02,Pumps Stopped
2026-07-19T02:30:00+00:00,Stopped,0,0.0,0.0,0.13,0.0,28.84,Pumps Stopped
2026-07-19T02:45:00+00:00,Stopped,0,0.0,0.0,0.16,0.0,28.84,Pumps Stopped
2026-07-19T03:00:00+00:00,Stopped,0,0.0,0.0,0.12,0.0,29.17,Pumps Stopped
2026-07-19T03:15:00+00:00,Stopped,0,0.0,0.0,0.12,0.0,28.87,Pumps Stopped
2026-07-19T03:30:00+00:00,Running,1,2078.7,10.45,4.94,63.03,45.6,Pump A Running
2026-07-19T03:45:00+00:00,Running,1,2212.3,10.6,4.78,61.39,46.54,Pump A Running
2026-07-19T04:00:00+00:00,Running,1,2026.0,10.64,4.89,60.81,45.84,Pump A Running
2026-07-19T04:15:00+00:00,Running,1,2137.6,10.72,4.75,64.16,46.49,Pump A Running
2026-07-19T04:30:00+00:00,Running,1,2346.3,10.65,4.74,59.88,45.81,Pump A Running
2026-07-19T04:45:00+00:00,Running,1,2282.3,10.57,4.92,62.62,46.2,Pump A Running
2026-07-19T05:00:00+00:00,Running,1,2082.7,10.6,4.9,60.89,46.12,Pump A Running
2026-07-19T05:15:00+00:00,Running,1,2183.7,10.35,5.02,62.08,46.0,Pump A Running
2026-07-19T05:30:00+00:00,Running,1,2203.4,10.74,4.93,60.96,45.86,Pump A Running
2026-07-19T05:45:00+00:00,Running,1,2045.6,10.67,4.83,61.53,45.86,Pump A Running
2026-07-19T06:00:00+00:00,Running,1,2225.0,10.61,4.71,62.24,46.38,Pump A Running
2026-07-19T06:15:00+00:00,Running,1,2276.5,10.46,4.82,62.86,45.93,Pump A Running
2026-07-19T06:30:00+00:00,Running,1,1979.1,10.64,4.92,63.15,46.56,Pump A Running
2026-07-19T06:45:00+00:00,Running,1,2185.6,10.63,4.69,62.32,46.26,Pump A Running
2026-07-19T07:00:00+00:00,Running,1,2205.9,10.65,4.82,62.69,46.06,Pump A Running
2026-07-19T07:15:00+00:00,Running,1,2304.5,10.7,4.74,61.99,45.89,Pump A Running
2026-07-19T07:30:00+00:00,Running,1,2167.3,10.46,4.76,60.53,46.5,Pump A Running
2026-07-19T07:45:00+00:00,Running,1,2317.0,10.63,4.84,60.88,46.37,Pump A Running
2026-07-19T08:00:00+00:00,Running,1,2209.3,10.56,4.7,61.25,46.06,Pump A Running
2026-07-19T08:15:00+00:00,Running,1,2177.6,10.59,4.77,63.03,46.0,Pump A Running
2026-07-19T08:30:00+00:00,Running,1,2321.8,10.53,4.81,60.8,46.25,Pump A Running
2026-07-19T08:45:00+00:00,Running,1,2313.7,10.68,4.74,63.08,46.17,Pump A Running
2026-07-19T09:00:00+00:00,Running,1,2371.9,10.69,4.88,61.89,46.19,Pump A Running
2026-07-19T09:15:00+00:00,Running,1,2237.8,10.6,4.81,63.87,46.36,Pump A Running
2026-07-19T09:30:00+00:00,Running,1,2095.4,10.58,4.74,63.92,45.84,Pump A Running
2026-07-19T09:45:00+00:00,Running,1,2193.3,10.63,4.92,62.04,46.57,Pump A Running
2026-07-19T10:00:00+00:00,Running,1,2297.7,10.7,4.89,62.01,46.43,Pump A Running
2026-07-19T10:15:00+00:00,Running,1,2030.2,10.55,4.8,61.74,46.1,Pump A Running
2026-07-19T10:30:00+00:00,Running,1,2294.6,10.62,4.85,63.54,46.08,Pump A Running
2026-07-19T10:45:00+00:00,Running,1,2358.7,10.58,4.86,60.59,46.02,Pump A Running
2026-07-19T11:00:00+00:00,Running,1,2307.2,10.55,4.81,62.43,46.08,Pump A Running
2026-07-19T11:15:00+00:00,Running,1,2333.7,10.63,4.77,63.59,46.21,Pump A Running
2026-07-19T11:30:00+00:00,Running,1,2235.1,10.54,4.84,63.12,46.13,Pump A Running
2026-07-19T11:45:00+00:00,Running,1,2250.5,10.63,4.8,63.35,46.25,Pump A Running
2026-07-19T12:00:00+00:00,Running,1,2238.5,10.61,4.76,59.93,46.15,Pump A Running
2026-07-19T12:15:00+00:00,Running,1,2285.7,10.5,4.8,61.34,46.12,Pump A Running
2026-07-19T12:30:00+00:00,Running,1,2311.6,10.7,4.71,59.68,46.9,Pump A Running
2026-07-19T12:45:00+00:00,Running,1,2421.6,10.69,4.73,63.73,46.68,Pump A Running
2026-07-19T13:00:00+00:00,Running,1,2458.7,10.66,4.7,61.12,47.01,Pump A Running
2026-07-19T13:15:00+00:00,Running,1,2449.0,10.62,4.76,62.31,46.36,Pump A Running
2026-07-19T13:30:00+00:00,Running,1,2569.5,10.68,4.93,60.93,46.58,Pump A Running
2026-07-19T13:45:00+00:00,Running,1,2426.2,10.59,4.82,62.0,46.41,Pump A Running
2026-07-19T14:00:00+00:00,Running,1,2376.2,10.62,4.92,60.7,46.77,Pump A Running
2026-07-19T14:15:00+00:00,Running,1,2171.1,10.59,4.8,60.62,46.29,Pump A Running
2026-07-19T14:30:00+00:00,Running,1,2300.6,10.57,4.81,61.51,46.46,Pump A Running
2026-07-19T14:45:00+00:00,Running,1,2334.2,10.71,4.92,60.15,46.0,Pump A Running
2026-07-19T15:00:00+00:00,Running,1,2112.9,10.51,4.87,62.0,46.27,Pump A Running
2026-07-19T15:15:00+00:00,Running,1,2437.9,10.54,5.06,62.65,46.12,Pump A Running
2026-07-19T15:30:00+00:00,Running,1,2381.8,10.57,4.76,59.71,46.35,Pump A Running
2026-07-19T15:45:00+00:00,Running,1,2515.4,10.57,4.78,61.45,46.62,Pump A Running
2026-07-19T16:00:00+00:00,Running,1,2379.8,10.55,4.87,64.48,46.43,Pump A Running
2026-07-19T16:15:00+00:00,Running,1,2599.7,10.66,4.84,61.47,46.29,Pump A Running
2026-07-19T16:30:00+00:00,Running,1,2295.8,10.55,4.77,62.35,45.74,Pump A Running
2026-07-19T16:45:00+00:00,Running,1,2268.0,10.66,4.78,63.21,45.55,Pump A Running
2026-07-19T17:00:00+00:00,Running,1,2456.5,10.51,4.81,62.61,46.56,Pump A Running
2026-07-19T17:15:00+00:00,Running,1,2573.4,10.59,4.77,59.43,46.3,Pump A Running
2026-07-19T17:30:00+00:00,Running,1,2578.0,10.58,4.77,64.72,46.16,Pump A Running
2026-07-19T17:45:00+00:00,Running,1,2339.2,10.53,4.86,61.4,45.98,Pump A Running
2026-07-19T18:00:00+00:00,Running,1,2388.9,10.6,4.84,61.19,46.08,Pump A Running
2026-07-19T18:15:00+00:00,Running,1,2565.7,10.6,4.79,62.29,46.65,Pump A Running
2026-07-19T18:30:00+00:00,Running,1,2436.8,10.58,4.81,62.67,46.09,Pump A Running
2026-07-19T18:45:00+00:00,Running,1,2391.3,10.55,4.91,60.9,46.15,Pump A Running
2026-07-19T19:00:00+00:00,Running,1,2487.4,10.59,4.84,61.22,45.87,Pump A Running
2026-07-19T19:15:00+00:00,Running,1,2657.2,10.68,4.84,61.91,46.63,Pump A Running
2026-07-19T19:30:00+00:00,Running,1,2588.5,10.64,4.82,63.89,46.78,Pump A Running
2026-07-19T19:45:00+00:00,Running,1,2515.2,10.59,4.74,60.0,46.9,Pump A Running
2026-07-19T20:00:00+00:00,Running,1,2556.7,10.57,4.83,61.5,46.66,Pump A Running
2026-07-19T20:15:00+00:00,Running,1,2667.8,10.6,4.81,63.2,46.59,Pump A Running
2026-07-19T20:30:00+00:00,Running,1,2568.8,10.51,4.7,62.14,46.33,Pump A Running
2026-07-19T20:45:00+00:00,Running,1,2729.4,10.62,4.78,60.78,47.07,Pump A Running
2026-07-19T21:00:00+00:00,Running,1,2795.0,10.56,4.67,61.13,47.09,Pump A Running
2026-07-19T21:15:00+00:00,Running,1,2623.1,10.59,4.68,62.34,46.45,Pump A Running
2026-07-19T21:30:00+00:00,Running,1,2537.4,10.64,4.83,61.24,46.18,Pump A Running
2026-07-19T21:45:00+00:00,Running,1,2596.9,10.67,4.92,63.06,46.96,Pump A Running
2026-07-19T22:00:00+00:00,Running,1,2412.2,10.7,4.8,60.95,46.45,Pump A Running
2026-07-19T22:15:00+00:00,Running,1,2594.8,10.75,4.76,61.78,46.35,Pump A Running
2026-07-19T22:30:00+00:00,Running,1,2556.5,10.56,4.87,63.06,46.1,Pump A Running
2026-07-19T22:45:00+00:00,Running,1,2644.3,10.57,4.78,63.6,46.74,Pump A Running
2026-07-19T23:00:00+00:00,Running,1,2751.0,10.62,4.85,62.63,46.73,Pump A Running
2026-07-19T23:15:00+00:00,Running,1,2745.9,10.6,4.76,60.83,46.41,Pump A Running
2026-07-19T23:30:00+00:00,Running,1,2552.7,10.59,4.83,61.78,46.7,Pump A Running
2026-07-19T23:45:00+00:00,Running,1,2602.0,10.73,4.73,61.31,47.23,Pump A Running
2026-07-20T00:00:00+00:00,Running,1,2742.1,10.64,4.77,60.9,46.82,Pump A Running
2026-07-20T00:15:00+00:00,Running,1,2700.5,10.49,4.77,61.85,46.99,Pump A Running
2026-07-20T00:30:00+00:00,Running,1,2750.0,10.46,4.89,62.58,46.51,Pump A Running
2026-07-20T00:45:00+00:00,Running,1,2789.1,10.62,4.76,62.89,46.26,Pump A Running
2026-07-20T01:00:00+00:00,Running,1,2700.6,10.58,4.85,63.91,46.81,Pump A Running
2026-07-20T01:15:00+00:00,Running,1,2681.2,10.71,4.83,61.96,46.73,Pump A Running
2026-07-20T01:30:00+00:00,Running,1,2818.4,10.51,4.75,63.35,47.05,Pump A Running
2026-07-20T01:45:00+00:00,Running,1,2841.2,10.65,4.76,61.2,46.72,Pump A Running
2026-07-20T02:00:00+00:00,Stopped,0,0.0,0.0,0.15,0.0,28.63,Pumps Stopped
2026-07-20T02:15:00+00:00,Stopped,0,0.0,0.0,0.12,0.0,29.03,Pumps Stopped
2026-07-20T02:30:00+00:00,Stopped,0,0.0,0.0,0.15,0.0,29.1,Pumps Stopped
2026-07-20T02:45:00+00:00,Stopped,0,0.0,0.0,0.2,0.0,29.25,Pumps Stopped
2026-07-20T03:00:00+00:00,Stopped,0,0.0,0.0,0.17,0.0,28.96,Pumps Stopped
2026-07-20T03:15:00+00:00,Stopped,0,0.0,0.0,0.17,0.0,28.43,Pumps Stopped
2026-07-20T03:30:00+00:00,Running,1,2833.6,10.72,4.66,62.03,47.18,Pump A Running
2026-07-20T03:45:00+00:00,Running,1,2724.3,10.59,4.75,63.84,45.99,Pump A Running
2026-07-20T04:00:00+00:00,Running,1,2773.0,10.55,4.85,60.43,46.25,Pump A Running
2026-07-20T04:15:00+00:00,Running,1,2680.9,10.77,4.65,62.54,47.23,Pump A Running
2026-07-20T04:30:00+00:00,Running,1,2749.3,10.66,4.69,61.79,46.28,Pump A Running
2026-07-20T04:45:00+00:00,Running,1,2685.6,10.61,4.79,64.8,46.11,Pump A Running
2026-07-20T05:00:00+00:00,Running,1,2715.3,10.64,4.86,63.34,47.12,Pump A Running
2026-07-20T05:15:00+00:00,Running,1,2790.7,10.66,4.75,62.61,46.62,Pump A Running
2026-07-20T05:30:00+00:00,Running,1,2733.5,10.58,4.85,62.76,47.07,Pump A Running
2026-07-20T05:45:00+00:00,Running,1,2899.5,10.54,4.81,61.73,46.81,Pump A Running
2026-07-20T06:00:00+00:00,Running,1,2859.4,10.63,4.84,63.54,46.51,Pump A Running
2026-07-20T06:15:00+00:00,Running,1,2699.7,10.54,4.8,62.32,46.37,Pump A Running
2026-07-20T06:30:00+00:00,Running,1,2738.5,10.62,4.89,65.31,46.66,Pump A Running
2026-07-20T06:45:00+00:00,Running,1,2751.6,10.64,4.66,63.54,47.5,Pump A Running
2026-07-20T07:00:00+00:00,Running,1,2842.9,10.66,4.78,62.18,47.44,Pump A Running
2026-07-20T07:15:00+00:00,Running,1,2883.1,10.6,5.03,62.2,47.25,Pump A Running
2026-07-20T07:30:00+00:00,Running,1,2801.9,10.64,4.79,60.71,46.55,Pump A Running
2026-07-20T07:45:00+00:00,Running,1,2711.2,10.59,4.68,62.2,46.82,Pump A Running
2026-07-20T08:00:00+00:00,Running,1,2843.7,10.67,4.82,61.37,46.93,Pump A Running
2026-07-20T08:15:00+00:00,Running,1,2828.3,10.62,4.87,62.06,46.8,Pump A Running
2026-07-20T08:30:00+00:00,Running,1,2934.7,10.61,4.96,62.13,47.35,Pump A Running
2026-07-20T08:45:00+00:00,Running,1,2562.8,10.67,4.85,60.93,46.21,Pump A Running
2026-07-20T09:00:00+00:00,Running,1,2763.5,10.65,4.62,61.38,47.17,Pump A Running
2026-07-20T09:15:00+00:00,Running,1,2778.0,10.58,4.89,63.87,46.11,Pump A Running
2026-07-20T09:30:00+00:00,Running,1,2735.0,10.61,4.73,62.13,46.4,Pump A Running
2026-07-20T09:45:00+00:00,Running,1,2885.6,10.63,4.75,61.16,46.76,Pump A Running
2026-07-20T10:00:00+00:00,Running,1,2749.1,10.47,4.75,62.35,46.42,Pump A Running
2026-07-20T10:15:00+00:00,Running,1,2680.8,10.58,4.75,61.13,46.88,Pump A Running
2026-07-20T10:30:00+00:00,Running,1,2889.6,10.62,5.02,60.95,46.93,Pump A Running
2026-07-20T10:45:00+00:00,Running,1,2710.9,10.59,4.75,62.81,46.45,Pump A Running
2026-07-20T11:00:00+00:00,Running,1,2746.7,10.65,4.83,63.69,46.87,Pump A Running
2026-07-20T11:15:00+00:00,Running,1,2830.9,10.47,4.88,63.59,47.03,Pump A Running
2026-07-20T11:30:00+00:00,Running,1,2688.0,10.61,4.84,64.11,46.52,Pump A Running
2026-07-20T11:45:00+00:00,Running,1,2792.2,10.49,4.81,62.56,46.57,Pump A Running
2026-07-20T12:00:00+00:00,Running,1,2676.1,10.55,4.76,62.51,46.79,Pump A Running
2026-07-20T12:15:00+00:00,Running,1,2818.9,10.57,4.9,60.01,46.82,Pump A Running
2026-07-20T12:30:00+00:00,Running,1,2791.2,10.56,4.85,63.47,46.38,Pump A Running
2026-07-20T12:45:00+00:00,Running,1,2723.5,10.55,4.95,62.65,47.01,Pump A Running
2026-07-20T13:00:00+00:00,Running,1,2790.4,10.6,4.77,62.82,46.47,Pump A Running
2026-07-20T13:15:00+00:00,Running,1,2661.4,10.62,4.75,61.53,47.21,Pump A Running
2026-07-20T13:30:00+00:00,Running,1,2637.9,10.62,4.91,60.02,46.17,Pump A Running
2026-07-20T13:45:00+00:00,Running,1,2707.0,10.72,4.67,61.59,46.76,Pump A Running
2026-07-20T14:00:00+00:00,Running,1,2909.1,10.69,4.83,62.82,45.96,Pump A Running
2026-07-20T14:15:00+00:00,Running,1,2643.5,10.54,4.8,62.22,46.38,Pump A Running
2026-07-20T14:30:00+00:00,Running,1,2758.7,10.72,5.03,62.11,46.88,Pump A Running
2026-07-20T14:45:00+00:00,Running,1,2728.8,10.53,4.76,59.53,46.37,Pump A Running
2026-07-20T15:00:00+00:00,Running,1,2665.0,10.55,4.93,62.82,46.32,Pump A Running
2026-07-20T15:15:00+00:00,Running,1,2745.5,10.64,4.91,62.35,46.42,Pump A Running
2026-07-20T15:30:00+00:00,Running,1,2736.8,10.67,4.71,61.11,46.95,Pump A Running
2026-07-20T15:45:00+00:00,Running,1,2659.9,10.76,4.65,62.95,46.61,Pump A Running
2026-07-20T16:00:00+00:00,Running,1,2737.3,10.66,4.86,63.18,46.93,Pump A Running
2026-07-20T16:15:00+00:00,Running,1,2742.0,10.7,4.91,61.41,47.66,Pump A Running
2026-07-20T16:30:00+00:00,Running,1,2531.9,10.59,4.88,62.42,45.96,Pump A Running
2026-07-20T16:45:00+00:00,Running,1,2766.3,10.56,4.84,59.54,47.04,Pump A Running
2026-07-20T17:00:00+00:00,Running,1,2732.3,10.6,4.85,61.02,45.87,Pump A Running
2026-07-20T17:15:00+00:00,Running,1,2768.5,10.7,4.71,61.89,46.59,Pump A Running
2026-07-20T17:30:00+00:00,Running,1,2625.6,10.57,4.86,63.12,46.99,Pump A Running
2026-07-20T17:45:00+00:00,Running,1,2541.0,10.64,4.69,60.78,46.55,Pump A Running
2026-07-20T18:00:00+00:00,Running,1,2701.3,10.44,4.77,60.96,46.96,Pump A Running
2026-07-20T18:15:00+00:00,Running,1,2585.9,10.64,4.63,62.96,47.21,Pump A Running
2026-07-20T18:30:00+00:00,Running,1,2541.8,10.59,4.81,60.85,46.68,Pump A Running
2026-07-20T18:45:00+00:00,Running,1,2774.4,10.61,4.79,60.26,46.03,Pump A Running
2026-07-20T19:00:00+00:00,Running,1,2439.1,10.5,4.86,64.14,46.26,Pump A Running
2026-07-20T19:15:00+00:00,Running,1,2498.0,10.57,4.82,61.55,46.62,Pump A Running
2026-07-20T19:30:00+00:00,Running,1,2774.9,10.58,4.71,62.74,46.17,Pump A Running
2026-07-20T19:45:00+00:00,Running,1,2461.6,10.61,4.69,62.27,46.68,Pump A Running
2026-07-20T20:00:00+00:00,Running,1,2606.9,10.54,4.87,60.75,46.64,Pump A Running
2026-07-20T20:15:00+00:00,Running,1,2525.9,10.63,4.86,64.25,47.08,Pump A Running
2026-07-20T20:30:00+00:00,Running,1,2511.5,10.69,4.78,60.02,46.79,Pump A Running
2026-07-20T20:45:00+00:00,Running,1,2585.1,10.57,4.8,61.39,46.24,Pump A Running
2026-07-20T21:00:00+00:00,Running,1,2638.2,10.61,4.86,60.59,46.55,Pump A Running
2026-07-20T21:15:00+00:00,Running,1,2536.6,10.68,4.76,61.28,46.55,Pump A Running
2026-07-20T21:30:00+00:00,Running,1,2761.1,10.5,4.86,61.4,47.05,Pump A Running
2026-07-20T21:45:00+00:00,Running,1,2579.7,10.67,4.93,61.08,46.42,Pump A Running
2026-07-20T22:00:00+00:00,Running,1,2521.6,10.7,4.68,59.77,46.2,Pump A Running
2026-07-20T22:15:00+00:00,Running,1,2420.0,10.66,4.71,60.85,46.1,Pump A Running
2026-07-20T22:30:00+00:00,Running,1,2626.9,10.67,4.8,62.02,46.53,Pump A Running
2026-07-20T22:45:00+00:00,Running,1,2590.6,10.55,4.76,59.99,46.08,Pump A Running
2026-07-20T23:00:00+00:00,Running,1,2585.9,10.54,4.66,61.78,46.75,Pump A Running
2026-07-20T23:15:00+00:00,Running,1,2518.1,10.57,4.74,62.08,46.48,Pump A Running
2026-07-20T23:30:00+00:00,Running,1,2620.9,10.51,4.74,59.0,46.76,Pump A Running
2026-07-20T23:45:00+00:00,Running,1,2571.4,10.51,5.01,61.67,45.91,Pump A Running
2026-07-21T00:00:00+00:00,Running,1,2438.6,10.62,4.78,60.38,45.98,Pump A Running
2026-07-21T00:15:00+00:00,Running,1,2483.4,10.58,4.7,63.93,46.51,Pump A Running
2026-07-21T00:30:00+00:00,Running,1,2679.7,10.67,4.87,62.44,46.42,Pump A Running
2026-07-21T00:45:00+00:00,Running,1,2574.3,10.6,4.74,62.48,46.3,Pump A Running
2026-07-21T01:00:00+00:00,Running,1,2441.0,10.64,4.87,60.62,46.51,Pump A Running
2026-07-21T01:15:00+00:00,Running,1,2557.0,10.66,4.93,63.46,46.91,Pump A Running
2026-07-21T01:30:00+00:00,Running,1,2542.6,10.62,4.97,62.55,46.21,Pump A Running
2026-07-21T01:45:00+00:00,Running,1,2532.0,10.74,4.76,63.18,46.5,Pump A Running
2026-07-21T02:00:00+00:00,Stopped,0,0.0,0.0,0.16,0.0,28.77,Pumps Stopped
2026-07-21T02:15:00+00:00,Stopped,0,0.0,0.0,0.16,0.0,28.44,Pumps Stopped
2026-07-21T02:30:00+00:00,Stopped,0,0.0,0.0,0.09,0.0,28.79,Pumps Stopped
2026-07-21T02:45:00+00:00,Stopped,0,0.0,0.0,0.12,0.0,29.27,Pumps Stopped
2026-07-21T03:00:00+00:00,Stopped,0,0.0,0.0,0.13,0.0,28.52,Pumps Stopped
2026-07-21T03:15:00+00:00,Stopped,0,0.0,0.0,0.14,0.0,28.65,Pumps Stopped
2026-07-21T03:30:00+00:00,Running,1,2363.6,10.67,4.85,62.11,46.36,Pump A Running
2026-07-21T03:45:00+00:00,Running,1,2353.0,10.55,4.72,61.03,45.7,Pump A Running
2026-07-21T04:00:00+00:00,Running,1,2308.7,10.45,4.73,60.2,46.94,Pump A Running
2026-07-21T04:15:00+00:00,Running,1,2394.6,10.58,4.85,59.37,46.64,Pump A Running
2026-07-21T04:30:00+00:00,Running,1,2363.0,10.54,4.71,63.85,46.39,Pump A Running
2026-07-21T04:45:00+00:00,Running,1,2415.2,10.69,4.8,62.43,46.4,Pump A Running
2026-07-21T05:00:00+00:00,Running,1,2328.6,10.65,4.9,60.7,46.61,Pump A Running
2026-07-21T05:15:00+00:00,Running,1,2474.7,10.53,4.88,60.95,46.41,Pump A Running
2026-07-21T05:30:00+00:00,Running,1,2290.1,10.54,4.76,62.76,46.28,Pump A Running
2026-07-21T05:45:00+00:00,Running,1,2379.1,10.49,4.72,63.66,46.25,Pump A Running
2026-07-21T06:00:00+00:00,Running,1,2424.3,10.57,4.72,62.5,46.88,Pump A Running
2026-07-21T06:15:00+00:00,Running,1,2297.0,10.68,4.93,61.52,46.05,Pump A Running
2026-07-21T06:30:00+00:00,Running,1,2303.2,10.55,4.84,61.79,46.09,Pump A Running
2026-07-21T06:45:00+00:00,Running,1,2302.6,10.41,4.87,59.18,46.4,Pump A Running
2026-07-21T07:00:00+00:00,Running,1,2232.9,10.5,4.82,61.8,46.23,Pump A Running
2026-07-21T07:15:00+00:00,Running,1,2363.4,10.61,4.79,63.56,46.17,Pump A Running
2026-07-21T07:30:00+00:00,Running,1,2402.4,10.72,4.93,58.66,46.06,Pump A Running
2026-07-21T07:45:00+00:00,Running,1,2318.2,10.4,4.83,62.58,46.69,Pump A Running
2026-07-21T08:00:00+00:00,Running,1,2378.3,10.74,4.64,64.44,46.44,Pump A Running
2026-07-21T08:15:00+00:00,Running,1,2455.2,10.62,4.77,63.1,46.72,Pump A Running
2026-07-21T08:30:00+00:00,Running,1,2383.4,10.58,4.8,62.46,46.48,Pump A Running
2026-07-21T08:45:00+00:00,Running,1,2294.8,10.7,4.73,60.89,46.43,Pump A Running
2026-07-21T09:00:00+00:00,Running,1,2264.8,10.58,4.7,61.75,45.74,Pump A Running
2026-07-21T09:15:00+00:00,Running,1,2450.5,10.52,4.74,61.72,46.37,Pump A Running
2026-07-21T09:30:00+00:00,Running,1,2202.7,10.58,4.72,62.13,46.15,Pump A Running
2026-07-21T09:45:00+00:00,Running,1,2417.0,10.6,4.82,63.63,46.43,Pump A Running
2026-07-21T10:00:00+00:00,Running,1,2222.6,10.51,4.96,59.79,45.61,Pump A Running
2026-07-21T10:15:00+00:00,Running,1,2085.1,10.6,4.83,59.5,46.48,Pump A Running
2026-07-21T10:30:00+00:00,Running,1,2325.9,10.58,4.81,61.69,46.36,Pump A Running
2026-07-21T10:45:00+00:00,Running,1,2372.9,10.63,5.08,61.88,46.42,Pump A Running
2026-07-21T11:00:00+00:00,Running,1,2358.3,10.57,4.69,61.73,46.88,Pump A Running
2026-07-21T11:15:00+00:00,Running,1,2285.0,10.58,4.82,61.98,45.85,Pump A Running
2026-07-21T11:30:00+00:00,Running,1,2316.2,10.6,4.74,61.82,46.23,Pump A Running
2026-07-21T11:45:00+00:00,Running,1,2053.2,10.6,4.91,61.18,46.79,Pump A Running
2026-07-21T12:00:00+00:00,Running,1,2086.2,10.5,4.63,63.1,45.65,Pump A Running
2026-07-21T12:15:00+00:00,Running,1,2103.1,10.5,4.8,64.13,45.91,Pump A Running
2026-07-21T12:30:00+00:00,Running,1,2306.2,10.69,4.92,61.78,45.64,Pump A Running
2026-07-21T12:45:00+00:00,Running,1,2141.5,10.72,4.75,62.86,46.54,Pump A Running
2026-07-21T13:00:00+00:00,Running,1,2232.0,10.67,4.74,59.54,45.68,Pump A Running
2026-07-21T13:15:00+00:00,Running,1,2245.2,10.64,4.87,62.28,46.43,Pump A Running
2026-07-21T13:30:00+00:00,Running,1,2235.5,10.58,4.67,61.55,46.64,Pump A Running
2026-07-21T13:45:00+00:00,Running,1,2128.4,10.52,4.91,62.15,45.62,Pump A Running
2026-07-21T14:00:00+00:00,Running,1,2253.2,10.75,4.76,62.8,46.06,Pump A Running
2026-07-21T14:15:00+00:00,Running,1,2034.5,10.64,4.85,63.48,45.57,Pump A Running
2026-07-21T14:30:00+00:00,Running,1,2144.8,10.56,4.88,62.85,46.35,Pump A Running
2026-07-21T14:45:00+00:00,Running,1,2236.9,10.67,4.72,61.66,45.78,Pump A Running
2026-07-21T15:00:00+00:00,Running,1,2062.5,10.64,4.61,61.96,46.66,Pump A Running
2026-07-21T15:15:00+00:00,Running,1,2129.7,10.49,4.76,62.89,46.56,Pump A Running
2026-07-21T15:30:00+00:00,Running,1,2194.4,10.64,4.99,60.63,46.44,Pump A Running
2026-07-21T15:45:00+00:00,Running,1,2134.3,10.61,4.72,61.58,46.5,Pump A Running
2026-07-21T16:00:00+00:00,Running,1,2031.3,10.67,4.7,61.24,46.52,Pump A Running
2026-07-21T16:15:00+00:00,Running,1,2022.9,10.59,4.66,64.22,45.57,Pump A Running
2026-07-21T16:30:00+00:00,Running,1,2019.8,10.63,4.85,60.2,45.52,Pump A Running
2026-07-21T16:45:00+00:00,Running,1,2130.6,10.44,4.83,62.79,46.15,Pump A Running
2026-07-21T17:00:00+00:00,Running,1,2138.0,10.61,4.74,62.11,46.23,Pump A Running
2026-07-21T17:15:00+00:00,Running,1,2214.3,10.55,4.85,62.37,46.22,Pump A Running
2026-07-21T17:30:00+00:00,Running,1,2147.9,10.52,4.8,63.17,46.42,Pump A Running
2026-07-21T17:45:00+00:00,Running,1,2291.5,10.69,4.79,62.27,45.78,Pump A Running
2026-07-21T18:00:00+00:00,Running,1,2014.3,10.56,4.73,60.99,45.83,Pump A Running
2026-07-21T18:15:00+00:00,Running,1,1993.9,10.56,5.0,61.34,45.38,Pump A Running
2026-07-21T18:30:00+00:00,Running,1,2166.2,10.62,4.69,61.59,45.8,Pump A Running
2026-07-21T18:45:00+00:00,Running,1,2177.2,10.57,4.68,60.83,45.74,Pump A Running
2026-07-21T19:00:00+00:00,Running,1,2274.8,10.52,5.01,63.17,46.09,Pump A Running
2026-07-21T19:15:00+00:00,Running,1,2068.4,10.51,4.71,60.4,45.62,Pump A Running
2026-07-21T19:30:00+00:00,Running,1,2079.3,10.59,4.91,62.34,46.67,Pump A Running
2026-07-21T19:45:00+00:00,Running,1,2266.0,10.59,4.81,61.92,45.51,Pump A Running
2026-07-21T20:00:00+00:00,Running,1,2182.5,10.52,4.89,61.46,45.54,Pump A Running
2026-07-21T20:15:00+00:00,Running,1,2021.0,10.63,4.84,61.96,45.81,Pump A Running
2026-07-21T20:30:00+00:00,Running,1,2074.3,10.58,4.71,62.21,46.19,Pump A Running
2026-07-21T20:45:00+00:00,Running,1,2171.9,10.58,4.73,62.67,46.01,Pump A Running
2026-07-21T21:00:00+00:00,Running,1,2148.8,10.7,4.79,62.85,46.0,Pump A Running
2026-07-21T21:15:00+00:00,Running,1,2161.7,10.54,4.83,61.04,45.66,Pump A Running
2026-07-21T21:30:00+00:00,Running,1,2105.6,10.65,4.79,62.13,46.0,Pump A Running
2026-07-21T21:45:00+00:00,Running,1,1937.4,10.62,4.77,64.07,45.33,Pump A Running
2026-07-21T22:00:00+00:00,Running,1,2035.2,10.57,4.74,62.35,46.23,Pump A Running
2026-07-21T22:15:00+00:00,Running,1,2141.4,10.47,4.83,60.48,45.68,Pump A Running
2026-07-21T22:30:00+00:00,Running,1,2141.2,10.63,4.81,60.01,46.39,Pump A Running
2026-07-21T22:45:00+00:00,Running,1,2422.4,10.7,4.65,62.92,45.62,Pump A Running
2026-07-21T23:00:00+00:00,Running,1,2009.5,10.61,4.64,61.79,46.08,Pump A Running
2026-07-21T23:15:00+00:00,Running,1,2244.8,10.63,4.94,62.78,46.14,Pump A Running
2026-07-21T23:30:00+00:00,Running,1,2337.8,10.61,4.87,62.44,46.26,Pump A Running
2026-07-21T23:45:00+00:00,Running,1,1988.6,10.56,4.79,62.46,45.62,Pump A Running
2026-07-22T00:00:00+00:00,Running,1,2311.6,10.57,4.72,64.01,46.02,Pump A Running
2026-07-22T00:15:00+00:00,Running,1,2172.1,10.59,4.81,62.61,45.87,Pump A Running
2026-07-22T00:30:00+00:00,Running,1,2342.1,10.56,4.76,62.12,46.18,Pump A Running
2026-07-22T00:45:00+00:00,Running,1,2223.3,10.64,4.77,60.99,46.03,Pump A Running
2026-07-22T01:00:00+00:00,Running,1,2066.6,10.56,4.75,61.61,45.75,Pump A Running
2026-07-22T01:15:00+00:00,Running,1,2152.9,10.54,4.83,60.58,46.11,Pump A Running
2026-07-22T01:30:00+00:00,Running,1,2269.2,10.59,4.8,60.99,45.9,Pump A Running
2026-07-22T01:45:00+00:00,Running,1,2113.2,10.66,4.84,63.47,46.13,Pump A Running
2026-07-22T02:00:00+00:00,Stopped,0,0.0,0.0,0.13,0.0,28.74,Pumps Stopped
2026-07-22T02:15:00+00:00,Stopped,0,0.0,0.0,0.13,0.0,29.06,Pumps Stopped
2026-07-22T02:30:00+00:00,Stopped,0,0.0,0.0,0.19,0.0,28.96,Pumps Stopped
2026-07-22T02:45:00+00:00,Stopped,0,0.0,0.0,0.15,0.0,28.27,Pumps Stopped
2026-07-22T03:00:00+00:00,Stopped,0,0.0,0.0,0.12,0.0,29.05,Pumps Stopped
2026-07-22T03:15:00+00:00,Stopped,0,0.0,0.0,0.18,0.0,28.6,Pumps Stopped
2026-07-22T03:30:00+00:00,Running,1,2255.2,10.58,4.82,62.04,45.75,Pump A Running
2026-07-22T03:45:00+00:00,Running,1,2208.4,10.54,4.74,60.66,45.97,Pump A Running
2026-07-22T04:00:00+00:00,Running,1,2099.1,10.48,4.74,63.77,45.56,Pump A Running
2026-07-22T04:15:00+00:00,Running,1,2197.4,10.61,4.84,60.4,45.96,Pump A Running
2026-07-22T04:30:00+00:00,Running,1,2223.1,10.54,4.82,62.93,45.84,Pump A Running
2026-07-22T04:45:00+00:00,Running,1,2249.1,10.5,4.75,60.77,46.45,Pump A Running
2026-07-22T05:00:00+00:00,Running,1,2174.7,10.59,4.76,62.23,46.19,Pump A Running
2026-07-22T05:15:00+00:00,Running,1,2163.1,10.67,4.76,63.16,45.78,Pump A Running
2026-07-22T05:30:00+00:00,Running,1,2310.3,10.6,4.81,61.86,46.11,Pump A Running
2026-07-22T05:45:00+00:00,Running,1,2290.2,10.62,4.92,60.4,46.79,Pump A Running
2026-07-22T06:00:00+00:00,Running,1,2331.9,10.5,4.82,60.97,45.83,Pump A Running
2026-07-22T06:15:00+00:00,Running,1,2323.0,10.52,4.75,61.64,45.88,Pump A Running
2026-07-22T06:30:00+00:00,Running,1,2307.7,10.47,4.98,63.55,46.41,Pump A Running
2026-07-22T06:45:00+00:00,Running,1,2132.1,10.53,4.8,63.06,46.01,Pump A Running
2026-07-22T07:00:00+00:00,Running,1,2397.1,10.68,4.84,61.76,46.55,Pump A Running
2026-07-22T07:15:00+00:00,Running,1,2277.9,10.63,4.96,60.96,46.07,Pump A Running
2026-07-22T07:30:00+00:00,Running,1,2449.8,10.55,4.82,60.27,45.85,Pump A Running
2026-07-22T07:45:00+00:00,Running,1,2350.7,10.69,4.86,58.51,45.78,Pump A Running
2026-07-22T08:00:00+00:00,Running,1,2317.2,10.62,4.76,61.61,46.42,Pump A Running
2026-07-22T08:15:00+00:00,Running,1,2351.2,10.6,4.7,60.61,46.59,Pump A Running
2026-07-22T08:30:00+00:00,Running,1,2442.0,10.53,4.79,62.21,46.63,Pump A Running
2026-07-22T08:45:00+00:00,Running,1,2432.3,10.56,4.89,64.84,46.67,Pump A Running
2026-07-22T09:00:00+00:00,Running,1,2441.0,10.67,4.67,60.05,46.6,Pump A Running
2026-07-22T09:15:00+00:00,Running,1,2380.6,10.71,4.71,61.17,46.72,Pump A Running
2026-07-22T09:30:00+00:00,Running,1,2444.4,10.55,4.92,62.17,46.32,Pump A Running
2026-07-22T09:45:00+00:00,Running,1,2372.0,10.55,4.72,60.12,46.35,Pump A Running
2026-07-22T10:00:00+00:00,Running,1,2454.9,10.7,4.67,62.01,45.97,Pump A Running
2026-07-22T10:15:00+00:00,Running,1,2648.0,10.43,4.75,62.47,45.88,Pump A Running
2026-07-22T10:30:00+00:00,Running,1,2364.5,10.54,4.89,61.17,46.09,Pump A Running
2026-07-22T10:45:00+00:00,Running,1,2457.3,10.63,4.79,61.67,46.44,Pump A Running
2026-07-22T11:00:00+00:00,Running,1,2525.3,10.57,4.77,62.42,46.64,Pump A Running
2026-07-22T11:15:00+00:00,Running,1,2384.6,10.49,4.98,62.46,45.88,Pump A Running
2026-07-22T11:30:00+00:00,Running,1,2525.6,10.61,4.87,60.38,46.89,Pump A Running
2026-07-22T11:45:00+00:00,Running,1,2305.5,10.55,4.75,63.19,46.02,Pump A Running
2026-07-22T12:00:00+00:00,Planned Shutdown,0,0.0,0.0,0.1,0.0,29.25,Pumps Stopped
2026-07-22T12:15:00+00:00,Planned Shutdown,0,0.0,0.0,0.12,0.0,28.46,Pumps Stopped
2026-07-22T12:30:00+00:00,Planned Shutdown,0,0.0,0.0,0.15,0.0,28.95,Pumps Stopped
2026-07-22T12:45:00+00:00,Planned Shutdown,0,0.0,0.0,0.14,0.0,28.75,Pumps Stopped
2026-07-22T13:00:00+00:00,Planned Shutdown,0,0.0,0.0,0.16,0.0,29.13,Pumps Stopped
2026-07-22T13:15:00+00:00,Planned Shutdown,0,0.0,0.0,0.15,0.0,28.93,Pumps Stopped
2026-07-22T13:30:00+00:00,Planned Shutdown,0,0.0,0.0,0.2,0.0,28.97,Pumps Stopped
2026-07-22T13:45:00+00:00,Planned Shutdown,0,0.0,0.0,0.21,0.0,28.55,Pumps Stopped
2026-07-22T14:00:00+00:00,Planned Shutdown,0,0.0,0.0,0.18,0.0,29.0,Pumps Stopped
2026-07-22T14:15:00+00:00,Planned Shutdown,0,0.0,0.0,0.15,0.0,28.34,Pumps Stopped
2026-07-22T14:30:00+00:00,Planned Shutdown,0,0.0,0.0,0.11,0.0,29.45,Pumps Stopped
2026-07-22T14:45:00+00:00,Planned Shutdown,0,0.0,0.0,0.17,0.0,28.54,Pumps Stopped
2026-07-22T15:00:00+00:00,Planned Shutdown,0,0.0,0.0,0.13,0.0,28.98,Pumps Stopped
2026-07-22T15:15:00+00:00,Planned Shutdown,0,0.0,0.0,0.1,0.0,28.93,Pumps Stopped
2026-07-22T15:30:00+00:00,Planned Shutdown,0,0.0,0.0,0.16,0.0,28.67,Pumps Stopped
2026-07-22T15:45:00+00:00,Planned Shutdown,0,0.0,0.0,0.16,0.0,29.33,Pumps Stopped
2026-07-22T16:00:00+00:00,Planned Shutdown,0,0.0,0.0,0.19,0.0,28.57,Pumps Stopped
2026-07-22T16:15:00+00:00,Planned Shutdown,0,0.0,0.0,0.16,0.0,29.03,Pumps Stopped
2026-07-22T16:30:00+00:00,Planned Shutdown,0,0.0,0.0,0.16,0.0,29.02,Pumps Stopped
2026-07-22T16:45:00+00:00,Planned Shutdown,0,0.0,0.0,0.06,0.0,28.93,Pumps Stopped
2026-07-22T17:00:00+00:00,Planned Shutdown,0,0.0,0.0,0.2,0.0,29.1,Pumps Stopped
2026-07-22T17:15:00+00:00,Planned Shutdown,0,0.0,0.0,0.13,0.0,28.79,Pumps Stopped
2026-07-22T17:30:00+00:00,Planned Shutdown,0,0.0,0.0,0.11,0.0,28.81,Pumps Stopped
2026-07-22T17:45:00+00:00,Planned Shutdown,0,0.0,0.0,0.19,0.0,28.93,Pumps Stopped
2026-07-22T18:00:00+00:00,Planned Shutdown,0,0.0,0.0,0.14,0.0,28.85,Pumps Stopped
2026-07-22T18:15:00+00:00,Planned Shutdown,0,0.0,0.0,0.15,0.0,29.0,Pumps Stopped
2026-07-22T18:30:00+00:00,Planned Shutdown,0,0.0,0.0,0.11,0.0,29.01,Pumps Stopped
2026-07-22T18:45:00+00:00,Planned Shutdown,0,0.0,0.0,0.16,0.0,28.96,Pumps Stopped
2026-07-22T19:00:00+00:00,Planned Shutdown,0,0.0,0.0,0.16,0.0,29.71,Pumps Stopped
2026-07-22T19:15:00+00:00,Planned Shutdown,0,0.0,0.0,0.15,0.0,29.0,Pumps Stopped
2026-07-22T19:30:00+00:00,Planned Shutdown,0,0.0,0.0,0.19,0.0,28.49,Pumps Stopped
2026-07-22T19:45:00+00:00,Planned Shutdown,0,0.0,0.0,0.1,0.0,28.93,Pumps Stopped
2026-07-22T20:00:00+00:00,Planned Shutdown,0,0.0,0.0,0.15,0.0,28.28,Pumps Stopped
2026-07-22T20:15:00+00:00,Planned Shutdown,0,0.0,0.0,0.16,0.0,29.36,Pumps Stopped
2026-07-22T20:30:00+00:00,Planned Shutdown,0,0.0,0.0,0.16,0.0,28.72,Pumps Stopped
2026-07-22T20:45:00+00:00,Planned Shutdown,0,0.0,0.0,0.15,0.0,29.33,Pumps Stopped
2026-07-22T21:00:00+00:00,Planned Shutdown,0,0.0,0.0,0.13,0.0,29.1,Pumps Stopped
2026-07-22T21:15:00+00:00,Planned Shutdown,0,0.0,0.0,0.16,0.0,29.18,Pumps Stopped
2026-07-22T21:30:00+00:00,Planned Shutdown,0,0.0,0.0,0.14,0.0,29.12,Pumps Stopped
2026-07-22T21:45:00+00:00,Planned Shutdown,0,0.0,0.0,0.14,0.0,28.87,Pumps Stopped
2026-07-22T22:00:00+00:00,Planned Shutdown,0,0.0,0.0,0.12,0.0,29.28,Pumps Stopped
2026-07-22T22:15:00+00:00,Planned Shutdown,0,0.0,0.0,0.15,0.0,29.05,Pumps Stopped
2026-07-22T22:30:00+00:00,Planned Shutdown,0,0.0,0.0,0.13,0.0,29.11,Pumps Stopped
2026-07-22T22:45:00+00:00,Planned Shutdown,0,0.0,0.0,0.16,0.0,29.13,Pumps Stopped
2026-07-22T23:00:00+00:00,Planned Shutdown,0,0.0,0.0,0.1,0.0,29.04,Pumps Stopped
2026-07-22T23:15:00+00:00,Planned Shutdown,0,0.0,0.0,0.19,0.0,28.96,Pumps Stopped
2026-07-22T23:30:00+00:00,Planned Shutdown,0,0.0,0.0,0.14,0.0,28.36,Pumps Stopped
2026-07-22T23:45:00+00:00,Planned Shutdown,0,0.0,0.0,0.19,0.0,28.93,Pumps Stopped
2026-07-23T00:00:00+00:00,Planned Shutdown,0,0.0,0.0,0.14,0.0,28.92,Pumps Stopped
2026-07-23T00:15:00+00:00,Planned Shutdown,0,0.0,0.0,0.16,0.0,28.72,Pumps Stopped
2026-07-23T00:30:00+00:00,Planned Shutdown,0,0.0,0.0,0.13,0.0,29.41,Pumps Stopped
2026-07-23T00:45:00+00:00,Planned Shutdown,0,0.0,0.0,0.18,0.0,28.6,Pumps Stopped
2026-07-23T01:00:00+00:00,Planned Shutdown,0,0.0,0.0,0.2,0.0,29.02,Pumps Stopped
2026-07-23T01:15:00+00:00,Planned Shutdown,0,0.0,0.0,0.19,0.0,28.75,Pumps Stopped
2026-07-23T01:30:00+00:00,Planned Shutdown,0,0.0,0.0,0.1,0.0,28.76,Pumps Stopped
2026-07-23T01:45:00+00:00,Planned Shutdown,0,0.0,0.0,0.18,0.0,29.16,Pumps Stopped
2026-07-23T02:00:00+00:00,Planned Shutdown,0,0.0,0.0,0.14,0.0,29.17,Pumps Stopped
2026-07-23T02:15:00+00:00,Planned Shutdown,0,0.0,0.0,0.17,0.0,29.12,Pumps Stopped
2026-07-23T02:30:00+00:00,Planned Shutdown,0,0.0,0.0,0.09,0.0,29.54,Pumps Stopped
2026-07-23T02:45:00+00:00,Planned Shutdown,0,0.0,0.0,0.15,0.0,28.94,Pumps Stopped
2026-07-23T03:00:00+00:00,Planned Shutdown,0,0.0,0.0,0.13,0.0,28.88,Pumps Stopped
2026-07-23T03:15:00+00:00,Planned Shutdown,0,0.0,0.0,0.11,0.0,29.07,Pumps Stopped
2026-07-23T03:30:00+00:00,Planned Shutdown,0,0.0,0.0,0.18,0.0,28.98,Pumps Stopped
2026-07-23T03:45:00+00:00,Planned Shutdown,0,0.0,0.0,0.15,0.0,29.63,Pumps Stopped
2026-07-23T04:00:00+00:00,Planned Shutdown,0,0.0,0.0,0.14,0.0,28.78,Pumps Stopped
2026-07-23T04:15:00+00:00,Planned Shutdown,0,0.0,0.0,0.17,0.0,29.31,Pumps Stopped
2026-07-23T04:30:00+00:00,Planned Shutdown,0,0.0,0.0,0.17,0.0,28.95,Pumps Stopped
2026-07-23T04:45:00+00:00,Planned Shutdown,0,0.0,0.0,0.18,0.0,28.95,Pumps Stopped
2026-07-23T05:00:00+00:00,Planned Shutdown,0,0.0,0.0,0.13,0.0,28.51,Pumps Stopped
2026-07-23T05:15:00+00:00,Planned Shutdown,0,0.0,0.0,0.14,0.0,28.99,Pumps Stopped
2026-07-23T05:30:00+00:00,Planned Shutdown,0,0.0,0.0,0.14,0.0,29.25,Pumps Stopped
2026-07-23T05:45:00+00:00,Planned Shutdown,0,0.0,0.0,0.15,0.0,29.15,Pumps Stopped
2026-07-23T06:00:00+00:00,Running,1,2718.2,10.47,4.84,62.0,46.17,Pump A Running
2026-07-23T06:15:00+00:00,Running,1,2638.2,10.66,4.76,59.74,46.54,Pump A Running
2026-07-23T06:30:00+00:00,Running,1,2691.2,10.59,4.86,62.01,46.1,Pump A Running
2026-07-23T06:45:00+00:00,Running,1,2682.8,10.67,4.86,60.37,46.17,Pump A Running
2026-07-23T07:00:00+00:00,Running,1,2656.8,10.73,4.67,60.11,46.51,Pump A Running
2026-07-23T07:15:00+00:00,Running,1,2719.2,10.69,4.72,61.77,46.89,Pump A Running
2026-07-23T07:30:00+00:00,Running,1,3013.5,10.49,4.83,63.72,47.29,Pump A Running
2026-07-23T07:45:00+00:00,Running,1,2674.7,10.7,4.81,62.7,46.61,Pump A Running
2026-07-23T08:00:00+00:00,Running,1,2736.0,10.61,4.84,60.64,46.48,Pump A Running
2026-07-23T08:15:00+00:00,Running,1,2737.4,10.61,4.77,61.0,46.44,Pump A Running
2026-07-23T08:30:00+00:00,Running,1,2656.8,10.77,4.77,62.03,46.15,Pump A Running
2026-07-23T08:45:00+00:00,Running,1,2649.7,10.64,4.95,60.86,46.18,Pump A Running
2026-07-23T09:00:00+00:00,Running,1,2676.0,10.41,4.8,61.21,46.74,Pump A Running
2026-07-23T09:15:00+00:00,Running,1,2728.1,10.67,4.8,61.57,46.42,Pump A Running
2026-07-23T09:30:00+00:00,Running,1,2798.3,10.61,4.86,61.28,46.82,Pump A Running
2026-07-23T09:45:00+00:00,Running,1,2627.4,10.69,4.82,63.42,46.68,Pump A Running
2026-07-23T10:00:00+00:00,Running,1,2752.2,10.68,4.76,63.58,46.91,Pump A Running
2026-07-23T10:15:00+00:00,Running,1,2773.9,10.56,4.85,59.57,46.86,Pump A Running
2026-07-23T10:30:00+00:00,Running,1,2781.5,10.61,4.8,61.73,45.9,Pump A Running
2026-07-23T10:45:00+00:00,Running,1,2548.9,10.55,4.68,62.68,46.55,Pump A Running
2026-07-23T11:00:00+00:00,Running,1,2718.0,10.62,4.85,62.69,46.82,Pump A Running
2026-07-23T11:15:00+00:00,Running,1,2815.5,10.57,4.81,61.13,47.36,Pump A Running
2026-07-23T11:30:00+00:00,Running,1,2716.1,10.61,4.81,62.88,46.45,Pump A Running
2026-07-23T11:45:00+00:00,Running,1,2700.9,10.64,4.85,63.75,46.27,Pump A Running
2026-07-23T12:00:00+00:00,Running,1,2724.6,10.6,4.93,61.57,46.53,Pump A Running
2026-07-23T12:15:00+00:00,Running,1,2604.5,10.65,4.7,63.52,46.66,Pump A Running
2026-07-23T12:30:00+00:00,Running,1,2936.5,10.64,4.73,63.51,46.83,Pump A Running
2026-07-23T12:45:00+00:00,Running,1,2554.8,10.7,4.75,62.37,46.85,Pump A Running
2026-07-23T13:00:00+00:00,Running,1,2714.5,10.7,4.79,61.02,47.22,Pump A Running
2026-07-23T13:15:00+00:00,Running,1,2695.8,10.66,4.78,63.83,47.24,Pump A Running
2026-07-23T13:30:00+00:00,Running,1,2586.6,10.54,4.83,61.37,46.61,Pump A Running
2026-07-23T13:45:00+00:00,Running,1,2750.4,10.6,4.75,61.68,47.07,Pump A Running
2026-07-23T14:00:00+00:00,Running,1,2732.0,10.65,4.73,59.43,45.88,Pump A Running
2026-07-23T14:15:00+00:00,Running,1,2651.1,10.51,4.82,61.43,47.21,Pump A Running
2026-07-23T14:30:00+00:00,Running,1,2721.3,10.66,4.79,61.62,46.83,Pump A Running
2026-07-23T14:45:00+00:00,Running,1,2860.4,10.62,4.71,63.48,46.68,Pump A Running
2026-07-23T15:00:00+00:00,Running,1,2582.0,10.61,4.83,62.12,46.88,Pump A Running
2026-07-23T15:15:00+00:00,Running,1,2726.2,10.64,4.86,61.69,47.18,Pump A Running
2026-07-23T15:30:00+00:00,Running,1,2428.2,10.61,4.75,61.19,46.06,Pump A Running
2026-07-23T15:45:00+00:00,Running,1,2611.6,10.61,4.79,63.12,46.77,Pump A Running
2026-07-23T16:00:00+00:00,Running,1,2727.3,10.6,4.72,62.6,46.53,Pump A Running
2026-07-23T16:15:00+00:00,Running,1,2679.1,10.59,4.74,65.57,46.42,Pump A Running
2026-07-23T16:30:00+00:00,Running,1,2530.0,10.61,4.73,63.56,46.61,Pump A Running
2026-07-23T16:45:00+00:00,Running,1,2680.6,10.62,4.83,64.01,46.1,Pump A Running
2026-07-23T17:00:00+00:00,Running,1,2569.0,10.67,4.83,61.71,46.69,Pump A Running
2026-07-23T17:15:00+00:00,Running,1,2607.4,10.58,4.81,61.19,46.74,Pump A Running
2026-07-23T17:30:00+00:00,Running,1,2587.7,10.61,4.74,62.65,46.17,Pump A Running
2026-07-23T17:45:00+00:00,Running,1,2471.8,10.6,4.81,59.96,46.64,Pump A Running
2026-07-23T18:00:00+00:00,Running,1,2643.4,10.62,4.55,62.45,46.42,Pump A Running
2026-07-23T18:15:00+00:00,Running,1,2380.8,10.61,4.81,61.62,46.59,Pump A Running
2026-07-23T18:30:00+00:00,Running,1,2683.5,10.65,4.74,61.49,46.84,Pump A Running
2026-07-23T18:45:00+00:00,Running,1,2572.4,10.6,4.82,60.82,46.71,Pump A Running
2026-07-23T19:00:00+00:00,Running,1,2593.7,10.46,4.75,62.02,47.1,Pump A Running
2026-07-23T19:15:00+00:00,Running,1,2500.7,10.68,4.72,61.25,46.18,Pump A Running
2026-07-23T19:30:00+00:00,Running,1,2597.3,10.63,4.91,61.67,46.44,Pump A Running
2026-07-23T19:45:00+00:00,Running,1,2544.0,10.56,4.77,61.5,46.21,Pump A Running
2026-07-23T20:00:00+00:00,Running,1,2584.2,10.72,4.67,60.61,46.99,Pump A Running
2026-07-23T20:15:00+00:00,Running,1,2561.8,10.6,4.8,61.38,46.19,Pump A Running
2026-07-23T20:30:00+00:00,Running,1,2505.3,10.64,4.7,62.66,46.41,Pump A Running
2026-07-23T20:45:00+00:00,Running,1,2468.5,10.62,4.81,62.2,45.81,Pump A Running
2026-07-23T21:00:00+00:00,Running,1,2414.7,10.64,4.81,59.88,46.17,Pump A Running
2026-07-23T21:15:00+00:00,Running,1,2356.2,10.6,4.88,62.02,45.67,Pump A Running
2026-07-23T21:30:00+00:00,Running,1,2404.4,10.42,4.78,62.02,46.17,Pump A Running
2026-07-23T21:45:00+00:00,Running,1,2526.3,10.59,4.8,62.57,46.63,Pump A Running
2026-07-23T22:00:00+00:00,Running,1,2512.5,10.52,4.72,62.12,46.73,Pump A Running
2026-07-23T22:15:00+00:00,Running,1,2489.1,10.58,4.79,64.35,46.29,Pump A Running
2026-07-23T22:30:00+00:00,Running,1,2514.5,10.55,4.84,61.8,46.76,Pump A Running
2026-07-23T22:45:00+00:00,Running,1,2398.4,10.56,4.7,62.0,46.31,Pump A Running
2026-07-23T23:00:00+00:00,Running,1,2495.0,10.48,4.77,60.86,46.63,Pump A Running
2026-07-23T23:15:00+00:00,Running,1,2393.7,10.55,4.89,61.8,46.82,Pump A Running
2026-07-23T23:30:00+00:00,Running,1,2270.6,10.52,4.86,63.38,45.49,Pump A Running
2026-07-23T23:45:00+00:00,Running,1,2351.2,10.57,4.8,61.41,45.92,Pump A Running
2026-07-24T00:00:00+00:00,Running,1,2266.1,10.64,4.81,62.47,46.05,Pump A Running
2026-07-24T00:15:00+00:00,Running,1,2465.4,10.68,4.85,62.94,46.56,Pump A Running
2026-07-24T00:30:00+00:00,Running,1,2424.9,10.67,4.88,62.33,46.51,Pump A Running
2026-07-24T00:45:00+00:00,Running,1,2352.0,10.67,4.88,61.25,46.68,Pump A Running
2026-07-24T01:00:00+00:00,Running,1,2469.2,10.73,4.84,62.31,46.12,Pump A Running
2026-07-24T01:15:00+00:00,Running,1,2601.1,10.7,4.78,61.38,46.66,Pump A Running
2026-07-24T01:30:00+00:00,Running,1,2365.2,10.55,4.79,61.93,46.11,Pump A Running
2026-07-24T01:45:00+00:00,Running,1,2364.3,10.57,4.8,62.77,46.53,Pump A Running
2026-07-24T02:00:00+00:00,Stopped,0,0.0,0.0,0.18,0.0,29.25,Pumps Stopped
2026-07-24T02:15:00+00:00,Stopped,0,0.0,0.0,0.14,0.0,29.33,Pumps Stopped
2026-07-24T02:30:00+00:00,Stopped,0,0.0,0.0,0.19,0.0,28.64,Pumps Stopped
2026-07-24T02:45:00+00:00,Stopped,0,0.0,0.0,0.14,0.0,28.54,Pumps Stopped
2026-07-24T03:00:00+00:00,Stopped,0,0.0,0.0,0.22,0.0,28.85,Pumps Stopped
2026-07-24T03:15:00+00:00,Stopped,0,0.0,0.0,0.07,0.0,28.84,Pumps Stopped
2026-07-24T03:30:00+00:00,Running,1,2338.1,10.67,4.9,63.43,45.87,Pump A Running
2026-07-24T03:45:00+00:00,Running,1,2265.0,10.49,4.65,61.05,46.23,Pump A Running
2026-07-24T04:00:00+00:00,Running,1,2251.5,10.74,4.73,60.01,46.51,Pump A Running
2026-07-24T04:15:00+00:00,Running,1,2058.8,10.63,4.76,60.59,46.01,Pump A Running
2026-07-24T04:30:00+00:00,Running,1,2116.2,10.48,4.71,62.96,45.33,Pump A Running
2026-07-24T04:45:00+00:00,Running,1,2338.3,10.58,4.71,62.97,46.18,Pump A Running
2026-07-24T05:00:00+00:00,Running,1,2300.2,10.65,4.75,62.94,45.98,Pump A Running
2026-07-24T05:15:00+00:00,Running,1,2255.8,10.66,4.98,62.26,46.68,Pump A Running
2026-07-24T05:30:00+00:00,Running,1,2244.1,10.58,4.64,62.31,45.46,Pump A Running
2026-07-24T05:45:00+00:00,Running,1,2231.1,10.65,4.88,61.32,46.92,Pump A Running
2026-07-24T06:00:00+00:00,Running,1,2240.6,10.6,4.74,62.87,45.31,Pump A Running
2026-07-24T06:15:00+00:00,Running,1,2135.5,10.7,4.7,63.28,46.42,Pump A Running
2026-07-24T06:30:00+00:00,Running,1,2346.7,10.58,4.72,61.91,46.33,Pump A Running
2026-07-24T06:45:00+00:00,Running,1,2189.7,10.6,4.85,61.84,45.72,Pump A Running
2026-07-24T07:00:00+00:00,Running,1,2193.7,10.51,4.93,62.48,45.66,Pump A Running
2026-07-24T07:15:00+00:00,Running,1,2355.6,10.53,4.72,61.44,45.98,Pump A Running
2026-07-24T07:30:00+00:00,Running,1,2116.6,10.62,4.77,62.24,45.95,Pump A Running
2026-07-24T07:45:00+00:00,Running,1,2211.5,10.73,4.85,63.07,45.97,Pump A Running
2026-07-24T08:00:00+00:00,Running,1,2234.7,10.59,4.81,59.54,46.49,Pump A Running
2026-07-24T08:15:00+00:00,Running,1,2173.7,10.57,4.79,60.69,46.26,Pump A Running
2026-07-24T08:30:00+00:00,Running,1,2269.5,10.67,4.78,60.6,45.95,Pump A Running
2026-07-24T08:45:00+00:00,Running,1,2125.6,10.53,4.76,63.88,46.09,Pump A Running
2026-07-24T09:00:00+00:00,Running,1,2138.1,10.6,4.81,62.39,46.29,Pump A Running
2026-07-24T09:15:00+00:00,Running,1,2106.4,10.53,4.79,63.49,46.54,Pump A Running
2026-07-24T09:30:00+00:00,Running,1,2192.6,10.71,4.93,63.9,45.51,Pump A Running
2026-07-24T09:45:00+00:00,Running,1,2143.1,10.53,4.77,63.18,46.24,Pump A Running
2026-07-24T10:00:00+00:00,Running,1,2201.0,10.68,4.76,64.22,46.41,Pump A Running
2026-07-24T10:15:00+00:00,Running,1,1936.4,10.59,4.75,61.17,45.7,Pump A Running
2026-07-24T10:30:00+00:00,Running,1,2147.2,10.63,4.83,61.17,46.11,Pump A Running
2026-07-24T10:45:00+00:00,Running,1,2347.9,10.59,4.73,62.86,45.74,Pump A Running
2026-07-24T11:00:00+00:00,Running,1,2207.9,10.58,4.88,62.65,47.05,Pump A Running
2026-07-24T11:15:00+00:00,Running,1,2225.7,10.71,4.84,62.16,46.12,Pump A Running
2026-07-24T11:30:00+00:00,Running,1,2156.9,10.68,4.88,62.8,45.89,Pump A Running
2026-07-24T11:45:00+00:00,Running,1,2128.7,10.61,4.9,60.19,46.54,Pump A Running
2026-07-24T12:00:00+00:00,Running,1,1971.2,10.65,4.83,61.35,45.8,Pump A Running
2026-07-24T12:15:00+00:00,Running,1,1963.1,10.68,4.75,63.27,46.24,Pump A Running
2026-07-24T12:30:00+00:00,Running,1,2037.7,10.55,4.88,61.93,46.52,Pump A Running
2026-07-24T12:45:00+00:00,Running,1,2023.3,10.72,4.83,61.31,46.07,Pump A Running
2026-07-24T13:00:00+00:00,Running,1,2264.5,10.67,4.85,61.52,46.02,Pump A Running
2026-07-24T13:15:00+00:00,Running,1,1971.0,10.7,4.95,60.9,45.62,Pump A Running
2026-07-24T13:30:00+00:00,Running,1,2106.4,10.62,4.74,62.63,46.43,Pump A Running
2026-07-24T13:45:00+00:00,Running,1,2246.8,10.41,4.84,62.27,45.94,Pump A Running
2026-07-24T14:00:00+00:00,Running,1,2106.2,10.68,4.86,60.78,45.72,Pump A Running
2026-07-24T14:15:00+00:00,Running,1,2258.3,10.59,4.88,61.56,45.87,Pump A Running
2026-07-24T14:30:00+00:00,Running,1,2145.1,10.59,4.87,62.89,46.06,Pump A Running
2026-07-24T14:45:00+00:00,Running,1,2081.1,10.5,4.78,61.25,46.58,Pump A Running
2026-07-24T15:00:00+00:00,Running,1,2188.4,10.69,4.75,61.86,46.01,Pump A Running
2026-07-24T15:15:00+00:00,Running,1,2168.1,10.64,4.79,60.96,45.61,Pump A Running
2026-07-24T15:30:00+00:00,Running,1,2094.7,10.55,4.83,63.53,45.87,Pump A Running
2026-07-24T15:45:00+00:00,Running,1,2145.7,10.65,4.63,60.36,46.33,Pump A Running
2026-07-24T16:00:00+00:00,Running,1,2326.9,10.58,4.74,62.98,46.25,Pump A Running
2026-07-24T16:15:00+00:00,Running,1,2065.1,10.55,4.75,61.19,46.13,Pump A Running
2026-07-24T16:30:00+00:00,Running,1,2377.0,10.56,4.83,59.24,45.57,Pump A Running
2026-07-24T16:45:00+00:00,Running,1,2108.8,10.68,4.71,61.16,45.85,Pump A Running
2026-07-24T17:00:00+00:00,Running,1,2121.2,10.61,4.86,62.68,46.12,Pump A Running
2026-07-24T17:15:00+00:00,Running,1,2213.2,10.55,4.87,62.56,46.07,Pump A Running
2026-07-24T17:30:00+00:00,Running,1,2073.6,10.56,4.93,62.34,45.94,Pump A Running
2026-07-24T17:45:00+00:00,Running,1,2116.7,10.5,4.84,60.3,46.6,Pump A Running
2026-07-24T18:00:00+00:00,Running,1,2125.8,10.58,4.8,60.13,45.91,Pump A Running
2026-07-24T18:15:00+00:00,Running,1,2266.0,10.69,4.79,63.0,45.77,Pump A Running
2026-07-24T18:30:00+00:00,Running,1,2129.3,10.62,4.91,63.48,46.3,Pump A Running
2026-07-24T18:45:00+00:00,Running,1,2237.7,10.64,4.9,61.21,46.36,Pump A Running
2026-07-24T19:00:00+00:00,Running,1,2313.8,10.74,4.87,60.83,45.7,Pump A Running
2026-07-24T19:15:00+00:00,Running,1,2038.3,10.56,4.8,61.15,45.64,Pump A Running
2026-07-24T19:30:00+00:00,Running,1,2126.1,10.59,4.85,62.27,45.67,Pump A Running
2026-07-24T19:45:00+00:00,Running,1,2197.2,10.68,4.93,62.73,46.43,Pump A Running
2026-07-24T20:00:00+00:00,Running,1,2214.5,10.68,4.84,62.18,46.47,Pump A Running
2026-07-24T20:15:00+00:00,Running,1,2310.5,10.52,4.8,61.11,46.66,Pump A Running
2026-07-24T20:30:00+00:00,Running,1,2276.2,10.56,4.68,60.18,46.09,Pump A Running
2026-07-24T20:45:00+00:00,Running,1,2035.3,10.52,4.79,61.39,46.17,Pump A Running
2026-07-24T21:00:00+00:00,Running,1,2165.6,10.61,4.8,62.61,46.35,Pump A Running
2026-07-24T21:15:00+00:00,Running,1,2060.0,10.64,4.76,62.66,45.67,Pump A Running
2026-07-24T21:30:00+00:00,Running,1,2152.1,10.63,4.74,62.48,46.01,Pump A Running
2026-07-24T21:45:00+00:00,Running,1,2183.8,10.62,4.8,61.68,46.4,Pump A Running
2026-07-24T22:00:00+00:00,Running,1,2172.5,10.71,4.83,61.45,45.75,Pump A Running
2026-07-24T22:15:00+00:00,Running,1,2139.8,10.56,4.82,61.35,45.88,Pump A Running
2026-07-24T22:30:00+00:00,Running,1,2160.4,10.65,4.77,61.98,45.98,Pump A Running
2026-07-24T22:45:00+00:00,Running,1,2217.9,10.69,4.67,61.26,46.21,Pump A Running
2026-07-24T23:00:00+00:00,Running,1,2302.0,10.67,4.69,63.9,46.53,Pump A Running
2026-07-24T23:15:00+00:00,Running,1,2429.0,10.56,4.76,60.64,46.2,Pump A Running
2026-07-24T23:30:00+00:00,Running,1,2160.3,10.58,4.85,60.78,45.62,Pump A Running
2026-07-24T23:45:00+00:00,Running,1,2186.9,10.58,4.75,60.79,46.02,Pump A Running
2026-07-25T00:00:00+00:00,Running,1,2293.3,10.56,4.78,61.42,46.25,Pump A Running
2026-07-25T00:15:00+00:00,Running,1,2258.7,10.66,4.87,61.99,46.75,Pump A Running
2026-07-25T00:30:00+00:00,Running,1,2314.9,10.53,4.77,61.81,46.5,Pump A Running
2026-07-25T00:45:00+00:00,Running,1,2279.9,10.56,4.77,60.54,46.31,Pump A Running
2026-07-25T01:00:00+00:00,Running,1,2322.3,10.53,4.98,62.39,45.87,Pump A Running
2026-07-25T01:15:00+00:00,Running,1,2399.3,10.6,4.96,62.24,45.98,Pump A Running
2026-07-25T01:30:00+00:00,Running,1,2125.5,10.57,4.83,63.63,46.0,Pump A Running
2026-07-25T01:45:00+00:00,Running,1,2352.5,10.7,4.81,59.65,46.11,Pump A Running
2026-07-25T02:00:00+00:00,Stopped,0,0.0,0.0,0.12,0.0,28.6,Pumps Stopped
2026-07-25T02:15:00+00:00,Stopped,0,0.0,0.0,0.19,0.0,29.45,Pumps Stopped
2026-07-25T02:30:00+00:00,Stopped,0,0.0,0.0,0.19,0.0,29.25,Pumps Stopped
2026-07-25T02:45:00+00:00,Stopped,0,0.0,0.0,0.1,0.0,29.0,Pumps Stopped
2026-07-25T03:00:00+00:00,Stopped,0,0.0,0.0,0.17,0.0,29.34,Pumps Stopped
2026-07-25T03:15:00+00:00,Stopped,0,0.0,0.0,0.17,0.0,29.03,Pumps Stopped
2026-07-25T03:30:00+00:00,Running,1,2356.3,10.51,4.75,61.92,45.43,Pump A Running
2026-07-25T03:45:00+00:00,Running,1,2194.4,10.63,4.71,61.31,45.01,Pump A Running
2026-07-25T04:00:00+00:00,Running,1,2509.3,10.53,4.88,64.68,46.18,Pump A Running
2026-07-25T04:15:00+00:00,Running,1,2234.1,10.59,4.85,63.32,46.39,Pump A Running
2026-07-25T04:30:00+00:00,Running,1,2283.1,10.53,4.71,60.43,46.59,Pump A Running
2026-07-25T04:45:00+00:00,Running,1,2340.0,10.59,4.72,63.44,46.24,Pump A Running
2026-07-25T05:00:00+00:00,Running,1,2196.1,10.55,4.85,61.49,45.83,Pump A Running
2026-07-25T05:15:00+00:00,Running,1,2360.6,10.8,4.84,62.47,46.3,Pump A Running
2026-07-25T05:30:00+00:00,Running,1,2514.9,10.65,4.91,62.89,45.81,Pump A Running
2026-07-25T05:45:00+00:00,Running,1,2160.9,10.59,4.83,61.13,46.24,Pump A Running
2026-07-25T06:00:00+00:00,Running,1,2488.3,10.6,4.83,62.17,46.39,Pump A Running
2026-07-25T06:15:00+00:00,Running,1,2487.3,10.46,4.76,60.62,46.84,Pump A Running
2026-07-25T06:30:00+00:00,Running,1,2444.7,10.56,4.66,62.1,46.12,Pump A Running
2026-07-25T06:45:00+00:00,Running,1,2382.1,10.71,4.73,63.34,46.49,Pump A Running
2026-07-25T07:00:00+00:00,Running,1,2418.3,10.64,4.78,63.24,46.32,Pump A Running
2026-07-25T07:15:00+00:00,Running,1,2347.1,10.42,4.68,63.79,45.83,Pump A Running
2026-07-25T07:30:00+00:00,Running,1,2288.0,10.55,4.93,62.54,45.58,Pump A Running
2026-07-25T07:45:00+00:00,Running,1,2443.2,10.63,4.8,61.5,46.5,Pump A Running
2026-07-25T08:00:00+00:00,Running,1,2438.0,10.67,4.72,61.95,46.84,Pump A Running
2026-07-25T08:15:00+00:00,Running,1,2369.3,10.54,4.78,61.6,46.22,Pump A Running
2026-07-25T08:30:00+00:00,Running,1,2492.7,10.65,4.8,62.42,45.78,Pump A Running
2026-07-25T08:45:00+00:00,Running,1,2543.0,10.58,4.76,59.8,46.03,Pump A Running
2026-07-25T09:00:00+00:00,Running,1,2397.1,10.54,4.77,61.94,46.26,Pump A Running
2026-07-25T09:15:00+00:00,Running,1,2445.2,10.57,4.72,60.57,46.13,Pump A Running
2026-07-25T09:30:00+00:00,Running,1,2608.4,10.51,4.88,61.54,46.18,Pump A Running
2026-07-25T09:45:00+00:00,Running,1,2404.6,10.63,4.94,62.07,46.26,Pump A Running
2026-07-25T10:00:00+00:00,Running,1,2552.5,10.55,4.89,60.72,46.66,Pump A Running
2026-07-25T10:15:00+00:00,Running,1,2603.7,10.6,4.86,62.43,46.45,Pump A Running
2026-07-25T10:30:00+00:00,Running,1,2649.5,10.53,4.84,62.37,46.38,Pump A Running
2026-07-25T10:45:00+00:00,Running,1,2484.7,10.63,4.82,63.36,46.35,Pump A Running
2026-07-25T11:00:00+00:00,Running,1,2517.6,10.69,4.87,62.45,46.5,Pump A Running
2026-07-25T11:15:00+00:00,Running,1,2659.9,10.66,4.9,60.48,46.37,Pump A Running
2026-07-25T11:30:00+00:00,Running,1,2559.7,10.55,4.79,61.25,46.72,Pump A Running
2026-07-25T11:45:00+00:00,Running,1,2534.6,10.7,4.67,62.53,46.73,Pump A Running
2026-07-25T12:00:00+00:00,Running,1,2561.7,10.59,4.77,61.66,46.19,Pump A Running
2026-07-25T12:15:00+00:00,Running,1,2590.8,10.6,4.97,62.83,46.91,Pump A Running
2026-07-25T12:30:00+00:00,Running,1,2494.9,10.56,4.82,63.02,46.05,Pump A Running
2026-07-25T12:45:00+00:00,Running,1,2344.2,10.61,4.82,59.48,46.41,Pump A Running
2026-07-25T13:00:00+00:00,Running,1,2463.6,10.46,4.78,61.8,45.83,Pump A Running
2026-07-25T13:15:00+00:00,Running,1,2668.6,10.69,4.9,61.67,46.39,Pump A Running
2026-07-25T13:30:00+00:00,Running,1,2561.1,10.55,4.79,62.47,45.88,Pump A Running
2026-07-25T13:45:00+00:00,Running,1,2530.9,10.56,4.87,59.96,46.48,Pump A Running
2026-07-25T14:00:00+00:00,Running,1,2588.1,10.63,4.8,62.85,46.43,Pump A Running
2026-07-25T14:15:00+00:00,Running,1,2595.0,10.63,4.85,62.87,46.63,Pump A Running
2026-07-25T14:30:00+00:00,Running,1,2814.7,10.62,4.84,61.18,46.91,Pump A Running
2026-07-25T14:45:00+00:00,Running,1,2760.1,10.66,4.67,62.39,46.38,Pump A Running
2026-07-25T15:00:00+00:00,Running,1,2736.7,10.63,4.72,63.48,46.53,Pump A Running
2026-07-25T15:15:00+00:00,Running,1,2661.2,10.45,4.71,59.99,45.87,Pump A Running
2026-07-25T15:30:00+00:00,Running,1,2540.6,10.56,4.82,62.7,46.11,Pump A Running
2026-07-25T15:45:00+00:00,Running,1,2712.5,10.65,4.83,60.61,46.87,Pump A Running
2026-07-25T16:00:00+00:00,Running,1,2778.4,10.48,4.76,59.6,46.8,Pump A Running
2026-07-25T16:15:00+00:00,Running,1,2703.3,10.5,4.9,61.59,46.49,Pump A Running
2026-07-25T16:30:00+00:00,Running,1,2675.1,10.55,4.84,59.44,46.91,Pump A Running
2026-07-25T16:45:00+00:00,Running,1,2849.6,10.64,4.88,60.2,47.05,Pump A Running
2026-07-25T17:00:00+00:00,Running,1,2604.8,10.64,4.87,62.1,46.24,Pump A Running
2026-07-25T17:15:00+00:00,Running,1,2710.8,10.69,4.89,62.6,46.39,Pump A Running
2026-07-25T17:30:00+00:00,Running,1,2773.2,10.67,4.86,61.66,46.69,Pump A Running
2026-07-25T17:45:00+00:00,Running,1,2656.0,10.57,4.74,62.03,46.37,Pump A Running
2026-07-25T18:00:00+00:00,Running,1,2789.0,10.62,4.91,62.09,46.17,Pump A Running
2026-07-25T18:15:00+00:00,Running,1,2657.4,10.64,4.81,61.59,46.96,Pump A Running
2026-07-25T18:30:00+00:00,Running,1,2730.9,10.54,4.84,62.38,46.09,Pump A Running
2026-07-25T18:45:00+00:00,Running,1,2761.9,10.57,4.76,60.91,46.58,Pump A Running
2026-07-25T19:00:00+00:00,Running,1,2687.0,10.47,4.79,61.91,46.35,Pump A Running
2026-07-25T19:15:00+00:00,Running,1,2755.3,10.56,4.91,62.42,46.96,Pump A Running
2026-07-25T19:30:00+00:00,Running,1,2780.9,10.67,4.7,62.16,46.78,Pump A Running
2026-07-25T19:45:00+00:00,Running,1,2711.5,10.47,4.78,61.98,46.47,Pump A Running
2026-07-25T20:00:00+00:00,Running,1,2756.0,10.59,4.73,62.14,46.89,Pump A Running
2026-07-25T20:15:00+00:00,Running,1,2815.4,10.65,4.87,60.44,46.84,Pump A Running
2026-07-25T20:30:00+00:00,Running,1,2717.4,10.68,4.99,61.72,46.84,Pump A Running
2026-07-25T20:45:00+00:00,Running,1,2729.6,10.56,4.94,62.32,46.6,Pump A Running
2026-07-25T21:00:00+00:00,Running,1,2804.4,10.53,4.92,61.19,47.07,Pump A Running
2026-07-25T21:15:00+00:00,Running,1,2815.6,10.53,4.8,60.9,46.7,Pump A Running
2026-07-25T21:30:00+00:00,Running,1,2812.6,10.59,4.77,61.83,47.13,Pump A Running
2026-07-25T21:45:00+00:00,Running,1,2690.8,10.5,4.91,62.19,47.3,Pump A Running
2026-07-25T22:00:00+00:00,Running,1,2673.5,10.7,4.87,63.13,46.28,Pump A Running
2026-07-25T22:15:00+00:00,Running,1,2863.0,10.7,4.86,62.07,46.64,Pump A Running
2026-07-25T22:30:00+00:00,Running,1,2745.4,10.53,4.87,62.98,46.85,Pump A Running
2026-07-25T22:45:00+00:00,Running,1,2700.4,10.54,4.88,62.61,46.69,Pump A Running
2026-07-25T23:00:00+00:00,Running,1,2934.1,10.66,4.79,62.53,46.46,Pump A Running
2026-07-25T23:15:00+00:00,Running,1,2757.2,10.53,4.74,61.09,46.82,Pump A Running
2026-07-25T23:30:00+00:00,Running,1,2615.6,10.57,4.93,62.09,46.7,Pump A Running
2026-07-25T23:45:00+00:00,Running,1,2867.8,10.67,4.76,62.05,47.26,Pump A Running
2026-07-26T00:00:00+00:00,Running,1,2911.0,10.42,4.86,61.28,46.22,Pump A Running
2026-07-26T00:15:00+00:00,Running,1,3024.7,10.58,4.65,61.79,47.1,Pump A Running
2026-07-26T00:30:00+00:00,Running,1,2871.3,10.58,4.8,62.63,46.24,Pump A Running
2026-07-26T00:45:00+00:00,Running,1,2819.7,10.6,4.72,62.77,46.65,Pump A Running
2026-07-26T01:00:00+00:00,Running,1,2815.1,10.61,4.84,64.04,47.11,Pump A Running
2026-07-26T01:15:00+00:00,Running,1,2875.4,10.42,4.7,61.35,46.56,Pump A Running
2026-07-26T01:30:00+00:00,Running,1,2741.7,10.62,4.73,62.98,46.23,Pump A Running
2026-07-26T01:45:00+00:00,Running,1,2819.8,10.67,4.85,63.49,46.43,Pump A Running
2026-07-26T02:00:00+00:00,Stopped,0,0.0,0.0,0.15,0.0,28.82,Pumps Stopped
2026-07-26T02:15:00+00:00,Stopped,0,0.0,0.0,0.12,0.0,29.36,Pumps Stopped
2026-07-26T02:30:00+00:00,Stopped,0,0.0,0.0,0.17,0.0,29.28,Pumps Stopped
2026-07-26T02:45:00+00:00,Stopped,0,0.0,0.0,0.16,0.0,29.24,Pumps Stopped
2026-07-26T03:00:00+00:00,Stopped,0,0.0,0.0,0.17,0.0,28.66,Pumps Stopped
2026-07-26T03:15:00+00:00,Stopped,0,0.0,0.0,0.16,0.0,28.78,Pumps Stopped
2026-07-26T03:30:00+00:00,Running,1,2878.7,10.63,4.8,61.85,46.79,Pump A Running
2026-07-26T03:45:00+00:00,Running,1,2986.3,10.48,4.84,61.98,46.83,Pump A Running
2026-07-26T04:00:00+00:00,Running,1,2820.1,10.6,5.01,60.8,46.74,Pump A Running
2026-07-26T04:15:00+00:00,Running,1,2579.8,10.46,4.81,61.94,46.42,Pump A Running
2026-07-26T04:30:00+00:00,Running,1,2682.8,10.48,4.69,64.11,46.61,Pump A Running
2026-07-26T04:45:00+00:00,Running,1,2839.9,10.69,4.8,64.47,46.85,Pump A Running
2026-07-26T05:00:00+00:00,Running,1,2794.2,10.61,4.67,62.16,45.82,Pump A Running
2026-07-26T05:15:00+00:00,Running,1,2626.6,10.71,4.81,63.27,46.7,Pump A Running
2026-07-26T05:30:00+00:00,Running,1,2809.1,10.56,4.78,62.03,46.24,Pump A Running
2026-07-26T05:45:00+00:00,Running,1,2631.2,10.63,4.75,60.79,46.61,Pump A Running
2026-07-26T06:00:00+00:00,Running,1,2737.1,10.6,4.82,62.68,46.44,Pump A Running
2026-07-26T06:15:00+00:00,Running,1,2630.1,10.66,4.68,60.37,46.54,Pump A Running
2026-07-26T06:30:00+00:00,Running,1,2702.8,10.56,4.73,63.21,46.9,Pump A Running
2026-07-26T06:45:00+00:00,Running,1,2729.9,10.64,4.83,61.65,46.88,Pump A Running
2026-07-26T07:00:00+00:00,Running,1,2759.0,10.54,4.8,61.86,46.59,Pump A Running
2026-07-26T07:15:00+00:00,Running,1,2589.0,10.68,4.75,60.19,46.6,Pump A Running
2026-07-26T07:30:00+00:00,Running,1,2643.3,10.56,4.74,62.27,46.56,Pump A Running
2026-07-26T07:45:00+00:00,Running,1,2604.8,10.53,4.71,63.83,46.32,Pump A Running
2026-07-26T08:00:00+00:00,Running,1,2663.4,10.43,4.73,62.31,46.28,Pump A Running
2026-07-26T08:15:00+00:00,Running,1,2752.2,10.56,4.79,61.78,46.76,Pump A Running
2026-07-26T08:30:00+00:00,Running,1,2745.9,10.67,4.71,60.13,46.2,Pump A Running
2026-07-26T08:45:00+00:00,Running,1,2753.4,10.66,4.83,61.88,46.48,Pump A Running
2026-07-26T09:00:00+00:00,Running,1,2647.4,10.59,4.67,63.99,46.03,Pump A Running
2026-07-26T09:15:00+00:00,Running,1,2670.4,10.54,4.8,62.26,46.58,Pump A Running
2026-07-26T09:30:00+00:00,Running,1,2676.2,10.61,4.66,61.02,46.08,Pump A Running
2026-07-26T09:45:00+00:00,Running,1,2656.8,10.52,4.92,63.33,46.96,Pump A Running
2026-07-26T10:00:00+00:00,Running,1,2696.3,10.47,4.77,61.02,47.03,Pump A Running
2026-07-26T10:15:00+00:00,Running,1,2518.8,10.51,4.74,61.19,45.74,Pump A Running
2026-07-26T10:30:00+00:00,Running,1,2641.2,10.62,4.91,63.06,46.0,Pump A Running
2026-07-26T10:45:00+00:00,Running,1,2678.3,10.64,4.92,60.83,47.08,Pump A Running
2026-07-26T11:00:00+00:00,Running,1,2641.9,10.6,4.83,62.2,46.48,Pump A Running
2026-07-26T11:15:00+00:00,Running,1,2721.9,10.63,4.92,61.7,46.24,Pump A Running
2026-07-26T11:30:00+00:00,Running,1,2681.7,10.66,4.85,59.78,47.38,Pump A Running
2026-07-26T11:45:00+00:00,Running,1,2739.5,10.64,4.88,62.64,47.59,Pump A Running
2026-07-26T12:00:00+00:00,Running,1,2470.1,10.57,4.79,63.33,46.59,Pump A Running
2026-07-26T12:15:00+00:00,Running,1,2640.6,10.6,4.83,63.39,46.68,Pump A Running
2026-07-26T12:30:00+00:00,Running,1,2516.2,10.54,4.92,61.68,46.59,Pump A Running
2026-07-26T12:45:00+00:00,Running,1,2448.3,10.49,4.73,60.66,46.43,Pump A Running
2026-07-26T13:00:00+00:00,Running,1,2574.5,10.55,4.81,61.75,46.15,Pump A Running
2026-07-26T13:15:00+00:00,Running,1,2595.9,10.55,4.81,61.66,46.04,Pump A Running
2026-07-26T13:30:00+00:00,Running,1,2553.4,10.56,4.71,64.57,46.06,Pump A Running
2026-07-26T13:45:00+00:00,Running,1,2511.4,10.68,4.74,62.64,46.65,Pump A Running
2026-07-26T14:00:00+00:00,Running,1,2390.2,10.62,4.74,62.03,46.06,Pump A Running
2026-07-26T14:15:00+00:00,Running,1,2635.0,10.65,4.86,62.17,46.82,Pump A Running
2026-07-26T14:30:00+00:00,Running,1,2544.5,10.51,4.89,61.58,45.9,Pump A Running
2026-07-26T14:45:00+00:00,Running,1,2406.1,10.71,4.82,64.4,46.32,Pump A Running
2026-07-26T15:00:00+00:00,Running,1,2518.3,10.57,4.71,64.02,46.71,Pump A Running
2026-07-26T15:15:00+00:00,Running,1,2572.6,10.68,4.87,61.36,46.52,Pump A Running
2026-07-26T15:30:00+00:00,Running,1,2509.8,10.63,4.8,63.02,46.71,Pump A Running
2026-07-26T15:45:00+00:00,Running,1,2386.1,10.56,4.76,62.27,46.76,Pump A Running
2026-07-26T16:00:00+00:00,Running,1,2507.8,10.72,4.82,62.05,46.12,Pump A Running
2026-07-26T16:15:00+00:00,Running,1,2420.7,10.65,4.74,62.52,46.38,Pump A Running
2026-07-26T16:30:00+00:00,Running,1,2514.5,10.73,4.86,61.98,46.42,Pump A Running
2026-07-26T16:45:00+00:00,Running,1,2563.9,10.71,4.76,61.62,46.53,Pump A Running
2026-07-26T17:00:00+00:00,Running,1,2365.1,10.58,4.73,60.51,46.06,Pump A Running
2026-07-26T17:15:00+00:00,Running,1,2490.5,10.68,4.84,61.8,46.04,Pump A Running
2026-07-26T17:30:00+00:00,Running,1,2392.0,10.63,4.78,63.63,45.82,Pump A Running
2026-07-26T17:45:00+00:00,Running,1,2347.1,10.62,4.74,62.57,46.93,Pump A Running
2026-07-26T18:00:00+00:00,Running,1,2392.5,10.52,4.8,60.63,46.18,Pump A Running
2026-07-26T18:15:00+00:00,Running,1,2297.1,10.68,4.68,62.35,46.0,Pump A Running
2026-07-26T18:30:00+00:00,Running,1,2555.9,10.56,4.68,62.55,46.56,Pump A Running
2026-07-26T18:45:00+00:00,Running,1,2347.2,10.59,4.83,61.66,46.68,Pump A Running
2026-07-26T19:00:00+00:00,Running,1,2349.6,10.61,4.85,59.39,45.97,Pump A Running
2026-07-26T19:15:00+00:00,Running,1,2392.8,10.59,4.96,59.96,46.68,Pump A Running
2026-07-26T19:30:00+00:00,Running,1,2550.6,10.57,4.67,61.3,46.65,Pump A Running
2026-07-26T19:45:00+00:00,Running,1,2313.9,10.68,4.83,60.95,46.61,Pump A Running
2026-07-26T20:00:00+00:00,Running,1,2207.4,10.53,4.75,61.58,46.01,Pump A Running
2026-07-26T20:15:00+00:00,Running,1,2228.1,10.55,4.79,62.0,46.14,Pump A Running
2026-07-26T20:30:00+00:00,Running,1,2414.9,10.66,4.73,60.36,46.57,Pump A Running
2026-07-26T20:45:00+00:00,Running,1,2459.5,10.66,4.82,61.71,46.22,Pump A Running
2026-07-26T21:00:00+00:00,Running,1,2271.4,10.63,4.92,61.62,45.14,Pump A Running
2026-07-26T21:15:00+00:00,Running,1,2223.0,10.7,4.64,61.54,46.71,Pump A Running
2026-07-26T21:30:00+00:00,Running,1,2258.2,10.5,4.92,61.22,45.69,Pump A Running
2026-07-26T21:45:00+00:00,Running,1,2198.4,10.76,4.76,62.94,46.31,Pump A Running
2026-07-26T22:00:00+00:00,Running,1,2361.4,10.45,4.94,63.78,45.71,Pump A Running
2026-07-26T22:15:00+00:00,Running,1,2330.3,10.66,4.86,62.37,46.18,Pump A Running
2026-07-26T22:30:00+00:00,Running,1,2336.0,10.64,5.01,62.51,46.17,Pump A Running
2026-07-26T22:45:00+00:00,Running,1,2349.5,10.64,4.83,60.57,46.84,Pump A Running
2026-07-26T23:00:00+00:00,Running,1,2315.9,10.6,4.87,60.24,46.42,Pump A Running
2026-07-26T23:15:00+00:00,Running,1,2250.7,10.56,4.72,61.48,46.07,Pump A Running
2026-07-26T23:30:00+00:00,Running,1,2174.1,10.67,4.61,61.26,46.06,Pump A Running
2026-07-26T23:45:00+00:00,Running,1,2025.8,10.55,4.91,63.27,45.62,Pump A Running
2026-07-27T00:00:00+00:00,Running,1,2345.5,10.58,4.7,61.36,46.35,Pump A Running
2026-07-27T00:15:00+00:00,Running,1,2280.3,10.76,4.62,62.08,45.7,Pump A Running
2026-07-27T00:30:00+00:00,Running,1,2280.9,10.64,4.73,61.73,46.15,Pump A Running
2026-07-27T00:45:00+00:00,Running,1,2221.9,10.49,4.78,62.49,45.69,Pump A Running
2026-07-27T01:00:00+00:00,Running,1,2270.2,10.63,4.77,62.91,46.0,Pump A Running
2026-07-27T01:15:00+00:00,Running,1,2200.9,10.56,4.88,59.8,46.44,Pump A Running
2026-07-27T01:30:00+00:00,Running,1,2254.1,10.62,4.75,61.04,46.26,Pump A Running
2026-07-27T01:45:00+00:00,Running,1,2153.3,10.54,4.84,63.4,46.44,Pump A Running
2026-07-27T02:00:00+00:00,Stopped,0,0.0,0.0,0.1,0.0,29.19,Pumps Stopped
2026-07-27T02:15:00+00:00,Stopped,0,0.0,0.0,0.13,0.0,28.79,Pumps Stopped
2026-07-27T02:30:00+00:00,Stopped,0,0.0,0.0,0.15,0.0,28.45,Pumps Stopped
2026-07-27T02:45:00+00:00,Stopped,0,0.0,0.0,0.18,0.0,29.0,Pumps Stopped
2026-07-27T03:00:00+00:00,Stopped,0,0.0,0.0,0.12,0.0,28.59,Pumps Stopped
2026-07-27T03:15:00+00:00,Stopped,0,0.0,0.0,0.19,0.0,28.95,Pumps Stopped
2026-07-27T03:30:00+00:00,Running,1,2057.8,10.69,4.77,62.35,46.05,Pump A Running
2026-07-27T03:45:00+00:00,Running,1,2319.1,10.61,4.82,62.33,45.85,Pump A Running
2026-07-27T04:00:00+00:00,Running,1,2252.6,10.66,4.88,63.11,46.16,Pump A Running
2026-07-27T04:15:00+00:00,Running,1,2049.2,10.62,4.7,61.76,45.48,Pump A Running
2026-07-27T04:30:00+00:00,Running,1,2211.1,10.76,4.72,62.57,46.06,Pump A Running
2026-07-27T04:45:00+00:00,Running,1,2161.6,10.57,4.72,63.2,45.74,Pump A Running
2026-07-27T05:00:00+00:00,Running,1,2135.2,10.64,4.74,61.31,45.95,Pump A Running
2026-07-27T05:15:00+00:00,Running,1,2076.7,10.49,4.92,63.28,46.77,Pump A Running
2026-07-27T05:30:00+00:00,Running,1,2208.4,10.64,4.78,59.81,46.17,Pump A Running
2026-07-27T05:45:00+00:00,Running,1,2162.4,10.7,4.75,61.23,46.08,Pump A Running
2026-07-27T06:00:00+00:00,Running,1,2197.2,10.71,4.77,62.95,45.84,Pump A Running
2026-07-27T06:15:00+00:00,Running,1,2129.5,10.46,4.84,62.79,46.21,Pump A Running
2026-07-27T06:30:00+00:00,Running,1,2220.6,10.57,4.88,61.7,45.92,Pump A Running
2026-07-27T06:45:00+00:00,Running,1,2155.7,10.68,4.9,63.4,45.83,Pump A Running
2026-07-27T07:00:00+00:00,Running,1,2111.8,10.63,4.71,63.34,45.93,Pump A Running
2026-07-27T07:15:00+00:00,Running,1,2168.4,10.45,4.74,61.53,45.89,Pump A Running
2026-07-27T07:30:00+00:00,Running,1,2216.9,10.59,4.87,60.35,45.14,Pump A Running
2026-07-27T07:45:00+00:00,Running,1,2094.1,10.62,4.82,63.36,45.7,Pump A Running
2026-07-27T08:00:00+00:00,Running,1,2139.6,10.6,4.64,62.32,46.03,Pump A Running
2026-07-27T08:15:00+00:00,Running,1,2216.6,10.64,4.83,62.31,45.64,Pump A Running
2026-07-27T08:30:00+00:00,Running,1,2151.8,10.62,4.86,59.41,45.61,Pump A Running
2026-07-27T08:45:00+00:00,Running,1,2139.7,10.58,4.8,59.47,45.82,Pump A Running
2026-07-27T09:00:00+00:00,Running,1,1908.5,10.48,4.7,62.35,46.16,Pump A Running
2026-07-27T09:15:00+00:00,Running,1,2206.0,10.56,4.87,62.1,46.34,Pump A Running
2026-07-27T09:30:00+00:00,Running,1,2119.3,10.62,4.73,61.29,45.96,Pump A Running
2026-07-27T09:45:00+00:00,Running,1,2270.1,10.59,4.74,62.52,45.72,Pump A Running
2026-07-27T10:00:00+00:00,Running,1,2115.0,10.6,4.88,62.45,46.76,Pump A Running
2026-07-27T10:15:00+00:00,Running,1,2133.1,10.54,4.81,61.2,45.95,Pump A Running
2026-07-27T10:30:00+00:00,Running,1,2133.3,10.6,5.01,62.39,45.98,Pump A Running
2026-07-27T10:45:00+00:00,Running,1,2128.8,10.62,4.87,63.28,46.53,Pump A Running
2026-07-27T11:00:00+00:00,Running,1,2123.9,10.62,4.87,61.13,46.12,Pump A Running
2026-07-27T11:15:00+00:00,Running,1,2075.0,10.55,4.88,62.31,46.36,Pump A Running
2026-07-27T11:30:00+00:00,Running,1,2149.5,10.67,4.8,61.99,46.5,Pump A Running
2026-07-27T11:45:00+00:00,Running,1,2247.9,10.56,4.71,61.21,46.87,Pump A Running
2026-07-27T12:00:00+00:00,Running,1,2092.4,10.6,4.76,62.11,45.31,Pump A Running
2026-07-27T12:15:00+00:00,Running,1,2100.6,10.52,4.85,62.28,45.74,Pump A Running
2026-07-27T12:30:00+00:00,Running,1,2344.0,10.67,4.81,62.64,45.6,Pump A Running
2026-07-27T12:45:00+00:00,Running,1,2156.6,10.48,4.77,60.63,46.2,Pump A Running
2026-07-27T13:00:00+00:00,Running,1,2204.3,10.65,4.83,61.22,46.36,Pump A Running
2026-07-27T13:15:00+00:00,Running,1,2262.1,10.53,4.77,60.74,45.98,Pump A Running
2026-07-27T13:30:00+00:00,Running,1,2040.5,10.65,4.9,64.15,45.99,Pump A Running
2026-07-27T13:45:00+00:00,Running,1,2333.9,10.59,4.84,60.53,46.16,Pump A Running
2026-07-27T14:00:00+00:00,Running,1,2157.7,10.59,4.71,62.3,46.43,Pump A Running
2026-07-27T14:15:00+00:00,Running,1,2268.9,10.65,4.78,62.69,46.48,Pump A Running
2026-07-27T14:30:00+00:00,Running,1,2190.7,10.5,4.84,60.68,45.62,Pump A Running
2026-07-27T14:45:00+00:00,Running,1,2133.9,10.57,4.79,61.94,46.32,Pump A Running
2026-07-27T15:00:00+00:00,Running,1,2318.2,10.64,4.68,62.65,46.24,Pump A Running
2026-07-27T15:15:00+00:00,Running,1,2441.5,10.72,4.89,60.88,46.76,Pump A Running
2026-07-27T15:30:00+00:00,Running,1,2095.6,10.6,4.8,62.09,46.27,Pump A Running
2026-07-27T15:45:00+00:00,Running,1,2196.2,10.43,4.8,62.87,46.33,Pump A Running
2026-07-27T16:00:00+00:00,Running,1,2186.8,10.71,4.81,60.11,45.41,Pump A Running
2026-07-27T16:15:00+00:00,Running,1,2246.3,10.6,4.76,60.3,46.04,Pump A Running
2026-07-27T16:30:00+00:00,Running,1,2236.9,10.57,4.91,61.47,45.81,Pump A Running
2026-07-27T16:45:00+00:00,Running,1,2216.2,10.55,4.72,62.18,46.82,Pump A Running
2026-07-27T17:00:00+00:00,Running,1,2263.0,10.66,4.77,63.72,45.97,Pump A Running
2026-07-27T17:15:00+00:00,Running,1,2214.1,10.58,4.94,62.65,45.88,Pump A Running
2026-07-27T17:30:00+00:00,Running,1,2189.1,10.67,4.86,62.46,46.42,Pump A Running
2026-07-27T17:45:00+00:00,Running,1,2190.8,10.56,4.73,61.86,45.77,Pump A Running
2026-07-27T18:00:00+00:00,Running,1,2173.7,10.62,4.88,62.05,46.5,Pump A Running
2026-07-27T18:15:00+00:00,Running,1,2117.4,10.56,4.83,62.43,45.94,Pump A Running
2026-07-27T18:30:00+00:00,Running,1,2224.5,10.58,4.74,58.52,46.36,Pump A Running
2026-07-27T18:45:00+00:00,Running,1,2391.2,10.62,4.88,59.52,45.64,Pump A Running
2026-07-27T19:00:00+00:00,Running,1,2221.6,10.53,4.83,60.22,45.88,Pump A Running
2026-07-27T19:15:00+00:00,Running,1,2241.6,10.63,4.72,61.53,45.94,Pump A Running
2026-07-27T19:30:00+00:00,Running,1,2176.0,10.49,4.88,63.45,45.85,Pump A Running
2026-07-27T19:45:00+00:00,Running,1,2320.8,10.69,4.91,62.25,45.91,Pump A Running
2026-07-27T20:00:00+00:00,Running,1,2296.1,10.59,4.76,62.89,46.03,Pump A Running
2026-07-27T20:15:00+00:00,Running,1,2251.1,10.59,4.7,61.33,46.08,Pump A Running
2026-07-27T20:30:00+00:00,Running,1,2231.9,10.5,4.82,62.59,46.26,Pump A Running
2026-07-27T20:45:00+00:00,Running,1,2165.6,10.7,4.9,62.86,46.47,Pump A Running
2026-07-27T21:00:00+00:00,Running,1,2342.6,10.54,4.82,64.01,45.72,Pump A Running
2026-07-27T21:15:00+00:00,Running,1,2369.2,10.65,4.93,62.97,46.6,Pump A Running
2026-07-27T21:30:00+00:00,Running,1,2100.7,10.71,4.89,64.09,46.28,Pump A Running
2026-07-27T21:45:00+00:00,Running,1,2337.3,10.72,4.93,62.2,46.13,Pump A Running
2026-07-27T22:00:00+00:00,Running,1,2259.0,10.64,4.72,61.62,45.64,Pump A Running
2026-07-27T22:15:00+00:00,Running,1,2200.1,10.63,4.93,60.95,46.28,Pump A Running
2026-07-27T22:30:00+00:00,Running,1,2244.8,10.63,4.84,62.04,46.83,Pump A Running
2026-07-27T22:45:00+00:00,Running,1,2269.0,10.59,4.75,61.13,46.08,Pump A Running
2026-07-27T23:00:00+00:00,Running,1,2211.0,10.64,4.68,61.98,46.57,Pump A Running
2026-07-27T23:15:00+00:00,Running,1,2156.9,10.69,4.76,62.17,45.99,Pump A Running
2026-07-27T23:30:00+00:00,Running,1,2508.0,10.61,4.81,60.89,46.15,Pump A Running
2026-07-27T23:45:00+00:00,Running,1,2431.4,10.57,4.78,62.86,46.65,Pump A Running
2026-07-28T00:00:00+00:00,Running,1,2182.7,10.54,4.82,61.3,46.27,Pump A Running
2026-07-28T00:15:00+00:00,Running,1,2472.4,10.54,4.82,61.84,47.42,Pump A Running
2026-07-28T00:30:00+00:00,Running,1,2523.8,10.64,4.84,60.64,46.92,Pump A Running
2026-07-28T00:45:00+00:00,Running,1,2442.0,10.61,4.93,61.5,46.87,Pump A Running
2026-07-28T01:00:00+00:00,Running,1,2442.9,10.59,4.81,62.79,46.64,Pump A Running
2026-07-28T01:15:00+00:00,Running,1,2478.9,10.64,4.77,61.55,46.13,Pump A Running
2026-07-28T01:30:00+00:00,Running,1,2614.1,10.62,4.69,61.75,46.79,Pump A Running
2026-07-28T01:45:00+00:00,Running,1,2400.0,10.55,4.68,60.06,46.89,Pump A Running
2026-07-28T02:00:00+00:00,Stopped,0,0.0,0.0,0.17,0.0,28.94,Pumps Stopped
2026-07-28T02:15:00+00:00,Stopped,0,0.0,0.0,0.13,0.0,29.0,Pumps Stopped
2026-07-28T02:30:00+00:00,Stopped,0,0.0,0.0,0.12,0.0,28.96,Pumps Stopped
2026-07-28T02:45:00+00:00,Stopped,0,0.0,0.0,0.13,0.0,28.88,Pumps Stopped
2026-07-28T03:00:00+00:00,Stopped,0,0.0,0.0,0.15,0.0,28.7,Pumps Stopped
2026-07-28T03:15:00+00:00,Stopped,0,0.0,0.0,0.16,0.0,29.01,Pumps Stopped
2026-07-28T03:30:00+00:00,Running,1,2505.4,10.57,4.67,62.05,46.99,Pump A Running
2026-07-28T03:45:00+00:00,Running,1,2518.3,10.55,4.85,60.61,46.52,Pump A Running
2026-07-28T04:00:00+00:00,Running,1,2530.9,10.66,4.81,61.69,46.58,Pump A Running
2026-07-28T04:15:00+00:00,Running,1,2517.0,10.53,4.82,60.39,46.29,Pump A Running
2026-07-28T04:30:00+00:00,Running,1,2603.4,10.5,4.83,61.78,47.14,Pump A Running
2026-07-28T04:45:00+00:00,Running,1,2419.3,10.73,4.87,62.19,47.05,Pump A Running
2026-07-28T05:00:00+00:00,Running,1,2333.7,10.64,4.68,61.3,46.89,Pump A Running
2026-07-28T05:15:00+00:00,Running,1,2484.6,10.57,4.9,61.07,46.2,Pump A Running
2026-07-28T05:30:00+00:00,Running,1,2562.9,10.54,4.74,62.55,46.92,Pump A Running
2026-07-28T05:45:00+00:00,Running,1,2419.8,10.57,4.66,61.47,46.75,Pump A Running
2026-07-28T06:00:00+00:00,Running,1,2636.7,10.57,4.91,61.98,46.11,Pump A Running
2026-07-28T06:15:00+00:00,Running,1,2588.4,10.53,4.85,61.94,45.87,Pump A Running
2026-07-28T06:30:00+00:00,Running,1,2502.5,10.54,4.81,61.57,46.08,Pump A Running
2026-07-28T06:45:00+00:00,Running,1,2523.0,10.62,4.86,63.65,46.13,Pump A Running
2026-07-28T07:00:00+00:00,Running,1,2574.1,10.64,4.94,61.96,46.78,Pump A Running
2026-07-28T07:15:00+00:00,Running,1,2588.3,10.56,4.8,61.0,46.71,Pump A Running
2026-07-28T07:30:00+00:00,Running,1,2626.6,10.69,4.87,62.53,45.97,Pump A Running
2026-07-28T07:45:00+00:00,Running,1,2661.6,10.57,4.87,63.16,45.95,Pump A Running
2026-07-28T08:00:00+00:00,Running,1,2553.9,10.66,4.94,61.46,46.52,Pump A Running
2026-07-28T08:15:00+00:00,Running,1,2674.3,10.67,4.82,60.4,46.18,Pump A Running
2026-07-28T08:30:00+00:00,Running,1,2551.4,10.58,4.84,61.19,46.8,Pump A Running
2026-07-28T08:45:00+00:00,Running,1,2596.7,10.64,4.81,63.26,46.61,Pump A Running
2026-07-28T09:00:00+00:00,Running,1,2680.3,10.72,4.84,62.07,47.33,Pump A Running
2026-07-28T09:15:00+00:00,Running,1,2707.6,10.62,4.63,62.62,46.48,Pump A Running
2026-07-28T09:30:00+00:00,Running,1,2701.6,10.68,4.81,63.51,46.06,Pump A Running
2026-07-28T09:45:00+00:00,Running,1,2664.6,10.62,4.79,61.57,46.05,Pump A Running
2026-07-28T10:00:00+00:00,Running,1,2573.1,10.71,4.94,62.75,46.8,Pump A Running
2026-07-28T10:15:00+00:00,Running,1,2697.6,10.66,4.76,61.36,46.65,Pump A Running
2026-07-28T10:30:00+00:00,Running,1,2759.5,10.6,4.71,61.64,46.31,Pump A Running
2026-07-28T10:45:00+00:00,Running,1,2536.7,10.62,4.83,63.42,46.34,Pump A Running
2026-07-28T11:00:00+00:00,Running,1,2750.0,10.61,4.75,61.9,46.75,Pump A Running
2026-07-28T11:15:00+00:00,Running,1,2808.6,10.56,4.86,62.04,46.2,Pump A Running
2026-07-28T11:30:00+00:00,Running,1,2696.7,10.61,4.8,63.38,46.42,Pump A Running
2026-07-28T11:45:00+00:00,Running,1,2719.2,10.62,4.79,64.37,46.63,Pump A Running
2026-07-28T12:00:00+00:00,Running,1,2548.8,10.48,4.8,62.78,46.81,Pump A Running
2026-07-28T12:15:00+00:00,Running,1,2755.2,10.55,4.84,61.2,46.98,Pump A Running
2026-07-28T12:30:00+00:00,Running,1,2740.4,10.64,4.74,60.38,46.32,Pump A Running
2026-07-28T12:45:00+00:00,Running,1,2853.6,10.68,4.93,61.94,46.35,Pump A Running
2026-07-28T13:00:00+00:00,Running,1,2692.8,10.62,4.93,61.43,46.76,Pump A Running
2026-07-28T13:15:00+00:00,Running,1,2791.7,10.55,4.7,63.99,47.34,Pump A Running
2026-07-28T13:30:00+00:00,Running,1,2650.6,10.59,4.77,63.26,46.17,Pump A Running
2026-07-28T13:45:00+00:00,Running,1,2571.2,10.63,4.75,62.0,46.38,Pump A Running
2026-07-28T14:00:00+00:00,Running,1,2623.5,10.59,4.87,61.91,45.94,Pump A Running
2026-07-28T14:15:00+00:00,Running,1,2732.7,10.58,4.77,62.62,46.71,Pump A Running
2026-07-28T14:30:00+00:00,Running,1,2916.7,10.69,4.8,63.4,47.26,Pump A Running
2026-07-28T14:45:00+00:00,Running,1,2787.9,10.67,4.68,61.27,46.64,Pump A Running
2026-07-28T15:00:00+00:00,Running,1,2716.0,10.64,4.89,62.84,46.61,Pump A Running
2026-07-28T15:15:00+00:00,Running,1,2878.0,10.52,4.81,63.56,46.68,Pump A Running
2026-07-28T15:30:00+00:00,Running,1,2919.6,10.61,4.88,62.52,46.66,Pump A Running
2026-07-28T15:45:00+00:00,Running,1,2738.6,10.5,4.72,62.06,46.85,Pump A Running
2026-07-28T16:00:00+00:00,Running,1,2645.4,10.54,4.73,63.06,46.39,Pump A Running
2026-07-28T16:15:00+00:00,Running,1,2830.8,10.61,4.88,63.09,46.87,Pump A Running
2026-07-28T16:30:00+00:00,Running,1,2611.6,10.6,4.89,62.95,46.26,Pump A Running
2026-07-28T16:45:00+00:00,Running,1,2761.6,10.62,4.84,63.3,46.39,Pump A Running
2026-07-28T17:00:00+00:00,Running,1,3007.4,10.52,4.72,62.49,46.82,Pump A Running
2026-07-28T17:15:00+00:00,Running,1,2687.1,10.52,4.63,62.65,46.86,Pump A Running
2026-07-28T17:30:00+00:00,Running,1,2815.8,10.58,4.74,60.06,46.78,Pump A Running
2026-07-28T17:45:00+00:00,Running,1,2827.8,10.6,4.85,58.62,46.66,Pump A Running
2026-07-28T18:00:00+00:00,Running,1,2651.4,10.6,4.8,62.25,47.03,Pump A Running
2026-07-28T18:15:00+00:00,Running,1,2991.1,10.7,4.9,63.86,47.16,Pump A Running
2026-07-28T18:30:00+00:00,Running,1,2603.3,10.64,4.8,62.17,46.3,Pump A Running
2026-07-28T18:45:00+00:00,Running,1,2832.8,10.53,4.65,61.48,46.48,Pump A Running
2026-07-28T19:00:00+00:00,Running,1,2912.8,10.63,4.8,63.21,46.61,Pump A Running
2026-07-28T19:15:00+00:00,Running,1,2830.8,10.76,4.84,60.61,46.6,Pump A Running
2026-07-28T19:30:00+00:00,Running,1,2821.2,10.78,4.86,62.0,46.0,Pump A Running
2026-07-28T19:45:00+00:00,Running,1,2882.9,10.7,4.71,61.47,46.48,Pump A Running
2026-07-28T20:00:00+00:00,Running,1,2686.6,10.6,4.82,62.74,45.66,Pump A Running
2026-07-28T20:15:00+00:00,Running,1,2654.1,10.62,4.8,59.58,46.25,Pump A Running
2026-07-28T20:30:00+00:00,Running,1,2831.7,10.53,4.82,61.23,46.74,Pump A Running
2026-07-28T20:45:00+00:00,Running,1,2844.9,10.59,4.75,62.68,46.0,Pump A Running
2026-07-28T21:00:00+00:00,Running,1,2744.1,10.55,4.76,61.63,46.87,Pump A Running
2026-07-28T21:15:00+00:00,Running,1,2749.7,10.58,4.71,61.28,46.56,Pump A Running
2026-07-28T21:30:00+00:00,Stopped,0,0.0,0.0,0.18,0.0,28.23,Pumps Stopped
2026-07-28T21:45:00+00:00,Stopped,0,0.0,0.0,0.19,0.0,28.64,Pumps Stopped
2026-07-28T22:00:00+00:00,Running,1,2827.0,10.69,4.85,62.33,46.99,Pump A Running
2026-07-28T22:15:00+00:00,Running,1,2828.0,10.61,4.82,61.15,47.34,Pump A Running
2026-07-28T22:30:00+00:00,Running,1,2844.5,10.51,4.83,60.96,46.85,Pump A Running
2026-07-28T22:45:00+00:00,Running,1,2768.9,10.65,4.76,62.26,46.45,Pump A Running
2026-07-28T23:00:00+00:00,Running,1,2700.8,10.68,4.81,61.9,46.13,Pump A Running
2026-07-28T23:15:00+00:00,Running,1,2762.6,10.48,4.71,62.0,46.73,Pump A Running
2026-07-28T23:30:00+00:00,Running,1,2681.2,10.56,4.72,60.92,45.95,Pump A Running
2026-07-28T23:45:00+00:00,Running,1,2626.8,10.64,4.78,61.67,46.43,Pump A Running
2026-07-29T00:00:00+00:00,Running,1,2821.8,10.48,4.72,62.7,46.8,Pump A Running
2026-07-29T00:15:00+00:00,Running,1,2714.1,10.56,4.69,63.62,46.61,Pump A Running
2026-07-29T00:30:00+00:00,Running,1,2698.4,10.67,4.73,62.45,46.57,Pump A Running
2026-07-29T00:45:00+00:00,Running,1,2680.5,10.53,4.76,62.66,47.0,Pump A Running
2026-07-29T01:00:00+00:00,Running,1,2804.4,10.55,4.91,61.28,46.8,Pump A Running
2026-07-29T01:15:00+00:00,Running,1,2828.9,10.71,4.78,60.21,46.87,Pump A Running
2026-07-29T01:30:00+00:00,Running,1,2759.9,10.47,4.85,62.01,46.18,Pump A Running
2026-07-29T01:45:00+00:00,Running,1,2783.1,10.56,4.82,61.63,46.73,Pump A Running
2026-07-29T02:00:00+00:00,Stopped,0,0.0,0.0,0.23,0.0,28.85,Pumps Stopped
2026-07-29T02:15:00+00:00,Stopped,0,0.0,0.0,0.11,0.0,28.73,Pumps Stopped
2026-07-29T02:30:00+00:00,Stopped,0,0.0,0.0,0.13,0.0,28.92,Pumps Stopped
2026-07-29T02:45:00+00:00,Stopped,0,0.0,0.0,0.09,0.0,28.6,Pumps Stopped
2026-07-29T03:00:00+00:00,Stopped,0,0.0,0.0,0.14,0.0,28.83,Pumps Stopped
2026-07-29T03:15:00+00:00,Stopped,0,0.0,0.0,0.19,0.0,29.47,Pumps Stopped
2026-07-29T03:30:00+00:00,Running,1,2820.2,10.58,4.88,64.45,46.86,Pump A Running
2026-07-29T03:45:00+00:00,Running,1,2723.9,10.66,4.93,62.59,46.56,Pump A Running
2026-07-29T04:00:00+00:00,Running,1,2566.7,10.62,4.79,60.7,46.61,Pump A Running
2026-07-29T04:15:00+00:00,Running,1,2852.5,10.66,4.65,59.75,46.5,Pump A Running
2026-07-29T04:30:00+00:00,Running,1,2592.1,10.58,4.69,60.87,46.36,Pump A Running
2026-07-29T04:45:00+00:00,Running,1,2769.6,10.61,4.8,62.18,46.64,Pump A Running
2026-07-29T05:00:00+00:00,Running,1,2635.4,10.64,4.79,62.01,46.83,Pump A Running
2026-07-29T05:15:00+00:00,Running,1,2642.5,10.65,4.79,62.47,46.94,Pump A Running
2026-07-29T05:30:00+00:00,Running,1,2485.6,10.42,4.65,62.77,46.53,Pump A Running
2026-07-29T05:45:00+00:00,Running,1,2601.7,10.75,4.83,61.56,46.46,Pump A Running
2026-07-29T06:00:00+00:00,Running,1,2701.8,10.59,4.84,63.61,46.29,Pump A Running
2026-07-29T06:15:00+00:00,Running,1,2735.1,10.7,4.7,61.46,46.83,Pump A Running
2026-07-29T06:30:00+00:00,Running,1,2416.3,10.57,4.89,60.19,46.26,Pump A Running
2026-07-29T06:45:00+00:00,Running,1,2577.2,10.68,4.78,63.37,45.93,Pump A Running
2026-07-29T07:00:00+00:00,Running,1,2596.2,10.61,4.71,62.16,46.57,Pump A Running
2026-07-29T07:15:00+00:00,Running,1,2510.1,10.56,4.83,59.72,46.86,Pump A Running
2026-07-29T07:30:00+00:00,Running,1,2390.2,10.62,4.8,61.64,46.01,Pump A Running
2026-07-29T07:45:00+00:00,Running,1,2441.0,10.6,4.79,62.23,46.22,Pump A Running
2026-07-29T08:00:00+00:00,Running,1,2638.6,10.68,4.79,61.54,46.07,Pump A Running
2026-07-29T08:15:00+00:00,Running,1,2565.7,10.55,4.84,61.91,46.63,Pump A Running
2026-07-29T08:30:00+00:00,Running,1,2602.7,10.56,4.81,62.54,46.24,Pump A Running
2026-07-29T08:45:00+00:00,Running,1,2519.3,10.69,4.81,63.0,47.17,Pump A Running
2026-07-29T09:00:00+00:00,Running,1,2475.7,10.55,4.74,62.11,46.3,Pump A Running
2026-07-29T09:15:00+00:00,Running,1,2641.0,10.58,4.6,60.88,45.79,Pump A Running
2026-07-29T09:30:00+00:00,Running,1,2684.4,10.6,4.75,62.98,45.97,Pump A Running
2026-07-29T09:45:00+00:00,Running,1,2621.3,10.61,4.82,60.77,46.45,Pump A Running
2026-07-29T10:00:00+00:00,Running,1,2401.8,10.52,4.92,64.3,46.8,Pump A Running
2026-07-29T10:15:00+00:00,Running,1,2581.7,10.57,4.89,61.08,46.59,Pump A Running
2026-07-29T10:30:00+00:00,Running,1,2484.6,10.7,4.83,61.91,45.97,Pump A Running
2026-07-29T10:45:00+00:00,Running,1,2605.4,10.65,4.76,64.21,46.31,Pump A Running
2026-07-29T11:00:00+00:00,Running,1,2516.3,10.63,4.8,60.85,46.53,Pump A Running
2026-07-29T11:15:00+00:00,Running,1,2422.9,10.58,4.69,60.89,46.42,Pump A Running
2026-07-29T11:30:00+00:00,Running,1,2610.7,10.57,4.76,62.11,46.55,Pump A Running
2026-07-29T11:45:00+00:00,Running,1,2342.2,10.54,4.77,61.23,46.03,Pump A Running
2026-07-29T12:00:00+00:00,Running,1,2359.4,10.56,4.65,62.27,46.25,Pump A Running
2026-07-29T12:15:00+00:00,Running,1,2530.7,10.63,4.81,60.89,46.41,Pump A Running
2026-07-29T12:30:00+00:00,Running,1,2429.4,10.68,4.74,61.95,46.08,Pump A Running
2026-07-29T12:45:00+00:00,Running,1,2534.3,10.62,4.79,61.11,46.72,Pump A Running
2026-07-29T13:00:00+00:00,Running,1,2281.5,10.48,4.81,63.75,46.09,Pump A Running
2026-07-29T13:15:00+00:00,Running,1,2324.0,10.54,4.8,60.65,46.48,Pump A Running
2026-07-29T13:30:00+00:00,Running,1,2320.1,10.54,4.82,60.92,46.43,Pump A Running
2026-07-29T13:45:00+00:00,Running,1,2389.7,10.62,4.72,59.44,46.59,Pump A Running
2026-07-29T14:00:00+00:00,Running,1,2342.5,10.54,4.92,64.04,45.5,Pump A Running
2026-07-29T14:15:00+00:00,Running,1,2397.5,10.71,4.84,61.69,46.44,Pump A Running
2026-07-29T14:30:00+00:00,Running,1,2394.7,10.63,4.78,62.37,45.56,Pump A Running
2026-07-29T14:45:00+00:00,Running,1,2287.4,10.71,4.8,62.17,45.83,Pump A Running
2026-07-29T15:00:00+00:00,Running,1,2363.0,10.59,4.7,61.21,45.63,Pump A Running
2026-07-29T15:15:00+00:00,Running,1,2381.3,10.61,4.7,62.54,46.14,Pump A Running
2026-07-29T15:30:00+00:00,Running,1,2371.0,10.61,4.74,60.65,46.89,Pump A Running
2026-07-29T15:45:00+00:00,Running,1,2329.8,10.56,4.81,62.13,45.95,Pump A Running
2026-07-29T16:00:00+00:00,Running,1,2427.9,10.66,4.73,60.29,46.59,Pump A Running
2026-07-29T16:15:00+00:00,Running,1,2284.7,10.6,4.73,59.74,45.99,Pump A Running
2026-07-29T16:30:00+00:00,Running,1,2340.6,10.55,4.8,61.08,46.32,Pump A Running
2026-07-29T16:45:00+00:00,Running,1,2401.8,10.53,4.74,64.02,45.95,Pump A Running
2026-07-29T17:00:00+00:00,Running,1,2510.5,10.7,4.81,61.53,46.79,Pump A Running
2026-07-29T17:15:00+00:00,Running,1,2370.4,10.65,4.79,60.85,46.67,Pump A Running
2026-07-29T17:30:00+00:00,Running,1,2320.3,10.58,4.77,61.19,46.0,Pump A Running
2026-07-29T17:45:00+00:00,Running,1,2346.1,10.55,4.8,65.38,46.44,Pump A Running
2026-07-29T18:00:00+00:00,Running,1,2278.9,10.59,4.73,62.16,46.16,Pump A Running
2026-07-29T18:15:00+00:00,Running,1,2348.5,10.69,4.7,62.08,46.03,Pump A Running
2026-07-29T18:30:00+00:00,Running,1,2224.1,10.58,4.74,60.61,46.01,Pump A Running
2026-07-29T18:45:00+00:00,Running,1,2046.7,10.61,4.92,62.93,46.3,Pump A Running
2026-07-29T19:00:00+00:00,Running,1,2304.6,10.5,4.87,62.63,46.2,Pump A Running
2026-07-29T19:15:00+00:00,Running,1,2450.1,10.6,4.85,62.36,46.7,Pump A Running
2026-07-29T19:30:00+00:00,Running,1,2236.3,10.47,4.85,60.81,46.29,Pump A Running
2026-07-29T19:45:00+00:00,Running,1,2221.7,10.6,4.79,63.7,45.98,Pump A Running
2026-07-29T20:00:00+00:00,Running,1,1866.7,10.65,4.85,63.62,46.03,Pump A Running
2026-07-29T20:15:00+00:00,Running,1,2076.3,10.63,4.77,62.32,45.92,Pump A Running
2026-07-29T20:30:00+00:00,Running,1,2448.3,10.58,4.73,59.84,46.13,Pump A Running
2026-07-29T20:45:00+00:00,Running,1,2343.0,10.56,4.71,63.28,46.04,Pump A Running
2026-07-29T21:00:00+00:00,Running,1,2320.7,10.61,4.94,62.72,46.0,Pump A Running
2026-07-29T21:15:00+00:00,Running,1,2026.6,10.62,4.84,62.38,45.38,Pump A Running
2026-07-29T21:30:00+00:00,Running,1,2323.4,10.69,4.78,63.08,45.91,Pump A Running
2026-07-29T21:45:00+00:00,Running,1,2249.7,10.71,4.74,61.52,46.17,Pump A Running
2026-07-29T22:00:00+00:00,Running,1,2379.1,10.61,4.8,61.42,46.24,Pump A Running
2026-07-29T22:15:00+00:00,Running,1,2333.6,10.59,4.86,59.95,46.71,Pump A Running
2026-07-29T22:30:00+00:00,Running,1,2224.7,10.63,4.81,60.94,46.75,Pump A Running
2026-07-29T22:45:00+00:00,Running,1,2286.9,10.63,4.92,60.7,45.95,Pump A Running
2026-07-29T23:00:00+00:00,Running,1,2246.1,10.69,4.82,60.39,46.43,Pump A Running
2026-07-29T23:15:00+00:00,Running,1,2190.0,10.61,4.62,59.94,45.99,Pump A Running
2026-07-29T23:30:00+00:00,Running,1,2002.2,10.59,4.81,60.83,46.37,Pump A Running
2026-07-29T23:45:00+00:00,Running,1,1984.0,10.67,4.86,64.14,45.79,Pump A Running
2026-07-30T00:00:00+00:00,Running,1,2161.2,10.44,4.84,62.4,46.22,Pump A Running
2026-07-30T00:15:00+00:00,Running,1,2196.2,10.57,4.78,64.69,46.78,Pump A Running
2026-07-30T00:30:00+00:00,Running,1,2255.8,10.57,4.63,64.42,46.49,Pump A Running
2026-07-30T00:45:00+00:00,Running,1,2077.4,10.44,4.8,59.36,46.5,Pump A Running
2026-07-30T01:00:00+00:00,Running,1,2259.6,10.48,4.78,62.36,45.93,Pump A Running
2026-07-30T01:15:00+00:00,Running,1,2292.2,10.66,4.89,63.05,45.83,Pump A Running
2026-07-30T01:30:00+00:00,Running,1,1964.1,10.66,4.76,60.4,45.38,Pump A Running
2026-07-30T01:45:00+00:00,Running,1,2199.7,10.65,4.88,63.91,46.37,Pump A Running
2026-07-30T02:00:00+00:00,Stopped,0,0.0,0.0,0.14,0.0,29.36,Pumps Stopped
2026-07-30T02:15:00+00:00,Stopped,0,0.0,0.0,0.13,0.0,29.02,Pumps Stopped
2026-07-30T02:30:00+00:00,Stopped,0,0.0,0.0,0.16,0.0,29.42,Pumps Stopped
2026-07-30T02:45:00+00:00,Stopped,0,0.0,0.0,0.18,0.0,29.13,Pumps Stopped
2026-07-30T03:00:00+00:00,Stopped,0,0.0,0.0,0.11,0.0,29.26,Pumps Stopped
2026-07-30T03:15:00+00:00,Stopped,0,0.0,0.0,0.1,0.0,28.82,Pumps Stopped
2026-07-30T03:30:00+00:00,Running,1,2180.0,10.61,4.85,60.82,46.41,Pump A Running
2026-07-30T03:45:00+00:00,Running,1,2131.9,10.53,4.78,59.73,46.34,Pump A Running
2026-07-30T04:00:00+00:00,Running,1,2108.3,10.72,4.94,61.19,46.41,Pump A Running
2026-07-30T04:15:00+00:00,Running,1,2256.8,10.52,4.92,62.59,46.16,Pump A Running
2026-07-30T04:30:00+00:00,Running,1,2251.1,10.65,4.65,62.61,45.66,Pump A Running
2026-07-30T04:45:00+00:00,Running,1,2196.6,10.67,4.87,63.54,45.99,Pump A Running
2026-07-30T05:00:00+00:00,Running,1,2175.5,10.49,4.7,64.07,46.03,Pump A Running
2026-07-30T05:15:00+00:00,Running,1,2006.0,10.71,4.79,63.03,46.02,Pump A Running
2026-07-30T05:30:00+00:00,Running,1,2235.9,10.58,4.9,58.89,46.48,Pump A Running
2026-07-30T05:45:00+00:00,Running,1,2331.4,10.56,4.76,61.83,46.56,Pump A Running
2026-07-30T06:00:00+00:00,Running,1,2081.6,10.66,4.82,62.62,45.29,Pump A Running
2026-07-30T06:15:00+00:00,Running,1,2009.2,10.61,4.81,62.33,45.45,Pump A Running
2026-07-30T06:30:00+00:00,Running,1,2005.6,10.66,4.9,61.75,45.63,Pump A Running
2026-07-30T06:45:00+00:00,Running,1,2026.1,10.69,4.75,58.99,45.67,Pump A Running
2026-07-30T07:00:00+00:00,Running,1,2106.5,10.56,4.79,63.47,46.18,Pump A Running
2026-07-30T07:15:00+00:00,Running,1,1970.9,10.56,4.86,62.23,46.1,Pump A Running
2026-07-30T07:30:00+00:00,Running,1,2195.0,10.57,4.88,62.47,45.88,Pump A Running
2026-07-30T07:45:00+00:00,Running,1,2163.4,10.63,4.78,60.96,46.57,Pump A Running
2026-07-30T08:00:00+00:00,Running,1,2128.4,10.61,4.71,60.99,46.82,Pump A Running
2026-07-30T08:15:00+00:00,Running,1,2269.2,10.63,4.79,62.58,45.5,Pump A Running
2026-07-30T08:30:00+00:00,Running,1,2286.5,10.68,4.8,62.14,45.86,Pump A Running
2026-07-30T08:45:00+00:00,Running,1,2133.0,10.56,4.78,61.91,46.34,Pump A Running
2026-07-30T09:00:00+00:00,Running,1,2080.5,10.58,4.98,63.34,45.61,Pump A Running
2026-07-30T09:15:00+00:00,Running,1,2212.4,10.5,4.73,61.91,45.76,Pump A Running
2026-07-30T09:30:00+00:00,Running,1,2050.3,10.61,4.79,59.81,46.59,Pump A Running
2026-07-30T09:45:00+00:00,Running,1,2218.0,10.59,4.83,63.06,45.93,Pump A Running
2026-07-30T10:00:00+00:00,Running,1,2354.0,10.59,4.91,61.41,47.11,Pump A Running
2026-07-30T10:15:00+00:00,Running,1,2204.9,10.58,4.9,60.2,45.68,Pump A Running
2026-07-30T10:30:00+00:00,Running,1,2222.1,10.56,4.8,62.6,45.8,Pump A Running
2026-07-30T10:45:00+00:00,Running,1,2161.0,10.45,4.84,62.83,45.95,Pump A Running
2026-07-30T11:00:00+00:00,Running,1,2197.5,10.49,4.79,62.28,46.42,Pump A Running
2026-07-30T11:15:00+00:00,Running,1,2183.0,10.5,4.78,62.23,46.5,Pump A Running
2026-07-30T11:30:00+00:00,Running,1,2318.4,10.6,4.84,60.28,46.65,Pump A Running
2026-07-30T11:45:00+00:00,Running,1,1964.8,10.58,4.82,62.46,45.72,Pump A Running
2026-07-30T12:00:00+00:00,Running,1,2245.3,10.59,4.84,62.0,46.17,Pump A Running
2026-07-30T12:15:00+00:00,Running,1,2192.3,10.54,4.79,62.08,45.9,Pump A Running
2026-07-30T12:30:00+00:00,Running,1,2282.6,10.57,4.94,62.37,46.06,Pump A Running
2026-07-30T12:45:00+00:00,Running,1,2360.8,10.6,4.71,60.62,45.59,Pump A Running
2026-07-30T13:00:00+00:00,Running,1,2184.4,10.5,4.94,62.55,46.47,Pump A Running
2026-07-30T13:15:00+00:00,Running,1,2254.5,10.67,4.75,60.4,46.37,Pump A Running
2026-07-30T13:30:00+00:00,Running,1,2193.0,10.52,4.82,61.9,46.14,Pump A Running
2026-07-30T13:45:00+00:00,Running,1,2136.3,10.58,4.73,61.26,46.62,Pump A Running
2026-07-30T14:00:00+00:00,Running,1,2246.9,10.65,4.71,61.9,46.2,Pump A Running
2026-07-30T14:15:00+00:00,Running,1,2191.1,10.59,4.85,64.83,46.64,Pump A Running
2026-07-30T14:30:00+00:00,Running,1,2312.6,10.67,4.7,61.38,46.67,Pump A Running
2026-07-30T14:45:00+00:00,Running,1,2377.5,10.55,4.78,62.27,46.56,Pump A Running
2026-07-30T15:00:00+00:00,Running,1,2229.5,10.59,4.65,63.42,46.85,Pump A Running
2026-07-30T15:15:00+00:00,Running,1,2352.2,10.66,4.84,62.67,46.53,Pump A Running
2026-07-30T15:30:00+00:00,Running,1,2310.9,10.44,4.71,62.39,46.06,Pump A Running
2026-07-30T15:45:00+00:00,Running,1,2248.5,10.54,4.78,62.36,46.09,Pump A Running
2026-07-30T16:00:00+00:00,Running,1,2367.2,10.71,4.74,64.05,46.75,Pump A Running
2026-07-30T16:15:00+00:00,Running,1,2408.7,10.62,4.92,62.95,45.94,Pump A Running
2026-07-30T16:30:00+00:00,Running,1,2385.2,10.51,4.75,61.9,46.64,Pump A Running
2026-07-30T16:45:00+00:00,Running,1,2296.6,10.6,4.84,59.85,46.97,Pump A Running
2026-07-30T17:00:00+00:00,Running,1,2259.4,10.71,4.91,62.1,45.93,Pump A Running
2026-07-30T17:15:00+00:00,Running,1,2295.8,10.7,4.66,62.98,45.99,Pump A Running
2026-07-30T17:30:00+00:00,Running,1,2264.4,10.52,4.85,62.2,45.9,Pump A Running
2026-07-30T17:45:00+00:00,Running,1,2332.5,10.62,4.75,61.39,46.28,Pump A Running
2026-07-30T18:00:00+00:00,Running,1,2424.5,10.57,4.91,63.05,46.06,Pump A Running
2026-07-30T18:15:00+00:00,Running,1,2440.2,10.72,4.83,61.24,46.22,Pump A Running
2026-07-30T18:30:00+00:00,Running,1,2304.1,10.53,4.87,61.13,46.46,Pump A Running
2026-07-30T18:45:00+00:00,Running,1,2207.2,10.59,4.99,64.12,46.13,Pump A Running
2026-07-30T19:00:00+00:00,Running,1,2263.1,10.64,4.85,62.53,46.06,Pump A Running
2026-07-30T19:15:00+00:00,Running,1,2375.7,10.56,4.86,64.33,46.23,Pump A Running
2026-07-30T19:30:00+00:00,Running,1,2404.7,10.74,4.7,62.18,46.69,Pump A Running
2026-07-30T19:45:00+00:00,Running,1,2622.0,10.72,4.77,62.03,46.9,Pump A Running
2026-07-30T20:00:00+00:00,Running,1,2231.3,10.64,4.86,61.77,46.61,Pump A Running
2026-07-30T20:15:00+00:00,Running,1,2552.3,10.67,4.67,62.34,46.06,Pump A Running
2026-07-30T20:30:00+00:00,Running,1,2403.2,10.64,4.9,60.51,46.1,Pump A Running
2026-07-30T20:45:00+00:00,Running,1,2472.5,10.68,4.86,63.04,46.53,Pump A Running
2026-07-30T21:00:00+00:00,Running,1,2289.8,10.5,4.77,63.01,46.47,Pump A Running
2026-07-30T21:15:00+00:00,Running,1,2531.9,10.64,4.73,61.88,46.21,Pump A Running
2026-07-30T21:30:00+00:00,Running,1,2437.0,10.47,4.77,62.24,45.82,Pump A Running
2026-07-30T21:45:00+00:00,Running,1,2490.6,10.47,4.76,62.11,46.29,Pump A Running
2026-07-30T22:00:00+00:00,Running,1,2430.2,10.67,4.83,62.37,46.2,Pump A Running
2026-07-30T22:15:00+00:00,Running,1,2494.7,10.64,4.66,62.35,46.36,Pump A Running
2026-07-30T22:30:00+00:00,Running,1,2476.0,10.68,4.82,64.5,46.11,Pump A Running
2026-07-30T22:45:00+00:00,Running,1,2655.0,10.48,4.79,60.1,46.33,Pump A Running
2026-07-30T23:00:00+00:00,Running,1,2687.4,10.58,4.94,62.95,46.61,Pump A Running
2026-07-30T23:15:00+00:00,Running,1,2402.8,10.64,4.7,62.84,46.36,Pump A Running
2026-07-30T23:30:00+00:00,Running,1,2551.0,10.56,4.81,61.68,46.14,Pump A Running
2026-07-30T23:45:00+00:00,Running,1,2531.0,10.59,4.88,59.99,46.68,Pump A Running
2026-07-31T00:00:00+00:00,Running,1,2439.8,10.64,4.76,62.69,46.77,Pump A Running
2026-07-31T00:15:00+00:00,Running,1,2466.6,10.41,4.74,60.6,47.19,Pump A Running
2026-07-31T00:30:00+00:00,Running,1,2654.6,10.5,4.8,61.65,45.96,Pump A Running
2026-07-31T00:45:00+00:00,Running,1,2536.6,10.63,4.89,61.74,46.17,Pump A Running
2026-07-31T01:00:00+00:00,Running,1,2567.9,10.61,4.67,62.92,46.67,Pump A Running
2026-07-31T01:15:00+00:00,Running,1,2644.0,10.56,4.87,62.82,45.77,Pump A Running
2026-07-31T01:30:00+00:00,Running,1,2541.7,10.65,4.72,63.15,47.11,Pump A Running
2026-07-31T01:45:00+00:00,Running,1,2488.0,10.55,4.7,61.61,47.21,Pump A Running
2026-07-31T02:00:00+00:00,Stopped,0,0.0,0.0,0.09,0.0,29.34,Pumps Stopped
2026-07-31T02:15:00+00:00,Stopped,0,0.0,0.0,0.14,0.0,28.63,Pumps Stopped
2026-07-31T02:30:00+00:00,Stopped,0,0.0,0.0,0.21,0.0,29.3,Pumps Stopped
2026-07-31T02:45:00+00:00,Stopped,0,0.0,0.0,0.19,0.0,28.9,Pumps Stopped
2026-07-31T03:00:00+00:00,Stopped,0,0.0,0.0,0.15,0.0,29.12,Pumps Stopped
2026-07-31T03:15:00+00:00,Stopped,0,0.0,0.0,0.16,0.0,29.56,Pumps Stopped
2026-07-31T03:30:00+00:00,Running,1,2482.8,10.69,4.78,62.8,46.45,Pump A Running
2026-07-31T03:45:00+00:00,Running,1,2704.7,10.64,4.69,64.88,46.51,Pump A Running
2026-07-31T04:00:00+00:00,Running,1,2666.6,10.6,4.82,62.05,46.76,Pump A Running
2026-07-31T04:15:00+00:00,Running,1,2677.9,10.64,4.84,61.74,45.95,Pump A Running
2026-07-31T04:30:00+00:00,Running,1,2485.3,10.72,4.67,62.38,45.77,Pump A Running
2026-07-31T04:45:00+00:00,Running,1,2722.2,10.63,4.89,63.21,46.66,Pump A Running
2026-07-31T05:00:00+00:00,Running,1,2629.9,10.63,4.74,63.2,46.74,Pump A Running
2026-07-31T05:15:00+00:00,Running,1,2699.2,10.6,4.88,60.96,46.4,Pump A Running
2026-07-31T05:30:00+00:00,Running,1,2600.7,10.62,4.8,62.82,46.29,Pump A Running
2026-07-31T05:45:00+00:00,Running,1,2742.3,10.5,4.69,60.56,46.2,Pump A Running
2026-07-31T06:00:00+00:00,Running,1,2690.4,10.61,4.74,62.61,46.96,Pump A Running
2026-07-31T06:15:00+00:00,Running,1,2516.3,10.78,4.83,61.47,46.37,Pump A Running
2026-07-31T06:30:00+00:00,Running,1,2637.1,10.53,4.68,62.74,46.57,Pump A Running
2026-07-31T06:45:00+00:00,Running,1,2549.7,10.57,4.77,61.69,46.48,Pump A Running
2026-07-31T07:00:00+00:00,Running,1,2605.4,10.75,4.73,63.76,46.0,Pump A Running
2026-07-31T07:15:00+00:00,Running,1,2846.0,10.68,4.85,63.68,46.99,Pump A Running
2026-07-31T07:30:00+00:00,Running,1,2756.6,10.65,4.84,62.59,46.89,Pump A Running
2026-07-31T07:45:00+00:00,Running,1,2777.4,10.6,4.75,62.28,47.12,Pump A Running
2026-07-31T08:00:00+00:00,Running,1,2794.3,10.45,4.75,61.94,47.09,Pump A Running
2026-07-31T08:15:00+00:00,Running,1,2734.1,10.6,4.87,59.56,46.87,Pump A Running
2026-07-31T08:30:00+00:00,Running,1,2807.3,10.49,4.81,60.46,47.24,Pump A Running
2026-07-31T08:45:00+00:00,Running,1,2818.6,10.64,4.87,62.56,46.85,Pump A Running
2026-07-31T09:00:00+00:00,Running,1,2767.3,10.62,4.76,62.44,45.64,Pump A Running
2026-07-31T09:15:00+00:00,Running,1,2750.3,10.58,4.75,61.29,46.64,Pump A Running
2026-07-31T09:30:00+00:00,Running,1,2826.0,10.59,4.63,60.74,46.67,Pump A Running
2026-07-31T09:45:00+00:00,Running,1,2666.3,10.5,4.77,62.61,45.43,Pump A Running
2026-07-31T10:00:00+00:00,Running,1,2718.6,10.7,4.74,62.45,46.64,Pump A Running
2026-07-31T10:15:00+00:00,Running,1,2651.3,10.58,4.98,59.22,46.26,Pump A Running
2026-07-31T10:30:00+00:00,Running,1,2731.7,10.49,4.76,63.51,46.82,Pump A Running
2026-07-31T10:45:00+00:00,Running,1,2543.6,10.63,4.76,63.05,46.05,Pump A Running
2026-07-31T11:00:00+00:00,Running,1,2722.8,10.58,4.83,60.85,46.8,Pump A Running
2026-07-31T11:15:00+00:00,Running,1,2706.4,10.65,4.92,60.21,46.96,Pump A Running
2026-07-31T11:30:00+00:00,Running,1,2690.5,10.42,4.82,60.84,46.66,Pump A Running
2026-07-31T11:45:00+00:00,Running,1,2758.5,10.69,4.81,62.1,47.13,Pump A Running
2026-07-31T12:00:00+00:00,Running,1,2913.3,10.6,4.84,59.75,47.11,Pump A Running
2026-07-31T12:15:00+00:00,Running,1,2841.8,10.56,4.81,62.6,47.19,Pump A Running
2026-07-31T12:30:00+00:00,Running,1,2827.1,10.39,4.73,62.93,46.98,Pump A Running
2026-07-31T12:45:00+00:00,Running,1,2780.5,10.49,4.83,62.44,46.36,Pump A Running
2026-07-31T13:00:00+00:00,Running,1,2828.2,10.55,4.77,65.14,46.47,Pump A Running
2026-07-31T13:15:00+00:00,Running,1,2670.4,10.62,4.82,62.92,46.22,Pump A Running
2026-07-31T13:30:00+00:00,Running,1,2931.1,10.67,4.75,60.72,46.85,Pump A Running
2026-07-31T13:45:00+00:00,Running,1,2580.9,10.59,4.8,61.94,46.09,Pump A Running
2026-07-31T14:00:00+00:00,Running,1,2836.8,10.65,4.85,62.19,46.11,Pump A Running
2026-07-31T14:15:00+00:00,Running,1,2669.6,10.63,4.82,61.68,46.01,Pump A Running
2026-07-31T14:30:00+00:00,Running,1,2900.8,10.71,4.74,62.61,46.89,Pump A Running
2026-07-31T14:45:00+00:00,Running,1,2736.3,10.62,4.76,62.03,47.3,Pump A Running
2026-07-31T15:00:00+00:00,Running,1,2747.4,10.56,4.74,64.49,46.48,Pump A Running
2026-07-31T15:15:00+00:00,Running,1,2612.3,10.65,4.84,61.46,46.74,Pump A Running
2026-07-31T15:30:00+00:00,Running,1,2745.5,10.71,4.7,61.34,46.21,Pump A Running
2026-07-31T15:45:00+00:00,Running,1,2664.1,10.53,4.74,63.04,46.6,Pump A Running
2026-07-31T16:00:00+00:00,Running,1,2751.1,10.55,4.81,63.73,46.51,Pump A Running
2026-07-31T16:15:00+00:00,Running,1,2922.6,10.61,4.71,63.66,46.85,Pump A Running
2026-07-31T16:30:00+00:00,Running,1,2763.0,10.6,4.69,61.81,47.02,Pump A Running
2026-07-31T16:45:00+00:00,Running,1,2744.7,10.51,4.72,62.01,46.8,Pump A Running
2026-07-31T17:00:00+00:00,Running,1,2714.2,10.48,4.92,62.21,46.23,Pump A Running
2026-07-31T17:15:00+00:00,Running,1,2746.0,10.51,4.66,62.76,47.1,Pump A Running
2026-07-31T17:30:00+00:00,Running,1,2749.8,10.65,4.91,62.8,46.78,Pump A Running
2026-07-31T17:45:00+00:00,Running,1,2526.1,10.61,4.76,61.88,46.29,Pump A Running
2026-07-31T18:00:00+00:00,Running,1,2874.9,10.55,4.79,61.25,46.6,Pump A Running
2026-07-31T18:15:00+00:00,Running,1,2777.9,10.61,4.78,62.48,46.02,Pump A Running
2026-07-31T18:30:00+00:00,Running,1,2805.0,10.6,4.7,62.58,46.84,Pump A Running
2026-07-31T18:45:00+00:00,Running,1,2780.9,10.56,4.76,62.96,46.78,Pump A Running
2026-07-31T19:00:00+00:00,Running,1,2775.6,10.55,4.78,61.18,47.26,Pump A Running
2026-07-31T19:15:00+00:00,Running,1,2803.0,10.46,4.73,62.08,46.72,Pump A Running
2026-07-31T19:30:00+00:00,Running,1,2759.8,10.61,4.73,62.37,46.92,Pump A Running
2026-07-31T19:45:00+00:00,Running,1,2474.7,10.63,4.66,62.77,46.29,Pump A Running
2026-07-31T20:00:00+00:00,Running,1,2699.2,10.62,4.79,64.3,46.65,Pump A Running
2026-07-31T20:15:00+00:00,Running,1,2619.9,10.6,4.82,62.49,47.45,Pump A Running
2026-07-31T20:30:00+00:00,Running,1,2527.6,10.63,4.73,61.29,46.11,Pump A Running
2026-07-31T20:45:00+00:00,Running,1,2822.0,10.71,4.77,62.85,46.87,Pump A Running
2026-07-31T21:00:00+00:00,Running,1,2739.6,10.57,4.73,62.77,46.8,Pump A Running
2026-07-31T21:15:00+00:00,Running,1,2774.5,10.56,4.84,63.12,46.49,Pump A Running
2026-07-31T21:30:00+00:00,Running,1,2662.8,10.69,4.82,64.73,45.73,Pump A Running
2026-07-31T21:45:00+00:00,Running,1,2697.6,10.61,4.86,58.89,46.43,Pump A Running
2026-07-31T22:00:00+00:00,Running,1,2904.1,10.54,4.73,62.03,46.77,Pump A Running
2026-07-31T22:15:00+00:00,Running,1,2722.0,10.51,4.96,61.96,46.49,Pump A Running
2026-07-31T22:30:00+00:00,Running,1,2757.0,10.65,4.71,62.25,46.91,Pump A Running
2026-07-31T22:45:00+00:00,Running,1,2792.1,10.59,4.86,62.58,46.74,Pump A Running
2026-07-31T23:00:00+00:00,Running,1,2795.9,10.49,4.83,63.39,46.91,Pump A Running
2026-07-31T23:15:00+00:00,Running,1,2769.0,10.73,4.77,61.63,46.77,Pump A Running
2026-07-31T23:30:00+00:00,Running,1,2639.7,10.58,4.84,62.71,46.51,Pump A Running
2026-07-31T23:45:00+00:00,Running,1,2687.4,10.6,4.73,63.46,46.46,Pump A Running
2026-08-01T00:00:00+00:00,Running,1,2617.7,10.57,4.74,62.13,46.77,Pump A Running
2026-08-01T00:15:00+00:00,Running,1,2659.7,10.65,4.87,62.96,46.8,Pump A Running
2026-08-01T00:30:00+00:00,Running,1,2731.5,10.54,4.75,61.76,46.38,Pump A Running
2026-08-01T00:45:00+00:00,Running,1,2556.8,10.51,4.85,61.53,46.42,Pump A Running
2026-08-01T01:00:00+00:00,Running,1,2611.5,10.57,4.82,63.13,46.03,Pump A Running
2026-08-01T01:15:00+00:00,Running,1,2752.0,10.65,4.84,60.71,46.75,Pump A Running
2026-08-01T01:30:00+00:00,Running,1,2579.5,10.62,4.78,62.2,46.54,Pump A Running
2026-08-01T01:45:00+00:00,Running,1,2656.7,10.68,4.75,62.43,46.14,Pump A Running
2026-08-01T02:00:00+00:00,Stopped,0,0.0,0.0,0.12,0.0,29.25,Pumps Stopped
2026-08-01T02:15:00+00:00,Stopped,0,0.0,0.0,0.16,0.0,28.85,Pumps Stopped
2026-08-01T02:30:00+00:00,Stopped,0,0.0,0.0,0.12,0.0,28.48,Pumps Stopped
2026-08-01T02:45:00+00:00,Stopped,0,0.0,0.0,0.12,0.0,29.22,Pumps Stopped
2026-08-01T03:00:00+00:00,Stopped,0,0.0,0.0,0.18,0.0,28.98,Pumps Stopped
2026-08-01T03:15:00+00:00,Stopped,0,0.0,0.0,0.19,0.0,28.33,Pumps Stopped
2026-08-01T03:30:00+00:00,Running,1,2544.6,10.58,4.82,61.88,46.88,Pump A Running
2026-08-01T03:45:00+00:00,Running,1,2700.4,10.51,4.65,61.14,47.25,Pump A Running
2026-08-01T04:00:00+00:00,Running,1,2384.4,10.55,4.71,61.41,46.54,Pump A Running
2026-08-01T04:15:00+00:00,Running,1,2535.4,10.55,4.72,61.23,45.72,Pump A Running
2026-08-01T04:30:00+00:00,Running,1,2502.3,10.63,4.66,60.94,46.41,Pump A Running
2026-08-01T04:45:00+00:00,Running,1,2451.5,10.64,4.91,62.37,46.18,Pump A Running
2026-08-01T05:00:00+00:00,Running,1,2639.2,10.65,4.81,61.8,47.15,Pump A Running
2026-08-01T05:15:00+00:00,Running,1,2405.8,10.53,4.75,63.42,46.39,Pump A Running
2026-08-01T05:30:00+00:00,Running,1,2467.5,10.6,4.89,61.42,46.49,Pump A Running
2026-08-01T05:45:00+00:00,Running,1,2657.9,10.61,4.86,63.03,46.7,Pump A Running
2026-08-01T06:00:00+00:00,Running,1,2483.9,10.59,4.82,61.33,46.65,Pump A Running
2026-08-01T06:15:00+00:00,Running,1,2686.9,10.56,4.83,63.14,46.73,Pump A Running
2026-08-01T06:30:00+00:00,Running,1,2538.6,10.6,4.76,61.9,46.45,Pump A Running
2026-08-01T06:45:00+00:00,Running,1,2499.1,10.69,4.9,63.17,46.31,Pump A Running
2026-08-01T07:00:00+00:00,Running,1,2485.6,10.62,4.72,63.48,46.71,Pump A Running
2026-08-01T07:15:00+00:00,Running,1,2344.2,10.51,4.77,63.88,46.67,Pump A Running
2026-08-01T07:30:00+00:00,Running,1,2336.6,10.68,4.78,61.93,46.79,Pump A Running
2026-08-01T07:45:00+00:00,Running,1,2559.6,10.64,4.82,62.48,46.79,Pump A Running
2026-08-01T08:00:00+00:00,Running,1,2515.5,10.54,4.86,62.35,46.27,Pump A Running
2026-08-01T08:15:00+00:00,Running,1,2523.5,10.58,4.74,60.99,46.95,Pump A Running
2026-08-01T08:30:00+00:00,Running,1,2475.3,10.55,4.77,62.19,46.46,Pump A Running
2026-08-01T08:45:00+00:00,Running,1,2540.3,10.58,4.78,63.08,46.32,Pump A Running
2026-08-01T09:00:00+00:00,Running,1,2366.3,10.66,4.81,61.7,46.9,Pump A Running
2026-08-01T09:15:00+00:00,Running,1,2393.4,10.75,4.75,60.27,46.07,Pump A Running
2026-08-01T09:30:00+00:00,Running,1,2525.8,10.56,4.86,62.15,46.18,Pump A Running
2026-08-01T09:45:00+00:00,Running,1,2309.2,10.59,4.71,62.83,45.83,Pump A Running
2026-08-01T10:00:00+00:00,Running,1,2363.8,10.71,4.77,61.54,46.39,Pump A Running
2026-08-01T10:15:00+00:00,Running,1,2380.6,10.65,4.74,62.22,46.68,Pump A Running
2026-08-01T10:30:00+00:00,Running,1,2473.7,10.5,4.71,62.22,46.57,Pump A Running
2026-08-01T10:45:00+00:00,Running,1,2382.6,10.73,4.88,61.27,45.74,Pump A Running
2026-08-01T11:00:00+00:00,Running,1,2377.9,10.53,4.91,61.47,45.67,Pump A Running
2026-08-01T11:15:00+00:00,Running,1,2315.1,10.6,4.81,63.0,46.56,Pump A Running
2026-08-01T11:30:00+00:00,Running,1,2363.9,10.63,4.83,62.25,46.28,Pump A Running
2026-08-01T11:45:00+00:00,Running,1,2179.4,10.59,4.81,62.57,46.43,Pump A Running
2026-08-01T12:00:00+00:00,Running,1,2232.8,10.83,4.78,61.52,46.16,Pump A Running
2026-08-01T12:15:00+00:00,Running,1,2134.8,10.59,4.83,60.72,46.53,Pump A Running
2026-08-01T12:30:00+00:00,Running,1,2110.9,10.7,4.8,61.68,45.98,Pump A Running
2026-08-01T12:45:00+00:00,Running,1,2400.6,10.48,4.79,62.9,46.04,Pump A Running
2026-08-01T13:00:00+00:00,Running,1,2357.4,10.58,4.74,61.69,46.48,Pump A Running
2026-08-01T13:15:00+00:00,Running,1,2410.2,10.57,4.79,60.95,46.65,Pump A Running
2026-08-01T13:30:00+00:00,Running,1,2259.6,10.51,4.87,62.07,46.21,Pump A Running
2026-08-01T13:45:00+00:00,Running,1,2365.0,10.66,4.82,62.45,46.32,Pump A Running
2026-08-01T14:00:00+00:00,Running,1,2392.0,10.68,4.78,63.3,46.08,Pump A Running
2026-08-01T14:15:00+00:00,Running,1,2254.8,10.67,4.86,62.61,45.88,Pump A Running
2026-08-01T14:30:00+00:00,Running,1,2221.4,10.57,4.83,60.93,46.57,Pump A Running
2026-08-01T14:45:00+00:00,Running,1,2178.4,10.66,4.54,61.45,46.58,Pump A Running
2026-08-01T15:00:00+00:00,Running,1,2195.1,10.6,4.79,62.26,45.81,Pump A Running
2026-08-01T15:15:00+00:00,Running,1,2275.7,10.57,4.82,61.33,46.08,Pump A Running
2026-08-01T15:30:00+00:00,Running,1,2310.5,10.57,4.81,61.05,46.02,Pump A Running
2026-08-01T15:45:00+00:00,Running,1,2256.0,10.38,4.78,62.2,45.67,Pump A Running
2026-08-01T16:00:00+00:00,Running,1,2186.7,10.61,4.73,62.04,45.9,Pump A Running
2026-08-01T16:15:00+00:00,Running,1,2296.0,10.7,4.8,60.8,46.46,Pump A Running
2026-08-01T16:30:00+00:00,Running,1,2230.7,10.59,4.84,61.69,45.19,Pump A Running
2026-08-01T16:45:00+00:00,Running,1,2313.7,10.58,4.82,63.4,46.69,Pump A Running
2026-08-01T17:00:00+00:00,Running,1,2113.0,10.63,4.89,61.36,45.7,Pump A Running
2026-08-01T17:15:00+00:00,Running,1,2380.1,10.68,4.72,62.75,46.86,Pump A Running
2026-08-01T17:30:00+00:00,Running,1,2214.2,10.59,4.71,63.9,46.22,Pump A Running
2026-08-01T17:45:00+00:00,Running,1,2138.8,10.7,4.81,62.33,46.1,Pump A Running
2026-08-01T18:00:00+00:00,Running,1,2159.3,10.54,4.78,60.84,45.45,Pump A Running
2026-08-01T18:15:00+00:00,Running,1,2319.8,10.58,4.91,61.08,46.27,Pump A Running
2026-08-01T18:30:00+00:00,Running,1,2151.3,10.62,4.68,61.71,46.5,Pump A Running
2026-08-01T18:45:00+00:00,Running,1,2204.2,10.56,4.81,63.07,46.49,Pump A Running
2026-08-01T19:00:00+00:00,Running,1,2148.8,10.55,4.68,59.04,45.76,Pump A Running
2026-08-01T19:15:00+00:00,Running,1,2228.4,10.48,4.81,63.03,45.94,Pump A Running
2026-08-01T19:30:00+00:00,Running,1,2167.9,10.65,4.81,62.39,46.37,Pump A Running
2026-08-01T19:45:00+00:00,Running,1,2305.4,10.62,4.79,60.87,45.6,Pump A Running
2026-08-01T20:00:00+00:00,Running,1,2213.2,10.63,4.75,61.32,46.22,Pump A Running
2026-08-01T20:15:00+00:00,Running,1,2160.5,10.6,4.79,62.81,45.35,Pump A Running
2026-08-01T20:30:00+00:00,Running,1,2189.8,10.59,4.77,62.16,46.06,Pump A Running
2026-08-01T20:45:00+00:00,Running,1,2149.5,10.68,4.81,61.54,45.36,Pump A Running
2026-08-01T21:00:00+00:00,Running,1,2150.6,10.64,4.82,61.07,46.97,Pump A Running
2026-08-01T21:15:00+00:00,Running,1,2215.6,10.55,4.76,62.23,46.44,Pump A Running
2026-08-01T21:30:00+00:00,Running,1,1925.4,10.63,4.89,61.66,46.02,Pump A Running
2026-08-01T21:45:00+00:00,Running,1,2079.8,10.59,4.77,61.47,45.46,Pump A Running
2026-08-01T22:00:00+00:00,Running,1,2194.7,10.6,4.79,62.41,46.1,Pump A Running
2026-08-01T22:15:00+00:00,Running,1,2197.0,10.56,4.85,61.23,45.94,Pump A Running
2026-08-01T22:30:00+00:00,Running,1,2103.9,10.59,4.77,60.4,45.52,Pump A Running
2026-08-01T22:45:00+00:00,Running,1,2115.2,10.74,4.8,62.57,46.01,Pump A Running
2026-08-01T23:00:00+00:00,Running,1,2076.3,10.6,4.89,61.98,45.82,Pump A Running
2026-08-01T23:15:00+00:00,Running,1,2278.7,10.63,4.8,61.3,45.72,Pump A Running
2026-08-01T23:30:00+00:00,Running,1,2279.9,10.64,4.84,61.79,46.4,Pump A Running
2026-08-01T23:45:00+00:00,Running,1,2098.0,10.67,4.82,59.97,46.41,Pump A Running
2026-08-02T00:00:00+00:00,Running,1,2244.2,10.63,4.77,63.13,46.4,Pump A Running
2026-08-02T00:15:00+00:00,Running,1,2201.7,10.64,4.92,61.05,46.09,Pump A Running
2026-08-02T00:30:00+00:00,Running,1,2198.9,10.65,4.86,61.8,46.01,Pump A Running
2026-08-02T00:45:00+00:00,Running,1,2064.2,10.53,4.89,59.85,46.64,Pump A Running
2026-08-02T01:00:00+00:00,Running,1,2036.5,10.63,4.8,62.5,46.57,Pump A Running
2026-08-02T01:15:00+00:00,Running,1,2161.4,10.57,4.84,63.63,46.33,Pump A Running
2026-08-02T01:30:00+00:00,Running,1,2178.8,10.54,4.8,62.78,46.89,Pump A Running
2026-08-02T01:45:00+00:00,Running,1,2164.1,10.6,4.77,62.96,46.24,Pump A Running
2026-08-02T02:00:00+00:00,Stopped,0,0.0,0.0,0.15,0.0,29.39,Pumps Stopped
2026-08-02T02:15:00+00:00,Stopped,0,0.0,0.0,0.15,0.0,28.61,Pumps Stopped
2026-08-02T02:30:00+00:00,Stopped,0,0.0,0.0,0.13,0.0,29.61,Pumps Stopped
2026-08-02T02:45:00+00:00,Stopped,0,0.0,0.0,0.15,0.0,29.13,Pumps Stopped
2026-08-02T03:00:00+00:00,Stopped,0,0.0,0.0,0.1,0.0,28.7,Pumps Stopped
2026-08-02T03:15:00+00:00,Stopped,0,0.0,0.0,0.13,0.0,28.83,Pumps Stopped
2026-08-02T03:30:00+00:00,Running,1,2193.4,10.61,4.92,63.26,45.81,Pump A Running
2026-08-02T03:45:00+00:00,Running,1,2060.1,10.61,4.9,62.78,45.69,Pump A Running
2026-08-02T04:00:00+00:00,Running,1,2042.2,10.69,4.96,59.38,45.2,Pump A Running
2026-08-02T04:15:00+00:00,Running,1,2278.4,10.56,4.77,64.23,46.41,Pump A Running
2026-08-02T04:30:00+00:00,Running,1,2137.2,10.62,4.85,61.09,45.74,Pump A Running
2026-08-02T04:45:00+00:00,Running,1,2181.5,10.6,4.75,61.35,45.86,Pump A Running
2026-08-02T05:00:00+00:00,Running,1,2239.1,10.6,4.75,63.64,45.96,Pump A Running
2026-08-02T05:15:00+00:00,Running,1,2082.3,10.55,4.81,61.49,45.81,Pump A Running
2026-08-02T05:30:00+00:00,Running,1,2264.5,10.55,4.7,60.58,45.9,Pump A Running
2026-08-02T05:45:00+00:00,Running,1,2148.7,10.65,4.79,61.81,46.55,Pump A Running
2026-08-02T06:00:00+00:00,Running,1,2176.0,10.64,4.81,64.64,46.05,Pump A Running
2026-08-02T06:15:00+00:00,Running,1,2032.1,10.5,4.77,62.74,46.02,Pump A Running
2026-08-02T06:30:00+00:00,Running,1,2224.2,10.6,4.64,62.03,46.14,Pump A Running
2026-08-02T06:45:00+00:00,Running,1,2339.7,10.59,4.85,59.85,46.18,Pump A Running
2026-08-02T07:00:00+00:00,Running,1,2106.9,10.6,4.74,61.08,45.77,Pump A Running
2026-08-02T07:15:00+00:00,Running,1,2124.4,10.64,4.91,61.17,46.39,Pump A Running
2026-08-02T07:30:00+00:00,Running,1,2224.9,10.77,4.74,63.59,47.0,Pump A Running
2026-08-02T07:45:00+00:00,Running,1,2316.5,10.65,4.78,62.68,46.28,Pump A Running
2026-08-02T08:00:00+00:00,Running,1,2096.1,10.6,4.91,63.54,45.8,Pump A Running
2026-08-02T08:15:00+00:00,Running,1,2239.7,10.61,4.93,61.34,46.07,Pump A Running
2026-08-02T08:30:00+00:00,Running,1,2214.5,10.58,4.82,62.69,46.2,Pump A Running
2026-08-02T08:45:00+00:00,Running,1,2056.3,10.55,4.7,61.91,45.85,Pump A Running
2026-08-02T09:00:00+00:00,Running,1,2296.6,10.63,4.74,61.36,45.58,Pump A Running
2026-08-02T09:15:00+00:00,Running,1,2200.6,10.66,4.76,61.84,45.61,Pump A Running
2026-08-02T09:30:00+00:00,Running,1,2166.6,10.65,4.62,61.71,46.23,Pump A Running
2026-08-02T09:45:00+00:00,Running,1,2297.4,10.66,4.77,61.62,45.93,Pump A Running
2026-08-02T10:00:00+00:00,Running,1,2295.7,10.55,4.78,63.11,46.28,Pump A Running
2026-08-02T10:15:00+00:00,Running,1,2224.2,10.59,4.92,63.68,46.07,Pump A Running
2026-08-02T10:30:00+00:00,Running,1,2270.5,10.62,4.77,61.52,46.58,Pump A Running
2026-08-02T10:45:00+00:00,Running,1,2411.6,10.48,4.71,64.69,46.6,Pump A Running
2026-08-02T11:00:00+00:00,Running,1,2396.8,10.56,4.75,62.44,46.12,Pump A Running
2026-08-02T11:15:00+00:00,Running,1,2395.2,10.64,4.75,60.35,46.93,Pump A Running
2026-08-02T11:30:00+00:00,Running,1,2243.9,10.55,4.8,61.5,45.91,Pump A Running
2026-08-02T11:45:00+00:00,Running,1,2396.6,10.62,4.6,61.24,45.88,Pump A Running
2026-08-02T12:00:00+00:00,Running,1,2160.3,10.56,4.75,60.27,46.02,Pump A Running
2026-08-02T12:15:00+00:00,Running,1,2282.6,10.59,4.87,60.9,45.79,Pump A Running
2026-08-02T12:30:00+00:00,Running,1,2367.4,10.58,4.77,63.58,45.95,Pump A Running
2026-08-02T12:45:00+00:00,Running,1,2286.1,10.64,4.68,62.14,46.16,Pump A Running
2026-08-02T13:00:00+00:00,Running,1,2367.2,10.62,4.91,62.8,46.24,Pump A Running
2026-08-02T13:15:00+00:00,Running,1,2401.7,10.65,4.76,62.83,46.01,Pump A Running
2026-08-02T13:30:00+00:00,Running,1,2449.5,10.61,4.78,62.98,46.46,Pump A Running
2026-08-02T13:45:00+00:00,Running,1,2395.5,10.72,4.9,62.21,45.58,Pump A Running
2026-08-02T14:00:00+00:00,Running,1,2577.0,10.41,4.78,60.79,46.51,Pump A Running
2026-08-02T14:15:00+00:00,Running,1,2310.5,10.56,4.74,62.81,45.86,Pump A Running
2026-08-02T14:30:00+00:00,Running,1,2319.4,10.49,4.88,59.57,45.7,Pump A Running
2026-08-02T14:45:00+00:00,Running,1,2286.3,10.65,4.71,63.36,46.46,Pump A Running
2026-08-02T15:00:00+00:00,Running,1,2551.2,10.6,4.79,62.29,46.89,Pump A Running
2026-08-02T15:15:00+00:00,Running,1,2218.4,10.63,4.79,62.25,45.46,Pump A Running
2026-08-02T15:30:00+00:00,Running,1,2497.6,10.6,4.75,61.16,45.99,Pump A Running
2026-08-02T15:45:00+00:00,Running,1,2428.5,10.56,4.86,62.06,46.26,Pump A Running
2026-08-02T16:00:00+00:00,Running,1,2554.1,10.5,4.78,62.65,45.88,Pump A Running
2026-08-02T16:15:00+00:00,Running,1,2427.0,10.66,4.73,62.1,45.46,Pump A Running
2026-08-02T16:30:00+00:00,Running,1,2334.7,10.6,4.7,62.27,46.3,Pump A Running
2026-08-02T16:45:00+00:00,Running,1,2493.4,10.68,4.73,62.66,46.55,Pump A Running
2026-08-02T17:00:00+00:00,Running,1,2429.4,10.6,4.75,60.77,46.64,Pump A Running
2026-08-02T17:15:00+00:00,Running,1,2512.6,10.63,4.78,62.14,46.21,Pump A Running
2026-08-02T17:30:00+00:00,Running,1,2490.5,10.6,4.71,63.0,46.21,Pump A Running
2026-08-02T17:45:00+00:00,Running,1,2418.7,10.65,4.84,62.78,46.18,Pump A Running
2026-08-02T18:00:00+00:00,Running,1,2448.5,10.74,4.76,62.38,46.25,Pump A Running
2026-08-02T18:15:00+00:00,Running,1,2590.9,10.61,4.74,62.95,46.27,Pump A Running
2026-08-02T18:30:00+00:00,Running,1,2420.9,10.6,4.8,62.92,46.31,Pump A Running
2026-08-02T18:45:00+00:00,Running,1,2428.3,10.58,4.84,62.81,46.22,Pump A Running
2026-08-02T19:00:00+00:00,Running,1,2548.3,10.61,4.88,61.68,46.08,Pump A Running
2026-08-02T19:15:00+00:00,Running,1,2537.1,10.58,4.76,62.12,46.44,Pump A Running
2026-08-02T19:30:00+00:00,Running,1,2607.7,10.51,4.79,61.01,46.79,Pump A Running
2026-08-02T19:45:00+00:00,Running,1,2549.8,10.41,4.94,59.98,46.39,Pump A Running
2026-08-02T20:00:00+00:00,Running,1,2668.0,10.68,4.66,61.41,46.39,Pump A Running
2026-08-02T20:15:00+00:00,Running,1,2459.9,10.54,4.81,64.28,46.15,Pump A Running
2026-08-02T20:30:00+00:00,Running,1,2440.3,10.57,4.72,62.23,46.29,Pump A Running
2026-08-02T20:45:00+00:00,Running,1,2422.1,10.51,4.88,62.21,46.76,Pump A Running
2026-08-02T21:00:00+00:00,Running,1,2680.1,10.62,4.85,62.09,46.33,Pump A Running
2026-08-02T21:15:00+00:00,Running,1,2469.3,10.58,4.83,63.74,46.09,Pump A Running
2026-08-02T21:30:00+00:00,Running,1,2762.5,10.56,4.74,64.54,46.07,Pump A Running
2026-08-02T21:45:00+00:00,Running,1,2547.1,10.47,4.76,62.88,46.86,Pump A Running
2026-08-02T22:00:00+00:00,Running,1,2487.1,10.56,4.76,62.28,46.18,Pump A Running
2026-08-02T22:15:00+00:00,Running,1,2581.6,10.57,4.78,60.14,46.33,Pump A Running
2026-08-02T22:30:00+00:00,Running,1,2569.7,10.6,4.89,61.64,45.96,Pump A Running
2026-08-02T22:45:00+00:00,Running,1,2700.3,10.57,4.8,63.11,46.26,Pump A Running
2026-08-02T23:00:00+00:00,Running,1,2643.9,10.6,4.78,60.94,46.42,Pump A Running
2026-08-02T23:15:00+00:00,Running,1,2739.3,10.62,4.68,59.43,46.06,Pump A Running
2026-08-02T23:30:00+00:00,Running,1,2779.5,10.56,4.8,64.36,46.82,Pump A Running
2026-08-02T23:45:00+00:00,Running,1,2557.5,10.71,4.78,64.45,46.18,Pump A Running
2026-08-03T00:00:00+00:00,Running,1,2702.9,10.58,4.69,60.72,46.61,Pump A Running
2026-08-03T00:15:00+00:00,Running,1,2728.0,10.65,4.75,62.71,46.67,Pump A Running
2026-08-03T00:30:00+00:00,Running,1,2644.7,10.53,4.78,61.64,45.9,Pump A Running
2026-08-03T00:45:00+00:00,Running,1,2631.6,10.6,4.89,60.75,45.97,Pump A Running
2026-08-03T01:00:00+00:00,Running,1,2666.4,10.55,4.77,60.22,46.3,Pump A Running
2026-08-03T01:15:00+00:00,Running,1,2720.6,10.62,4.91,62.36,47.39,Pump A Running
2026-08-03T01:30:00+00:00,Running,1,2595.7,10.71,4.83,59.81,46.17,Pump A Running
2026-08-03T01:45:00+00:00,Running,1,2639.2,10.63,4.71,60.87,46.18,Pump A Running
2026-08-03T02:00:00+00:00,Stopped,0,0.0,0.0,0.16,0.0,29.21,Pumps Stopped
2026-08-03T02:15:00+00:00,Stopped,0,0.0,0.0,0.19,0.0,28.84,Pumps Stopped
2026-08-03T02:30:00+00:00,Stopped,0,0.0,0.0,0.14,0.0,29.61,Pumps Stopped
2026-08-03T02:45:00+00:00,Stopped,0,0.0,0.0,0.17,0.0,29.34,Pumps Stopped
2026-08-03T03:00:00+00:00,Stopped,0,0.0,0.0,0.15,0.0,28.94,Pumps Stopped
2026-08-03T03:15:00+00:00,Stopped,0,0.0,0.0,0.13,0.0,28.92,Pumps Stopped
2026-08-03T03:30:00+00:00,Running,1,2568.8,10.62,4.66,62.91,46.84,Pump A Running
2026-08-03T03:45:00+00:00,Running,1,2692.3,10.68,4.86,60.49,46.84,Pump A Running
2026-08-03T04:00:00+00:00,Running,1,2651.6,10.55,4.9,62.51,46.41,Pump A Running
2026-08-03T04:15:00+00:00,Running,1,2773.8,10.62,4.79,62.44,47.07,Pump A Running
2026-08-03T04:30:00+00:00,Running,1,2594.6,10.6,4.82,62.19,46.45,Pump A Running
2026-08-03T04:45:00+00:00,Running,1,2676.7,10.53,4.87,62.48,46.54,Pump A Running
2026-08-03T05:00:00+00:00,Running,1,2632.6,10.54,4.81,61.1,47.1,Pump A Running
2026-08-03T05:15:00+00:00,Running,1,2872.4,10.62,4.76,59.19,47.02,Pump A Running
2026-08-03T05:30:00+00:00,Running,1,2714.2,10.58,4.87,62.21,47.25,Pump A Running
2026-08-03T05:45:00+00:00,Running,1,2809.2,10.56,4.83,59.48,46.44,Pump A Running
2026-08-03T06:00:00+00:00,Running,1,2745.3,10.75,4.78,63.41,46.97,Pump A Running
2026-08-03T06:15:00+00:00,Running,1,2666.6,10.67,4.83,63.49,46.63,Pump A Running
2026-08-03T06:30:00+00:00,Running,1,2817.3,10.54,4.74,60.9,46.76,Pump A Running
2026-08-03T06:45:00+00:00,Running,1,2861.2,10.64,4.79,63.13,47.16,Pump A Running
2026-08-03T07:00:00+00:00,Running,1,2844.4,10.62,4.83,61.94,46.7,Pump A Running
2026-08-03T07:15:00+00:00,Running,1,2794.9,10.63,4.79,61.28,46.98,Pump A Running
2026-08-03T07:30:00+00:00,Running,1,2794.4,10.72,4.68,61.71,46.72,Pump A Running
2026-08-03T07:45:00+00:00,Running,1,2787.8,10.7,4.86,61.6,46.6,Pump A Running
2026-08-03T08:00:00+00:00,Running,1,2747.5,10.64,4.72,61.9,46.85,Pump A Running
2026-08-03T08:15:00+00:00,Running,1,2700.7,10.56,4.86,63.55,46.23,Pump A Running
2026-08-03T08:30:00+00:00,Running,1,2817.2,10.57,4.67,61.65,46.37,Pump A Running
2026-08-03T08:45:00+00:00,Running,1,2792.3,10.51,4.79,63.12,46.63,Pump A Running
2026-08-03T09:00:00+00:00,Running,1,2812.1,10.52,4.65,62.71,46.85,Pump A Running
2026-08-03T09:15:00+00:00,Running,1,2862.0,10.58,4.79,62.63,46.98,Pump A Running
2026-08-03T09:30:00+00:00,Running,1,2851.4,10.57,4.84,61.07,46.8,Pump A Running
2026-08-03T09:45:00+00:00,Running,1,2801.3,10.55,4.91,60.69,47.46,Pump A Running
2026-08-03T10:00:00+00:00,Running,1,2848.5,10.56,4.81,61.77,47.1,Pump A Running
2026-08-03T10:15:00+00:00,Running,1,2660.6,10.63,4.73,63.24,47.01,Pump A Running
2026-08-03T10:30:00+00:00,Running,1,2747.9,10.56,4.8,61.61,47.02,Pump A Running
2026-08-03T10:45:00+00:00,Running,1,2661.6,10.62,4.85,59.71,46.67,Pump A Running
2026-08-03T11:00:00+00:00,Running,1,2720.8,10.61,4.82,59.65,46.15,Pump A Running
2026-08-03T11:15:00+00:00,Running,1,2851.9,10.59,4.86,59.35,46.64,Pump A Running
2026-08-03T11:30:00+00:00,Running,1,2680.2,10.7,4.79,60.79,46.11,Pump A Running
2026-08-03T11:45:00+00:00,Running,1,2642.8,10.67,4.77,61.8,47.22,Pump A Running
2026-08-03T12:00:00+00:00,Running,1,2721.5,10.58,4.93,63.91,46.76,Pump A Running
2026-08-03T12:15:00+00:00,Running,1,2774.4,10.55,4.78,61.64,46.11,Pump A Running
2026-08-03T12:30:00+00:00,Running,1,2810.6,10.51,4.89,63.26,46.81,Pump A Running
2026-08-03T12:45:00+00:00,Running,1,2779.0,10.67,4.86,62.07,46.8,Pump A Running
2026-08-03T13:00:00+00:00,Running,1,2576.8,10.59,4.87,60.64,46.26,Pump A Running
2026-08-03T13:15:00+00:00,Running,1,2777.0,10.6,4.9,59.62,47.09,Pump A Running
2026-08-03T13:30:00+00:00,Running,1,2729.5,10.43,4.57,61.38,46.24,Pump A Running
2026-08-03T13:45:00+00:00,Running,1,2881.3,10.55,4.77,60.79,46.72,Pump A Running
2026-08-03T14:00:00+00:00,Running,1,2729.6,10.5,4.78,61.9,46.64,Pump A Running
2026-08-03T14:15:00+00:00,Running,1,2821.4,10.58,4.86,62.67,46.6,Pump A Running
2026-08-03T14:30:00+00:00,Running,1,2645.9,10.69,4.81,61.27,46.31,Pump A Running
2026-08-03T14:45:00+00:00,Running,1,2622.4,10.63,4.83,61.5,46.63,Pump A Running
2026-08-03T15:00:00+00:00,Running,1,2577.0,10.66,4.76,62.23,46.76,Pump A Running
2026-08-03T15:15:00+00:00,Running,1,2686.8,10.47,4.87,62.7,46.52,Pump A Running
2026-08-03T15:30:00+00:00,Running,1,2635.7,10.64,4.83,62.89,46.51,Pump A Running
2026-08-03T15:45:00+00:00,Running,1,2690.4,10.49,4.74,63.24,46.73,Pump A Running
2026-08-03T16:00:00+00:00,Running,1,2726.3,10.64,4.71,62.56,46.35,Pump A Running
2026-08-03T16:15:00+00:00,Running,1,2758.5,10.52,4.72,62.16,46.52,Pump A Running
2026-08-03T16:30:00+00:00,Running,1,2687.8,10.62,4.69,61.5,46.55,Pump A Running
2026-08-03T16:45:00+00:00,Running,1,2643.2,10.49,4.76,63.5,46.62,Pump A Running
2026-08-03T17:00:00+00:00,Running,1,2559.3,10.56,4.78,62.63,46.85,Pump A Running
2026-08-03T17:15:00+00:00,Running,1,2700.9,10.53,4.79,62.68,46.73,Pump A Running
2026-08-03T17:30:00+00:00,Running,1,2821.4,10.47,4.77,59.34,46.94,Pump A Running
2026-08-03T17:45:00+00:00,Running,1,2471.7,10.43,4.97,61.56,46.58,Pump A Running
2026-08-03T18:00:00+00:00,Running,1,2664.7,10.69,4.71,61.83,47.54,Pump A Running
2026-08-03T18:15:00+00:00,Running,1,2582.9,10.63,4.89,61.73,46.97,Pump A Running
2026-08-03T18:30:00+00:00,Running,1,2539.8,10.61,4.93,62.48,46.69,Pump A Running
2026-08-03T18:45:00+00:00,Running,1,2666.4,10.71,4.9,63.12,46.65,Pump A Running
2026-08-03T19:00:00+00:00,Running,1,2554.6,10.65,4.73,62.41,46.72,Pump A Running
2026-08-03T19:15:00+00:00,Running,1,2718.8,10.57,4.8,61.34,45.86,Pump A Running
2026-08-03T19:30:00+00:00,Running,1,2546.8,10.57,4.86,61.02,45.9,Pump A Running
2026-08-03T19:45:00+00:00,Running,1,2700.4,10.54,4.82,61.53,45.95,Pump A Running
2026-08-03T20:00:00+00:00,Running,1,2634.5,10.55,4.75,62.89,46.3,Pump A Running
2026-08-03T20:15:00+00:00,Running,1,2717.8,10.71,4.75,60.51,46.5,Pump A Running
2026-08-03T20:30:00+00:00,Running,1,2640.4,10.54,4.82,60.48,45.67,Pump A Running
2026-08-03T20:45:00+00:00,Running,1,2695.8,10.63,4.92,63.29,45.93,Pump A Running
2026-08-03T21:00:00+00:00,Running,1,2665.7,10.54,4.81,61.78,46.42,Pump A Running
2026-08-03T21:15:00+00:00,Running,1,2577.4,10.59,4.55,63.71,46.84,Pump A Running
2026-08-03T21:30:00+00:00,Running,1,2547.0,10.57,4.97,63.36,46.15,Pump A Running
2026-08-03T21:45:00+00:00,Running,1,2439.6,10.6,4.76,62.45,46.06,Pump A Running
2026-08-03T22:00:00+00:00,Running,1,2631.3,10.58,4.79,62.77,46.3,Pump A Running
2026-08-03T22:15:00+00:00,Running,1,2475.8,10.7,4.79,63.28,46.02,Pump A Running
2026-08-03T22:30:00+00:00,Running,1,2686.8,10.62,4.69,62.05,45.97,Pump A Running
2026-08-03T22:45:00+00:00,Running,1,2556.7,10.64,4.76,60.62,46.62,Pump A Running
2026-08-03T23:00:00+00:00,Running,1,2422.5,10.56,4.75,61.52,46.05,Pump A Running
2026-08-03T23:15:00+00:00,Running,1,2607.1,10.76,4.57,61.62,45.66,Pump A Running
2026-08-03T23:30:00+00:00,Running,1,2501.3,10.7,4.75,63.48,46.76,Pump A Running
2026-08-03T23:45:00+00:00,Running,1,2535.6,10.6,4.79,60.31,46.71,Pump A Running
2026-08-04T00:00:00+00:00,Running,1,2503.6,10.7,4.78,61.55,46.71,Pump A Running
2026-08-04T00:15:00+00:00,Running,1,2397.1,10.48,4.77,62.19,46.28,Pump A Running
2026-08-04T00:30:00+00:00,Running,1,2565.7,10.6,4.83,62.93,46.41,Pump A Running
2026-08-04T00:45:00+00:00,Running,1,2613.2,10.57,4.62,60.31,46.67,Pump A Running
2026-08-04T01:00:00+00:00,Running,1,2439.5,10.61,4.71,59.78,46.18,Pump A Running
2026-08-04T01:15:00+00:00,Running,1,2590.1,10.67,4.69,61.35,45.86,Pump A Running
2026-08-04T01:30:00+00:00,Running,1,2538.1,10.52,4.75,61.69,46.83,Pump A Running
2026-08-04T01:45:00+00:00,Running,1,2507.3,10.56,4.79,63.42,46.36,Pump A Running
2026-08-04T02:00:00+00:00,Stopped,0,0.0,0.0,0.19,0.0,29.32,Pumps Stopped
2026-08-04T02:15:00+00:00,Stopped,0,0.0,0.0,0.12,0.0,28.82,Pumps Stopped
2026-08-04T02:30:00+00:00,Stopped,0,0.0,0.0,0.16,0.0,29.27,Pumps Stopped
2026-08-04T02:45:00+00:00,Stopped,0,0.0,0.0,0.16,0.0,28.64,Pumps Stopped
2026-08-04T03:00:00+00:00,Stopped,0,0.0,0.0,0.13,0.0,29.11,Pumps Stopped
2026-08-04T03:15:00+00:00,Stopped,0,0.0,0.0,0.14,0.0,28.97,Pumps Stopped
2026-08-04T03:30:00+00:00,Running,1,2435.8,10.66,4.73,63.32,46.5,Pump A Running
2026-08-04T03:45:00+00:00,Running,1,2549.3,10.64,4.85,62.57,46.47,Pump A Running
2026-08-04T04:00:00+00:00,Running,1,2398.2,10.57,4.76,62.25,46.71,Pump A Running
2026-08-04T04:15:00+00:00,Running,1,2252.6,10.54,4.86,61.97,45.54,Pump A Running
2026-08-04T04:30:00+00:00,Running,1,2338.5,10.67,4.75,61.47,45.81,Pump A Running
2026-08-04T04:45:00+00:00,Running,1,2495.7,10.53,4.63,61.58,46.05,Pump A Running
2026-08-04T05:00:00+00:00,Running,1,2507.1,10.53,4.83,60.54,46.58,Pump A Running
2026-08-04T05:15:00+00:00,Running,1,2297.4,10.59,4.85,63.39,45.63,Pump A Running
2026-08-04T05:30:00+00:00,Running,1,2471.6,10.71,4.8,61.81,46.06,Pump A Running
2026-08-04T05:45:00+00:00,Running,1,2156.7,10.63,4.86,63.77,46.16,Pump A Running
2026-08-04T06:00:00+00:00,Running,1,2437.7,10.63,4.94,62.01,46.94,Pump A Running
2026-08-04T06:15:00+00:00,Running,1,2389.4,10.75,4.78,63.86,46.31,Pump A Running
2026-08-04T06:30:00+00:00,Running,1,2165.4,10.69,4.82,60.97,46.34,Pump A Running
2026-08-04T06:45:00+00:00,Running,1,2461.0,10.53,4.74,61.44,46.63,Pump A Running
2026-08-04T07:00:00+00:00,Running,1,2423.5,10.54,4.74,61.27,45.8,Pump A Running
2026-08-04T07:15:00+00:00,Running,1,2244.7,10.58,4.76,62.24,46.11,Pump A Running
2026-08-04T07:30:00+00:00,Running,1,2378.4,10.53,4.89,62.14,45.79,Pump A Running
2026-08-04T07:45:00+00:00,Running,1,2506.5,10.43,4.82,61.3,46.34,Pump A Running
2026-08-04T08:00:00+00:00,Running,1,2290.5,10.58,4.84,61.64,46.56,Pump A Running
2026-08-04T08:15:00+00:00,Running,1,2305.1,10.61,4.84,63.13,46.26,Pump A Running
2026-08-04T08:30:00+00:00,Running,1,2260.5,10.48,4.83,60.61,46.59,Pump A Running
2026-08-04T08:45:00+00:00,Running,1,2117.4,10.57,4.73,65.12,45.99,Pump A Running
2026-08-04T09:00:00+00:00,Running,1,2297.9,10.53,4.81,62.5,45.88,Pump A Running
2026-08-04T09:15:00+00:00,Running,1,2333.0,10.57,4.88,63.51,46.86,Pump A Running
2026-08-04T09:30:00+00:00,Running,1,2348.7,10.61,4.96,62.17,46.16,Pump A Running
2026-08-04T09:45:00+00:00,Running,1,2332.5,10.57,4.78,62.54,46.61,Pump A Running
2026-08-04T10:00:00+00:00,Running,1,2195.2,10.55,4.79,61.77,46.06,Pump A Running
2026-08-04T10:15:00+00:00,Running,1,2201.6,10.6,4.8,62.37,45.47,Pump A Running
2026-08-04T10:30:00+00:00,Running,1,2338.5,10.63,4.78,62.26,45.73,Pump A Running
2026-08-04T10:45:00+00:00,Running,1,2317.9,10.57,4.66,62.51,46.54,Pump A Running
2026-08-04T11:00:00+00:00,Running,1,2144.1,10.61,4.9,61.04,46.16,Pump A Running
2026-08-04T11:15:00+00:00,Running,1,2208.8,10.61,4.73,62.57,46.24,Pump A Running
2026-08-04T11:30:00+00:00,Running,1,2069.3,10.57,4.73,62.13,45.7,Pump A Running
2026-08-04T11:45:00+00:00,Running,1,2100.6,10.48,4.79,64.89,46.12,Pump A Running
2026-08-04T12:00:00+00:00,Running,1,2159.6,10.69,4.81,62.17,46.49,Pump A Running
2026-08-04T12:15:00+00:00,Running,1,2220.6,10.61,4.79,63.13,45.83,Pump A Running
2026-08-04T12:30:00+00:00,Running,1,2131.0,10.48,4.79,62.35,45.89,Pump A Running
2026-08-04T12:45:00+00:00,Running,1,2117.0,10.69,4.88,62.59,45.89,Pump A Running
2026-08-04T13:00:00+00:00,Running,1,2334.9,10.65,4.86,58.56,45.39,Pump A Running
2026-08-04T13:15:00+00:00,Running,1,1995.9,10.64,4.84,61.63,46.17,Pump A Running
2026-08-04T13:30:00+00:00,Running,1,2268.0,10.57,4.7,62.33,46.5,Pump A Running
2026-08-04T13:45:00+00:00,Running,1,2211.6,10.67,4.75,61.92,46.61,Pump A Running
2026-08-04T14:00:00+00:00,Running,1,2103.4,10.6,4.81,63.33,46.01,Pump A Running
2026-08-04T14:15:00+00:00,Running,1,1993.1,10.58,4.76,60.14,45.68,Pump A Running
2026-08-04T14:30:00+00:00,Running,1,2270.1,10.55,4.82,62.54,46.18,Pump A Running
2026-08-04T14:45:00+00:00,Running,1,2320.7,10.63,4.78,61.89,46.39,Pump A Running
2026-08-04T15:00:00+00:00,Running,1,2140.9,10.62,4.74,60.32,46.38,Pump A Running
2026-08-04T15:15:00+00:00,Running,1,2014.0,10.5,4.9,63.12,45.79,Pump A Running
2026-08-04T15:30:00+00:00,Running,1,2295.9,10.67,4.78,61.94,46.05,Pump A Running
2026-08-04T15:45:00+00:00,Running,1,2199.7,10.59,4.74,63.38,45.95,Pump A Running
2026-08-04T16:00:00+00:00,Running,1,2118.6,10.61,4.9,61.99,46.45,Pump A Running
2026-08-04T16:15:00+00:00,Running,1,2032.7,10.58,4.88,60.81,46.23,Pump A Running
2026-08-04T16:30:00+00:00,Running,1,2179.6,10.56,4.79,64.45,46.81,Pump A Running
2026-08-04T16:45:00+00:00,Running,1,2218.2,10.64,4.67,62.03,45.89,Pump A Running
2026-08-04T17:00:00+00:00,Running,1,2245.2,10.55,4.67,61.16,45.77,Pump A Running
2026-08-04T17:15:00+00:00,Running,1,2270.8,10.66,4.86,63.22,46.55,Pump A Running
2026-08-04T17:30:00+00:00,Running,1,2026.4,10.64,4.68,62.77,45.7,Pump A Running
2026-08-04T17:45:00+00:00,Running,1,2155.5,10.56,4.77,62.75,45.49,Pump A Running
2026-08-04T18:00:00+00:00,Running,1,2191.6,10.54,4.78,60.6,45.89,Pump A Running
2026-08-04T18:15:00+00:00,Running,1,2098.9,10.6,4.8,60.28,45.12,Pump A Running
2026-08-04T18:30:00+00:00,Running,1,2205.7,10.57,4.82,61.49,46.36,Pump A Running
2026-08-04T18:45:00+00:00,Running,1,2330.5,10.5,4.85,60.78,45.82,Pump A Running
2026-08-04T19:00:00+00:00,Running,1,2137.0,10.58,4.85,63.14,46.02,Pump A Running
2026-08-04T19:15:00+00:00,Running,1,2055.9,10.49,4.77,62.39,45.37,Pump A Running
2026-08-04T19:30:00+00:00,Running,1,2127.0,10.47,4.78,60.98,45.5,Pump A Running
2026-08-04T19:45:00+00:00,Running,1,2010.2,10.69,4.8,64.47,45.53,Pump A Running
2026-08-04T20:00:00+00:00,Running,1,2215.4,10.45,4.91,61.99,45.56,Pump A Running
2026-08-04T20:15:00+00:00,Running,1,2142.4,10.55,4.79,61.46,46.12,Pump A Running
2026-08-04T20:30:00+00:00,Running,1,2270.0,10.57,4.8,61.09,46.0,Pump A Running
2026-08-04T20:45:00+00:00,Running,1,2163.9,10.7,4.7,62.02,45.57,Pump A Running
2026-08-04T21:00:00+00:00,Running,1,2337.4,10.62,4.7,64.7,45.82,Pump A Running
2026-08-04T21:15:00+00:00,Running,1,2085.2,10.66,4.71,63.43,46.47,Pump A Running
2026-08-04T21:30:00+00:00,Running,1,2181.5,10.66,4.88,64.32,46.09,Pump A Running
2026-08-04T21:45:00+00:00,Running,1,2113.0,10.54,4.72,62.88,46.22,Pump A Running
2026-08-04T22:00:00+00:00,Running,1,2257.1,10.49,4.75,61.82,46.67,Pump A Running
2026-08-04T22:15:00+00:00,Running,1,2005.6,10.76,4.82,63.4,45.91,Pump A Running
2026-08-04T22:30:00+00:00,Running,1,2217.3,10.78,4.73,60.19,45.96,Pump A Running
2026-08-04T22:45:00+00:00,Running,1,2240.3,10.65,4.77,59.89,46.11,Pump A Running
2026-08-04T23:00:00+00:00,Running,1,2318.5,10.6,4.85,61.11,45.96,Pump A Running
2026-08-04T23:15:00+00:00,Running,1,2270.4,10.52,4.78,61.52,45.72,Pump A Running
2026-08-04T23:30:00+00:00,Running,1,2113.5,10.59,4.69,62.53,46.2,Pump A Running
2026-08-04T23:45:00+00:00,Running,1,2248.4,10.64,4.76,60.31,46.0,Pump A Running
2026-08-05T00:00:00+00:00,Running,1,2130.3,10.62,4.8,61.9,45.69,Pump A Running
2026-08-05T00:15:00+00:00,Stopped,0,0.0,0.0,0.16,0.0,29.08,Pumps Stopped
2026-08-05T00:30:00+00:00,Stopped,0,0.0,0.0,0.15,0.0,28.66,Pumps Stopped
2026-08-05T00:45:00+00:00,Stopped,0,0.0,0.0,0.16,0.0,28.94,Pumps Stopped
2026-08-05T01:00:00+00:00,Stopped,0,0.0,0.0,0.21,0.0,28.8,Pumps Stopped
2026-08-05T01:15:00+00:00,Stopped,0,0.0,0.0,0.17,0.0,29.43,Pumps Stopped
2026-08-05T01:30:00+00:00,Stopped,0,0.0,0.0,0.14,0.0,28.98,Pumps Stopped
2026-08-05T01:45:00+00:00,Running,1,2338.7,10.65,4.83,60.64,45.54,Pump A Running
2026-08-05T02:00:00+00:00,Stopped,0,0.0,0.0,0.14,0.0,28.56,Pumps Stopped
2026-08-05T02:15:00+00:00,Stopped,0,0.0,0.0,0.15,0.0,29.07,Pumps Stopped
2026-08-05T02:30:00+00:00,Stopped,0,0.0,0.0,0.13,0.0,29.45,Pumps Stopped
2026-08-05T02:45:00+00:00,Stopped,0,0.0,0.0,0.15,0.0,28.84,Pumps Stopped
2026-08-05T03:00:00+00:00,Stopped,0,0.0,0.0,0.16,0.0,29.1,Pumps Stopped
2026-08-05T03:15:00+00:00,Stopped,0,0.0,0.0,0.16,0.0,28.92,Pumps Stopped
2026-08-05T03:30:00+00:00,Running,1,2171.8,10.56,4.74,63.43,46.52,Pump A Running
2026-08-05T03:45:00+00:00,Running,1,2231.6,10.61,4.77,61.91,46.01,Pump A Running
2026-08-05T04:00:00+00:00,Running,1,2272.6,10.67,4.78,62.21,46.16,Pump A Running
2026-08-05T04:15:00+00:00,Running,1,2348.0,10.66,4.8,60.14,46.39,Pump A Running
2026-08-05T04:30:00+00:00,Running,1,2219.5,10.52,4.86,61.21,45.79,Pump A Running
2026-08-05T04:45:00+00:00,Running,1,2177.5,10.63,4.86,62.03,45.76,Pump A Running
2026-08-05T05:00:00+00:00,Running,1,2369.6,10.63,4.61,61.95,46.55,Pump A Running
2026-08-05T05:15:00+00:00,Running,1,2154.3,10.61,4.84,61.97,46.24,Pump A Running
2026-08-05T05:30:00+00:00,Running,1,2308.6,10.65,4.74,62.81,46.58,Pump A Running
2026-08-05T05:45:00+00:00,Running,1,2265.4,10.49,4.59,63.02,46.25,Pump A Running
2026-08-05T06:00:00+00:00,Running,1,2348.7,10.73,4.87,61.54,45.6,Pump A Running
2026-08-05T06:15:00+00:00,Running,1,2410.7,10.58,4.83,62.0,46.41,Pump A Running
2026-08-05T06:30:00+00:00,Running,1,2252.2,10.54,4.79,64.09,46.41,Pump A Running
2026-08-05T06:45:00+00:00,Running,1,2270.9,10.74,4.83,60.48,46.02,Pump A Running
2026-08-05T07:00:00+00:00,Running,1,2452.8,10.64,4.65,62.21,45.75,Pump A Running
2026-08-05T07:15:00+00:00,Running,1,2174.0,10.65,4.8,64.51,45.59,Pump A Running
2026-08-05T07:30:00+00:00,Running,1,2306.2,10.54,4.76,61.89,46.4,Pump A Running
2026-08-05T07:45:00+00:00,Running,1,2246.9,10.6,4.88,64.03,45.62,Pump A Running
2026-08-05T08:00:00+00:00,Running,1,2288.8,10.6,4.79,61.06,46.15,Pump A Running
2026-08-05T08:15:00+00:00,Running,1,2400.9,10.61,4.7,62.53,46.3,Pump A Running
2026-08-05T08:30:00+00:00,Running,1,2457.6,10.59,4.9,61.77,46.19,Pump A Running
2026-08-05T08:45:00+00:00,Running,1,2315.6,10.52,4.73,62.74,46.78,Pump A Running
2026-08-05T09:00:00+00:00,Running,1,2307.7,10.66,4.76,64.01,46.5,Pump A Running
2026-08-05T09:15:00+00:00,Running,1,2484.7,10.54,4.76,60.71,46.2,Pump A Running
2026-08-05T09:30:00+00:00,Running,1,2446.0,10.57,4.76,60.96,46.32,Pump A Running
2026-08-05T09:45:00+00:00,Running,1,2356.6,10.59,4.8,61.85,45.84,Pump A Running
2026-08-05T10:00:00+00:00,Running,1,2360.0,10.56,4.66,60.06,46.25,Pump A Running
2026-08-05T10:15:00+00:00,Running,1,2355.6,10.61,4.72,61.64,45.99,Pump A Running
2026-08-05T10:30:00+00:00,Running,1,2508.6,10.48,4.88,63.12,46.98,Pump A Running
2026-08-05T10:45:00+00:00,Running,1,2464.6,10.59,4.82,62.7,46.23,Pump A Running
2026-08-05T11:00:00+00:00,Running,1,2543.3,10.62,4.76,61.76,46.4,Pump A Running
2026-08-05T11:15:00+00:00,Running,1,2417.3,10.64,4.73,60.93,45.87,Pump A Running
2026-08-05T11:30:00+00:00,Running,1,2462.7,10.62,4.71,62.44,46.36,Pump A Running
2026-08-05T11:45:00+00:00,Running,1,2370.1,10.71,4.86,61.1,46.17,Pump A Running
2026-08-05T12:00:00+00:00,Running,1,2556.9,10.62,4.8,62.24,46.32,Pump A Running
2026-08-05T12:15:00+00:00,Running,1,2456.3,10.63,4.72,61.57,46.31,Pump A Running
2026-08-05T12:30:00+00:00,Running,1,2489.6,10.62,4.76,63.42,46.29,Pump A Running
2026-08-05T12:45:00+00:00,Running,1,2394.9,10.68,4.73,60.7,46.06,Pump A Running
2026-08-05T13:00:00+00:00,Running,1,2465.0,10.6,4.75,63.68,45.77,Pump A Running
2026-08-05T13:15:00+00:00,Running,1,2458.2,10.59,4.67,60.79,46.01,Pump A Running
2026-08-05T13:30:00+00:00,Running,1,2600.8,10.64,4.88,62.61,47.06,Pump A Running
2026-08-05T13:45:00+00:00,Running,1,2323.4,10.61,4.64,63.47,46.1,Pump A Running
2026-08-05T14:00:00+00:00,Running,1,2586.6,10.7,4.9,61.64,46.58,Pump A Running
2026-08-05T14:15:00+00:00,Running,1,2415.2,10.6,4.82,60.46,46.92,Pump A Running
2026-08-05T14:30:00+00:00,Running,1,2537.9,10.54,4.76,63.33,46.68,Pump A Running
2026-08-05T14:45:00+00:00,Running,1,2509.4,10.6,4.76,63.0,46.29,Pump A Running
2026-08-05T15:00:00+00:00,Running,1,2329.1,10.47,4.87,63.53,46.53,Pump A Running
2026-08-05T15:15:00+00:00,Running,1,2607.2,10.73,4.74,61.34,46.66,Pump A Running
2026-08-05T15:30:00+00:00,Running,1,2535.8,10.47,4.76,60.71,46.37,Pump A Running
2026-08-05T15:45:00+00:00,Running,1,2702.2,10.58,4.79,62.14,46.49,Pump A Running
2026-08-05T16:00:00+00:00,Running,1,2485.5,10.54,4.88,61.05,46.54,Pump A Running
2026-08-05T16:15:00+00:00,Running,1,2602.8,10.52,4.69,60.96,46.25,Pump A Running
2026-08-05T16:30:00+00:00,Running,1,2572.7,10.63,4.83,61.5,46.76,Pump A Running
2026-08-05T16:45:00+00:00,Running,1,2496.9,10.6,4.85,61.86,46.44,Pump A Running
2026-08-05T17:00:00+00:00,Running,1,2799.1,10.61,4.91,60.3,46.41,Pump A Running
2026-08-05T17:15:00+00:00,Running,1,2575.3,10.56,4.81,60.75,45.97,Pump A Running
2026-08-05T17:30:00+00:00,Running,1,2664.9,10.6,4.69,62.14,46.72,Pump A Running
2026-08-05T17:45:00+00:00,Running,1,2535.4,10.49,4.96,61.65,46.56,Pump A Running
2026-08-05T18:00:00+00:00,Running,1,2848.4,10.54,4.72,61.26,46.9,Pump A Running
2026-08-05T18:15:00+00:00,Running,1,2798.5,10.57,4.75,61.63,46.34,Pump A Running
2026-08-05T18:30:00+00:00,Running,1,2509.5,10.81,4.77,61.19,46.53,Pump A Running
2026-08-05T18:45:00+00:00,Running,1,2550.0,10.47,4.77,61.16,47.31,Pump A Running
2026-08-05T19:00:00+00:00,Running,1,2649.6,10.65,4.77,63.34,46.17,Pump A Running
2026-08-05T19:15:00+00:00,Running,1,2652.1,10.66,4.84,62.13,46.11,Pump A Running
2026-08-05T19:30:00+00:00,Running,1,2589.1,10.63,4.92,62.94,46.21,Pump A Running
2026-08-05T19:45:00+00:00,Running,1,2598.1,10.62,4.82,61.04,45.99,Pump A Running
2026-08-05T20:00:00+00:00,Running,1,2823.1,10.6,4.79,59.51,46.74,Pump A Running
2026-08-05T20:15:00+00:00,Running,1,2869.9,10.5,4.77,63.41,46.59,Pump A Running
2026-08-05T20:30:00+00:00,Running,1,2539.3,10.52,4.73,63.75,46.83,Pump A Running
2026-08-05T20:45:00+00:00,Running,1,2666.2,10.55,4.73,63.78,46.57,Pump A Running
2026-08-05T21:00:00+00:00,Running,1,2835.7,10.53,4.86,61.72,46.02,Pump A Running
2026-08-05T21:15:00+00:00,Running,1,2534.2,10.63,4.89,61.99,46.38,Pump A Running
2026-08-05T21:30:00+00:00,Running,1,2739.9,10.64,4.81,62.3,46.35,Pump A Running
2026-08-05T21:45:00+00:00,Running,1,2881.6,10.7,4.87,62.2,46.86,Pump A Running
2026-08-05T22:00:00+00:00,Running,1,2682.1,10.59,4.9,61.81,46.91,Pump A Running
2026-08-05T22:15:00+00:00,Running,1,2605.8,10.5,4.74,61.92,46.54,Pump A Running
2026-08-05T22:30:00+00:00,Running,1,2688.9,10.57,4.91,58.78,46.82,Pump A Running
2026-08-05T22:45:00+00:00,Running,1,2718.2,10.58,4.74,62.1,46.48,Pump A Running
2026-08-05T23:00:00+00:00,Running,1,2518.9,10.61,4.86,61.26,45.89,Pump A Running
2026-08-05T23:15:00+00:00,Running,1,2752.6,10.6,4.83,59.85,46.79,Pump A Running
2026-08-05T23:30:00+00:00,Running,1,2722.7,10.58,4.93,61.74,45.83,Pump A Running
2026-08-05T23:45:00+00:00,Running,1,2594.1,10.81,4.8,61.31,46.37,Pump A Running
2026-08-06T00:00:00+00:00,Running,1,2685.5,10.62,4.7,63.07,46.57,Pump A Running
2026-08-06T00:15:00+00:00,Running,1,2773.9,10.72,4.87,61.25,46.8,Pump A Running
2026-08-06T00:30:00+00:00,Running,1,2837.6,10.5,4.8,63.95,46.76,Pump A Running
2026-08-06T00:45:00+00:00,Running,1,2834.6,10.6,4.84,60.29,47.24,Pump A Running
2026-08-06T01:00:00+00:00,Running,1,2905.3,10.48,4.84,62.27,46.51,Pump A Running
2026-08-06T01:15:00+00:00,Running,1,2705.3,10.57,4.85,62.65,46.36,Pump A Running
2026-08-06T01:30:00+00:00,Running,1,2737.7,10.52,4.72,62.09,46.34,Pump A Running
2026-08-06T01:45:00+00:00,Running,1,2990.7,10.6,4.77,61.92,46.73,Pump A Running
2026-08-06T02:00:00+00:00,Stopped,0,0.0,0.0,0.15,0.0,28.75,Pumps Stopped
2026-08-06T02:15:00+00:00,Stopped,0,0.0,0.0,0.16,0.0,29.14,Pumps Stopped
2026-08-06T02:30:00+00:00,Stopped,0,0.0,0.0,0.15,0.0,28.58,Pumps Stopped
2026-08-06T02:45:00+00:00,Stopped,0,0.0,0.0,0.12,0.0,28.6,Pumps Stopped
2026-08-06T03:00:00+00:00,Stopped,0,0.0,0.0,0.12,0.0,28.6,Pumps Stopped
2026-08-06T03:15:00+00:00,Stopped,0,0.0,0.0,0.15,0.0,28.98,Pumps Stopped
2026-08-06T03:30:00+00:00,Running,1,2893.6,10.5,4.74,65.02,46.51,Pump A Running
2026-08-06T03:45:00+00:00,Running,1,2632.1,10.62,4.77,62.07,46.21,Pump A Running
2026-08-06T04:00:00+00:00,Running,1,2731.6,10.52,4.7,61.19,46.52,Pump A Running
2026-08-06T04:15:00+00:00,Running,1,2909.0,10.57,4.73,60.53,46.93,Pump A Running
2026-08-06T04:30:00+00:00,Running,1,2687.8,10.59,4.88,61.02,46.4,Pump A Running
2026-08-06T04:45:00+00:00,Running,1,2766.4,10.55,5.08,61.1,46.05,Pump A Running
2026-08-06T05:00:00+00:00,Running,1,2955.3,10.58,4.81,64.22,46.56,Pump A Running
2026-08-06T05:15:00+00:00,Running,1,2905.2,10.5,4.74,61.18,46.75,Pump A Running
2026-08-06T05:30:00+00:00,Running,1,2690.9,10.75,4.72,60.81,46.48,Pump A Running
2026-08-06T05:45:00+00:00,Running,1,2703.1,10.57,4.7,61.37,46.36,Pump A Running
2026-08-06T06:00:00+00:00,Running,1,2761.1,10.56,4.77,61.4,46.89,Pump A Running
2026-08-06T06:15:00+00:00,Running,1,2771.3,10.63,4.8,62.09,47.17,Pump A Running
2026-08-06T06:30:00+00:00,Running,1,2867.7,10.65,4.88,62.4,46.47,Pump A Running
2026-08-06T06:45:00+00:00,Running,1,2685.9,10.6,4.94,60.52,46.56,Pump A Running
2026-08-06T07:00:00+00:00,Running,1,2737.5,10.53,4.71,63.82,46.46,Pump A Running
2026-08-06T07:15:00+00:00,Running,1,2913.8,10.6,4.77,62.62,46.64,Pump A Running
2026-08-06T07:30:00+00:00,Running,1,2770.2,10.74,4.68,60.54,46.39,Pump A Running
2026-08-06T07:45:00+00:00,Running,1,2591.9,10.54,4.88,61.31,47.28,Pump A Running
2026-08-06T08:00:00+00:00,Running,1,2843.7,10.7,4.77,61.14,46.97,Pump A Running
2026-08-06T08:15:00+00:00,Running,1,2828.3,10.71,4.75,62.09,46.69,Pump A Running
2026-08-06T08:30:00+00:00,Running,1,2817.8,10.63,4.63,61.32,46.66,Pump A Running
2026-08-06T08:45:00+00:00,Running,1,2730.7,10.6,4.95,59.02,45.88,Pump A Running
2026-08-06T09:00:00+00:00,Running,1,2815.7,10.68,4.73,62.68,47.12,Pump A Running
2026-08-06T09:15:00+00:00,Running,1,2865.1,10.56,4.95,62.93,46.62,Pump A Running
2026-08-06T09:30:00+00:00,Running,1,2842.1,10.71,4.73,62.62,46.38,Pump A Running
2026-08-06T09:45:00+00:00,Running,1,2694.5,10.58,4.82,62.14,47.04,Pump A Running
2026-08-06T10:00:00+00:00,Running,1,2709.5,10.63,4.75,60.52,46.49,Pump A Running
2026-08-06T10:15:00+00:00,Running,1,2828.6,10.65,4.86,63.28,46.64,Pump A Running
2026-08-06T10:30:00+00:00,Running,1,2734.5,10.53,4.74,61.06,47.21,Pump A Running
2026-08-06T10:45:00+00:00,Running,1,2885.0,10.56,4.85,63.83,46.56,Pump A Running
2026-08-06T11:00:00+00:00,Running,1,2774.9,10.66,4.73,61.87,47.91,Pump A Running
2026-08-06T11:15:00+00:00,Running,1,2835.4,10.53,4.69,61.84,46.07,Pump A Running
2026-08-06T11:30:00+00:00,Running,1,2842.1,10.66,4.9,61.75,46.64,Pump A Running
2026-08-06T11:45:00+00:00,Running,1,2733.9,10.68,4.81,61.9,46.6,Pump A Running
2026-08-06T12:00:00+00:00,Running,1,2683.2,10.5,4.82,62.64,47.37,Pump A Running
2026-08-06T12:15:00+00:00,Running,1,2650.2,10.59,4.8,61.0,47.33,Pump A Running
2026-08-06T12:30:00+00:00,Running,1,2776.8,10.63,4.81,62.62,46.61,Pump A Running
2026-08-06T12:45:00+00:00,Running,1,2607.3,10.66,4.84,61.93,47.13,Pump A Running
2026-08-06T13:00:00+00:00,Running,1,2855.7,10.61,4.74,63.48,46.66,Pump A Running
2026-08-06T13:15:00+00:00,Running,1,2791.5,10.67,4.84,63.46,46.3,Pump A Running
2026-08-06T13:30:00+00:00,Running,1,2960.4,10.57,4.74,60.38,46.43,Pump A Running
2026-08-06T13:45:00+00:00,Running,1,2800.5,10.66,4.77,64.63,47.38,Pump A Running
2026-08-06T14:00:00+00:00,Running,1,2727.8,10.54,4.93,60.69,46.57,Pump A Running
2026-08-06T14:15:00+00:00,Running,1,2558.3,10.71,4.76,62.49,46.59,Pump A Running
2026-08-06T14:30:00+00:00,Running,1,2650.5,10.63,4.78,63.76,46.58,Pump A Running
2026-08-06T14:45:00+00:00,Running,1,2577.1,10.52,4.91,63.37,46.55,Pump A Running
2026-08-06T15:00:00+00:00,Running,1,2622.2,10.55,4.77,63.86,46.81,Pump A Running
2026-08-06T15:15:00+00:00,Running,1,2577.0,10.61,4.87,62.79,46.86,Pump A Running
2026-08-06T15:30:00+00:00,Running,1,2705.1,10.65,4.8,61.3,46.71,Pump A Running
2026-08-06T15:45:00+00:00,Running,1,2617.6,10.59,4.83,61.84,46.25,Pump A Running
2026-08-06T16:00:00+00:00,Running,1,2712.7,10.56,4.79,62.7,46.54,Pump A Running
2026-08-06T16:15:00+00:00,Running,1,2583.1,10.58,4.76,63.45,46.5,Pump A Running
2026-08-06T16:30:00+00:00,Running,1,2585.9,10.62,4.78,63.6,46.83,Pump A Running
2026-08-06T16:45:00+00:00,Running,1,2625.6,10.6,4.83,61.36,46.67,Pump A Running
2026-08-06T17:00:00+00:00,Running,1,2754.4,10.65,4.75,62.82,46.49,Pump A Running
2026-08-06T17:15:00+00:00,Running,1,2444.6,10.59,4.93,61.99,46.84,Pump A Running
2026-08-06T17:30:00+00:00,Running,1,2569.5,10.54,4.79,59.95,46.72,Pump A Running
2026-08-06T17:45:00+00:00,Running,1,2524.9,10.61,4.84,63.4,46.66,Pump A Running
2026-08-06T18:00:00+00:00,Running,1,2635.9,10.7,4.88,61.91,46.59,Pump A Running
2026-08-06T18:15:00+00:00,Running,1,2371.7,10.73,4.77,62.11,46.41,Pump A Running
2026-08-06T18:30:00+00:00,Running,1,2479.0,10.49,4.84,60.96,46.11,Pump A Running
2026-08-06T18:45:00+00:00,Running,1,2540.4,10.65,4.8,64.44,45.91,Pump A Running
2026-08-06T19:00:00+00:00,Running,1,2508.3,10.56,4.92,61.65,46.59,Pump A Running
2026-08-06T19:15:00+00:00,Running,1,2524.9,10.54,4.9,64.08,46.74,Pump A Running
2026-08-06T19:30:00+00:00,Running,1,2400.1,10.56,4.62,62.75,45.98,Pump A Running
2026-08-06T19:45:00+00:00,Running,1,2630.2,10.61,4.71,59.57,46.39,Pump A Running
2026-08-06T20:00:00+00:00,Running,1,2628.3,10.67,4.83,60.93,46.79,Pump A Running
2026-08-06T20:15:00+00:00,Running,1,2707.7,10.59,4.71,61.92,46.75,Pump A Running
2026-08-06T20:30:00+00:00,Running,1,2335.5,10.55,4.7,62.78,46.11,Pump A Running
2026-08-06T20:45:00+00:00,Running,1,2404.8,10.65,4.92,62.28,46.25,Pump A Running
2026-08-06T21:00:00+00:00,Running,1,2495.8,10.66,4.79,61.96,46.73,Pump A Running
2026-08-06T21:15:00+00:00,Running,1,2504.5,10.6,4.78,61.64,46.6,Pump A Running
2026-08-06T21:30:00+00:00,Running,1,2342.7,10.7,4.73,61.21,46.87,Pump A Running
2026-08-06T21:45:00+00:00,Running,1,2216.9,10.69,4.82,61.34,46.66,Pump A Running
2026-08-06T22:00:00+00:00,Running,1,2383.0,10.65,4.83,63.26,46.27,Pump A Running
2026-08-06T22:15:00+00:00,Running,1,2270.3,10.6,4.82,64.42,45.59,Pump A Running
2026-08-06T22:30:00+00:00,Running,1,2589.0,10.63,4.71,62.47,46.38,Pump A Running
2026-08-06T22:45:00+00:00,Running,1,2406.9,10.61,4.8,63.18,46.8,Pump A Running
2026-08-06T23:00:00+00:00,Running,1,2313.9,10.5,4.73,62.19,46.7,Pump A Running
2026-08-06T23:15:00+00:00,Running,1,2327.5,10.63,4.8,63.96,45.69,Pump A Running
2026-08-06T23:30:00+00:00,Running,1,2266.6,10.46,4.7,63.42,46.27,Pump A Running
2026-08-06T23:45:00+00:00,Running,1,2265.2,10.56,4.83,59.61,46.27,Pump A Running
2026-08-07T00:00:00+00:00,Running,1,2525.7,10.67,4.84,61.16,46.74,Pump A Running
2026-08-07T00:15:00+00:00,Running,1,2301.3,10.66,4.94,62.99,46.22,Pump A Running
2026-08-07T00:30:00+00:00,Running,1,2452.2,10.61,4.88,61.14,45.51,Pump A Running
2026-08-07T00:45:00+00:00,Running,1,2343.7,10.68,4.82,60.66,46.21,Pump A Running
2026-08-07T01:00:00+00:00,Running,1,2344.6,10.62,4.72,64.05,46.36,Pump A Running
2026-08-07T01:15:00+00:00,Running,1,2521.6,10.54,4.84,62.31,46.61,Pump A Running
2026-08-07T01:30:00+00:00,Running,1,2246.7,10.51,4.81,62.12,46.24,Pump A Running
2026-08-07T01:45:00+00:00,Running,1,2531.6,10.61,4.88,62.43,45.84,Pump A Running
2026-08-07T02:00:00+00:00,Stopped,0,0.0,0.0,0.14,0.0,29.14,Pumps Stopped
2026-08-07T02:15:00+00:00,Stopped,0,0.0,0.0,0.14,0.0,29.11,Pumps Stopped
2026-08-07T02:30:00+00:00,Stopped,0,0.0,0.0,0.17,0.0,29.06,Pumps Stopped
2026-08-07T02:45:00+00:00,Stopped,0,0.0,0.0,0.2,0.0,29.14,Pumps Stopped
2026-08-07T03:00:00+00:00,Stopped,0,0.0,0.0,0.12,0.0,28.64,Pumps Stopped
2026-08-07T03:15:00+00:00,Stopped,0,0.0,0.0,0.13,0.0,29.62,Pumps Stopped
2026-08-07T03:30:00+00:00,Running,1,2358.1,10.48,4.89,60.67,46.04,Pump A Running
2026-08-07T03:45:00+00:00,Running,1,2212.2,10.54,4.85,60.36,45.74,Pump A Running
2026-08-07T04:00:00+00:00,Running,1,2361.6,10.54,4.66,60.37,46.73,Pump A Running
2026-08-07T04:15:00+00:00,Running,1,2201.8,10.52,4.82,62.38,46.36,Pump A Running
2026-08-07T04:30:00+00:00,Running,1,2290.0,10.58,4.76,60.88,46.25,Pump A Running
2026-08-07T04:45:00+00:00,Running,1,2355.0,10.61,4.78,62.33,46.34,Pump A Running
2026-08-07T05:00:00+00:00,Running,1,2313.9,10.69,4.75,63.23,46.42,Pump A Running
2026-08-07T05:15:00+00:00,Running,1,2231.1,10.57,4.82,63.49,46.21,Pump A Running
2026-08-07T05:30:00+00:00,Running,1,2365.1,10.59,4.84,60.09,46.1,Pump A Running
2026-08-07T05:45:00+00:00,Running,1,2158.0,10.63,4.87,62.26,45.44,Pump A Running
2026-08-07T06:00:00+00:00,Running,1,2341.1,10.61,4.76,62.35,45.61,Pump A Running
2026-08-07T06:15:00+00:00,Running,1,2196.3,10.55,4.68,62.18,45.4,Pump A Running
2026-08-07T06:30:00+00:00,Running,1,2369.0,10.55,4.86,62.74,45.69,Pump A Running
2026-08-07T06:45:00+00:00,Running,1,2086.9,10.61,4.75,64.38,46.37,Pump A Running
2026-08-07T07:00:00+00:00,Running,1,2162.3,10.55,4.81,61.79,46.28,Pump A Running
2026-08-07T07:15:00+00:00,Running,1,2195.7,10.6,4.8,61.69,46.03,Pump A Running
2026-08-07T07:30:00+00:00,Running,1,2127.3,10.59,4.7,63.8,46.24,Pump A Running
2026-08-07T07:45:00+00:00,Running,1,2103.0,10.52,4.8,61.69,46.39,Pump A Running
2026-08-07T08:00:00+00:00,Running,1,2268.7,10.63,4.77,62.03,46.69,Pump A Running
2026-08-07T08:15:00+00:00,Running,1,2190.8,10.59,4.83,61.89,45.91,Pump A Running
2026-08-07T08:30:00+00:00,Running,1,2333.7,10.59,4.79,62.61,45.62,Pump A Running
2026-08-07T08:45:00+00:00,Running,1,2262.0,10.61,4.75,62.32,45.97,Pump A Running
2026-08-07T09:00:00+00:00,Running,1,2149.1,10.66,4.71,62.38,46.57,Pump A Running
2026-08-07T09:15:00+00:00,Running,1,2245.8,10.62,4.87,62.72,46.09,Pump A Running
2026-08-07T09:30:00+00:00,Running,1,2102.3,10.62,4.74,61.35,45.78,Pump A Running
2026-08-07T09:45:00+00:00,Running,1,2236.8,10.62,4.82,62.92,46.31,Pump A Running
2026-08-07T10:00:00+00:00,Running,1,2309.9,10.57,4.75,61.69,46.03,Pump A Running
2026-08-07T10:15:00+00:00,Running,1,2108.4,10.59,4.8,63.43,46.09,Pump A Running
2026-08-07T10:30:00+00:00,Running,1,2033.4,10.52,4.82,61.85,46.05,Pump A Running
2026-08-07T10:45:00+00:00,Running,1,2082.7,10.52,4.8,61.34,45.91,Pump A Running
2026-08-07T11:00:00+00:00,Running,1,2295.4,10.61,4.77,61.22,46.4,Pump A Running
2026-08-07T11:15:00+00:00,Running,1,2153.0,10.6,4.86,62.31,46.18,Pump A Running
2026-08-07T11:30:00+00:00,Running,1,2065.8,10.69,4.66,62.9,46.21,Pump A Running
2026-08-07T11:45:00+00:00,Running,1,2304.7,10.5,4.89,61.28,46.29,Pump A Running
2026-08-07T12:00:00+00:00,Running,1,2214.1,10.58,4.7,64.68,46.15,Pump A Running
2026-08-07T12:15:00+00:00,Running,1,2260.5,10.63,4.94,64.24,46.24,Pump A Running
2026-08-07T12:30:00+00:00,Running,1,2266.1,10.57,4.79,62.86,46.04,Pump A Running
2026-08-07T12:45:00+00:00,Running,1,2188.9,10.65,4.83,61.01,46.39,Pump A Running
2026-08-07T13:00:00+00:00,Running,1,2269.2,10.59,4.77,61.38,45.86,Pump A Running
2026-08-07T13:15:00+00:00,Running,1,2160.1,10.76,4.77,63.0,46.45,Pump A Running
2026-08-07T13:30:00+00:00,Running,1,2094.2,10.51,4.83,61.68,46.02,Pump A Running
2026-08-07T13:45:00+00:00,Running,1,2135.6,10.56,4.74,62.84,45.77,Pump A Running
2026-08-07T14:00:00+00:00,Running,1,2088.2,10.73,4.86,60.71,46.1,Pump A Running
2026-08-07T14:15:00+00:00,Running,1,1936.9,10.68,4.81,61.81,46.03,Pump A Running
2026-08-07T14:30:00+00:00,Running,1,2218.8,10.64,4.71,61.58,46.18,Pump A Running
2026-08-07T14:45:00+00:00,Running,1,2195.7,10.53,4.68,61.57,46.14,Pump A Running
2026-08-07T15:00:00+00:00,Running,1,2145.5,10.62,4.72,62.06,46.07,Pump A Running
2026-08-07T15:15:00+00:00,Running,1,1962.2,10.58,4.73,62.33,46.08,Pump A Running
2026-08-07T15:30:00+00:00,Running,1,2348.1,10.71,4.73,60.8,46.09,Pump A Running
2026-08-07T15:45:00+00:00,Running,1,1985.4,10.6,4.85,60.21,46.07,Pump A Running
2026-08-07T16:00:00+00:00,Running,1,2227.2,10.5,4.93,61.83,46.77,Pump A Running
2026-08-07T16:15:00+00:00,Running,1,2133.6,10.62,4.89,62.13,45.79,Pump A Running
2026-08-07T16:30:00+00:00,Running,1,2096.1,10.57,4.89,63.37,45.55,Pump A Running
2026-08-07T16:45:00+00:00,Running,1,2055.9,10.55,4.81,61.9,45.21,Pump A Running
2026-08-07T17:00:00+00:00,Running,1,2098.2,10.59,4.79,62.89,45.83,Pump A Running
2026-08-07T17:15:00+00:00,Running,1,2058.4,10.53,4.74,61.85,45.82,Pump A Running
2026-08-07T17:30:00+00:00,Running,1,2203.3,10.65,4.74,63.09,46.75,Pump A Running
2026-08-07T17:45:00+00:00,Running,1,2238.3,10.58,5.0,62.77,46.09,Pump A Running
2026-08-07T18:00:00+00:00,Running,1,2035.2,10.61,4.78,60.87,46.4,Pump A Running
2026-08-07T18:15:00+00:00,Running,1,2115.2,10.67,4.62,60.77,45.98,Pump A Running
2026-08-07T18:30:00+00:00,Running,1,2213.9,10.53,4.89,61.66,45.84,Pump A Running
2026-08-07T18:45:00+00:00,Running,1,2242.1,10.44,4.82,61.17,46.06,Pump A Running
2026-08-07T19:00:00+00:00,Running,1,2336.4,10.47,4.62,63.25,46.33,Pump A Running
2026-08-07T19:15:00+00:00,Running,1,2184.8,10.61,4.84,63.49,46.58,Pump A Running
2026-08-07T19:30:00+00:00,Running,1,2287.9,10.69,4.69,62.6,45.53,Pump A Running
2026-08-07T19:45:00+00:00,Running,1,2229.2,10.63,4.93,64.44,45.92,Pump A Running
2026-08-07T20:00:00+00:00,Running,1,2139.8,10.63,4.8,63.19,46.02,Pump A Running
2026-08-07T20:15:00+00:00,Running,1,2053.6,10.67,4.84,62.15,46.06,Pump A Running
2026-08-07T20:30:00+00:00,Running,1,2269.6,10.42,4.87,61.78,45.98,Pump A Running
2026-08-07T20:45:00+00:00,Running,1,2280.0,10.62,4.87,62.49,46.1,Pump A Running
2026-08-07T21:00:00+00:00,Running,1,2243.2,10.55,4.73,62.33,45.86,Pump A Running
2026-08-07T21:15:00+00:00,Running,1,2093.1,10.61,4.82,62.16,46.29,Pump A Running
2026-08-07T21:30:00+00:00,Running,1,2298.7,10.61,4.86,63.02,45.67,Pump A Running
2026-08-07T21:45:00+00:00,Running,1,2191.4,10.59,4.96,60.46,45.93,Pump A Running
2026-08-07T22:00:00+00:00,Running,1,2271.1,10.76,4.78,63.14,45.95,Pump A Running
2026-08-07T22:15:00+00:00,Running,1,2353.1,10.72,4.83,61.85,46.47,Pump A Running
2026-08-07T22:30:00+00:00,Running,1,2206.7,10.67,5.0,61.94,45.97,Pump A Running
2026-08-07T22:45:00+00:00,Running,1,2169.7,10.55,4.86,64.5,46.57,Pump A Running
2026-08-07T23:00:00+00:00,Running,1,2336.7,10.59,4.8,60.26,46.26,Pump A Running
2026-08-07T23:15:00+00:00,Running,1,2337.0,10.56,4.83,61.7,46.2,Pump A Running
2026-08-07T23:30:00+00:00,Running,1,2204.0,10.51,4.89,62.43,46.23,Pump A Running
2026-08-07T23:45:00+00:00,Running,1,2144.3,10.66,4.79,60.92,46.33,Pump A Running
2026-08-08T00:00:00+00:00,Running,1,2298.4,10.62,4.74,61.71,45.96,Pump A Running
2026-08-08T00:15:00+00:00,Running,1,2339.5,10.55,4.75,61.87,46.35,Pump A Running
2026-08-08T00:30:00+00:00,Running,1,2167.7,10.55,4.95,62.15,46.28,Pump A Running
2026-08-08T00:45:00+00:00,Running,1,2246.9,10.63,4.82,61.62,46.03,Pump A Running
2026-08-08T01:00:00+00:00,Running,1,2200.5,10.6,4.77,63.91,46.17,Pump A Running
2026-08-08T01:15:00+00:00,Running,1,2318.6,10.71,4.93,65.3,46.71,Pump A Running
2026-08-08T01:30:00+00:00,Running,1,2283.1,10.6,4.7,63.58,46.35,Pump A Running
2026-08-08T01:45:00+00:00,Running,1,2101.8,10.74,4.87,61.31,45.89,Pump A Running
2026-08-08T02:00:00+00:00,Stopped,0,0.0,0.0,0.19,0.0,29.25,Pumps Stopped
2026-08-08T02:15:00+00:00,Stopped,0,0.0,0.0,0.15,0.0,28.87,Pumps Stopped
2026-08-08T02:30:00+00:00,Stopped,0,0.0,0.0,0.14,0.0,28.4,Pumps Stopped
2026-08-08T02:45:00+00:00,Stopped,0,0.0,0.0,0.13,0.0,29.6,Pumps Stopped
2026-08-08T03:00:00+00:00,Stopped,0,0.0,0.0,0.12,0.0,28.67,Pumps Stopped
2026-08-08T03:15:00+00:00,Stopped,0,0.0,0.0,0.16,0.0,28.48,Pumps Stopped
2026-08-08T03:30:00+00:00,Running,1,2340.5,10.62,4.79,60.42,46.66,Pump A Running
2026-08-08T03:45:00+00:00,Running,1,2259.0,10.62,4.74,61.29,46.04,Pump A Running
2026-08-08T04:00:00+00:00,Running,1,2383.1,10.59,4.89,60.54,45.72,Pump A Running
2026-08-08T04:15:00+00:00,Running,1,2493.5,10.64,4.82,62.73,46.37,Pump A Running
2026-08-08T04:30:00+00:00,Running,1,2485.4,10.5,4.69,62.59,46.03,Pump A Running
2026-08-08T04:45:00+00:00,Running,1,2425.4,10.6,4.84,62.12,46.12,Pump A Running
2026-08-08T05:00:00+00:00,Running,1,2320.1,10.45,4.75,62.4,45.91,Pump A Running
2026-08-08T05:15:00+00:00,Running,1,2412.3,10.63,4.86,61.67,46.43,Pump A Running
2026-08-08T05:30:00+00:00,Running,1,2484.0,10.55,4.93,62.6,46.08,Pump A Running
2026-08-08T05:45:00+00:00,Running,1,2538.2,10.62,4.8,63.4,46.01,Pump A Running
2026-08-08T06:00:00+00:00,Running,1,2417.4,10.48,4.76,61.34,45.97,Pump A Running
2026-08-08T06:15:00+00:00,Running,1,2520.1,10.55,4.8,60.21,45.93,Pump A Running
2026-08-08T06:30:00+00:00,Running,1,2471.7,10.56,4.8,62.04,46.12,Pump A Running
2026-08-08T06:45:00+00:00,Running,1,2361.3,10.58,4.94,60.91,45.88,Pump A Running
2026-08-08T07:00:00+00:00,Running,1,2416.1,10.6,4.79,61.52,45.62,Pump A Running
2026-08-08T07:15:00+00:00,Running,1,2507.6,10.53,4.79,62.17,45.71,Pump A Running
2026-08-08T07:30:00+00:00,Running,1,2326.5,10.57,4.87,64.02,46.11,Pump A Running
2026-08-08T07:45:00+00:00,Running,1,2736.4,10.61,4.77,64.88,46.18,Pump A Running
2026-08-08T08:00:00+00:00,Running,1,2296.2,10.66,4.8,62.08,45.57,Pump A Running
2026-08-08T08:15:00+00:00,Running,1,2726.2,10.55,4.81,60.41,46.84,Pump A Running
2026-08-08T08:30:00+00:00,Running,1,2553.1,10.68,4.76,63.85,46.47,Pump A Running
2026-08-08T08:45:00+00:00,Running,1,2498.2,10.58,4.87,63.52,46.14,Pump A Running
2026-08-08T09:00:00+00:00,Running,1,2542.1,10.56,4.69,63.97,46.55,Pump A Running
2026-08-08T09:15:00+00:00,Running,1,2542.5,10.65,4.89,63.64,46.55,Pump A Running
2026-08-08T09:30:00+00:00,Running,1,2556.4,10.58,4.69,60.19,46.8,Pump A Running
2026-08-08T09:45:00+00:00,Running,1,2522.1,10.7,4.83,61.48,46.71,Pump A Running
2026-08-08T10:00:00+00:00,Running,1,2601.9,10.66,4.57,61.06,46.12,Pump A Running
2026-08-08T10:15:00+00:00,Running,1,2705.3,10.59,4.81,61.35,46.35,Pump A Running
2026-08-08T10:30:00+00:00,Running,1,2583.6,10.72,4.82,60.7,46.11,Pump A Running
2026-08-08T10:45:00+00:00,Running,1,2502.4,10.58,4.67,60.54,46.45,Pump A Running
2026-08-08T11:00:00+00:00,Running,1,2573.4,10.75,4.71,61.7,46.72,Pump A Running
2026-08-08T11:15:00+00:00,Running,1,2442.9,10.4,4.94,61.99,46.61,Pump A Running
2026-08-08T11:30:00+00:00,Running,1,2601.1,10.66,4.73,63.46,47.09,Pump A Running
2026-08-08T11:45:00+00:00,Running,1,2540.1,10.59,4.66,61.63,46.24,Pump A Running
2026-08-08T12:00:00+00:00,Running,1,2642.8,10.52,4.92,64.05,46.03,Pump A Running
2026-08-08T12:15:00+00:00,Running,1,2603.6,10.58,4.84,62.29,46.54,Pump A Running
2026-08-08T12:30:00+00:00,Running,1,2667.5,10.6,4.88,60.46,46.84,Pump A Running
2026-08-08T12:45:00+00:00,Running,1,2573.7,10.58,4.77,63.12,45.72,Pump A Running
2026-08-08T13:00:00+00:00,Running,1,2577.4,10.6,4.91,61.35,46.52,Pump A Running
2026-08-08T13:15:00+00:00,Running,1,2536.1,10.51,4.7,61.99,46.05,Pump A Running
2026-08-08T13:30:00+00:00,Running,1,2639.0,10.6,4.69,60.76,46.49,Pump A Running
2026-08-08T13:45:00+00:00,Running,1,2711.7,10.64,4.73,63.28,46.13,Pump A Running
2026-08-08T14:00:00+00:00,Running,1,2636.2,10.58,4.9,63.29,46.65,Pump A Running
2026-08-08T14:15:00+00:00,Running,1,2507.9,10.66,4.94,63.48,46.37,Pump A Running
2026-08-08T14:30:00+00:00,Running,1,2703.9,10.69,4.7,63.04,46.9,Pump A Running
2026-08-08T14:45:00+00:00,Running,1,2797.5,10.56,4.71,62.22,46.77,Pump A Running
2026-08-08T15:00:00+00:00,Running,1,2631.1,10.51,4.88,61.29,46.73,Pump A Running
2026-08-08T15:15:00+00:00,Running,1,2667.1,10.58,4.8,60.67,46.34,Pump A Running
2026-08-08T15:30:00+00:00,Running,1,2679.2,10.64,4.89,59.3,46.79,Pump A Running
2026-08-08T15:45:00+00:00,Running,1,2643.4,10.64,4.79,63.82,46.67,Pump A Running
2026-08-08T16:00:00+00:00,Running,1,2882.5,10.63,4.66,63.81,45.75,Pump A Running
2026-08-08T16:15:00+00:00,Running,1,2860.5,10.6,4.93,61.28,46.74,Pump A Running
2026-08-08T16:30:00+00:00,Running,1,2486.8,10.47,4.88,61.68,46.48,Pump A Running
2026-08-08T16:45:00+00:00,Running,1,2530.2,10.61,4.74,61.37,46.46,Pump A Running
2026-08-08T17:00:00+00:00,Running,1,2670.0,10.67,4.92,60.93,45.86,Pump A Running
2026-08-08T17:15:00+00:00,Running,1,2700.9,10.59,4.85,61.57,46.22,Pump A Running
2026-08-08T17:30:00+00:00,Running,1,2747.4,10.58,4.77,63.2,46.49,Pump A Running
2026-08-08T17:45:00+00:00,Running,1,2656.9,10.7,4.84,63.32,45.99,Pump A Running
2026-08-08T18:00:00+00:00,Running,1,2758.3,10.63,4.82,61.08,46.47,Pump A Running
2026-08-08T18:15:00+00:00,Running,1,2777.6,10.69,4.79,62.29,46.45,Pump A Running
2026-08-08T18:30:00+00:00,Running,1,2757.7,10.65,4.72,61.07,45.96,Pump A Running
2026-08-08T18:45:00+00:00,Running,1,2740.2,10.49,4.85,61.2,46.66,Pump A Running
2026-08-08T19:00:00+00:00,Running,1,2756.9,10.6,4.84,63.71,46.91,Pump A Running
2026-08-08T19:15:00+00:00,Running,1,2727.8,10.66,4.74,64.57,46.17,Pump A Running
2026-08-08T19:30:00+00:00,Running,1,2670.1,10.63,4.85,60.78,46.33,Pump A Running
2026-08-08T19:45:00+00:00,Running,1,2849.2,10.51,4.88,61.35,46.91,Pump A Running
2026-08-08T20:00:00+00:00,Running,1,2520.6,10.61,4.69,61.82,46.72,Pump A Running
2026-08-08T20:15:00+00:00,Running,1,2767.9,10.76,4.93,62.26,46.55,Pump A Running
2026-08-08T20:30:00+00:00,Running,1,2767.5,10.62,4.7,62.5,46.84,Pump A Running
2026-08-08T20:45:00+00:00,Running,1,2864.9,10.5,4.8,60.84,47.18,Pump A Running
2026-08-08T21:00:00+00:00,Running,1,2689.9,10.7,4.78,61.97,46.45,Pump A Running
2026-08-08T21:15:00+00:00,Running,1,2741.2,10.58,5.0,62.16,47.04,Pump A Running
2026-08-08T21:30:00+00:00,Running,1,2683.2,10.6,4.73,64.43,46.77,Pump A Running
2026-08-08T21:45:00+00:00,Running,1,2844.7,10.6,4.78,63.82,46.68,Pump A Running
2026-08-08T22:00:00+00:00,Running,1,2959.6,10.67,4.86,60.61,47.49,Pump A Running
2026-08-08T22:15:00+00:00,Running,1,2713.9,10.55,4.69,62.13,46.37,Pump A Running
2026-08-08T22:30:00+00:00,Running,1,2831.4,10.62,4.77,62.68,46.84,Pump A Running
2026-08-08T22:45:00+00:00,Running,1,2759.1,10.54,4.76,61.17,46.56,Pump A Running
2026-08-08T23:00:00+00:00,Running,1,2678.1,10.41,4.85,62.13,46.6,Pump A Running
2026-08-08T23:15:00+00:00,Running,1,2743.0,10.61,4.87,65.01,46.19,Pump A Running
2026-08-08T23:30:00+00:00,Running,1,2773.4,10.51,4.79,64.98,47.15,Pump A Running
2026-08-08T23:45:00+00:00,Running,1,2810.3,10.47,4.72,60.14,46.84,Pump A Running
2026-08-09T00:00:00+00:00,Running,1,2787.6,10.58,4.67,62.13,46.21,Pump A Running
2026-08-09T00:15:00+00:00,Running,1,2961.4,10.59,4.8,63.09,46.37,Pump A Running
2026-08-09T00:30:00+00:00,Running,1,2667.6,10.63,4.82,62.05,46.52,Pump A Running
2026-08-09T00:45:00+00:00,Running,1,2825.1,10.62,4.76,62.92,46.42,Pump A Running
2026-08-09T01:00:00+00:00,Running,1,2720.3,10.57,4.94,60.57,46.68,Pump A Running
2026-08-09T01:15:00+00:00,Running,1,2751.2,10.67,4.76,61.97,46.67,Pump A Running
2026-08-09T01:30:00+00:00,Running,1,2614.2,10.58,4.57,63.39,46.47,Pump A Running
2026-08-09T01:45:00+00:00,Running,1,2729.5,10.7,4.75,63.23,46.63,Pump A Running
2026-08-09T02:00:00+00:00,Stopped,0,0.0,0.0,0.11,0.0,28.63,Pumps Stopped
2026-08-09T02:15:00+00:00,Stopped,0,0.0,0.0,0.16,0.0,28.95,Pumps Stopped
2026-08-09T02:30:00+00:00,Stopped,0,0.0,0.0,0.12,0.0,28.82,Pumps Stopped
2026-08-09T02:45:00+00:00,Stopped,0,0.0,0.0,0.15,0.0,29.11,Pumps Stopped
2026-08-09T03:00:00+00:00,Stopped,0,0.0,0.0,0.11,0.0,29.02,Pumps Stopped
2026-08-09T03:15:00+00:00,Stopped,0,0.0,0.0,0.16,0.0,29.32,Pumps Stopped
2026-08-09T03:30:00+00:00,Running,1,2672.1,10.6,4.66,63.24,46.15,Pump A Running
2026-08-09T03:45:00+00:00,Running,1,2689.3,10.72,4.72,60.21,45.76,Pump A Running
2026-08-09T04:00:00+00:00,Running,1,2697.0,10.51,4.74,62.71,45.62,Pump A Running
2026-08-09T04:15:00+00:00,Running,1,2595.0,10.66,4.84,63.31,47.09,Pump A Running
2026-08-09T04:30:00+00:00,Running,1,2728.3,10.5,4.8,61.22,46.61,Pump A Running
2026-08-09T04:45:00+00:00,Running,1,2755.0,10.67,4.85,61.45,46.62,Pump A Running
2026-08-09T05:00:00+00:00,Running,1,2830.2,10.49,4.87,62.37,46.84,Pump A Running
2026-08-09T05:15:00+00:00,Running,1,2660.8,10.63,4.82,60.99,46.85,Pump A Running
2026-08-09T05:30:00+00:00,Running,1,2625.0,10.59,4.7,64.47,46.3,Pump A Running
2026-08-09T05:45:00+00:00,Running,1,2801.0,10.63,4.82,62.79,45.7,Pump A Running
2026-08-09T06:00:00+00:00,Running,1,2859.6,10.53,4.76,61.49,46.78,Pump A Running
2026-08-09T06:15:00+00:00,Running,1,2601.0,10.66,4.73,62.32,46.6,Pump A Running
2026-08-09T06:30:00+00:00,Running,1,2782.0,10.48,4.81,61.88,46.97,Pump A Running
2026-08-09T06:45:00+00:00,Running,1,2717.1,10.62,4.9,60.62,46.68,Pump A Running
2026-08-09T07:00:00+00:00,Running,1,2797.0,10.45,4.76,62.31,46.5,Pump A Running
2026-08-09T07:15:00+00:00,Running,1,2757.2,10.5,4.85,61.76,46.42,Pump A Running
2026-08-09T07:30:00+00:00,Running,1,2771.2,10.71,4.75,61.51,46.33,Pump A Running
2026-08-09T07:45:00+00:00,Running,1,2697.3,10.78,4.83,62.17,47.11,Pump A Running
2026-08-09T08:00:00+00:00,Running,1,2687.1,10.53,4.76,61.96,46.53,Pump A Running
2026-08-09T08:15:00+00:00,Running,1,2547.6,10.67,4.86,61.91,46.35,Pump A Running
2026-08-09T08:30:00+00:00,Running,1,2530.7,10.71,4.71,63.17,45.83,Pump A Running
2026-08-09T08:45:00+00:00,Running,1,2574.3,10.63,4.67,60.97,46.78,Pump A Running
2026-08-09T09:00:00+00:00,Running,1,2527.8,10.57,4.85,61.61,45.8,Pump A Running
2026-08-09T09:15:00+00:00,Running,1,2560.7,10.63,4.83,62.05,46.37,Pump A Running
2026-08-09T09:30:00+00:00,Running,1,2849.6,10.72,4.81,59.85,46.41,Pump A Running
2026-08-09T09:45:00+00:00,Running,1,2597.0,10.59,4.72,62.78,46.6,Pump A Running
2026-08-09T10:00:00+00:00,Running,1,2606.3,10.56,4.71,61.62,46.66,Pump A Running
2026-08-09T10:15:00+00:00,Running,1,2454.6,10.47,4.81,63.16,46.58,Pump A Running
2026-08-09T10:30:00+00:00,Running,1,2641.3,10.61,4.81,62.04,46.31,Pump A Running
2026-08-09T10:45:00+00:00,Running,1,2698.5,10.63,4.66,63.17,46.38,Pump A Running
2026-08-09T11:00:00+00:00,Running,1,2605.9,10.7,4.86,61.34,46.03,Pump A Running
2026-08-09T11:15:00+00:00,Running,1,2774.9,10.54,4.85,60.91,46.22,Pump A Running
2026-08-09T11:30:00+00:00,Running,1,2625.7,10.59,4.61,61.6,46.07,Pump A Running
2026-08-09T11:45:00+00:00,Running,1,2564.1,10.71,4.81,62.49,46.1,Pump A Running
2026-08-09T12:00:00+00:00,Running,1,2601.0,10.64,4.69,61.69,46.51,Pump A Running
2026-08-09T12:15:00+00:00,Running,1,2460.0,10.58,4.89,60.83,46.59,Pump A Running
2026-08-09T12:30:00+00:00,Running,1,2569.0,10.59,4.83,59.62,46.48,Pump A Running
2026-08-09T12:45:00+00:00,Running,1,2617.8,10.66,4.85,59.1,46.33,Pump A Running
2026-08-09T13:00:00+00:00,Running,1,2687.5,10.67,4.82,61.84,46.69,Pump A Running
2026-08-09T13:15:00+00:00,Running,1,2659.8,10.56,4.87,64.04,46.3,Pump A Running
2026-08-09T13:30:00+00:00,Running,1,2659.5,10.57,4.9,62.92,46.92,Pump A Running
2026-08-09T13:45:00+00:00,Running,1,2709.7,10.68,4.82,63.42,45.93,Pump A Running
2026-08-09T14:00:00+00:00,Running,1,2383.0,10.63,4.85,61.69,46.22,Pump A Running
2026-08-09T14:15:00+00:00,Running,1,2562.3,10.59,5.02,61.22,46.56,Pump A Running
2026-08-09T14:30:00+00:00,Running,1,2514.2,10.59,4.72,61.37,45.52,Pump A Running
2026-08-09T14:45:00+00:00,Running,1,2591.9,10.58,4.91,62.58,45.98,Pump A Running
2026-08-09T15:00:00+00:00,Running,1,2465.7,10.47,4.92,61.02,46.18,Pump A Running
2026-08-09T15:15:00+00:00,Running,1,2571.5,10.54,4.64,61.03,46.46,Pump A Running
2026-08-09T15:30:00+00:00,Running,1,2530.8,10.56,4.82,62.28,45.95,Pump A Running
2026-08-09T15:45:00+00:00,Running,1,2412.7,10.69,4.81,62.17,47.08,Pump A Running
2026-08-09T16:00:00+00:00,Running,1,2417.0,10.72,4.73,61.76,46.15,Pump A Running
2026-08-09T16:15:00+00:00,Running,1,2563.4,10.62,4.9,60.89,46.37,Pump A Running
2026-08-09T16:30:00+00:00,Running,1,2230.8,10.59,4.77,63.79,46.24,Pump A Running
2026-08-09T16:45:00+00:00,Running,1,2342.7,10.61,4.77,63.46,46.56,Pump A Running
2026-08-09T17:00:00+00:00,Running,1,2578.6,10.63,4.79,63.31,46.59,Pump A Running
2026-08-09T17:15:00+00:00,Running,1,2487.5,10.64,4.85,61.39,46.66,Pump A Running
2026-08-09T17:30:00+00:00,Running,1,2537.2,10.55,4.91,64.29,46.81,Pump A Running
2026-08-09T17:45:00+00:00,Running,1,2252.6,10.58,4.8,63.67,46.08,Pump A Running
2026-08-09T18:00:00+00:00,Running,1,2430.9,10.67,4.73,59.78,46.2,Pump A Running
2026-08-09T18:15:00+00:00,Running,1,2457.5,10.61,4.73,60.72,46.47,Pump A Running
2026-08-09T18:30:00+00:00,Running,1,2454.0,10.7,4.71,60.48,46.32,Pump A Running
2026-08-09T18:45:00+00:00,Running,1,2368.3,10.64,4.8,60.87,45.93,Pump A Running
2026-08-09T19:00:00+00:00,Running,1,2420.7,10.68,4.77,60.17,46.4,Pump A Running
2026-08-09T19:15:00+00:00,Running,1,2455.1,10.48,4.64,62.1,46.74,Pump A Running
2026-08-09T19:30:00+00:00,Running,1,2344.8,10.5,4.89,62.0,45.44,Pump A Running
2026-08-09T19:45:00+00:00,Running,1,2412.0,10.46,4.75,62.28,47.23,Pump A Running
2026-08-09T20:00:00+00:00,Running,1,2299.5,10.62,4.88,60.65,45.82,Pump A Running
2026-08-09T20:15:00+00:00,Running,1,2331.0,10.57,4.82,62.0,46.33,Pump A Running
2026-08-09T20:30:00+00:00,Running,1,2381.7,10.58,4.73,61.82,46.04,Pump A Running
2026-08-09T20:45:00+00:00,Running,1,2379.7,10.69,4.77,61.24,46.81,Pump A Running
2026-08-09T21:00:00+00:00,Running,1,2320.7,10.55,4.79,59.73,46.41,Pump A Running
2026-08-09T21:15:00+00:00,Running,1,2324.9,10.65,4.75,61.16,45.77,Pump A Running
2026-08-09T21:30:00+00:00,Running,1,2436.4,10.69,4.8,59.72,46.11,Pump A Running
2026-08-09T21:45:00+00:00,Running,1,2264.4,10.54,4.91,61.59,46.58,Pump A Running
2026-08-09T22:00:00+00:00,Running,1,2315.9,10.69,4.88,61.09,47.21,Pump A Running
2026-08-09T22:15:00+00:00,Running,1,2411.0,10.71,4.71,61.06,46.56,Pump A Running
2026-08-09T22:30:00+00:00,Running,1,2372.9,10.54,4.65,60.83,46.95,Pump A Running
2026-08-09T22:45:00+00:00,Running,1,2151.1,10.67,4.93,62.79,46.28,Pump A Running
2026-08-09T23:00:00+00:00,Running,1,2305.2,10.57,4.6,61.84,45.36,Pump A Running
2026-08-09T23:15:00+00:00,Running,1,2239.9,10.47,4.88,64.44,45.59,Pump A Running
2026-08-09T23:30:00+00:00,Running,1,2334.3,10.53,4.72,62.24,46.13,Pump A Running
2026-08-09T23:45:00+00:00,Running,1,2140.6,10.56,5.0,63.46,46.4,Pump A Running
2026-08-10T00:00:00+00:00,Running,1,2361.3,10.62,4.77,62.67,46.82,Pump A Running
2026-08-10T00:15:00+00:00,Running,1,2402.6,10.52,4.66,61.74,45.34,Pump A Running
2026-08-10T00:30:00+00:00,Running,1,2160.3,10.72,4.87,62.09,46.06,Pump A Running
2026-08-10T00:45:00+00:00,Running,1,2302.7,10.64,4.8,63.84,45.83,Pump A Running
2026-08-10T01:00:00+00:00,Running,1,2343.0,10.62,4.7,61.51,46.15,Pump A Running
2026-08-10T01:15:00+00:00,Running,1,2213.7,10.68,4.81,61.71,45.79,Pump A Running
2026-08-10T01:30:00+00:00,Running,1,2107.4,10.58,4.83,60.34,45.65,Pump A Running
2026-08-10T01:45:00+00:00,Running,1,2197.1,10.61,4.69,64.46,46.41,Pump A Running
2026-08-10T02:00:00+00:00,Stopped,0,0.0,0.0,0.15,0.0,28.95,Pumps Stopped
2026-08-10T02:15:00+00:00,Stopped,0,0.0,0.0,0.19,0.0,29.15,Pumps Stopped
2026-08-10T02:30:00+00:00,Stopped,0,0.0,0.0,0.14,0.0,28.79,Pumps Stopped
2026-08-10T02:45:00+00:00,Stopped,0,0.0,0.0,0.21,0.0,29.0,Pumps Stopped
2026-08-10T03:00:00+00:00,Stopped,0,0.0,0.0,0.16,0.0,29.68,Pumps Stopped
2026-08-10T03:15:00+00:00,Stopped,0,0.0,0.0,0.19,0.0,28.66,Pumps Stopped
2026-08-10T03:30:00+00:00,Running,1,2232.4,10.55,4.68,60.59,46.19,Pump A Running
2026-08-10T03:45:00+00:00,Running,1,2280.4,10.62,4.89,62.13,45.85,Pump A Running
2026-08-10T04:00:00+00:00,Running,1,2162.4,10.63,4.91,61.67,45.95,Pump A Running
2026-08-10T04:15:00+00:00,Running,1,2212.3,10.45,4.76,61.23,46.23,Pump A Running
2026-08-10T04:30:00+00:00,Running,1,2278.9,10.68,4.8,60.89,46.05,Pump A Running
2026-08-10T04:45:00+00:00,Running,1,2244.0,10.66,4.73,63.79,45.99,Pump A Running
2026-08-10T05:00:00+00:00,Running,1,2051.4,10.75,4.82,61.91,46.57,Pump A Running
2026-08-10T05:15:00+00:00,Running,1,2345.4,10.5,4.74,59.97,46.26,Pump A Running
2026-08-10T05:30:00+00:00,Running,1,2094.3,10.6,4.86,60.13,45.86,Pump A Running
2026-08-10T05:45:00+00:00,Running,1,2025.4,10.57,4.73,61.05,45.91,Pump A Running
2026-08-10T06:00:00+00:00,Running,1,2251.3,10.5,4.76,63.59,46.15,Pump A Running
2026-08-10T06:15:00+00:00,Running,1,2066.2,10.58,4.71,59.62,46.72,Pump A Running
2026-08-10T06:30:00+00:00,Running,1,2120.9,10.49,4.87,63.67,45.97,Pump A Running
2026-08-10T06:45:00+00:00,Running,1,2159.9,10.53,4.74,61.97,45.52,Pump A Running
2026-08-10T07:00:00+00:00,Running,1,2207.1,10.58,4.88,62.49,46.52,Pump A Running
2026-08-10T07:15:00+00:00,Running,1,1988.3,10.56,4.83,61.02,46.07,Pump A Running
2026-08-10T07:30:00+00:00,Running,1,2195.5,10.53,4.7,62.79,45.48,Pump A Running
2026-08-10T07:45:00+00:00,Running,1,2117.0,10.61,4.73,61.6,46.17,Pump A Running
2026-08-10T08:00:00+00:00,Running,1,2095.0,10.64,4.74,61.6,46.43,Pump A Running
2026-08-10T08:15:00+00:00,Running,1,2180.7,10.61,4.94,59.7,45.99,Pump A Running
2026-08-10T08:30:00+00:00,Running,1,2149.3,10.55,4.81,62.65,45.96,Pump A Running
2026-08-10T08:45:00+00:00,Running,1,2058.9,10.65,4.87,60.52,46.31,Pump A Running
2026-08-10T09:00:00+00:00,Running,1,2141.8,10.57,4.72,62.16,46.78,Pump A Running
2026-08-10T09:15:00+00:00,Running,1,2077.4,10.51,4.71,62.6,46.23,Pump A Running
2026-08-10T09:30:00+00:00,Running,1,2181.2,10.65,4.81,63.03,46.44,Pump A Running
2026-08-10T09:45:00+00:00,Running,1,2272.1,10.5,4.79,61.96,46.47,Pump A Running
2026-08-10T10:00:00+00:00,Running,1,2069.0,10.71,4.81,60.39,46.02,Pump A Running
2026-08-10T10:15:00+00:00,Running,1,2217.1,10.58,4.83,60.21,45.97,Pump A Running
2026-08-10T10:30:00+00:00,Running,1,2022.6,10.56,4.72,63.33,46.03,Pump A Running
2026-08-10T10:45:00+00:00,Running,1,2163.9,10.56,4.62,62.72,45.53,Pump A Running
2026-08-10T11:00:00+00:00,Running,1,2147.4,10.59,4.71,60.9,45.93,Pump A Running
2026-08-10T11:15:00+00:00,Running,1,2230.1,10.52,4.77,63.06,45.96,Pump A Running
2026-08-10T11:30:00+00:00,Running,1,2148.9,10.64,4.81,60.01,46.43,Pump A Running
2026-08-10T11:45:00+00:00,Running,1,2104.2,10.62,4.69,63.96,45.55,Pump A Running
2026-08-10T12:00:00+00:00,Running,1,2142.8,10.63,4.73,60.7,45.95,Pump A Running
2026-08-10T12:15:00+00:00,Running,1,2140.1,10.66,4.88,62.96,45.85,Pump A Running
2026-08-10T12:30:00+00:00,Running,1,1986.3,10.67,4.86,62.51,46.59,Pump A Running
2026-08-10T12:45:00+00:00,Running,1,2126.2,10.71,4.81,61.88,46.41,Pump A Running
2026-08-10T13:00:00+00:00,Running,1,2201.2,10.69,4.85,62.71,45.86,Pump A Running
2026-08-10T13:15:00+00:00,Running,1,2204.6,10.54,4.75,62.3,46.33,Pump A Running
2026-08-10T13:30:00+00:00,Running,1,2169.1,10.55,4.79,63.08,45.99,Pump A Running
2026-08-10T13:45:00+00:00,Running,1,2174.9,10.46,4.79,60.4,46.6,Pump A Running
2026-08-10T14:00:00+00:00,Running,1,2104.4,10.6,4.75,63.74,46.09,Pump A Running
2026-08-10T14:15:00+00:00,Running,1,2202.0,10.63,4.71,61.05,46.39,Pump A Running
2026-08-10T14:30:00+00:00,Running,1,2226.9,10.61,4.69,62.45,46.37,Pump A Running
2026-08-10T14:45:00+00:00,Running,1,2083.1,10.53,4.96,62.4,46.37,Pump A Running
2026-08-10T15:00:00+00:00,Running,1,2170.0,10.61,4.77,60.0,46.47,Pump A Running
2026-08-10T15:15:00+00:00,Running,1,2356.7,10.57,4.85,64.57,45.75,Pump A Running
2026-08-10T15:30:00+00:00,Running,1,1965.6,10.66,4.79,62.3,45.76,Pump A Running
2026-08-10T15:45:00+00:00,Running,1,2293.9,10.5,4.71,60.67,46.5,Pump A Running
2026-08-10T16:00:00+00:00,Running,1,2332.1,10.57,4.76,59.97,46.34,Pump A Running
2026-08-10T16:15:00+00:00,Running,1,2313.0,10.57,4.92,63.11,46.42,Pump A Running
2026-08-10T16:30:00+00:00,Running,1,2302.4,10.56,4.83,63.58,46.21,Pump A Running
2026-08-10T16:45:00+00:00,Running,1,2213.2,10.52,4.93,62.5,46.09,Pump A Running
2026-08-10T17:00:00+00:00,Running,1,2166.1,10.58,4.91,60.13,45.95,Pump A Running
2026-08-10T17:15:00+00:00,Running,1,2385.2,10.46,4.66,64.89,46.2,Pump A Running
2026-08-10T17:30:00+00:00,Running,1,2185.8,10.47,4.82,60.5,46.51,Pump A Running
2026-08-10T17:45:00+00:00,Running,1,2231.2,10.53,4.83,60.86,46.03,Pump A Running
2026-08-10T18:00:00+00:00,Running,1,2153.8,10.51,4.86,62.38,46.72,Pump A Running
2026-08-10T18:15:00+00:00,Running,1,2222.3,10.59,4.8,63.43,45.57,Pump A Running
2026-08-10T18:30:00+00:00,Running,1,2271.4,10.69,4.73,62.89,46.59,Pump A Running
2026-08-10T18:45:00+00:00,Running,1,2282.3,10.6,4.93,60.12,46.04,Pump A Running
2026-08-10T19:00:00+00:00,Running,1,2196.9,10.64,4.77,60.48,46.28,Pump A Running
2026-08-10T19:15:00+00:00,Running,1,2234.6,10.6,4.8,63.51,46.44,Pump A Running
2026-08-10T19:30:00+00:00,Running,1,2270.7,10.54,4.84,62.07,46.6,Pump A Running
2026-08-10T19:45:00+00:00,Running,1,2373.3,10.63,4.9,60.52,46.04,Pump A Running
2026-08-10T20:00:00+00:00,Running,1,2243.3,10.56,4.83,63.36,45.36,Pump A Running
2026-08-10T20:15:00+00:00,Running,1,2281.6,10.6,4.76,62.84,45.8,Pump A Running
2026-08-10T20:30:00+00:00,Running,1,2381.1,10.64,4.59,61.35,46.37,Pump A Running
2026-08-10T20:45:00+00:00,Running,1,2330.9,10.59,4.85,64.36,46.5,Pump A Running
2026-08-10T21:00:00+00:00,Running,1,2408.1,10.68,4.71,62.37,46.5,Pump A Running
2026-08-10T21:15:00+00:00,Running,1,2269.9,10.57,4.77,61.44,46.16,Pump A Running
2026-08-10T21:30:00+00:00,Running,1,2252.2,10.6,4.84,61.68,46.6,Pump A Running
2026-08-10T21:45:00+00:00,Running,1,2360.6,10.66,4.81,58.95,46.33,Pump A Running
2026-08-10T22:00:00+00:00,Running,1,2156.2,10.57,4.77,61.01,45.85,Pump A Running
2026-08-10T22:15:00+00:00,Running,1,2322.4,10.5,4.8,60.91,46.33,Pump A Running
2026-08-10T22:30:00+00:00,Running,1,2250.0,10.61,4.78,61.52,46.32,Pump A Running
2026-08-10T22:45:00+00:00,Running,1,2259.4,10.56,4.75,61.1,45.77,Pump A Running
2026-08-10T23:00:00+00:00,Running,1,2431.1,10.54,4.84,61.76,46.22,Pump A Running
2026-08-10T23:15:00+00:00,Running,1,2381.6,10.52,4.76,59.46,45.94,Pump A Running
2026-08-10T23:30:00+00:00,Running,1,2322.6,10.6,4.79,59.89,46.26,Pump A Running
2026-08-10T23:45:00+00:00,Running,1,2495.2,10.6,4.92,62.15,45.81,Pump A Running
2026-08-11T00:00:00+00:00,Running,1,2368.5,10.6,4.82,62.54,45.32,Pump A Running
2026-08-11T00:15:00+00:00,Running,1,2255.1,10.46,4.7,60.93,46.56,Pump A Running
2026-08-11T00:30:00+00:00,Running,1,2403.8,10.67,4.81,60.65,46.59,Pump A Running
2026-08-11T00:45:00+00:00,Running,1,2302.3,10.59,4.73,62.75,46.49,Pump A Running
2026-08-11T01:00:00+00:00,Running,1,2448.9,10.58,4.81,62.51,47.04,Pump A Running
2026-08-11T01:15:00+00:00,Running,1,2478.5,10.65,4.76,60.45,47.42,Pump A Running
2026-08-11T01:30:00+00:00,Running,1,2580.0,10.6,4.81,60.33,46.54,Pump A Running
2026-08-11T01:45:00+00:00,Running,1,2493.0,10.64,4.92,61.17,46.58,Pump A Running
2026-08-11T02:00:00+00:00,Stopped,0,0.0,0.0,0.13,0.0,28.91,Pumps Stopped
2026-08-11T02:15:00+00:00,Stopped,0,0.0,0.0,0.17,0.0,29.23,Pumps Stopped
2026-08-11T02:30:00+00:00,Stopped,0,0.0,0.0,0.12,0.0,29.08,Pumps Stopped
2026-08-11T02:45:00+00:00,Stopped,0,0.0,0.0,0.15,0.0,29.08,Pumps Stopped
2026-08-11T03:00:00+00:00,Stopped,0,0.0,0.0,0.13,0.0,29.09,Pumps Stopped
2026-08-11T03:15:00+00:00,Stopped,0,0.0,0.0,0.19,0.0,29.03,Pumps Stopped
2026-08-11T03:30:00+00:00,Running,1,2519.6,10.57,4.88,64.64,46.83,Pump A Running
2026-08-11T03:45:00+00:00,Running,1,2576.9,10.71,4.81,60.49,46.17,Pump A Running
2026-08-11T04:00:00+00:00,Running,1,2376.5,10.54,4.81,61.14,46.29,Pump A Running
2026-08-11T04:15:00+00:00,Running,1,2491.9,10.58,4.66,61.27,45.48,Pump A Running
2026-08-11T04:30:00+00:00,Running,1,2501.5,10.56,4.76,60.84,46.27,Pump A Running
2026-08-11T04:45:00+00:00,Running,1,2520.4,10.6,4.79,61.91,46.81,Pump A Running
2026-08-11T05:00:00+00:00,Running,1,2535.9,10.72,4.81,61.78,46.23,Pump A Running
2026-08-11T05:15:00+00:00,Running,1,2505.4,10.69,4.74,61.02,45.9,Pump A Running
2026-08-11T05:30:00+00:00,Running,1,2602.5,10.69,4.71,62.74,46.77,Pump A Running
2026-08-11T05:45:00+00:00,Running,1,2718.6,10.56,4.71,63.82,46.67,Pump A Running
2026-08-11T06:00:00+00:00,Running,1,2664.8,10.65,4.99,62.03,46.49,Pump A Running
2026-08-11T06:15:00+00:00,Running,1,2507.5,10.54,4.74,62.02,46.81,Pump A Running
2026-08-11T06:30:00+00:00,Running,1,2552.3,10.61,4.67,60.76,46.32,Pump A Running
2026-08-11T06:45:00+00:00,Running,1,2554.7,10.52,4.8,63.23,46.31,Pump A Running
2026-08-11T07:00:00+00:00,Running,1,2563.5,10.57,4.68,63.64,46.13,Pump A Running
2026-08-11T07:15:00+00:00,Running,1,2614.8,10.57,4.82,60.71,46.79,Pump A Running
2026-08-11T07:30:00+00:00,Running,1,2616.7,10.66,4.75,61.04,46.29,Pump A Running
2026-08-11T07:45:00+00:00,Running,1,2600.6,10.71,4.81,61.86,46.69,Pump A Running
2026-08-11T08:00:00+00:00,Running,1,2725.8,10.53,4.8,63.6,46.89,Pump A Running
2026-08-11T08:15:00+00:00,Running,1,2594.5,10.56,4.8,60.94,46.61,Pump A Running
2026-08-11T08:30:00+00:00,Running,1,2555.6,10.62,4.87,61.89,46.81,Pump A Running
2026-08-11T08:45:00+00:00,Running,1,2629.5,10.63,4.77,61.07,46.22,Pump A Running
2026-08-11T09:00:00+00:00,Running,1,2791.4,10.58,4.78,60.29,46.95,Pump A Running
2026-08-11T09:15:00+00:00,Running,1,2439.8,10.52,4.89,61.78,47.01,Pump A Running
2026-08-11T09:30:00+00:00,Running,1,2591.5,10.47,4.68,61.89,47.19,Pump A Running
2026-08-11T09:45:00+00:00,Running,1,2732.8,10.56,4.7,61.78,46.39,Pump A Running
2026-08-11T10:00:00+00:00,Running,1,2700.7,10.6,4.86,60.75,46.5,Pump A Running
2026-08-11T10:15:00+00:00,Running,1,2633.3,10.65,4.63,59.59,47.08,Pump A Running
2026-08-11T10:30:00+00:00,Running,1,2566.9,10.56,4.72,62.76,46.52,Pump A Running
2026-08-11T10:45:00+00:00,Running,1,2778.8,10.67,4.81,63.12,46.34,Pump A Running
2026-08-11T11:00:00+00:00,Running,1,2711.7,10.6,4.87,60.04,46.87,Pump A Running
2026-08-11T11:15:00+00:00,Running,1,2697.3,10.47,4.81,62.32,47.09,Pump A Running
2026-08-11T11:30:00+00:00,Running,1,2850.1,10.61,4.75,61.19,46.46,Pump A Running
2026-08-11T11:45:00+00:00,Running,1,2765.1,10.59,4.86,62.0,47.32,Pump A Running
2026-08-11T12:00:00+00:00,Running,1,2745.4,10.75,4.89,63.11,47.04,Pump A Running
2026-08-11T12:15:00+00:00,Running,1,2812.3,10.61,4.87,59.17,47.35,Pump A Running
2026-08-11T12:30:00+00:00,Running,1,2826.7,10.64,4.75,61.73,46.45,Pump A Running
2026-08-11T12:45:00+00:00,Running,1,2700.0,10.7,4.75,61.87,46.28,Pump A Running
2026-08-11T13:00:00+00:00,Running,1,2728.5,10.62,4.72,62.11,46.48,Pump A Running
2026-08-11T13:15:00+00:00,Running,1,2709.9,10.58,4.73,62.86,46.22,Pump A Running
2026-08-11T13:30:00+00:00,Running,1,2750.7,10.54,4.78,60.95,46.6,Pump A Running
2026-08-11T13:45:00+00:00,Running,1,2680.0,10.6,4.78,62.81,46.27,Pump A Running
2026-08-11T14:00:00+00:00,Running,1,2697.0,10.7,4.91,59.8,46.49,Pump A Running
2026-08-11T14:15:00+00:00,Running,1,2629.3,10.54,4.9,62.26,45.95,Pump A Running
2026-08-11T14:30:00+00:00,Running,1,2752.7,10.55,4.64,62.49,46.1,Pump A Running
2026-08-11T14:45:00+00:00,Running,1,2768.5,10.67,4.82,61.4,46.82,Pump A Running
2026-08-11T15:00:00+00:00,Running,1,2821.6,10.68,4.8,61.3,46.65,Pump A Running
2026-08-11T15:15:00+00:00,Running,1,2714.0,10.71,4.8,63.36,46.13,Pump A Running
2026-08-11T15:30:00+00:00,Running,1,2776.0,10.51,4.81,60.66,46.68,Pump A Running
2026-08-11T15:45:00+00:00,Running,1,2756.9,10.64,4.8,60.52,45.7,Pump A Running
2026-08-11T16:00:00+00:00,Running,1,2772.0,10.6,4.81,63.35,46.86,Pump A Running
2026-08-11T16:15:00+00:00,Running,1,2854.9,10.53,4.82,60.87,46.72,Pump A Running
2026-08-11T16:30:00+00:00,Running,1,2808.5,10.56,4.84,60.46,46.17,Pump A Running
2026-08-11T16:45:00+00:00,Running,1,2715.9,10.65,4.88,59.9,47.09,Pump A Running
2026-08-11T17:00:00+00:00,Running,1,2791.7,10.6,4.7,63.57,47.38,Pump A Running
2026-08-11T17:15:00+00:00,Running,1,2874.4,10.56,4.71,62.31,46.47,Pump A Running
2026-08-11T17:30:00+00:00,Running,1,2853.8,10.54,4.84,61.69,46.84,Pump A Running
2026-08-11T17:45:00+00:00,Running,1,2863.1,10.64,4.7,61.77,46.72,Pump A Running
2026-08-11T18:00:00+00:00,Running,1,2822.1,10.4,4.78,60.33,46.95,Pump A Running
2026-08-11T18:15:00+00:00,Running,1,2779.2,10.58,4.68,62.3,46.28,Pump A Running
2026-08-11T18:30:00+00:00,Running,1,2902.3,10.66,4.83,61.55,46.15,Pump A Running
2026-08-11T18:45:00+00:00,Running,1,2846.2,10.63,4.83,63.63,47.3,Pump A Running
2026-08-11T19:00:00+00:00,Running,1,2670.5,10.61,4.86,62.04,46.85,Pump A Running
2026-08-11T19:15:00+00:00,Running,1,2667.3,10.62,4.68,63.81,45.93,Pump A Running
2026-08-11T19:30:00+00:00,Running,1,2832.8,10.58,4.64,61.31,46.43,Pump A Running
2026-08-11T19:45:00+00:00,Running,1,2641.2,10.62,4.72,60.52,46.22,Pump A Running
2026-08-11T20:00:00+00:00,Running,1,2832.3,10.76,4.96,59.58,46.86,Pump A Running
2026-08-11T20:15:00+00:00,Running,1,2959.6,10.56,4.82,60.9,46.83,Pump A Running
2026-08-11T20:30:00+00:00,Running,1,2663.9,10.51,4.8,63.49,46.49,Pump A Running
2026-08-11T20:45:00+00:00,Running,1,2736.0,10.7,4.81,60.94,46.51,Pump A Running
2026-08-11T21:00:00+00:00,Running,1,2710.9,10.59,4.84,61.68,46.47,Pump A Running
2026-08-11T21:15:00+00:00,Running,1,2700.0,10.53,4.9,62.42,46.64,Pump A Running
2026-08-11T21:30:00+00:00,Running,1,2862.1,10.64,4.79,60.33,47.3,Pump A Running
2026-08-11T21:45:00+00:00,Running,1,2815.7,10.49,4.81,59.81,47.57,Pump A Running
2026-08-11T22:00:00+00:00,Running,1,2849.0,10.68,4.73,61.06,46.4,Pump A Running
2026-08-11T22:15:00+00:00,Running,1,2736.8,10.63,4.64,60.06,46.91,Pump A Running
2026-08-11T22:30:00+00:00,Running,1,2734.6,10.61,4.81,59.14,46.74,Pump A Running
2026-08-11T22:45:00+00:00,Running,1,2726.3,10.56,4.81,62.62,47.17,Pump A Running
2026-08-11T23:00:00+00:00,Running,1,2898.1,10.6,4.94,63.02,46.99,Pump A Running
2026-08-11T23:15:00+00:00,Running,1,2847.0,10.65,4.83,62.2,46.9,Pump A Running
2026-08-11T23:30:00+00:00,Running,1,2868.3,10.57,4.74,60.05,46.71,Pump A Running
2026-08-11T23:45:00+00:00,Running,1,2801.7,10.59,4.65,60.58,46.41,Pump A Running
2026-08-12T00:00:00+00:00,Running,1,2713.4,10.57,4.78,60.55,46.91,Pump A Running
2026-08-12T00:15:00+00:00,Running,1,2777.7,10.64,4.83,62.23,46.49,Pump A Running
2026-08-12T00:30:00+00:00,Running,1,2737.8,10.6,4.76,61.84,46.21,Pump A Running
2026-08-12T00:45:00+00:00,Running,1,2775.8,10.63,4.84,61.8,46.85,Pump A Running
2026-08-12T01:00:00+00:00,Running,1,2707.6,10.57,4.72,61.81,46.75,Pump A Running
2026-08-12T01:15:00+00:00,Running,1,2758.0,10.51,4.71,61.98,46.66,Pump A Running
2026-08-12T01:30:00+00:00,Running,1,2764.5,10.63,4.75,61.22,46.61,Pump A Running
2026-08-12T01:45:00+00:00,Running,1,2562.2,10.55,4.85,60.61,46.36,Pump A Running
2026-08-12T02:00:00+00:00,Stopped,0,0.0,0.0,0.15,0.0,29.25,Pumps Stopped
2026-08-12T02:15:00+00:00,Stopped,0,0.0,0.0,0.15,0.0,28.7,Pumps Stopped
2026-08-12T02:30:00+00:00,Stopped,0,0.0,0.0,0.13,0.0,28.98,Pumps Stopped
2026-08-12T02:45:00+00:00,Stopped,0,0.0,0.0,0.17,0.0,28.85,Pumps Stopped
2026-08-12T03:00:00+00:00,Stopped,0,0.0,0.0,0.19,0.0,29.11,Pumps Stopped
2026-08-12T03:15:00+00:00,Stopped,0,0.0,0.0,0.18,0.0,29.48,Pumps Stopped
2026-08-12T03:30:00+00:00,Running,1,2696.3,10.59,4.74,61.2,47.02,Pump A Running
2026-08-12T03:45:00+00:00,Running,1,2698.5,10.52,4.8,60.81,46.72,Pump A Running
2026-08-12T04:00:00+00:00,Running,1,2668.5,10.66,4.68,61.44,46.42,Pump A Running
2026-08-12T04:15:00+00:00,Running,1,2712.9,10.58,4.84,61.57,46.37,Pump A Running
2026-08-12T04:30:00+00:00,Running,1,2735.3,10.5,4.8,62.0,47.36,Pump A Running
2026-08-12T04:45:00+00:00,Running,1,2550.8,10.65,5.06,61.2,47.14,Pump A Running
2026-08-12T05:00:00+00:00,Running,1,2499.9,10.58,4.85,62.09,46.76,Pump A Running
2026-08-12T05:15:00+00:00,Running,1,2683.4,10.52,4.76,62.11,46.22,Pump A Running
2026-08-12T05:30:00+00:00,Running,1,2631.6,10.63,4.79,59.42,46.66,Pump A Running
2026-08-12T05:45:00+00:00,Running,1,2557.9,10.7,4.84,61.3,46.64,Pump A Running
2026-08-12T06:00:00+00:00,Running,1,2579.5,10.63,4.9,60.64,46.58,Pump A Running
2026-08-12T06:15:00+00:00,Running,1,2615.3,10.56,4.9,59.85,46.45,Pump A Running
2026-08-12T06:30:00+00:00,Running,1,2799.2,10.61,4.66,64.85,47.12,Pump A Running
2026-08-12T06:45:00+00:00,Running,1,2611.4,10.63,4.64,60.48,46.94,Pump A Running
2026-08-12T07:00:00+00:00,Running,1,2640.7,10.56,4.76,63.48,46.41,Pump A Running
2026-08-12T07:15:00+00:00,Running,1,2767.1,10.64,4.74,60.57,46.54,Pump A Running
2026-08-12T07:30:00+00:00,Running,1,2397.6,10.56,4.87,61.58,46.01,Pump A Running
2026-08-12T07:45:00+00:00,Running,1,2484.7,10.57,4.73,60.98,46.2,Pump A Running
2026-08-12T08:00:00+00:00,Running,1,2419.5,10.55,4.78,62.55,46.37,Pump A Running
2026-08-12T08:15:00+00:00,Running,1,2651.4,10.6,4.69,60.51,46.8,Pump A Running
2026-08-12T08:30:00+00:00,Running,1,2585.5,10.54,4.73,59.15,46.7,Pump A Running
2026-08-12T08:45:00+00:00,Running,1,2731.9,10.76,4.89,60.85,46.06,Pump A Running
2026-08-12T09:00:00+00:00,Running,1,2600.9,10.56,4.81,61.88,46.18,Pump A Running
2026-08-12T09:15:00+00:00,Running,1,2318.1,10.57,4.84,64.3,46.34,Pump A Running
2026-08-12T09:30:00+00:00,Running,1,2523.2,10.56,4.87,60.91,47.06,Pump A Running
2026-08-12T09:45:00+00:00,Running,1,2603.6,10.59,4.63,59.31,46.61,Pump A Running
2026-08-12T10:00:00+00:00,Running,1,2510.3,10.56,4.72,61.88,46.79,Pump A Running
2026-08-12T10:15:00+00:00,Running,1,2511.5,10.57,4.82,63.08,47.23,Pump A Running
2026-08-12T10:30:00+00:00,Running,1,2348.0,10.58,4.74,62.86,46.6,Pump A Running
2026-08-12T10:45:00+00:00,Running,1,2530.3,10.69,4.74,62.22,46.05,Pump A Running
2026-08-12T11:00:00+00:00,Running,1,2395.5,10.56,4.76,62.98,45.86,Pump A Running
2026-08-12T11:15:00+00:00,Running,1,2341.3,10.68,4.89,61.46,46.78,Pump A Running
2026-08-12T11:30:00+00:00,Running,1,2431.8,10.63,4.7,62.23,46.41,Pump A Running
2026-08-12T11:45:00+00:00,Running,1,2478.8,10.61,4.74,59.77,46.78,Pump A Running
2026-08-12T12:00:00+00:00,Running,1,2476.4,10.66,4.79,62.43,46.61,Pump A Running
2026-08-12T12:15:00+00:00,Running,1,2467.9,10.71,4.77,62.66,46.33,Pump A Running
2026-08-12T12:30:00+00:00,Running,1,2366.0,10.69,4.72,58.97,46.63,Pump A Running
2026-08-12T12:45:00+00:00,Running,1,2436.4,10.56,4.86,62.9,46.5,Pump A Running
2026-08-12T13:00:00+00:00,Running,1,2388.2,10.58,4.79,61.4,46.04,Pump A Running
2026-08-12T13:15:00+00:00,Running,1,2634.4,10.64,4.71,63.14,45.76,Pump A Running
2026-08-12T13:30:00+00:00,Running,1,2351.6,10.64,4.75,62.11,46.34,Pump A Running
2026-08-12T13:45:00+00:00,Running,1,2434.4,10.65,4.67,62.7,46.21,Pump A Running
2026-08-12T14:00:00+00:00,Running,1,2403.4,10.65,4.79,62.83,46.33,Pump A Running
2026-08-12T14:15:00+00:00,Running,1,2291.7,10.53,4.98,60.97,46.32,Pump A Running
2026-08-12T14:30:00+00:00,Running,1,2245.2,10.74,4.9,62.51,45.81,Pump A Running
2026-08-12T14:45:00+00:00,Running,1,2460.6,10.51,4.79,59.11,46.22,Pump A Running
2026-08-12T15:00:00+00:00,Running,1,2474.2,10.59,4.71,61.13,46.54,Pump A Running
2026-08-12T15:15:00+00:00,Running,1,2253.9,10.79,4.8,62.17,45.87,Pump A Running
2026-08-12T15:30:00+00:00,Running,1,2232.4,10.49,4.68,64.48,46.4,Pump A Running
2026-08-12T15:45:00+00:00,Running,1,2435.3,10.6,4.53,62.35,46.49,Pump A Running
2026-08-12T16:00:00+00:00,Running,1,2279.8,10.61,4.88,61.91,46.22,Pump A Running
2026-08-12T16:15:00+00:00,Running,1,2349.4,10.67,4.76,62.45,46.28,Pump A Running
2026-08-12T16:30:00+00:00,Running,1,2337.6,10.64,4.68,64.25,46.14,Pump A Running
2026-08-12T16:45:00+00:00,Running,1,2211.9,10.51,4.62,59.98,46.18,Pump A Running
2026-08-12T17:00:00+00:00,Running,1,2407.8,10.5,4.77,62.76,45.84,Pump A Running
2026-08-12T17:15:00+00:00,Running,1,2350.2,10.67,4.77,62.67,46.36,Pump A Running
2026-08-12T17:30:00+00:00,Running,1,2374.6,10.64,4.85,65.39,45.61,Pump A Running
2026-08-12T17:45:00+00:00,Running,1,2179.4,10.6,4.7,61.64,45.88,Pump A Running
2026-08-12T18:00:00+00:00,Running,1,2181.7,10.61,4.81,63.76,46.02,Pump A Running
2026-08-12T18:15:00+00:00,Running,1,2420.0,10.47,4.75,60.59,45.8,Pump A Running
2026-08-12T18:30:00+00:00,Running,1,2230.0,10.65,4.72,59.31,46.17,Pump A Running
2026-08-12T18:45:00+00:00,Running,1,2342.2,10.57,4.59,64.05,46.1,Pump A Running
2026-08-12T19:00:00+00:00,Running,1,2219.2,10.61,4.61,61.37,45.78,Pump A Running
2026-08-12T19:15:00+00:00,Running,1,2173.7,10.58,4.78,61.09,46.08,Pump A Running
2026-08-12T19:30:00+00:00,Running,1,2460.6,10.55,4.52,63.08,45.85,Pump A Running
2026-08-12T19:45:00+00:00,Running,1,2275.4,10.5,4.76,62.09,46.43,Pump A Running
2026-08-12T20:00:00+00:00,Running,1,2247.6,10.76,4.85,61.11,46.23,Pump A Running
2026-08-12T20:15:00+00:00,Running,1,2148.0,10.59,4.87,62.12,46.36,Pump A Running
2026-08-12T20:30:00+00:00,Running,1,2369.3,10.56,4.72,59.51,46.41,Pump A Running
2026-08-12T20:45:00+00:00,Running,1,2197.4,10.57,4.74,60.08,45.37,Pump A Running
2026-08-12T21:00:00+00:00,Running,1,2185.9,10.66,4.81,61.23,45.65,Pump A Running
2026-08-12T21:15:00+00:00,Running,1,2119.5,10.65,4.58,61.02,46.37,Pump A Running
2026-08-12T21:30:00+00:00,Running,1,2196.4,10.59,4.67,63.13,46.03,Pump A Running
2026-08-12T21:45:00+00:00,Running,1,2101.5,10.59,4.58,62.57,46.29,Pump A Running
2026-08-12T22:00:00+00:00,Running,1,2240.4,10.66,4.94,59.97,46.19,Pump A Running
2026-08-12T22:15:00+00:00,Running,1,2328.5,10.64,4.67,63.05,46.36,Pump A Running
2026-08-12T22:30:00+00:00,Running,1,2169.9,10.61,4.75,62.27,45.65,Pump A Running
2026-08-12T22:45:00+00:00,Running,1,2234.9,10.7,4.81,62.45,46.43,Pump A Running
2026-08-12T23:00:00+00:00,Running,1,2204.5,10.63,4.7,62.15,45.93,Pump A Running
2026-08-12T23:15:00+00:00,Running,1,2147.9,10.63,4.84,58.95,45.72,Pump A Running
2026-08-12T23:30:00+00:00,Running,1,2391.5,10.67,4.89,60.97,46.56,Pump A Running
2026-08-12T23:45:00+00:00,Running,1,2098.6,10.64,4.86,61.47,46.21,Pump A Running
2026-08-13T00:00:00+00:00,Running,1,2082.3,10.67,4.62,61.88,46.29,Pump A Running
2026-08-13T00:15:00+00:00,Running,1,1996.4,10.59,4.85,60.13,45.61,Pump A Running
2026-08-13T00:30:00+00:00,Running,1,2186.9,10.58,4.88,60.26,45.95,Pump A Running
2026-08-13T00:45:00+00:00,Running,1,2031.5,10.54,4.8,61.5,46.18,Pump A Running
2026-08-13T01:00:00+00:00,Running,1,2273.1,10.6,4.56,63.17,45.76,Pump A Running
2026-08-13T01:15:00+00:00,Running,1,2137.3,10.67,4.74,62.76,45.59,Pump A Running
2026-08-13T01:30:00+00:00,Running,1,2141.4,10.73,4.77,59.49,46.28,Pump A Running
2026-08-13T01:45:00+00:00,Running,1,2112.6,10.71,4.97,62.4,45.43,Pump A Running
2026-08-13T02:00:00+00:00,Stopped,0,0.0,0.0,0.12,0.0,28.42,Pumps Stopped
2026-08-13T02:15:00+00:00,Stopped,0,0.0,0.0,0.16,0.0,28.71,Pumps Stopped
2026-08-13T02:30:00+00:00,Stopped,0,0.0,0.0,0.13,0.0,29.16,Pumps Stopped
2026-08-13T02:45:00+00:00,Stopped,0,0.0,0.0,0.14,0.0,28.92,Pumps Stopped
2026-08-13T03:00:00+00:00,Stopped,0,0.0,0.0,0.17,0.0,29.12,Pumps Stopped
2026-08-13T03:15:00+00:00,Stopped,0,0.0,0.0,0.18,0.0,28.73,Pumps Stopped
2026-08-13T03:30:00+00:00,Running,1,1934.6,10.73,4.65,63.67,45.58,Pump A Running
2026-08-13T03:45:00+00:00,Running,1,2088.5,10.59,4.73,61.94,45.86,Pump A Running
2026-08-13T04:00:00+00:00,Running,1,2148.6,10.57,4.78,61.05,46.01,Pump A Running
2026-08-13T04:15:00+00:00,Running,1,2088.9,10.54,4.61,60.46,46.03,Pump A Running
2026-08-13T04:30:00+00:00,Running,1,2163.7,10.43,4.77,60.63,45.73,Pump A Running
2026-08-13T04:45:00+00:00,Running,1,2249.6,10.54,4.8,61.44,46.2,Pump A Running
2026-08-13T05:00:00+00:00,Running,1,2148.1,10.59,4.82,60.97,45.84,Pump A Running
2026-08-13T05:15:00+00:00,Running,1,2008.4,10.61,4.71,59.15,45.89,Pump A Running
2026-08-13T05:30:00+00:00,Running,1,2098.0,10.62,4.75,61.93,46.06,Pump A Running
2026-08-13T05:45:00+00:00,Running,1,2067.6,10.7,4.62,61.92,45.1,Pump A Running
2026-08-13T06:00:00+00:00,Running,1,1952.7,10.52,4.74,60.14,46.24,Pump A Running
2026-08-13T06:15:00+00:00,Running,1,2173.7,10.6,4.92,63.73,45.75,Pump A Running
2026-08-13T06:30:00+00:00,Running,1,2153.0,10.62,4.84,59.86,46.19,Pump A Running
2026-08-13T06:45:00+00:00,Running,1,2053.6,10.6,4.64,61.75,46.13,Pump A Running
2026-08-13T07:00:00+00:00,Running,1,2188.5,10.64,4.69,63.29,46.28,Pump A Running
2026-08-13T07:15:00+00:00,Running,1,2174.8,10.58,4.79,61.64,46.94,Pump A Running
2026-08-13T07:30:00+00:00,Running,1,2179.6,10.67,4.7,60.4,46.26,Pump A Running
2026-08-13T07:45:00+00:00,Running,1,2090.5,10.47,4.67,59.65,46.65,Pump A Running
2026-08-13T08:00:00+00:00,Running,1,2307.7,10.62,4.69,61.31,46.69,Pump A Running
2026-08-13T08:15:00+00:00,Running,1,2202.6,10.51,4.82,60.36,45.95,Pump A Running
2026-08-13T08:30:00+00:00,Running,1,2154.3,10.63,4.84,61.13,45.84,Pump A Running
2026-08-13T08:45:00+00:00,Running,1,2047.7,10.66,4.82,60.76,46.55,Pump A Running
2026-08-13T09:00:00+00:00,Running,1,2006.7,10.62,4.78,62.06,46.32,Pump A Running
2026-08-13T09:15:00+00:00,Running,1,2258.6,10.61,4.91,64.31,46.47,Pump A Running
2026-08-13T09:30:00+00:00,Running,1,2070.1,10.67,4.74,61.7,46.61,Pump A Running
2026-08-13T09:45:00+00:00,Running,1,2277.8,10.56,4.59,60.29,46.23,Pump A Running
2026-08-13T10:00:00+00:00,Running,1,2288.8,10.55,4.64,63.26,46.16,Pump A Running
2026-08-13T10:15:00+00:00,Running,1,2204.4,10.44,4.78,61.41,46.13,Pump A Running
2026-08-13T10:30:00+00:00,Running,1,2194.2,10.5,4.82,63.2,46.65,Pump A Running
2026-08-13T10:45:00+00:00,Running,1,2210.8,10.57,4.7,63.51,45.61,Pump A Running
2026-08-13T11:00:00+00:00,Running,1,2258.6,10.58,4.72,62.01,46.01,Pump A Running
2026-08-13T11:15:00+00:00,Running,1,2064.9,10.67,4.69,61.95,45.56,Pump A Running
2026-08-13T11:30:00+00:00,Running,1,2259.6,10.54,4.68,61.89,47.03,Pump A Running
2026-08-13T11:45:00+00:00,Running,1,2197.2,10.66,4.83,62.4,46.22,Pump A Running
2026-08-13T12:00:00+00:00,Running,1,2277.1,10.48,4.73,60.06,46.62,Pump A Running
2026-08-13T12:15:00+00:00,Running,1,2141.3,10.59,4.81,59.99,46.54,Pump A Running
2026-08-13T12:30:00+00:00,Running,1,2280.5,10.63,4.74,62.0,46.14,Pump A Running
2026-08-13T12:45:00+00:00,Running,1,2390.5,10.48,4.77,60.48,46.11,Pump A Running
2026-08-13T13:00:00+00:00,Running,1,2239.2,10.68,4.86,61.65,46.27,Pump A Running
2026-08-13T13:15:00+00:00,Running,1,2161.8,10.66,4.66,59.15,46.79,Pump A Running
2026-08-13T13:30:00+00:00,Running,1,2344.1,10.69,4.85,62.82,46.93,Pump A Running
2026-08-13T13:45:00+00:00,Running,1,2306.9,10.5,4.8,61.8,46.22,Pump A Running
2026-08-13T14:00:00+00:00,Running,1,2174.5,10.62,4.67,59.77,47.02,Pump A Running
2026-08-13T14:15:00+00:00,Running,1,2282.5,10.53,4.87,60.71,46.34,Pump A Running
2026-08-13T14:30:00+00:00,Running,1,2143.7,10.57,4.86,62.58,46.12,Pump A Running
2026-08-13T14:45:00+00:00,Running,1,2174.3,10.59,4.77,60.29,46.15,Pump A Running
2026-08-13T15:00:00+00:00,Running,1,2281.5,10.68,4.81,61.12,46.23,Pump A Running
2026-08-13T15:15:00+00:00,Running,1,2467.2,10.58,4.92,59.27,45.5,Pump A Running
2026-08-13T15:30:00+00:00,Running,1,2247.4,10.63,4.73,62.64,45.94,Pump A Running
2026-08-13T15:45:00+00:00,Running,1,2468.4,10.56,4.66,61.31,45.9,Pump A Running
2026-08-13T16:00:00+00:00,Running,1,2411.1,10.64,4.86,61.73,46.03,Pump A Running
2026-08-13T16:15:00+00:00,Running,1,2153.5,10.62,4.78,59.88,46.17,Pump A Running
2026-08-13T16:30:00+00:00,Running,1,2456.5,10.57,4.73,60.53,46.42,Pump A Running
2026-08-13T16:45:00+00:00,Running,1,2349.0,10.69,4.61,58.82,46.75,Pump A Running
2026-08-13T17:00:00+00:00,Running,1,2368.9,10.61,4.73,60.99,45.96,Pump A Running
2026-08-13T17:15:00+00:00,Running,1,2409.9,10.65,4.94,63.46,46.01,Pump A Running
2026-08-13T17:30:00+00:00,Running,1,2299.5,10.54,4.82,60.55,46.03,Pump A Running
2026-08-13T17:45:00+00:00,Running,1,2244.5,10.64,4.76,59.23,46.64,Pump A Running
2026-08-13T18:00:00+00:00,Running,1,2412.7,10.63,4.74,60.66,46.37,Pump A Running
2026-08-13T18:15:00+00:00,Running,1,2439.3,10.69,4.79,61.3,46.44,Pump A Running
2026-08-13T18:30:00+00:00,Running,1,2391.3,10.69,4.79,63.41,46.59,Pump A Running
2026-08-13T18:45:00+00:00,Running,1,2405.9,10.55,4.71,61.71,46.5,Pump A Running
2026-08-13T19:00:00+00:00,Running,1,2404.8,10.57,4.73,60.47,46.68,Pump A Running
2026-08-13T19:15:00+00:00,Running,1,2581.7,10.57,4.82,60.56,46.45,Pump A Running
2026-08-13T19:30:00+00:00,Running,1,2460.2,10.59,4.84,61.93,45.79,Pump A Running
2026-08-13T19:45:00+00:00,Running,1,2555.1,10.59,4.69,60.83,46.93,Pump A Running
2026-08-13T20:00:00+00:00,Running,1,2417.7,10.57,4.7,60.1,46.46,Pump A Running
2026-08-13T20:15:00+00:00,Running,1,2309.9,10.53,4.87,62.14,46.37,Pump A Running
2026-08-13T20:30:00+00:00,Running,1,2464.8,10.58,4.77,61.43,46.35,Pump A Running
2026-08-13T20:45:00+00:00,Running,1,2349.0,10.71,4.77,62.07,46.78,Pump A Running
2026-08-13T21:00:00+00:00,Running,1,2502.9,10.55,4.69,63.5,46.85,Pump A Running
2026-08-13T21:15:00+00:00,Running,1,2393.5,10.58,4.68,62.11,46.58,Pump A Running
2026-08-13T21:30:00+00:00,Running,1,2452.2,10.67,4.89,61.86,46.26,Pump A Running
2026-08-13T21:45:00+00:00,Running,1,2568.7,10.64,4.78,62.84,47.01,Pump A Running
2026-08-13T22:00:00+00:00,Running,1,2597.5,10.71,4.82,62.3,46.47,Pump A Running
2026-08-13T22:15:00+00:00,Running,1,2495.7,10.61,4.79,61.24,46.79,Pump A Running
2026-08-13T22:30:00+00:00,Running,1,2438.2,10.53,4.8,61.49,46.6,Pump A Running
2026-08-13T22:45:00+00:00,Running,1,2607.9,10.53,4.93,60.03,46.12,Pump A Running
2026-08-13T23:00:00+00:00,Running,1,2457.0,10.64,4.82,60.71,46.71,Pump A Running
2026-08-13T23:15:00+00:00,Running,1,2468.6,10.61,4.77,59.0,46.73,Pump A Running
2026-08-13T23:30:00+00:00,Running,1,2515.7,10.7,4.69,61.99,46.45,Pump A Running
2026-08-13T23:45:00+00:00,Running,1,2530.6,10.53,4.76,60.47,47.04,Pump A Running
2026-08-14T00:00:00+00:00,Running,1,2541.7,10.58,4.84,62.38,47.03,Pump A Running
2026-08-14T00:15:00+00:00,Running,1,2644.5,10.51,4.8,63.03,46.38,Pump A Running
2026-08-14T00:30:00+00:00,Running,1,2571.8,10.58,4.65,63.25,47.29,Pump A Running
2026-08-14T00:45:00+00:00,Running,1,2424.5,10.58,4.7,61.1,47.35,Pump A Running
2026-08-14T01:00:00+00:00,Running,1,2489.0,10.5,4.79,63.87,46.81,Pump A Running
2026-08-14T01:15:00+00:00,Running,1,2487.0,10.57,4.84,63.41,46.59,Pump A Running
2026-08-14T01:30:00+00:00,Running,1,2535.1,10.61,4.57,59.93,47.01,Pump A Running
2026-08-14T01:45:00+00:00,Running,1,2438.6,10.51,4.63,61.39,46.01,Pump A Running
2026-08-14T02:00:00+00:00,Stopped,0,0.0,0.0,0.15,0.0,29.05,Pumps Stopped
2026-08-14T02:15:00+00:00,Stopped,0,0.0,0.0,0.19,0.0,29.28,Pumps Stopped
2026-08-14T02:30:00+00:00,Stopped,0,0.0,0.0,0.2,0.0,29.37,Pumps Stopped
2026-08-14T02:45:00+00:00,Stopped,0,0.0,0.0,0.17,0.0,29.4,Pumps Stopped
2026-08-14T03:00:00+00:00,Stopped,0,0.0,0.0,0.11,0.0,29.24,Pumps Stopped
2026-08-14T03:15:00+00:00,Stopped,0,0.0,0.0,0.13,0.0,29.04,Pumps Stopped
2026-08-14T03:30:00+00:00,Running,1,2703.2,10.59,4.74,61.13,46.94,Pump A Running
2026-08-14T03:45:00+00:00,Running,1,2477.8,10.58,4.67,61.26,46.26,Pump A Running
2026-08-14T04:00:00+00:00,Running,1,2497.6,10.55,4.81,59.59,46.63,Pump A Running
2026-08-14T04:15:00+00:00,Running,1,2491.9,10.59,4.94,63.01,46.19,Pump A Running
2026-08-14T04:30:00+00:00,Running,1,2688.9,10.72,4.86,59.34,46.42,Pump A Running
2026-08-14T04:45:00+00:00,Running,1,2662.3,10.55,4.76,60.39,46.4,Pump A Running
2026-08-14T05:00:00+00:00,Running,1,2671.7,10.52,4.61,61.74,46.44,Pump A Running
2026-08-14T05:15:00+00:00,Running,1,2744.5,10.51,4.82,61.4,46.13,Pump A Running
2026-08-14T05:30:00+00:00,Running,1,2755.4,10.49,4.82,62.11,47.4,Pump A Running
2026-08-14T05:45:00+00:00,Running,1,2717.5,10.65,4.77,63.99,47.08,Pump A Running
2026-08-14T06:00:00+00:00,Running,1,2583.3,10.61,4.88,62.19,46.79,Pump A Running
2026-08-14T06:15:00+00:00,Running,1,2686.8,10.61,4.87,61.8,46.16,Pump A Running
2026-08-14T06:30:00+00:00,Running,1,2792.5,10.57,4.62,57.7,47.09,Pump A Running
2026-08-14T06:45:00+00:00,Running,1,2699.1,10.54,4.78,64.77,46.45,Pump A Running
2026-08-14T07:00:00+00:00,Running,1,2705.1,10.6,4.83,60.5,46.33,Pump A Running
2026-08-14T07:15:00+00:00,Running,1,2659.7,10.71,4.63,60.57,47.22,Pump A Running
2026-08-14T07:30:00+00:00,Running,1,2805.5,10.74,4.68,61.43,46.44,Pump A Running
2026-08-14T07:45:00+00:00,Running,1,2801.4,10.63,4.76,61.14,46.41,Pump A Running
2026-08-14T08:00:00+00:00,Running,1,2778.0,10.64,4.8,59.66,47.1,Pump A Running
2026-08-14T08:15:00+00:00,Running,1,2809.8,10.65,4.91,59.18,46.48,Pump A Running
2026-08-14T08:30:00+00:00,Running,1,2735.3,10.61,4.68,61.35,47.31,Pump A Running
2026-08-14T08:45:00+00:00,Running,1,2658.7,10.58,4.91,62.72,46.86,Pump A Running
2026-08-14T09:00:00+00:00,Running,1,2683.7,10.7,4.73,60.87,46.59,Pump A Running
2026-08-14T09:15:00+00:00,Running,1,2808.5,10.64,4.85,59.81,47.14,Pump A Running
2026-08-14T09:30:00+00:00,Running,1,2800.6,10.63,4.96,62.42,46.59,Pump A Running
2026-08-14T09:45:00+00:00,Running,1,2832.6,10.68,4.74,61.39,46.58,Pump A Running
2026-08-14T10:00:00+00:00,Running,1,2671.1,10.58,4.68,63.05,47.13,Pump A Running
2026-08-14T10:15:00+00:00,Running,1,2785.2,10.66,4.74,60.66,46.19,Pump A Running
2026-08-14T10:30:00+00:00,Running,1,2776.4,10.71,4.71,59.43,46.84,Pump A Running
2026-08-14T10:45:00+00:00,Running,1,2666.0,10.62,4.67,59.77,46.52,Pump A Running
2026-08-14T11:00:00+00:00,Running,1,2762.8,10.47,4.78,61.09,46.95,Pump A Running
2026-08-14T11:15:00+00:00,Running,1,2711.4,10.58,4.68,61.03,46.75,Pump A Running
2026-08-14T11:30:00+00:00,Running,1,2803.5,10.57,4.72,60.26,46.68,Pump A Running
2026-08-14T11:45:00+00:00,Running,1,2843.5,10.55,4.87,59.11,46.56,Pump A Running
2026-08-14T12:00:00+00:00,Running,1,2777.3,10.66,4.69,62.3,46.23,Pump A Running
2026-08-14T12:15:00+00:00,Running,1,2632.0,10.62,4.74,61.91,46.55,Pump A Running
2026-08-14T12:30:00+00:00,Running,1,2573.8,10.58,4.67,61.41,46.67,Pump A Running
2026-08-14T12:45:00+00:00,Running,1,2806.9,10.54,4.84,60.09,46.57,Pump A Running
2026-08-14T13:00:00+00:00,Running,1,2781.5,10.53,4.71,61.03,46.67,Pump A Running
2026-08-14T13:15:00+00:00,Running,1,2890.8,10.5,4.7,59.46,46.52,Pump A Running
2026-08-14T13:30:00+00:00,Running,1,2716.8,10.58,4.81,61.46,46.33,Pump A Running
2026-08-14T13:45:00+00:00,Running,1,2849.6,10.6,4.67,60.01,46.59,Pump A Running
2026-08-14T14:00:00+00:00,Running,1,2671.7,10.72,4.81,60.64,46.42,Pump A Running
2026-08-14T14:15:00+00:00,Running,1,2977.0,10.45,4.82,62.29,47.08,Pump A Running
2026-08-14T14:30:00+00:00,Running,1,2651.6,10.52,4.87,60.92,47.17,Pump A Running
2026-08-14T14:45:00+00:00,Running,1,2778.5,10.76,4.67,60.9,47.32,Pump A Running
2026-08-14T15:00:00+00:00,Running,1,2716.8,10.71,4.69,57.78,47.02,Pump A Running
2026-08-14T15:15:00+00:00,Running,1,2729.6,10.5,4.76,60.68,46.55,Pump A Running
2026-08-14T15:30:00+00:00,Running,1,2874.3,10.55,4.86,60.53,46.9,Pump A Running
2026-08-14T15:45:00+00:00,Running,1,2801.8,10.62,4.69,62.12,47.19,Pump A Running
2026-08-14T16:00:00+00:00,Running,1,2713.7,10.59,4.78,60.69,46.96,Pump A Running
2026-08-14T16:15:00+00:00,Running,1,2712.5,10.59,4.78,59.63,46.84,Pump A Running
2026-08-14T16:30:00+00:00,Running,1,2893.6,10.78,4.76,63.26,47.05,Pump A Running
2026-08-14T16:45:00+00:00,Running,1,2915.3,10.58,4.88,62.82,46.94,Pump A Running
2026-08-14T17:00:00+00:00,Running,1,2647.4,10.65,4.78,58.75,46.41,Pump A Running
2026-08-14T17:15:00+00:00,Running,1,2856.6,10.64,4.66,61.32,46.89,Pump A Running
2026-08-14T17:30:00+00:00,Running,1,2756.1,10.53,4.72,60.74,46.7,Pump A Running
2026-08-14T17:45:00+00:00,Running,1,2831.8,10.53,4.8,61.16,46.65,Pump A Running
2026-08-14T18:00:00+00:00,Running,1,2636.9,10.68,4.87,59.91,46.47,Pump A Running
2026-08-14T18:15:00+00:00,Running,1,2668.5,10.57,4.75,62.09,46.81,Pump A Running
2026-08-14T18:30:00+00:00,Running,1,2696.5,10.62,4.72,62.31,46.95,Pump A Running
2026-08-14T18:45:00+00:00,Running,1,2754.1,10.62,4.82,59.66,46.22,Pump A Running
2026-08-14T19:00:00+00:00,Running,1,2818.5,10.58,4.67,61.88,47.27,Pump A Running
2026-08-14T19:15:00+00:00,Running,1,2913.9,10.54,4.77,63.65,47.15,Pump A Running
2026-08-14T19:30:00+00:00,Running,1,2720.4,10.57,4.71,61.93,47.38,Pump A Running
2026-08-14T19:45:00+00:00,Running,1,2740.7,10.69,4.93,58.43,46.46,Pump A Running
2026-08-14T20:00:00+00:00,Running,1,2555.7,10.67,4.8,62.29,46.09,Pump A Running
2026-08-14T20:15:00+00:00,Running,1,2777.7,10.62,4.74,61.42,46.44,Pump A Running
2026-08-14T20:30:00+00:00,Running,1,2719.2,10.64,4.65,58.97,46.54,Pump A Running
2026-08-14T20:45:00+00:00,Running,1,2635.2,10.75,4.79,61.97,46.41,Pump A Running
2026-08-14T21:00:00+00:00,Running,1,2675.6,10.62,4.75,60.05,46.67,Pump A Running
2026-08-14T21:15:00+00:00,Running,1,2622.0,10.55,4.83,61.32,46.58,Pump A Running
2026-08-14T21:30:00+00:00,Running,1,2736.8,10.53,4.67,60.68,47.04,Pump A Running
2026-08-14T21:45:00+00:00,Running,1,2476.5,10.68,4.71,60.12,46.62,Pump A Running
2026-08-14T22:00:00+00:00,Running,1,2538.2,10.66,4.77,58.46,46.56,Pump A Running
2026-08-14T22:15:00+00:00,Running,1,2803.1,10.5,4.79,63.95,46.94,Pump A Running
2026-08-14T22:30:00+00:00,Running,1,2884.0,10.59,4.87,61.68,46.46,Pump A Running
2026-08-14T22:45:00+00:00,Running,1,2639.8,10.55,4.69,60.88,46.76,Pump A Running
2026-08-14T23:00:00+00:00,Running,1,2633.4,10.5,4.85,61.93,46.96,Pump A Running
2026-08-14T23:15:00+00:00,Running,1,2831.9,10.59,4.82,60.53,46.79,Pump A Running
2026-08-14T23:30:00+00:00,Running,1,2893.9,10.71,4.72,63.52,46.98,Pump A Running
2026-08-14T23:45:00+00:00,Running,1,2592.9,10.66,4.79,60.47,46.23,Pump A Running
2026-08-15T00:00:00+00:00,Running,1,2733.4,10.61,4.83,63.95,46.85,Pump A Running
2026-08-15T00:15:00+00:00,Running,1,2537.0,10.71,4.72,63.36,46.41,Pump A Running
2026-08-15T00:30:00+00:00,Running,1,2708.3,10.57,4.74,63.27,46.44,Pump A Running
2026-08-15T00:45:00+00:00,Running,1,2697.1,10.62,4.9,61.91,47.38,Pump A Running
2026-08-15T01:00:00+00:00,Running,1,2668.6,10.67,4.66,60.13,46.88,Pump A Running
2026-08-15T01:15:00+00:00,Running,1,2542.9,10.55,4.68,60.64,46.57,Pump A Running
2026-08-15T01:30:00+00:00,Running,1,2663.8,10.68,4.67,61.64,46.57,Pump A Running
2026-08-15T01:45:00+00:00,Running,1,2575.4,10.58,4.7,62.34,46.53,Pump A Running
2026-08-15T02:00:00+00:00,Stopped,0,0.0,0.0,0.19,0.0,29.95,Pumps Stopped
2026-08-15T02:15:00+00:00,Stopped,0,0.0,0.0,0.11,0.0,29.24,Pumps Stopped
2026-08-15T02:30:00+00:00,Stopped,0,0.0,0.0,0.18,0.0,28.79,Pumps Stopped
2026-08-15T02:45:00+00:00,Stopped,0,0.0,0.0,0.2,0.0,28.87,Pumps Stopped
2026-08-15T03:00:00+00:00,Stopped,0,0.0,0.0,0.13,0.0,28.65,Pumps Stopped
2026-08-15T03:15:00+00:00,Stopped,0,0.0,0.0,0.14,0.0,29.11,Pumps Stopped
2026-08-15T03:30:00+00:00,Running,1,2718.2,10.56,4.76,61.73,46.92,Pump A Running
2026-08-15T03:45:00+00:00,Running,1,2500.8,10.6,4.81,59.78,46.29,Pump A Running
2026-08-15T04:00:00+00:00,Running,1,2668.6,10.42,4.72,62.84,46.29,Pump A Running
2026-08-15T04:15:00+00:00,Running,1,2638.1,10.65,4.7,62.38,46.43,Pump A Running
2026-08-15T04:30:00+00:00,Running,1,2474.9,10.58,4.7,61.41,46.95,Pump A Running
2026-08-15T04:45:00+00:00,Running,1,2547.8,10.69,4.8,61.19,47.18,Pump A Running
2026-08-15T05:00:00+00:00,Running,1,2440.5,10.52,4.84,60.44,46.86,Pump A Running
2026-08-15T05:15:00+00:00,Running,1,2553.1,10.56,4.76,62.24,46.67,Pump A Running
2026-08-15T05:30:00+00:00,Running,1,2554.4,10.63,4.54,58.93,46.83,Pump A Running
2026-08-15T05:45:00+00:00,Running,1,2483.8,10.6,4.83,61.5,46.58,Pump A Running
2026-08-15T06:00:00+00:00,Running,1,2610.2,10.58,4.72,60.73,46.58,Pump A Running
2026-08-15T06:15:00+00:00,Running,1,2529.3,10.6,4.82,63.82,46.1,Pump A Running
2026-08-15T06:30:00+00:00,Running,1,2452.8,10.63,4.88,60.66,46.17,Pump A Running
2026-08-15T06:45:00+00:00,Running,1,2587.3,10.66,4.71,59.59,46.46,Pump A Running
2026-08-15T07:00:00+00:00,Running,1,2323.6,10.66,4.84,60.61,46.49,Pump A Running
2026-08-15T07:15:00+00:00,Running,1,2497.8,10.48,4.59,61.6,46.58,Pump A Running
2026-08-15T07:30:00+00:00,Running,1,2446.9,10.65,4.81,62.39,46.57,Pump A Running
2026-08-15T07:45:00+00:00,Running,1,2410.8,10.54,4.85,61.9,46.72,Pump A Running
2026-08-15T08:00:00+00:00,Running,1,2459.0,10.61,4.84,60.54,46.59,Pump A Running
2026-08-15T08:15:00+00:00,Running,1,2524.0,10.56,4.69,64.79,46.6,Pump A Running
2026-08-15T08:30:00+00:00,Running,1,2300.5,10.6,4.65,60.82,45.92,Pump A Running
2026-08-15T08:45:00+00:00,Running,1,2334.5,10.57,4.75,60.37,47.29,Pump A Running
2026-08-15T09:00:00+00:00,Running,1,2335.6,10.63,4.86,62.15,47.12,Pump A Running
2026-08-15T09:15:00+00:00,Running,1,2471.4,10.54,4.85,62.56,46.55,Pump A Running
2026-08-15T09:30:00+00:00,Running,1,2313.8,10.47,4.55,58.38,47.06,Pump A Running
2026-08-15T09:45:00+00:00,Running,1,2329.1,10.58,4.75,58.4,46.63,Pump A Running
2026-08-15T10:00:00+00:00,Running,1,2402.5,10.57,4.6,59.89,45.71,Pump A Running
2026-08-15T10:15:00+00:00,Running,1,2380.5,10.6,4.63,62.68,46.59,Pump A Running
2026-08-15T10:30:00+00:00,Running,1,2499.2,10.53,4.76,60.88,46.31,Pump A Running
2026-08-15T10:45:00+00:00,Running,1,2482.5,10.59,4.79,59.05,46.74,Pump A Running
2026-08-15T11:00:00+00:00,Running,1,2424.4,10.63,4.72,62.21,46.08,Pump A Running
2026-08-15T11:15:00+00:00,Running,1,2310.3,10.55,4.79,61.7,46.41,Pump A Running
2026-08-15T11:30:00+00:00,Running,1,2356.1,10.53,4.84,61.4,46.65,Pump A Running
2026-08-15T11:45:00+00:00,Running,1,2421.8,10.75,4.66,62.32,46.25,Pump A Running
2026-08-15T12:00:00+00:00,Running,1,2308.2,10.51,4.84,62.16,46.67,Pump A Running
2026-08-15T12:15:00+00:00,Running,1,2218.8,10.77,4.6,61.37,45.8,Pump A Running
2026-08-15T12:30:00+00:00,Running,1,2230.4,10.77,4.59,61.24,46.35,Pump A Running
2026-08-15T12:45:00+00:00,Running,1,2413.9,10.52,4.87,62.69,46.39,Pump A Running
2026-08-15T13:00:00+00:00,Running,1,2461.4,10.55,4.69,62.57,46.06,Pump A Running
2026-08-15T13:15:00+00:00,Running,1,2227.8,10.65,4.68,63.07,46.74,Pump A Running
2026-08-15T13:30:00+00:00,Running,1,2292.1,10.52,4.76,60.17,45.84,Pump A Running
2026-08-15T13:45:00+00:00,Running,1,2275.4,10.5,4.76,62.52,46.82,Pump A Running
2026-08-15T14:00:00+00:00,Running,1,2297.7,10.53,4.83,61.52,46.14,Pump A Running
2026-08-15T14:15:00+00:00,Running,1,2194.8,10.58,4.7,58.69,45.89,Pump A Running
2026-08-15T14:30:00+00:00,Running,1,2122.3,10.61,4.67,60.85,46.51,Pump A Running
2026-08-15T14:45:00+00:00,Running,1,2243.6,10.7,4.73,61.43,46.94,Pump A Running
2026-08-15T15:00:00+00:00,Running,1,2325.0,10.64,4.71,61.39,46.91,Pump A Running
2026-08-15T15:15:00+00:00,Running,1,2163.1,10.66,4.89,62.09,45.88,Pump A Running
2026-08-15T15:30:00+00:00,Running,1,2279.9,10.57,4.75,60.63,46.58,Pump A Running
2026-08-15T15:45:00+00:00,Running,1,2108.3,10.55,4.67,58.19,45.92,Pump A Running
2026-08-15T16:00:00+00:00,Running,1,2172.2,10.65,4.69,59.63,46.32,Pump A Running
2026-08-15T16:15:00+00:00,Running,1,2009.6,10.64,4.76,61.2,45.63,Pump A Running
2026-08-15T16:30:00+00:00,Running,1,2233.2,10.66,4.8,61.73,45.97,Pump A Running
2026-08-15T16:45:00+00:00,Running,1,2309.0,10.6,4.86,58.3,46.03,Pump A Running
2026-08-15T17:00:00+00:00,Running,1,2114.2,10.65,4.71,61.78,46.18,Pump A Running
2026-08-15T17:15:00+00:00,Running,1,2359.6,10.56,4.7,60.39,46.65,Pump A Running
2026-08-15T17:30:00+00:00,Running,1,2133.7,10.55,4.68,57.86,46.38,Pump A Running
2026-08-15T17:45:00+00:00,Running,1,2124.0,10.52,4.77,60.49,45.53,Pump A Running
2026-08-15T18:00:00+00:00,Running,1,2160.4,10.5,4.72,60.35,46.3,Pump A Running
2026-08-15T18:15:00+00:00,Running,1,2257.3,10.52,4.76,61.9,46.19,Pump A Running
2026-08-15T18:30:00+00:00,Running,1,2221.1,10.62,4.59,60.5,47.16,Pump A Running
2026-08-15T18:45:00+00:00,Running,1,2107.5,10.63,4.74,61.24,46.13,Pump A Running
2026-08-15T19:00:00+00:00,Running,1,2248.6,10.46,4.82,60.86,45.86,Pump A Running
2026-08-15T19:15:00+00:00,Running,1,2085.7,10.5,4.8,60.82,45.48,Pump A Running
2026-08-15T19:30:00+00:00,Running,1,2019.7,10.71,4.73,61.48,46.28,Pump A Running
2026-08-15T19:45:00+00:00,Running,1,2088.5,10.55,4.91,58.6,45.6,Pump A Running
2026-08-15T20:00:00+00:00,Running,1,2085.9,10.5,4.81,62.04,45.81,Pump A Running
2026-08-15T20:15:00+00:00,Running,1,2235.6,10.68,4.75,61.48,46.87,Pump A Running
2026-08-15T20:30:00+00:00,Running,1,2147.9,10.6,4.62,62.09,46.88,Pump A Running
2026-08-15T20:45:00+00:00,Running,1,2101.2,10.65,4.84,60.33,46.08,Pump A Running
2026-08-15T21:00:00+00:00,Running,1,2179.8,10.61,4.85,63.49,46.31,Pump A Running
2026-08-15T21:15:00+00:00,Running,1,2086.1,10.62,4.79,61.24,46.07,Pump A Running
2026-08-15T21:30:00+00:00,Running,1,2049.6,10.63,4.7,60.94,45.88,Pump A Running
2026-08-15T21:45:00+00:00,Running,1,2287.0,10.58,4.71,63.57,46.5,Pump A Running
2026-08-15T22:00:00+00:00,Running,1,2026.3,10.62,4.7,63.65,45.59,Pump A Running
2026-08-15T22:15:00+00:00,Running,1,2220.0,10.57,4.72,63.16,46.84,Pump A Running
2026-08-15T22:30:00+00:00,Running,1,2198.0,10.63,4.74,62.42,45.98,Pump A Running
2026-08-15T22:45:00+00:00,Running,1,1930.7,10.51,4.78,60.59,46.02,Pump A Running
2026-08-15T23:00:00+00:00,Running,1,2022.3,10.58,4.86,60.71,46.69,Pump A Running
2026-08-15T23:15:00+00:00,Running,1,2012.3,10.5,4.76,59.51,46.02,Pump A Running
2026-08-15T23:30:00+00:00,Running,1,2310.4,10.66,4.9,59.56,46.4,Pump A Running
2026-08-15T23:45:00+00:00,Stopped,0,0.0,0.0,0.14,0.0,29.15,Pumps Stopped
2026-08-16T00:00:00+00:00,Stopped,0,0.0,0.0,0.14,0.0,29.09,Pumps Stopped
2026-08-16T00:15:00+00:00,Stopped,0,0.0,0.0,0.15,0.0,28.92,Pumps Stopped
2026-08-16T00:30:00+00:00,Stopped,0,0.0,0.0,0.15,0.0,29.38,Pumps Stopped
2026-08-16T00:45:00+00:00,Running,1,2182.3,10.58,4.76,59.05,46.42,Pump A Running
2026-08-16T01:00:00+00:00,Running,1,2376.4,10.54,4.66,62.49,46.67,Pump A Running
2026-08-16T01:15:00+00:00,Running,1,2168.7,10.57,4.94,58.56,46.23,Pump A Running
2026-08-16T01:30:00+00:00,Running,1,2012.4,10.62,4.59,60.06,46.06,Pump A Running
2026-08-16T01:45:00+00:00,Running,1,2153.1,10.56,4.74,61.04,46.23,Pump A Running
2026-08-16T02:00:00+00:00,Stopped,0,0.0,0.0,0.16,0.0,28.76,Pumps Stopped
2026-08-16T02:15:00+00:00,Stopped,0,0.0,0.0,0.15,0.0,28.55,Pumps Stopped
2026-08-16T02:30:00+00:00,Stopped,0,0.0,0.0,0.19,0.0,29.26,Pumps Stopped
2026-08-16T02:45:00+00:00,Stopped,0,0.0,0.0,0.2,0.0,28.94,Pumps Stopped
2026-08-16T03:00:00+00:00,Stopped,0,0.0,0.0,0.12,0.0,28.65,Pumps Stopped
2026-08-16T03:15:00+00:00,Stopped,0,0.0,0.0,0.14,0.0,28.92,Pumps Stopped
2026-08-16T03:30:00+00:00,Running,1,2153.0,10.65,4.76,62.65,46.11,Pump A Running
2026-08-16T03:45:00+00:00,Running,1,2138.9,10.65,4.8,62.35,45.79,Pump A Running
2026-08-16T04:00:00+00:00,Running,1,2113.2,10.51,4.61,60.29,46.57,Pump A Running
2026-08-16T04:15:00+00:00,Running,1,2272.8,10.52,4.73,62.41,46.56,Pump A Running
2026-08-16T04:30:00+00:00,Running,1,2067.9,10.64,4.77,62.71,45.94,Pump A Running
2026-08-16T04:45:00+00:00,Running,1,2026.0,10.58,4.73,62.86,46.29,Pump A Running
2026-08-16T05:00:00+00:00,Running,1,2145.7,10.61,4.82,62.31,46.85,Pump A Running
2026-08-16T05:15:00+00:00,Running,1,2144.4,10.7,4.77,62.63,46.13,Pump A Running
2026-08-16T05:30:00+00:00,Running,1,2200.4,10.63,4.65,62.31,46.39,Pump A Running
2026-08-16T05:45:00+00:00,Running,1,2027.9,10.51,4.76,62.28,46.07,Pump A Running
2026-08-16T06:00:00+00:00,Running,1,2138.4,10.67,4.73,62.86,46.49,Pump A Running
2026-08-16T06:15:00+00:00,Running,1,2186.9,10.62,4.78,61.6,46.9,Pump A Running
2026-08-16T06:30:00+00:00,Running,1,2184.3,10.66,4.71,61.25,45.99,Pump A Running
2026-08-16T06:45:00+00:00,Running,1,2310.1,10.51,4.72,61.32,46.94,Pump A Running
2026-08-16T07:00:00+00:00,Running,1,2271.3,10.57,4.87,59.59,46.28,Pump A Running
2026-08-16T07:15:00+00:00,Running,1,2205.9,10.69,4.65,59.17,46.18,Pump A Running
2026-08-16T07:30:00+00:00,Running,1,2211.7,10.6,4.81,57.33,46.05,Pump A Running
2026-08-16T07:45:00+00:00,Running,1,2292.0,10.55,4.7,62.19,46.37,Pump A Running
2026-08-16T08:00:00+00:00,Running,1,2177.9,10.64,4.76,60.81,46.41,Pump A Running
2026-08-16T08:15:00+00:00,Running,1,2195.5,10.64,4.73,60.12,45.94,Pump A Running
2026-08-16T08:30:00+00:00,Running,1,2206.2,10.63,4.85,59.91,45.74,Pump A Running
2026-08-16T08:45:00+00:00,Running,1,2193.0,10.57,4.75,59.46,46.21,Pump A Running
2026-08-16T09:00:00+00:00,Running,1,2426.2,10.66,4.83,61.68,45.73,Pump A Running
2026-08-16T09:15:00+00:00,Running,1,2226.4,10.55,4.76,60.37,46.21,Pump A Running
2026-08-16T09:30:00+00:00,Running,1,2077.3,10.61,4.64,59.86,46.14,Pump A Running
2026-08-16T09:45:00+00:00,Running,1,2362.5,10.55,4.77,59.21,46.61,Pump A Running
2026-08-16T10:00:00+00:00,Running,1,2257.5,10.66,4.75,61.95,47.06,Pump A Running
2026-08-16T10:15:00+00:00,Running,1,2340.1,10.54,4.81,62.87,46.9,Pump A Running
2026-08-16T10:30:00+00:00,Running,1,2384.6,10.4,4.74,60.1,46.32,Pump A Running
2026-08-16T10:45:00+00:00,Running,1,2363.1,10.6,4.54,63.07,45.99,Pump A Running
2026-08-16T11:00:00+00:00,Running,1,2221.3,10.72,4.83,63.38,46.18,Pump A Running
2026-08-16T11:15:00+00:00,Running,1,2380.7,10.5,4.78,60.99,46.11,Pump A Running
2026-08-16T11:30:00+00:00,Running,1,2300.5,10.57,4.94,60.03,46.69,Pump A Running
2026-08-16T11:45:00+00:00,Running,1,2440.8,10.63,4.73,61.19,46.2,Pump A Running
2026-08-16T12:00:00+00:00,Running,1,2505.6,10.5,4.72,61.11,46.06,Pump A Running
2026-08-16T12:15:00+00:00,Running,1,2496.5,10.69,4.53,62.24,46.27,Pump A Running
2026-08-16T12:30:00+00:00,Running,1,2418.6,10.71,4.65,62.57,46.19,Pump A Running
2026-08-16T12:45:00+00:00,Running,1,2314.7,10.64,4.82,61.19,46.64,Pump A Running
2026-08-16T13:00:00+00:00,Running,1,2341.5,10.45,4.72,61.82,46.46,Pump A Running
2026-08-16T13:15:00+00:00,Running,1,2347.4,10.52,4.66,60.16,46.53,Pump A Running
2026-08-16T13:30:00+00:00,Running,1,2233.2,10.6,4.7,59.68,46.92,Pump A Running
2026-08-16T13:45:00+00:00,Running,1,2522.2,10.51,4.73,62.5,46.16,Pump A Running
2026-08-16T14:00:00+00:00,Running,1,2255.5,10.49,4.87,62.09,46.28,Pump A Running
2026-08-16T14:15:00+00:00,Running,1,2343.1,10.54,4.72,59.28,47.05,Pump A Running
2026-08-16T14:30:00+00:00,Running,1,2321.6,10.69,4.73,60.3,46.31,Pump A Running
2026-08-16T14:45:00+00:00,Running,1,2484.3,10.77,4.69,60.57,46.57,Pump A Running
2026-08-16T15:00:00+00:00,Running,1,2452.2,10.49,4.63,60.58,46.08,Pump A Running
2026-08-16T15:15:00+00:00,Running,1,2398.5,10.55,4.82,60.02,46.66,Pump A Running
2026-08-16T15:30:00+00:00,Running,1,2319.3,10.64,4.86,59.87,46.73,Pump A Running
2026-08-16T15:45:00+00:00,Running,1,2534.4,10.49,4.69,60.29,46.55,Pump A Running
2026-08-16T16:00:00+00:00,Running,1,2322.2,10.63,4.67,60.44,46.69,Pump A Running
2026-08-16T16:15:00+00:00,Running,1,2618.5,10.65,4.76,61.84,46.48,Pump A Running
2026-08-16T16:30:00+00:00,Running,1,2314.1,10.65,4.79,62.38,46.51,Pump A Running
2026-08-16T16:45:00+00:00,Running,1,2425.6,10.62,4.8,62.02,46.4,Pump A Running
2026-08-16T17:00:00+00:00,Running,1,2517.7,10.61,4.73,60.49,46.32,Pump A Running
2026-08-16T17:15:00+00:00,Running,1,2515.4,10.62,4.82,62.3,46.92,Pump A Running
2026-08-16T17:30:00+00:00,Running,1,2413.0,10.67,4.84,61.2,46.73,Pump A Running
2026-08-16T17:45:00+00:00,Running,1,2629.6,10.63,4.73,58.63,46.14,Pump A Running
2026-08-16T18:00:00+00:00,Running,1,2468.2,10.54,4.81,60.51,46.31,Pump A Running
2026-08-16T18:15:00+00:00,Running,1,2505.5,10.63,4.71,60.94,46.75,Pump A Running
2026-08-16T18:30:00+00:00,Running,1,2535.5,10.52,4.89,59.81,46.43,Pump A Running
2026-08-16T18:45:00+00:00,Running,1,2474.3,10.62,4.79,59.82,46.35,Pump A Running
2026-08-16T19:00:00+00:00,Running,1,2556.4,10.63,4.82,60.76,46.76,Pump A Running
2026-08-16T19:15:00+00:00,Running,1,2561.6,10.64,4.72,62.63,47.22,Pump A Running
2026-08-16T19:30:00+00:00,Running,1,2523.5,10.56,4.8,59.45,46.71,Pump A Running
2026-08-16T19:45:00+00:00,Running,1,2398.1,10.56,4.89,62.9,46.32,Pump A Running
2026-08-16T20:00:00+00:00,Running,1,2628.5,10.54,4.79,63.08,46.38,Pump A Running
2026-08-16T20:15:00+00:00,Running,1,2554.0,10.71,4.77,60.52,46.98,Pump A Running
2026-08-16T20:30:00+00:00,Running,1,2546.8,10.53,4.76,61.85,46.98,Pump A Running
2026-08-16T20:45:00+00:00,Running,1,2585.6,10.67,4.61,61.2,46.82,Pump A Running
2026-08-16T21:00:00+00:00,Running,1,2664.0,10.6,4.8,62.04,46.84,Pump A Running
2026-08-16T21:15:00+00:00,Running,1,2417.6,10.51,4.88,61.84,46.32,Pump A Running
2026-08-16T21:30:00+00:00,Running,1,2657.0,10.74,4.62,60.68,46.36,Pump A Running
2026-08-16T21:45:00+00:00,Running,1,2617.9,10.61,4.77,60.94,47.05,Pump A Running
2026-08-16T22:00:00+00:00,Running,1,2570.7,10.51,4.76,61.17,46.54,Pump A Running
2026-08-16T22:15:00+00:00,Running,1,2556.8,10.64,4.79,63.19,46.26,Pump A Running
2026-08-16T22:30:00+00:00,Running,1,2495.2,10.59,4.85,59.77,46.52,Pump A Running
2026-08-16T22:45:00+00:00,Running,1,2709.1,10.62,4.82,59.17,46.71,Pump A Running
2026-08-16T23:00:00+00:00,Running,1,2679.5,10.65,4.67,60.14,46.42,Pump A Running
2026-08-16T23:15:00+00:00,Running,1,2678.0,10.49,4.59,61.54,46.7,Pump A Running
2026-08-16T23:30:00+00:00,Running,1,2522.2,10.54,4.61,61.35,46.58,Pump A Running
2026-08-16T23:45:00+00:00,Running,1,2692.3,10.5,4.88,61.29,47.53,Pump A Running
2026-08-17T00:00:00+00:00,Running,1,2621.8,10.51,4.68,60.74,45.97,Pump A Running
2026-08-17T00:15:00+00:00,Running,1,2784.7,10.62,4.83,59.87,46.56,Pump A Running
2026-08-17T00:30:00+00:00,Running,1,2605.3,10.59,4.87,61.92,46.49,Pump A Running
2026-08-17T00:45:00+00:00,Running,1,2577.6,10.61,4.78,60.98,46.89,Pump A Running
2026-08-17T01:00:00+00:00,Running,1,2626.9,10.52,4.73,63.82,46.71,Pump A Running
2026-08-17T01:15:00+00:00,Running,1,2584.7,10.75,4.67,61.27,46.5,Pump A Running
2026-08-17T01:30:00+00:00,Running,1,2741.3,10.64,4.63,61.56,46.39,Pump A Running
2026-08-17T01:45:00+00:00,Running,1,2516.5,10.61,4.85,58.47,47.08,Pump A Running
2026-08-17T02:00:00+00:00,Stopped,0,0.0,0.0,0.11,0.0,28.72,Pumps Stopped
2026-08-17T02:15:00+00:00,Stopped,0,0.0,0.0,0.19,0.0,29.14,Pumps Stopped
2026-08-17T02:30:00+00:00,Stopped,0,0.0,0.0,0.18,0.0,29.61,Pumps Stopped
2026-08-17T02:45:00+00:00,Stopped,0,0.0,0.0,0.19,0.0,28.91,Pumps Stopped
2026-08-17T03:00:00+00:00,Stopped,0,0.0,0.0,0.1,0.0,28.57,Pumps Stopped
2026-08-17T03:15:00+00:00,Stopped,0,0.0,0.0,0.18,0.0,28.97,Pumps Stopped
2026-08-17T03:30:00+00:00,Running,1,2765.6,10.61,4.76,61.18,46.83,Pump A Running
2026-08-17T03:45:00+00:00,Running,1,2695.5,10.54,4.77,60.35,46.78,Pump A Running
2026-08-17T04:00:00+00:00,Running,1,2741.3,10.57,4.69,59.98,46.39,Pump A Running
2026-08-17T04:15:00+00:00,Running,1,2722.3,10.57,4.77,61.56,47.5,Pump A Running
2026-08-17T04:30:00+00:00,Running,1,2684.8,10.6,4.78,63.06,47.17,Pump A Running
2026-08-17T04:45:00+00:00,Running,1,2648.8,10.66,4.7,58.84,46.6,Pump A Running
2026-08-17T05:00:00+00:00,Running,1,2939.6,10.58,4.81,59.79,47.32,Pump A Running
2026-08-17T05:15:00+00:00,Running,1,2758.3,10.63,4.62,61.15,46.47,Pump A Running
2026-08-17T05:30:00+00:00,Running,1,2659.2,10.57,4.67,61.62,46.94,Pump A Running
2026-08-17T05:45:00+00:00,Running,1,2770.6,10.69,4.62,58.87,47.18,Pump A Running
2026-08-17T06:00:00+00:00,Running,1,2630.9,10.51,4.69,61.18,46.89,Pump A Running
2026-08-17T06:15:00+00:00,Running,1,2762.9,10.52,4.75,61.84,46.21,Pump A Running
2026-08-17T06:30:00+00:00,Running,1,2896.0,10.6,4.72,61.29,46.97,Pump A Running
2026-08-17T06:45:00+00:00,Running,1,2704.7,10.62,4.73,61.07,46.99,Pump A Running
2026-08-17T07:00:00+00:00,Running,1,2628.7,10.59,4.8,61.6,46.52,Pump A Running
2026-08-17T07:15:00+00:00,Running,1,2682.9,10.49,4.82,62.36,46.93,Pump A Running
2026-08-17T07:30:00+00:00,Running,1,2869.8,10.6,4.74,63.84,46.54,Pump A Running
2026-08-17T07:45:00+00:00,Running,1,2462.8,10.58,4.77,63.29,46.79,Pump A Running
2026-08-17T08:00:00+00:00,Running,1,2775.0,10.6,4.83,62.25,46.88,Pump A Running
2026-08-17T08:15:00+00:00,Running,1,2773.6,10.63,4.7,62.68,46.63,Pump A Running
2026-08-17T08:30:00+00:00,Running,1,2714.5,10.59,4.67,59.82,46.92,Pump A Running
2026-08-17T08:45:00+00:00,Running,1,2576.4,10.75,4.84,58.63,46.98,Pump A Running
2026-08-17T09:00:00+00:00,Running,1,2489.9,10.51,4.73,58.73,46.76,Pump A Running
2026-08-17T09:15:00+00:00,Running,1,2735.9,10.58,4.7,61.92,47.14,Pump A Running
2026-08-17T09:30:00+00:00,Running,1,2750.4,10.46,4.86,63.91,46.52,Pump A Running
2026-08-17T09:45:00+00:00,Running,1,2794.3,10.6,4.76,59.37,47.23,Pump A Running
2026-08-17T10:00:00+00:00,Running,1,2894.1,10.65,4.78,61.08,47.01,Pump A Running
2026-08-17T10:15:00+00:00,Running,1,2881.8,10.7,4.66,63.86,46.27,Pump A Running
2026-08-17T10:30:00+00:00,Running,1,2857.1,10.6,4.78,61.02,46.8,Pump A Running
2026-08-17T10:45:00+00:00,Running,1,2689.9,10.61,4.84,61.04,46.13,Pump A Running
2026-08-17T11:00:00+00:00,Running,1,2702.7,10.59,4.67,60.1,46.63,Pump A Running
2026-08-17T11:15:00+00:00,Running,1,2674.7,10.61,4.68,62.96,46.7,Pump A Running
2026-08-17T11:30:00+00:00,Running,1,2766.1,10.65,4.68,62.14,46.64,Pump A Running
2026-08-17T11:45:00+00:00,Running,1,2804.9,10.65,4.62,60.61,47.02,Pump A Running
2026-08-17T12:00:00+00:00,Running,1,2830.8,10.67,4.73,60.85,47.0,Pump A Running
2026-08-17T12:15:00+00:00,Running,1,2822.5,10.66,4.79,60.57,46.47,Pump A Running
2026-08-17T12:30:00+00:00,Running,1,2680.8,10.52,4.81,59.12,47.26,Pump A Running
2026-08-17T12:45:00+00:00,Running,1,2868.0,10.49,4.77,59.32,46.99,Pump A Running
2026-08-17T13:00:00+00:00,Running,1,2854.7,10.56,4.79,60.89,46.98,Pump A Running
2026-08-17T13:15:00+00:00,Running,1,2689.7,10.58,4.74,60.57,47.25,Pump A Running
2026-08-17T13:30:00+00:00,Running,1,2813.5,10.43,4.7,60.1,46.71,Pump A Running
2026-08-17T13:45:00+00:00,Running,1,2803.7,10.71,4.83,63.74,46.93,Pump A Running
2026-08-17T14:00:00+00:00,Running,1,2814.1,10.68,4.76,59.97,47.08,Pump A Running
2026-08-17T14:15:00+00:00,Running,1,2708.0,10.64,4.81,58.79,47.24,Pump A Running
2026-08-17T14:30:00+00:00,Running,1,2676.0,10.53,4.88,61.01,46.74,Pump A Running
2026-08-17T14:45:00+00:00,Running,1,2719.3,10.61,4.7,59.55,46.54,Pump A Running
2026-08-17T15:00:00+00:00,Running,1,2764.3,10.62,4.65,61.71,46.36,Pump A Running
2026-08-17T15:15:00+00:00,Running,1,2721.7,10.63,4.6,60.65,46.69,Pump A Running
2026-08-17T15:30:00+00:00,Running,1,2587.6,10.58,4.87,61.61,47.19,Pump A Running
2026-08-17T15:45:00+00:00,Running,1,2649.4,10.56,4.77,59.45,46.92,Pump A Running
2026-08-17T16:00:00+00:00,Running,1,2623.3,10.7,4.68,62.74,46.49,Pump A Running
2026-08-17T16:15:00+00:00,Running,1,2775.7,10.7,4.83,57.2,47.11,Pump A Running
2026-08-17T16:30:00+00:00,Running,1,2768.0,10.51,4.7,60.21,46.72,Pump A Running
2026-08-17T16:45:00+00:00,Running,1,2683.8,10.47,4.73,62.19,46.9,Pump A Running
2026-08-17T17:00:00+00:00,Running,1,2569.1,10.63,4.62,61.02,46.9,Pump A Running
2026-08-17T17:15:00+00:00,Running,1,2728.0,10.69,4.82,59.39,46.55,Pump A Running
2026-08-17T17:30:00+00:00,Running,1,2533.3,10.44,4.88,63.1,46.12,Pump A Running
2026-08-17T17:45:00+00:00,Running,1,2548.1,10.64,4.95,59.85,46.73,Pump A Running
2026-08-17T18:00:00+00:00,Running,1,2690.5,10.66,4.78,60.53,47.43,Pump A Running
2026-08-17T18:15:00+00:00,Running,1,2887.8,10.68,4.7,58.75,47.31,Pump A Running
2026-08-17T18:30:00+00:00,Running,1,2631.6,10.58,4.65,62.85,46.32,Pump A Running
2026-08-17T18:45:00+00:00,Running,1,2697.8,10.57,4.71,59.98,47.11,Pump A Running
2026-08-17T19:00:00+00:00,Running,1,2588.2,10.59,4.76,63.12,47.01,Pump A Running
2026-08-17T19:15:00+00:00,Running,1,2520.3,10.66,4.7,60.57,46.67,Pump A Running
2026-08-17T19:30:00+00:00,Running,1,2554.5,10.52,4.67,60.95,46.32,Pump A Running
2026-08-17T19:45:00+00:00,Running,1,2674.6,10.66,4.76,61.74,46.73,Pump A Running
2026-08-17T20:00:00+00:00,Running,1,2501.3,10.49,4.8,60.64,45.93,Pump A Running
2026-08-17T20:15:00+00:00,Running,1,2541.1,10.6,4.79,61.58,46.71,Pump A Running
2026-08-17T20:30:00+00:00,Running,1,2625.6,10.63,4.82,59.57,46.67,Pump A Running
2026-08-17T20:45:00+00:00,Running,1,2726.9,10.6,4.91,62.5,46.7,Pump A Running
2026-08-17T21:00:00+00:00,Running,1,2518.0,10.59,4.9,60.29,46.24,Pump A Running
2026-08-17T21:15:00+00:00,Running,1,2649.2,10.47,4.91,61.68,47.14,Pump A Running
2026-08-17T21:30:00+00:00,Running,1,2589.6,10.6,4.85,62.44,46.89,Pump A Running
2026-08-17T21:45:00+00:00,Running,1,2664.9,10.55,4.95,62.44,47.27,Pump A Running
2026-08-17T22:00:00+00:00,Running,1,2501.0,10.7,4.64,61.05,47.11,Pump A Running
2026-08-17T22:15:00+00:00,Running,1,2636.6,10.54,4.84,62.08,46.69,Pump A Running
2026-08-17T22:30:00+00:00,Running,1,2620.4,10.62,4.67,60.23,47.28,Pump A Running
2026-08-17T22:45:00+00:00,Running,1,2591.9,10.55,4.84,62.55,47.07,Pump A Running
2026-08-17T23:00:00+00:00,Running,1,2498.2,10.65,4.73,64.46,46.75,Pump A Running
2026-08-17T23:15:00+00:00,Running,1,2605.8,10.6,4.74,60.76,46.1,Pump A Running
2026-08-17T23:30:00+00:00,Running,1,2552.4,10.64,4.59,60.6,46.62,Pump A Running
2026-08-17T23:45:00+00:00,Running,1,2690.5,10.59,4.75,58.97,46.62,Pump A Running
2026-08-18T00:00:00+00:00,Running,1,2594.6,10.61,4.64,59.35,46.52,Pump A Running
2026-08-18T00:15:00+00:00,Running,1,2521.6,10.5,4.88,59.72,46.36,Pump A Running
2026-08-18T00:30:00+00:00,Running,1,2629.6,10.6,4.77,60.76,46.97,Pump A Running
2026-08-18T00:45:00+00:00,Running,1,2486.0,10.56,4.74,64.6,46.77,Pump A Running
2026-08-18T01:00:00+00:00,Running,1,2571.8,10.63,4.81,62.12,46.61,Pump A Running
2026-08-18T01:15:00+00:00,Running,1,2634.2,10.75,4.67,61.32,46.55,Pump A Running
2026-08-18T01:30:00+00:00,Running,1,2350.3,10.46,4.72,59.58,46.48,Pump A Running
2026-08-18T01:45:00+00:00,Running,1,2648.2,10.6,4.69,61.21,47.78,Pump A Running
2026-08-18T02:00:00+00:00,Stopped,0,0.0,0.0,0.19,0.0,29.49,Pumps Stopped
2026-08-18T02:15:00+00:00,Stopped,0,0.0,0.0,0.16,0.0,28.86,Pumps Stopped
2026-08-18T02:30:00+00:00,Stopped,0,0.0,0.0,0.18,0.0,28.87,Pumps Stopped
2026-08-18T02:45:00+00:00,Stopped,0,0.0,0.0,0.13,0.0,29.38,Pumps Stopped
2026-08-18T03:00:00+00:00,Stopped,0,0.0,0.0,0.15,0.0,29.34,Pumps Stopped
2026-08-18T03:15:00+00:00,Stopped,0,0.0,0.0,0.18,0.0,28.67,Pumps Stopped
2026-08-18T03:30:00+00:00,Running,1,2390.3,10.69,4.8,61.06,46.31,Pump A Running
2026-08-18T03:45:00+00:00,Running,1,2423.7,10.63,4.76,59.3,46.62,Pump A Running
2026-08-18T04:00:00+00:00,Running,1,2348.5,10.64,4.75,59.21,46.41,Pump A Running
2026-08-18T04:15:00+00:00,Running,1,2341.6,10.67,4.79,60.2,46.41,Pump A Running
2026-08-18T04:30:00+00:00,Running,1,2423.8,10.53,4.78,58.34,46.68,Pump A Running
2026-08-18T04:45:00+00:00,Running,1,2467.4,10.56,4.71,58.32,46.86,Pump A Running
2026-08-18T05:00:00+00:00,Running,1,2413.3,10.59,4.77,63.5,46.19,Pump A Running
2026-08-18T05:15:00+00:00,Running,1,2259.5,10.67,4.69,60.84,46.32,Pump A Running
2026-08-18T05:30:00+00:00,Running,1,2351.4,10.56,4.76,61.99,46.42,Pump A Running
2026-08-18T05:45:00+00:00,Running,1,2288.4,10.55,4.65,60.49,46.91,Pump A Running
2026-08-18T06:00:00+00:00,Running,1,2380.3,10.57,4.56,61.83,46.47,Pump A Running
2026-08-18T06:15:00+00:00,Running,1,2407.9,10.69,4.68,61.09,46.85,Pump A Running
2026-08-18T06:30:00+00:00,Running,1,2193.4,10.59,4.63,60.24,46.34,Pump A Running
2026-08-18T06:45:00+00:00,Running,1,2267.1,10.55,4.91,58.99,46.54,Pump A Running
2026-08-18T07:00:00+00:00,Running,1,2315.1,10.55,4.76,60.69,46.13,Pump A Running
2026-08-18T07:15:00+00:00,Running,1,2439.2,10.62,4.75,60.03,46.42,Pump A Running
2026-08-18T07:30:00+00:00,Running,1,2357.9,10.62,4.84,62.82,46.21,Pump A Running
2026-08-18T07:45:00+00:00,Running,1,2141.6,10.6,4.73,57.65,45.37,Pump A Running
2026-08-18T08:00:00+00:00,Running,1,2124.3,10.48,4.61,61.46,47.05,Pump A Running
2026-08-18T08:15:00+00:00,Running,1,2207.4,10.64,4.8,63.49,46.57,Pump A Running
2026-08-18T08:30:00+00:00,Running,1,2128.9,10.61,4.85,59.88,45.8,Pump A Running
2026-08-18T08:45:00+00:00,Running,1,2312.2,10.65,4.67,62.1,45.99,Pump A Running
2026-08-18T09:00:00+00:00,Running,1,2165.8,10.56,4.81,61.41,46.57,Pump A Running
2026-08-18T09:15:00+00:00,Running,1,2297.7,10.66,4.72,61.12,47.29,Pump A Running
2026-08-18T09:30:00+00:00,Running,1,2479.0,10.68,4.72,63.1,46.56,Pump A Running
2026-08-18T09:45:00+00:00,Running,1,2369.6,10.51,4.64,61.8,46.27,Pump A Running
2026-08-18T10:00:00+00:00,Running,1,2296.6,10.43,4.69,61.04,46.78,Pump A Running
2026-08-18T10:15:00+00:00,Running,1,2302.1,10.64,4.8,62.03,46.84,Pump A Running
2026-08-18T10:30:00+00:00,Running,1,2119.0,10.61,4.67,60.46,46.37,Pump A Running
2026-08-18T10:45:00+00:00,Running,1,2262.4,10.7,4.76,61.32,46.69,Pump A Running
2026-08-18T11:00:00+00:00,Running,1,2279.6,10.62,4.69,61.93,46.16,Pump A Running
2026-08-18T11:15:00+00:00,Running,1,2280.3,10.6,4.74,59.18,45.41,Pump A Running
2026-08-18T11:30:00+00:00,Running,1,2175.1,10.67,4.69,59.7,46.17,Pump A Running
2026-08-18T11:45:00+00:00,Running,1,2082.9,10.57,4.6,62.15,46.61,Pump A Running
2026-08-18T12:00:00+00:00,Running,1,2167.4,10.53,4.79,57.95,46.52,Pump A Running
2026-08-18T12:15:00+00:00,Running,1,2003.3,10.6,4.82,57.93,45.6,Pump A Running
2026-08-18T12:30:00+00:00,Running,1,2261.0,10.52,4.76,61.44,46.76,Pump A Running
2026-08-18T12:45:00+00:00,Running,1,2241.9,10.69,4.86,60.69,46.29,Pump A Running
2026-08-18T13:00:00+00:00,Running,1,2081.4,10.73,4.83,59.96,46.16,Pump A Running
2026-08-18T13:15:00+00:00,Running,1,2120.6,10.7,4.79,62.29,46.52,Pump A Running
2026-08-18T13:30:00+00:00,Running,1,2168.9,10.68,4.73,58.9,46.16,Pump A Running
2026-08-18T13:45:00+00:00,Running,1,2217.7,10.7,4.75,61.61,45.79,Pump A Running
2026-08-18T14:00:00+00:00,Running,1,2328.2,10.51,4.66,59.28,47.5,Pump A Running
2026-08-18T14:15:00+00:00,Running,1,2043.4,10.66,4.6,63.25,46.45,Pump A Running
2026-08-18T14:30:00+00:00,Running,1,2215.4,10.62,4.78,59.79,46.57,Pump A Running
2026-08-18T14:45:00+00:00,Running,1,2059.4,10.64,4.77,60.24,45.75,Pump A Running
2026-08-18T15:00:00+00:00,Running,1,2146.4,10.52,4.82,61.56,46.32,Pump A Running
2026-08-18T15:15:00+00:00,Running,1,2255.5,10.63,4.81,59.44,46.56,Pump A Running
2026-08-18T15:30:00+00:00,Running,1,2169.3,10.6,4.72,61.45,46.66,Pump A Running
2026-08-18T15:45:00+00:00,Running,1,2152.8,10.63,4.87,62.28,46.19,Pump A Running
2026-08-18T16:00:00+00:00,Running,1,2232.9,10.67,4.65,61.84,46.2,Pump A Running
2026-08-18T16:15:00+00:00,Running,1,2208.7,10.68,4.71,60.14,45.88,Pump A Running
2026-08-18T16:30:00+00:00,Running,1,2139.2,10.59,4.67,61.47,46.15,Pump A Running
2026-08-18T16:45:00+00:00,Running,1,2146.4,10.6,4.79,61.83,46.04,Pump A Running
2026-08-18T17:00:00+00:00,Running,1,2104.7,10.59,4.77,58.92,46.54,Pump A Running
2026-08-18T17:15:00+00:00,Running,1,2121.6,10.66,4.77,61.23,46.43,Pump A Running
2026-08-18T17:30:00+00:00,Running,1,2070.2,10.71,4.6,61.03,46.44,Pump A Running
2026-08-18T17:45:00+00:00,Running,1,1947.0,10.47,4.75,58.9,45.75,Pump A Running
2026-08-18T18:00:00+00:00,Running,1,2072.4,10.59,4.65,63.84,46.09,Pump A Running
2026-08-18T18:15:00+00:00,Running,1,2014.0,10.63,4.81,59.45,46.87,Pump A Running
2026-08-18T18:30:00+00:00,Running,1,2119.1,10.53,4.81,60.61,46.42,Pump A Running
2026-08-18T18:45:00+00:00,Running,1,2164.8,10.73,4.74,62.54,46.89,Pump A Running
2026-08-18T19:00:00+00:00,Running,1,2148.6,10.83,4.67,61.7,46.47,Pump A Running
2026-08-18T19:15:00+00:00,Running,1,2142.9,10.6,4.65,62.33,46.6,Pump A Running
2026-08-18T19:30:00+00:00,Running,1,2167.8,10.81,4.59,61.59,46.59,Pump A Running
2026-08-18T19:45:00+00:00,Running,1,2211.6,10.64,4.89,60.41,46.41,Pump A Running
2026-08-18T20:00:00+00:00,Running,1,1856.4,10.57,4.83,60.78,45.73,Pump A Running
2026-08-18T20:15:00+00:00,Running,1,1917.6,10.57,4.82,58.03,45.96,Pump A Running
2026-08-18T20:30:00+00:00,Running,1,2147.1,10.56,4.68,59.98,46.69,Pump A Running
2026-08-18T20:45:00+00:00,Running,1,2201.4,10.58,4.66,58.27,46.18,Pump A Running
2026-08-18T21:00:00+00:00,Running,1,2194.1,10.52,4.83,60.35,46.53,Pump A Running
2026-08-18T21:15:00+00:00,Running,1,2064.9,10.57,4.75,60.54,46.3,Pump A Running
2026-08-18T21:30:00+00:00,Running,1,2305.0,10.5,4.69,62.9,46.91,Pump A Running
2026-08-18T21:45:00+00:00,Running,1,2072.2,10.57,4.76,57.98,46.35,Pump A Running
2026-08-18T22:00:00+00:00,Running,1,2174.6,10.71,4.82,60.88,46.38,Pump A Running
2026-08-18T22:15:00+00:00,Running,1,2009.4,10.58,4.62,61.85,46.42,Pump A Running
2026-08-18T22:30:00+00:00,Running,1,2109.1,10.51,4.77,61.31,45.84,Pump A Running
2026-08-18T22:45:00+00:00,Running,1,2279.4,10.59,4.83,61.86,46.59,Pump A Running
2026-08-18T23:00:00+00:00,Running,1,2154.2,10.62,4.56,64.04,46.77,Pump A Running
2026-08-18T23:15:00+00:00,Running,1,2269.2,10.59,4.86,59.25,45.87,Pump A Running
2026-08-18T23:30:00+00:00,Running,1,2054.7,10.56,4.71,61.01,46.61,Pump A Running
2026-08-18T23:45:00+00:00,Running,1,2270.9,10.62,4.72,61.92,46.93,Pump A Running
2026-08-19T00:00:00+00:00,Running,1,2175.0,10.67,4.6,60.99,45.89,Pump A Running
2026-08-19T00:15:00+00:00,Running,1,2156.2,10.61,4.79,62.98,46.73,Pump A Running
2026-08-19T00:30:00+00:00,Running,1,2219.6,10.67,4.72,61.33,46.4,Pump A Running
2026-08-19T00:45:00+00:00,Running,1,2164.5,10.58,4.72,62.36,46.26,Pump A Running
2026-08-19T01:00:00+00:00,Running,1,2271.6,10.58,4.7,60.15,46.16,Pump A Running
2026-08-19T01:15:00+00:00,Running,1,2275.8,10.52,4.68,61.47,46.66,Pump A Running
2026-08-19T01:30:00+00:00,Running,1,2098.0,10.57,4.83,61.08,45.71,Pump A Running
2026-08-19T01:45:00+00:00,Running,1,2324.5,10.69,4.71,60.2,46.98,Pump A Running
2026-08-19T02:00:00+00:00,Stopped,0,0.0,0.0,0.11,0.0,28.77,Pumps Stopped
2026-08-19T02:15:00+00:00,Stopped,0,0.0,0.0,0.22,0.0,29.25,Pumps Stopped
2026-08-19T02:30:00+00:00,Stopped,0,0.0,0.0,0.14,0.0,29.08,Pumps Stopped
2026-08-19T02:45:00+00:00,Stopped,0,0.0,0.0,0.13,0.0,28.92,Pumps Stopped
2026-08-19T03:00:00+00:00,Stopped,0,0.0,0.0,0.15,0.0,28.84,Pumps Stopped
2026-08-19T03:15:00+00:00,Stopped,0,0.0,0.0,0.21,0.0,28.81,Pumps Stopped
2026-08-19T03:30:00+00:00,Running,1,2129.0,10.66,4.79,60.12,46.6,Pump A Running
2026-08-19T03:45:00+00:00,Running,1,2260.2,10.62,4.74,60.97,46.36,Pump A Running
2026-08-19T04:00:00+00:00,Running,1,2445.9,10.49,4.74,60.1,46.92,Pump A Running
2026-08-19T04:15:00+00:00,Running,1,2358.5,10.61,4.8,58.57,46.88,Pump A Running
2026-08-19T04:30:00+00:00,Running,1,2118.1,10.77,4.63,59.81,46.33,Pump A Running
2026-08-19T04:45:00+00:00,Running,1,2109.5,10.54,4.76,57.84,46.21,Pump A Running
2026-08-19T05:00:00+00:00,Running,1,2210.8,10.53,4.67,58.5,46.81,Pump A Running
2026-08-19T05:15:00+00:00,Running,1,2190.0,10.61,4.84,62.92,46.71,Pump A Running
2026-08-19T05:30:00+00:00,Running,1,2463.9,10.73,4.91,61.05,46.62,Pump A Running
2026-08-19T05:45:00+00:00,Running,1,2286.5,10.6,4.65,61.73,46.1,Pump A Running
2026-08-19T06:00:00+00:00,Running,1,2500.8,10.66,4.8,63.92,46.96,Pump A Running
2026-08-19T06:15:00+00:00,Running,1,2237.6,10.51,4.72,59.13,46.77,Pump A Running
2026-08-19T06:30:00+00:00,Running,1,2408.7,10.65,4.75,60.83,46.64,Pump A Running
2026-08-19T06:45:00+00:00,Running,1,2224.2,10.66,4.79,63.62,47.0,Pump A Running
2026-08-19T07:00:00+00:00,Running,1,2256.1,10.61,4.69,61.14,46.52,Pump A Running
2026-08-19T07:15:00+00:00,Running,1,2357.1,10.58,4.72,61.68,46.48,Pump A Running
2026-08-19T07:30:00+00:00,Running,1,2154.3,10.62,4.65,60.1,46.13,Pump A Running
2026-08-19T07:45:00+00:00,Running,1,2436.8,10.6,4.79,60.78,46.05,Pump A Running
2026-08-19T08:00:00+00:00,Running,1,2319.1,10.61,4.73,61.56,46.08,Pump A Running
2026-08-19T08:15:00+00:00,Running,1,2271.5,10.69,4.8,58.89,46.43,Pump A Running
2026-08-19T08:30:00+00:00,Running,1,2440.5,10.59,4.81,61.59,45.89,Pump A Running
2026-08-19T08:45:00+00:00,Running,1,2381.5,10.55,4.86,59.68,46.9,Pump A Running
2026-08-19T09:00:00+00:00,Running,1,2346.5,10.62,4.71,61.06,46.59,Pump A Running
2026-08-19T09:15:00+00:00,Running,1,2412.3,10.66,4.71,62.12,46.51,Pump A Running
2026-08-19T09:30:00+00:00,Running,1,2326.6,10.65,4.75,60.15,46.18,Pump A Running
2026-08-19T09:45:00+00:00,Running,1,2233.1,10.65,4.81,62.92,46.18,Pump A Running
2026-08-19T10:00:00+00:00,Running,1,2466.4,10.65,4.7,60.06,46.33,Pump A Running
2026-08-19T10:15:00+00:00,Running,1,2301.4,10.54,4.85,62.12,46.34,Pump A Running
2026-08-19T10:30:00+00:00,Running,1,2220.8,10.7,4.81,59.64,46.77,Pump A Running
2026-08-19T10:45:00+00:00,Running,1,2340.9,10.54,4.89,59.2,46.4,Pump A Running
2026-08-19T11:00:00+00:00,Running,1,2373.7,10.58,4.73,61.3,46.93,Pump A Running
2026-08-19T11:15:00+00:00,Running,1,2520.8,10.54,4.74,61.5,46.7,Pump A Running
2026-08-19T11:30:00+00:00,Running,1,2604.0,10.74,4.73,59.51,46.69,Pump A Running
2026-08-19T11:45:00+00:00,Running,1,2227.7,10.59,4.76,63.51,46.6,Pump A Running
2026-08-19T12:00:00+00:00,Running,1,2428.4,10.66,4.8,58.78,46.65,Pump A Running
2026-08-19T12:15:00+00:00,Running,1,2510.1,10.46,4.73,62.22,46.73,Pump A Running
2026-08-19T12:30:00+00:00,Running,1,2568.2,10.6,4.63,59.96,46.85,Pump A Running
2026-08-19T12:45:00+00:00,Running,1,2465.0,10.65,4.66,58.18,46.76,Pump A Running
2026-08-19T13:00:00+00:00,Running,1,2395.2,10.65,4.71,60.62,46.75,Pump A Running
2026-08-19T13:15:00+00:00,Running,1,2445.5,10.69,4.68,61.01,46.34,Pump A Running
2026-08-19T13:30:00+00:00,Running,1,2534.9,10.57,4.67,64.22,46.65,Pump A Running
2026-08-19T13:45:00+00:00,Running,1,2362.0,10.58,4.57,59.89,46.41,Pump A Running
2026-08-19T14:00:00+00:00,Running,1,2449.8,10.61,4.5,61.25,47.31,Pump A Running
2026-08-19T14:15:00+00:00,Running,1,2611.4,10.64,4.79,61.78,46.66,Pump A Running
2026-08-19T14:30:00+00:00,Running,1,2569.8,10.59,4.84,65.05,46.34,Pump A Running
2026-08-19T14:45:00+00:00,Running,1,2379.7,10.59,4.69,58.84,46.38,Pump A Running
2026-08-19T15:00:00+00:00,Running,1,2579.5,10.67,4.79,61.94,46.71,Pump A Running
2026-08-19T15:15:00+00:00,Running,1,2627.5,10.53,4.81,58.4,47.32,Pump A Running
2026-08-19T15:30:00+00:00,Running,1,2460.8,10.71,4.82,59.1,46.56,Pump A Running
2026-08-19T15:45:00+00:00,Running,1,2397.3,10.66,4.68,60.41,46.36,Pump A Running
2026-08-19T16:00:00+00:00,Running,1,2546.3,10.72,4.69,61.62,46.67,Pump A Running
2026-08-19T16:15:00+00:00,Running,1,2528.8,10.59,4.78,60.08,47.01,Pump A Running
2026-08-19T16:30:00+00:00,Running,1,2628.2,10.61,4.68,59.05,47.0,Pump A Running
2026-08-19T16:45:00+00:00,Running,1,2608.6,10.67,4.8,60.31,47.13,Pump A Running
2026-08-19T17:00:00+00:00,Running,1,2690.3,10.56,4.72,60.43,46.39,Pump A Running
2026-08-19T17:15:00+00:00,Running,1,2572.3,10.69,4.79,62.67,46.94,Pump A Running
2026-08-19T17:30:00+00:00,Running,1,2512.9,10.69,4.66,60.43,47.09,Pump A Running
2026-08-19T17:45:00+00:00,Running,1,2636.6,10.44,4.75,61.15,47.03,Pump A Running
2026-08-19T18:00:00+00:00,Running,1,2506.1,10.59,4.79,57.93,46.31,Pump A Running
2026-08-19T18:15:00+00:00,Running,1,2728.7,10.61,4.72,60.32,47.19,Pump A Running
2026-08-19T18:30:00+00:00,Running,1,2614.1,10.61,4.67,60.17,46.24,Pump A Running
2026-08-19T18:45:00+00:00,Running,1,2677.6,10.62,4.54,62.04,47.64,Pump A Running
2026-08-19T19:00:00+00:00,Running,1,2638.7,10.56,4.72,61.59,47.04,Pump A Running
2026-08-19T19:15:00+00:00,Running,1,2562.0,10.5,4.84,59.86,46.5,Pump A Running
2026-08-19T19:30:00+00:00,Running,1,2581.3,10.59,4.7,60.4,46.63,Pump A Running
2026-08-19T19:45:00+00:00,Running,1,2709.0,10.6,4.78,61.71,46.46,Pump A Running
2026-08-19T20:00:00+00:00,Running,1,2612.9,10.64,4.69,57.9,46.78,Pump A Running
2026-08-19T20:15:00+00:00,Running,1,2530.0,10.6,4.62,63.04,46.06,Pump A Running
2026-08-19T20:30:00+00:00,Running,1,2726.5,10.64,4.82,59.29,47.41,Pump A Running
2026-08-19T20:45:00+00:00,Running,1,2727.3,10.6,4.79,59.35,46.62,Pump A Running
2026-08-19T21:00:00+00:00,Running,1,2689.2,10.55,4.79,58.99,46.62,Pump A Running
2026-08-19T21:15:00+00:00,Running,1,2661.1,10.59,4.74,61.09,46.5,Pump A Running
2026-08-19T21:30:00+00:00,Running,1,2585.4,10.63,4.95,59.65,46.59,Pump A Running
2026-08-19T21:45:00+00:00,Running,1,2568.4,10.6,4.74,62.13,46.65,Pump A Running
2026-08-19T22:00:00+00:00,Running,1,2829.4,10.61,4.62,58.7,46.3,Pump A Running
2026-08-19T22:15:00+00:00,Running,1,2654.9,10.57,4.88,61.59,46.62,Pump A Running
2026-08-19T22:30:00+00:00,Running,1,2742.5,10.62,4.7,62.13,47.08,Pump A Running
2026-08-19T22:45:00+00:00,Running,1,2739.8,10.65,4.61,60.89,46.42,Pump A Running
2026-08-19T23:00:00+00:00,Running,1,2789.2,10.75,4.86,61.98,47.13,Pump A Running
2026-08-19T23:15:00+00:00,Running,1,2724.0,10.61,4.61,59.52,47.25,Pump A Running
2026-08-19T23:30:00+00:00,Running,1,2676.4,10.62,4.56,61.32,46.22,Pump A Running
2026-08-19T23:45:00+00:00,Running,1,2694.0,10.58,4.65,61.73,47.37,Pump A Running
2026-08-20T00:00:00+00:00,Running,1,2619.9,10.57,4.7,61.8,46.37,Pump A Running
2026-08-20T00:15:00+00:00,Running,1,2676.8,10.63,4.6,61.24,46.45,Pump A Running
2026-08-20T00:30:00+00:00,Running,1,2659.6,10.5,4.8,61.81,46.64,Pump A Running
2026-08-20T00:45:00+00:00,Running,1,2796.5,10.51,4.88,58.53,46.25,Pump A Running
2026-08-20T01:00:00+00:00,Running,1,2808.4,10.56,4.83,60.69,46.76,Pump A Running
2026-08-20T01:15:00+00:00,Running,1,2802.6,10.67,4.81,64.72,47.16,Pump A Running
2026-08-20T01:30:00+00:00,Running,1,2842.7,10.59,4.74,57.99,47.28,Pump A Running
2026-08-20T01:45:00+00:00,Running,1,2752.4,10.61,4.75,59.74,46.61,Pump A Running
2026-08-20T02:00:00+00:00,Stopped,0,0.0,0.0,0.18,0.0,29.08,Pumps Stopped
2026-08-20T02:15:00+00:00,Stopped,0,0.0,0.0,0.11,0.0,29.01,Pumps Stopped
2026-08-20T02:30:00+00:00,Stopped,0,0.0,0.0,0.17,0.0,29.2,Pumps Stopped
2026-08-20T02:45:00+00:00,Stopped,0,0.0,0.0,0.09,0.0,28.68,Pumps Stopped
2026-08-20T03:00:00+00:00,Stopped,0,0.0,0.0,0.14,0.0,28.73,Pumps Stopped
2026-08-20T03:15:00+00:00,Stopped,0,0.0,0.0,0.19,0.0,29.53,Pumps Stopped
2026-08-20T03:30:00+00:00,Running,1,2861.4,10.73,4.79,60.32,46.99,Pump A Running
2026-08-20T03:45:00+00:00,Running,1,2745.8,10.7,4.81,61.33,46.78,Pump A Running
2026-08-20T04:00:00+00:00,Running,1,2798.1,10.61,4.78,62.15,47.23,Pump A Running
2026-08-20T04:15:00+00:00,Running,1,2968.9,10.64,4.74,62.73,46.24,Pump A Running
2026-08-20T04:30:00+00:00,Running,1,2766.9,10.66,4.8,62.0,46.34,Pump A Running
2026-08-20T04:45:00+00:00,Running,1,2934.0,10.61,4.71,59.07,46.82,Pump A Running
2026-08-20T05:00:00+00:00,Running,1,2662.3,10.56,4.81,60.64,46.66,Pump A Running
2026-08-20T05:15:00+00:00,Running,1,2919.0,10.59,4.71,62.25,46.71,Pump A Running
2026-08-20T05:30:00+00:00,Running,1,2777.1,10.61,4.79,62.51,46.25,Pump A Running
2026-08-20T05:45:00+00:00,Running,1,2642.4,10.57,4.76,63.08,46.93,Pump A Running
2026-08-20T06:00:00+00:00,Running,1,2668.8,10.59,4.84,61.69,46.52,Pump A Running
2026-08-20T06:15:00+00:00,Running,1,2753.2,10.48,4.77,61.44,47.55,Pump A Running
2026-08-20T06:30:00+00:00,Running,1,2690.0,10.5,4.63,58.09,46.61,Pump A Running
2026-08-20T06:45:00+00:00,Running,1,2773.3,10.49,4.73,59.93,47.34,Pump A Running
2026-08-20T07:00:00+00:00,Running,1,2780.4,10.61,4.7,62.25,46.51,Pump A Running
2026-08-20T07:15:00+00:00,Running,1,2804.5,10.62,4.73,60.77,47.21,Pump A Running
2026-08-20T07:30:00+00:00,Running,1,2654.7,10.67,4.56,60.25,46.5,Pump A Running
2026-08-20T07:45:00+00:00,Running,1,2802.4,10.57,4.8,62.05,47.15,Pump A Running
2026-08-20T08:00:00+00:00,Running,1,2827.8,10.59,4.64,58.92,47.0,Pump A Running
2026-08-20T08:15:00+00:00,Running,1,2800.8,10.53,4.61,63.42,47.28,Pump A Running
2026-08-20T08:30:00+00:00,Running,1,2710.1,10.51,4.74,62.71,47.6,Pump A Running
2026-08-20T08:45:00+00:00,Running,1,2741.1,10.52,4.8,60.99,47.5,Pump A Running
2026-08-20T09:00:00+00:00,Running,1,2759.7,10.7,4.63,60.39,47.77,Pump A Running
2026-08-20T09:15:00+00:00,Running,1,2657.8,10.55,4.71,64.13,47.08,Pump A Running
2026-08-20T09:30:00+00:00,Running,1,2768.7,10.59,4.88,63.16,47.17,Pump A Running
2026-08-20T09:45:00+00:00,Running,1,2768.3,10.63,4.69,58.87,47.24,Pump A Running
2026-08-20T10:00:00+00:00,Running,1,2672.1,10.7,4.79,59.72,46.86,Pump A Running
2026-08-20T10:15:00+00:00,Running,1,2863.0,10.75,4.72,60.6,47.23,Pump A Running
2026-08-20T10:30:00+00:00,Running,1,2555.8,10.62,4.71,59.07,46.34,Pump A Running
2026-08-20T10:45:00+00:00,Running,1,2660.1,10.59,4.76,60.93,46.65,Pump A Running
2026-08-20T11:00:00+00:00,Running,1,2694.5,10.61,4.74,60.21,46.04,Pump A Running
2026-08-20T11:15:00+00:00,Running,1,2743.2,10.56,4.51,62.26,46.74,Pump A Running
2026-08-20T11:30:00+00:00,Running,1,2631.3,10.63,4.61,58.51,47.1,Pump A Running
2026-08-20T11:45:00+00:00,Running,1,2679.9,10.54,4.83,62.3,47.13,Pump A Running
2026-08-20T12:00:00+00:00,Running,1,2611.6,10.57,4.7,60.81,46.91,Pump A Running
2026-08-20T12:15:00+00:00,Running,1,2725.3,10.68,4.76,61.09,47.39,Pump A Running
2026-08-20T12:30:00+00:00,Running,1,2739.1,10.59,4.78,56.47,46.67,Pump A Running
2026-08-20T12:45:00+00:00,Running,1,2778.5,10.46,4.72,61.38,46.64,Pump A Running
2026-08-20T13:00:00+00:00,Running,1,2756.5,10.61,4.76,60.5,47.09,Pump A Running
2026-08-20T13:15:00+00:00,Running,1,2782.4,10.61,4.64,62.95,47.22,Pump A Running
2026-08-20T13:30:00+00:00,Running,1,2761.9,10.61,4.76,60.12,46.75,Pump A Running
2026-08-20T13:45:00+00:00,Running,1,2845.3,10.57,4.77,60.99,47.62,Pump A Running
2026-08-20T14:00:00+00:00,Running,1,2632.0,10.56,4.65,61.16,46.31,Pump A Running
2026-08-20T14:15:00+00:00,Running,1,2716.2,10.5,4.67,58.83,46.81,Pump A Running
2026-08-20T14:30:00+00:00,Running,1,2734.5,10.53,4.73,62.13,46.82,Pump A Running
2026-08-20T14:45:00+00:00,Running,1,2592.2,10.61,4.73,63.16,46.57,Pump A Running
2026-08-20T15:00:00+00:00,Running,1,2702.1,10.42,4.71,58.98,46.68,Pump A Running
2026-08-20T15:15:00+00:00,Running,1,2484.5,10.66,4.77,59.8,46.3,Pump A Running
2026-08-20T15:30:00+00:00,Running,1,2681.0,10.54,4.72,60.38,46.62,Pump A Running
2026-08-20T15:45:00+00:00,Running,1,2501.6,10.53,4.89,61.35,47.59,Pump A Running
2026-08-20T16:00:00+00:00,Running,1,2656.3,10.58,4.65,57.14,47.27,Pump A Running
2026-08-20T16:15:00+00:00,Running,1,2568.8,10.68,4.76,59.21,46.08,Pump A Running
2026-08-20T16:30:00+00:00,Running,1,2470.4,10.67,4.8,60.44,47.09,Pump A Running
2026-08-20T16:45:00+00:00,Running,1,2598.3,10.41,4.67,59.61,46.66,Pump A Running
2026-08-20T17:00:00+00:00,Running,1,2886.0,10.55,4.7,58.35,47.44,Pump A Running
2026-08-20T17:15:00+00:00,Running,1,2640.7,10.63,4.75,61.3,45.89,Pump A Running
2026-08-20T17:30:00+00:00,Running,1,2510.6,10.54,4.69,59.01,46.64,Pump A Running
2026-08-20T17:45:00+00:00,Running,1,2705.7,10.75,4.85,61.28,47.16,Pump A Running
2026-08-20T18:00:00+00:00,Running,1,2608.7,10.57,4.77,61.86,46.5,Pump A Running
2026-08-20T18:15:00+00:00,Running,1,2704.9,10.67,4.79,62.32,46.95,Pump A Running
2026-08-20T18:30:00+00:00,Running,1,2545.2,10.56,4.81,59.58,46.32,Pump A Running
2026-08-20T18:45:00+00:00,Running,1,2675.9,10.66,4.75,61.13,46.77,Pump A Running
2026-08-20T19:00:00+00:00,Running,1,2573.0,10.68,4.65,59.14,46.98,Pump A Running
2026-08-20T19:15:00+00:00,Running,1,2394.4,10.61,4.56,61.58,46.42,Pump A Running
2026-08-20T19:30:00+00:00,Running,1,2592.4,10.46,4.69,60.94,46.92,Pump A Running
2026-08-20T19:45:00+00:00,Running,1,2541.3,10.71,4.66,60.47,46.24,Pump A Running
2026-08-20T20:00:00+00:00,Running,1,2599.0,10.72,4.66,59.61,46.92,Pump A Running
2026-08-20T20:15:00+00:00,Running,1,2513.1,10.64,4.65,57.8,46.64,Pump A Running
2026-08-20T20:30:00+00:00,Running,1,2543.1,10.7,4.74,60.55,46.95,Pump A Running
2026-08-20T20:45:00+00:00,Running,1,2399.6,10.51,4.67,59.47,46.79,Pump A Running
2026-08-20T21:00:00+00:00,Running,1,2366.3,10.6,4.71,62.16,46.84,Pump A Running
2026-08-20T21:15:00+00:00,Running,1,2600.4,10.48,4.67,59.52,46.65,Pump A Running
2026-08-20T21:30:00+00:00,Running,1,2467.1,10.51,4.71,62.32,46.69,Pump A Running
2026-08-20T21:45:00+00:00,Running,1,2500.4,10.67,4.78,60.12,47.53,Pump A Running
2026-08-20T22:00:00+00:00,Running,1,2356.2,10.67,4.76,58.46,47.0,Pump A Running
2026-08-20T22:15:00+00:00,Running,1,2479.5,10.58,4.67,62.53,46.72,Pump A Running
2026-08-20T22:30:00+00:00,Running,1,2433.3,10.58,4.77,62.53,46.06,Pump A Running
2026-08-20T22:45:00+00:00,Running,1,2334.7,10.51,4.69,60.36,46.43,Pump A Running
2026-08-20T23:00:00+00:00,Running,1,2328.6,10.56,4.76,59.95,47.11,Pump A Running
2026-08-20T23:15:00+00:00,Running,1,2381.6,10.63,4.68,60.54,46.49,Pump A Running
2026-08-20T23:30:00+00:00,Running,1,2439.6,10.68,4.86,59.5,46.31,Pump A Running
2026-08-20T23:45:00+00:00,Running,1,2412.2,10.57,4.86,59.34,47.49,Pump A Running
2026-08-21T00:00:00+00:00,Running,1,2347.9,10.65,4.79,58.25,46.25,Pump A Running
2026-08-21T00:15:00+00:00,Running,1,2633.1,10.47,4.7,60.61,46.85,Pump A Running
2026-08-21T00:30:00+00:00,Running,1,2287.2,10.57,4.62,61.35,46.37,Pump A Running
2026-08-21T00:45:00+00:00,Running,1,2333.8,10.61,4.71,60.79,46.56,Pump A Running
2026-08-21T01:00:00+00:00,Running,1,2445.8,10.53,4.74,59.05,46.68,Pump A Running
2026-08-21T01:15:00+00:00,Running,1,2260.7,10.64,4.65,61.24,46.53,Pump A Running
2026-08-21T01:30:00+00:00,Running,1,2279.7,10.54,4.84,58.02,46.2,Pump A Running
2026-08-21T01:45:00+00:00,Running,1,2426.8,10.52,4.68,59.37,46.23,Pump A Running
2026-08-21T02:00:00+00:00,Stopped,0,0.0,0.0,0.16,0.0,29.2,Pumps Stopped
2026-08-21T02:15:00+00:00,Stopped,0,0.0,0.0,0.17,0.0,29.01,Pumps Stopped
2026-08-21T02:30:00+00:00,Stopped,0,0.0,0.0,0.13,0.0,29.46,Pumps Stopped
2026-08-21T02:45:00+00:00,Stopped,0,0.0,0.0,0.16,0.0,28.83,Pumps Stopped
2026-08-21T03:00:00+00:00,Stopped,0,0.0,0.0,0.14,0.0,28.85,Pumps Stopped
2026-08-21T03:15:00+00:00,Stopped,0,0.0,0.0,0.19,0.0,29.44,Pumps Stopped
2026-08-21T03:30:00+00:00,Running,1,2300.8,10.57,4.87,59.97,46.4,Pump A Running
2026-08-21T03:45:00+00:00,Running,1,2392.8,10.47,4.68,60.43,46.96,Pump A Running
2026-08-21T04:00:00+00:00,Running,1,2196.2,10.63,4.77,60.57,46.8,Pump A Running
2026-08-21T04:15:00+00:00,Running,1,2299.6,10.7,4.74,59.94,46.41,Pump A Running
2026-08-21T04:30:00+00:00,Running,1,2144.9,10.71,4.64,63.43,46.38,Pump A Running
2026-08-21T04:45:00+00:00,Running,1,2171.6,10.73,4.71,61.43,46.37,Pump A Running
2026-08-21T05:00:00+00:00,Running,1,2199.5,10.69,4.79,59.5,46.34,Pump A Running
2026-08-21T05:15:00+00:00,Running,1,2138.7,10.77,4.74,60.77,46.48,Pump A Running
2026-08-21T05:30:00+00:00,Running,1,2209.0,10.58,4.56,61.71,46.55,Pump A Running
2026-08-21T05:45:00+00:00,Running,1,2265.6,10.57,4.58,58.79,46.46,Pump A Running
2026-08-21T06:00:00+00:00,Running,1,2093.0,10.52,4.68,61.07,46.11,Pump A Running
2026-08-21T06:15:00+00:00,Running,1,2319.3,10.67,4.72,63.48,46.93,Pump A Running
2026-08-21T06:30:00+00:00,Running,1,2192.2,10.62,4.75,61.08,46.63,Pump A Running
2026-08-21T06:45:00+00:00,Running,1,2202.1,10.61,4.78,65.52,46.78,Pump A Running
2026-08-21T07:00:00+00:00,Running,1,2285.2,10.66,4.81,61.33,46.76,Pump A Running
2026-08-21T07:15:00+00:00,Running,1,2236.5,10.53,4.67,60.43,46.49,Pump A Running
2026-08-21T07:30:00+00:00,Running,1,2271.3,10.64,4.78,64.6,46.76,Pump A Running
2026-08-21T07:45:00+00:00,Running,1,1973.1,10.75,4.71,59.79,46.52,Pump A Running
2026-08-21T08:00:00+00:00,Running,1,2144.8,10.53,4.7,58.32,46.7,Pump A Running
2026-08-21T08:15:00+00:00,Running,1,2262.0,10.58,4.75,59.17,46.16,Pump A Running
2026-08-21T08:30:00+00:00,Running,1,2097.7,10.64,4.58,61.75,46.23,Pump A Running
2026-08-21T08:45:00+00:00,Running,1,2090.0,10.68,4.67,61.21,46.02,Pump A Running
2026-08-21T09:00:00+00:00,Running,1,2199.1,10.72,4.86,60.88,47.29,Pump A Running
2026-08-21T09:15:00+00:00,Running,1,2261.2,10.65,4.76,60.5,46.35,Pump A Running
2026-08-21T09:30:00+00:00,Running,1,2114.4,10.67,4.71,56.47,46.55,Pump A Running
2026-08-21T09:45:00+00:00,Running,1,2275.0,10.5,4.71,62.54,46.21,Pump A Running
2026-08-21T10:00:00+00:00,Running,1,2272.6,10.63,4.68,58.76,46.64,Pump A Running
2026-08-21T10:15:00+00:00,Running,1,2161.7,10.6,4.66,60.26,45.86,Pump A Running
2026-08-21T10:30:00+00:00,Running,1,2234.4,10.48,4.63,62.73,46.36,Pump A Running
2026-08-21T10:45:00+00:00,Running,1,2072.1,10.6,4.73,59.46,46.83,Pump A Running
2026-08-21T11:00:00+00:00,Running,1,2163.9,10.6,4.74,60.06,46.76,Pump A Running
2026-08-21T11:15:00+00:00,Running,1,2050.3,10.49,4.72,60.36,46.14,Pump A Running
2026-08-21T11:30:00+00:00,Running,1,2285.1,10.62,4.65,60.19,46.75,Pump A Running
2026-08-21T11:45:00+00:00,Running,1,2172.8,10.52,4.75,61.65,46.66,Pump A Running
2026-08-21T12:00:00+00:00,Running,1,2288.2,10.54,4.78,62.09,45.97,Pump A Running
2026-08-21T12:15:00+00:00,Running,1,2113.9,10.64,4.83,59.42,46.09,Pump A Running
2026-08-21T12:30:00+00:00,Running,1,2246.8,10.76,4.68,60.95,46.95,Pump A Running
2026-08-21T12:45:00+00:00,Running,1,2065.1,10.69,4.68,59.29,46.58,Pump A Running
2026-08-21T13:00:00+00:00,Running,1,2288.9,10.6,4.84,58.61,46.93,Pump A Running
2026-08-21T13:15:00+00:00,Running,1,2170.4,10.68,4.7,60.41,46.48,Pump A Running
2026-08-21T13:30:00+00:00,Running,1,2015.7,10.68,4.72,62.23,45.64,Pump A Running
2026-08-21T13:45:00+00:00,Running,1,2218.0,10.5,4.64,59.28,46.58,Pump A Running
2026-08-21T14:00:00+00:00,Running,1,2033.6,10.59,4.71,61.62,45.9,Pump A Running
2026-08-21T14:15:00+00:00,Running,1,2173.6,10.59,4.85,60.54,46.71,Pump A Running
2026-08-21T14:30:00+00:00,Running,1,2184.3,10.54,4.73,60.82,46.25,Pump A Running
2026-08-21T14:45:00+00:00,Running,1,2142.0,10.54,4.66,60.66,46.24,Pump A Running
2026-08-21T15:00:00+00:00,Running,1,2115.1,10.62,4.73,60.91,46.42,Pump A Running
2026-08-21T15:15:00+00:00,Running,1,2128.0,10.48,4.73,60.83,46.46,Pump A Running
2026-08-21T15:30:00+00:00,Running,1,2150.6,10.5,4.76,61.3,46.53,Pump A Running
2026-08-21T15:45:00+00:00,Running,1,2129.0,10.6,4.64,59.32,46.96,Pump A Running
2026-08-21T16:00:00+00:00,Running,1,2138.6,10.67,4.73,60.32,46.3,Pump A Running
2026-08-21T16:15:00+00:00,Running,1,2019.8,10.6,4.51,60.96,46.69,Pump A Running
2026-08-21T16:30:00+00:00,Running,1,2217.9,10.5,4.71,59.17,46.31,Pump A Running
2026-08-21T16:45:00+00:00,Running,1,2295.5,10.54,4.89,58.58,46.79,Pump A Running
2026-08-21T17:00:00+00:00,Running,1,2012.7,10.65,4.71,60.26,46.58,Pump A Running
2026-08-21T17:15:00+00:00,Running,1,2265.4,10.64,4.69,59.71,46.51,Pump A Running
2026-08-21T17:30:00+00:00,Running,1,2259.1,10.65,4.66,59.73,46.19,Pump A Running
2026-08-21T17:45:00+00:00,Running,1,2180.0,10.51,4.71,62.24,46.08,Pump A Running
2026-08-21T18:00:00+00:00,Running,1,2165.8,10.56,4.73,60.69,47.05,Pump A Running
2026-08-21T18:15:00+00:00,Running,1,2232.1,10.51,4.8,61.79,46.45,Pump A Running
2026-08-21T18:30:00+00:00,Running,1,2264.0,10.52,4.62,60.49,46.7,Pump A Running
2026-08-21T18:45:00+00:00,Running,1,2214.1,10.56,4.63,61.36,47.06,Pump A Running
2026-08-21T19:00:00+00:00,Running,1,1971.9,10.62,4.83,59.15,46.1,Pump A Running
2026-08-21T19:15:00+00:00,Running,1,2226.3,10.56,4.73,60.95,46.25,Pump A Running
2026-08-21T19:30:00+00:00,Running,1,2078.7,10.57,4.73,60.66,46.49,Pump A Running
2026-08-21T19:45:00+00:00,Running,1,2154.6,10.43,4.8,58.7,46.7,Pump A Running
2026-08-21T20:00:00+00:00,Running,1,2125.2,10.58,4.73,62.34,46.19,Pump A Running
2026-08-21T20:15:00+00:00,Running,1,2167.8,10.5,4.79,60.32,45.92,Pump A Running
2026-08-21T20:30:00+00:00,Running,1,2107.5,10.51,4.71,59.55,46.69,Pump A Running
2026-08-21T20:45:00+00:00,Running,1,2240.8,10.59,4.72,62.34,46.84,Pump A Running
2026-08-21T21:00:00+00:00,Running,1,2182.8,10.68,4.83,59.46,45.9,Pump A Running
2026-08-21T21:15:00+00:00,Running,1,2238.0,10.67,4.83,61.61,47.42,Pump A Running
2026-08-21T21:30:00+00:00,Running,1,2056.9,10.58,4.81,61.62,46.22,Pump A Running
2026-08-21T21:45:00+00:00,Running,1,2234.7,10.53,4.81,62.67,46.11,Pump A Running
2026-08-21T22:00:00+00:00,Running,1,2342.5,10.67,4.76,59.77,47.1,Pump A Running
2026-08-21T22:15:00+00:00,Running,1,2170.2,10.48,4.71,58.99,46.89,Pump A Running
2026-08-21T22:30:00+00:00,Running,1,2221.8,10.63,4.84,62.36,46.07,Pump A Running
2026-08-21T22:45:00+00:00,Running,1,2255.1,10.67,4.71,59.68,46.07,Pump A Running
2026-08-21T23:00:00+00:00,Running,1,2208.1,10.46,4.68,62.53,46.18,Pump A Running
2026-08-21T23:15:00+00:00,Running,1,2244.0,10.65,4.74,63.39,46.22,Pump A Running
2026-08-21T23:30:00+00:00,Running,1,2382.5,10.59,4.72,61.06,46.76,Pump A Running
2026-08-21T23:45:00+00:00,Running,1,2276.5,10.64,4.6,60.64,46.68,Pump A Running
2026-08-22T00:00:00+00:00,Running,1,2398.9,10.65,4.75,60.67,46.25,Pump A Running
2026-08-22T00:15:00+00:00,Running,1,2379.4,10.59,4.72,61.54,46.82,Pump A Running
2026-08-22T00:30:00+00:00,Running,1,2416.3,10.49,4.7,60.23,46.74,Pump A Running
2026-08-22T00:45:00+00:00,Running,1,2210.0,10.66,4.76,61.37,46.81,Pump A Running
2026-08-22T01:00:00+00:00,Running,1,2288.0,10.69,4.84,59.28,46.77,Pump A Running
2026-08-22T01:15:00+00:00,Running,1,2185.0,10.68,4.73,58.82,46.29,Pump A Running
2026-08-22T01:30:00+00:00,Running,1,2326.2,10.5,4.73,61.58,47.48,Pump A Running
2026-08-22T01:45:00+00:00,Running,1,2499.1,10.48,4.86,59.07,47.54,Pump A Running
2026-08-22T02:00:00+00:00,Stopped,0,0.0,0.0,0.14,0.0,29.14,Pumps Stopped
2026-08-22T02:15:00+00:00,Stopped,0,0.0,0.0,0.12,0.0,29.14,Pumps Stopped
2026-08-22T02:30:00+00:00,Stopped,0,0.0,0.0,0.1,0.0,28.52,Pumps Stopped
2026-08-22T02:45:00+00:00,Stopped,0,0.0,0.0,0.19,0.0,28.87,Pumps Stopped
2026-08-22T03:00:00+00:00,Stopped,0,0.0,0.0,0.18,0.0,28.31,Pumps Stopped
2026-08-22T03:15:00+00:00,Stopped,0,0.0,0.0,0.12,0.0,29.2,Pumps Stopped
2026-08-22T03:30:00+00:00,Running,1,2203.1,10.56,4.71,61.01,46.69,Pump A Running
2026-08-22T03:45:00+00:00,Running,1,2287.4,10.65,4.8,60.79,46.4,Pump A Running
2026-08-22T04:00:00+00:00,Running,1,2471.5,10.61,4.76,61.63,46.81,Pump A Running
2026-08-22T04:15:00+00:00,Running,1,2300.7,10.56,4.67,59.46,46.29,Pump A Running
2026-08-22T04:30:00+00:00,Running,1,2568.8,10.67,4.72,61.71,46.69,Pump A Running
2026-08-22T04:45:00+00:00,Running,1,2505.9,10.58,4.69,61.8,46.91,Pump A Running
2026-08-22T05:00:00+00:00,Running,1,2411.4,10.54,4.79,58.21,46.09,Pump A Running
2026-08-22T05:15:00+00:00,Running,1,2357.8,10.59,4.76,58.72,46.14,Pump A Running
2026-08-22T05:30:00+00:00,Running,1,2522.2,10.62,4.76,61.22,46.86,Pump A Running
2026-08-22T05:45:00+00:00,Running,1,2473.8,10.63,4.63,60.32,47.15,Pump A Running
2026-08-22T06:00:00+00:00,Running,1,2415.5,10.57,4.76,60.11,46.51,Pump A Running
2026-08-22T06:15:00+00:00,Running,1,2489.0,10.56,4.73,58.0,46.81,Pump A Running
2026-08-22T06:30:00+00:00,Running,1,2584.3,10.66,4.69,64.96,46.72,Pump A Running
2026-08-22T06:45:00+00:00,Running,1,2418.4,10.59,4.74,60.24,46.05,Pump A Running
2026-08-22T07:00:00+00:00,Running,1,2460.4,10.64,4.74,59.7,46.4,Pump A Running
2026-08-22T07:15:00+00:00,Running,1,2587.3,10.68,4.76,61.16,46.12,Pump A Running
2026-08-22T07:30:00+00:00,Running,1,2541.8,10.69,4.64,61.38,46.88,Pump A Running
2026-08-22T07:45:00+00:00,Running,1,2353.3,10.61,4.82,58.96,46.86,Pump A Running
2026-08-22T08:00:00+00:00,Running,1,2426.4,10.6,4.6,60.07,46.81,Pump A Running
2026-08-22T08:15:00+00:00,Running,1,2471.7,10.59,4.77,64.62,46.56,Pump A Running
2026-08-22T08:30:00+00:00,Running,1,2574.5,10.67,4.77,62.55,47.02,Pump A Running
2026-08-22T08:45:00+00:00,Running,1,2445.4,10.72,4.82,63.49,46.49,Pump A Running
2026-08-22T09:00:00+00:00,Running,1,2380.8,10.61,4.75,59.37,46.49,Pump A Running
2026-08-22T09:15:00+00:00,Running,1,2381.3,10.53,4.82,63.95,46.67,Pump A Running
2026-08-22T09:30:00+00:00,Running,1,2516.7,10.56,4.72,60.53,46.53,Pump A Running
2026-08-22T09:45:00+00:00,Running,1,2571.6,10.56,4.72,61.44,46.43,Pump A Running
2026-08-22T10:00:00+00:00,Running,1,2508.7,10.59,4.71,58.63,47.0,Pump A Running
2026-08-22T10:15:00+00:00,Running,1,2336.5,10.6,4.69,60.79,46.91,Pump A Running
2026-08-22T10:30:00+00:00,Running,1,2507.3,10.71,4.77,62.24,46.31,Pump A Running
2026-08-22T10:45:00+00:00,Running,1,2492.5,10.57,4.67,58.76,46.71,Pump A Running
2026-08-22T11:00:00+00:00,Running,1,2610.5,10.66,4.83,61.84,46.69,Pump A Running
2026-08-22T11:15:00+00:00,Running,1,2427.8,10.44,4.81,59.25,46.82,Pump A Running
2026-08-22T11:30:00+00:00,Running,1,2457.4,10.68,4.7,62.86,46.8,Pump A Running
2026-08-22T11:45:00+00:00,Running,1,2599.1,10.57,4.72,61.13,47.03,Pump A Running
2026-08-22T12:00:00+00:00,Running,1,2607.6,10.59,4.63,62.85,47.07,Pump A Running
2026-08-22T12:15:00+00:00,Running,1,2582.1,10.62,4.65,60.94,46.93,Pump A Running
2026-08-22T12:30:00+00:00,Running,1,2606.6,10.56,4.83,61.88,46.86,Pump A Running
2026-08-22T12:45:00+00:00,Running,1,2531.2,10.56,4.8,63.71,47.07,Pump A Running
2026-08-22T13:00:00+00:00,Running,1,2483.4,10.55,4.68,58.78,47.14,Pump A Running
2026-08-22T13:15:00+00:00,Running,1,2794.6,10.62,4.64,60.78,46.52,Pump A Running
2026-08-22T13:30:00+00:00,Running,1,2674.7,10.67,4.55,60.55,46.29,Pump A Running
2026-08-22T13:45:00+00:00,Running,1,2791.7,10.57,4.64,63.51,46.81,Pump A Running
2026-08-22T14:00:00+00:00,Running,1,2498.3,10.73,4.61,64.68,46.79,Pump A Running
2026-08-22T14:15:00+00:00,Running,1,2518.0,10.62,4.74,62.19,47.81,Pump A Running
2026-08-22T14:30:00+00:00,Running,1,2648.2,10.68,4.68,58.55,46.97,Pump A Running
2026-08-22T14:45:00+00:00,Running,1,2805.2,10.5,4.66,59.76,47.09,Pump A Running
2026-08-22T15:00:00+00:00,Running,1,2768.2,10.58,4.8,63.43,47.14,Pump A Running
2026-08-22T15:15:00+00:00,Running,1,2638.5,10.62,4.74,59.78,47.25,Pump A Running
2026-08-22T15:30:00+00:00,Running,1,2721.6,10.62,4.72,61.88,47.24,Pump A Running
2026-08-22T15:45:00+00:00,Running,1,2594.6,10.61,4.7,61.63,47.29,Pump A Running
2026-08-22T16:00:00+00:00,Running,1,2799.4,10.49,4.73,59.18,47.29,Pump A Running
2026-08-22T16:15:00+00:00,Running,1,2667.0,10.54,4.82,59.61,46.69,Pump A Running
2026-08-22T16:30:00+00:00,Running,1,2791.2,10.51,4.67,61.37,47.37,Pump A Running
2026-08-22T16:45:00+00:00,Running,1,2957.0,10.57,4.68,56.83,47.23,Pump A Running
2026-08-22T17:00:00+00:00,Running,1,2838.7,10.56,4.71,63.74,47.05,Pump A Running
2026-08-22T17:15:00+00:00,Running,1,2848.5,10.56,4.79,60.08,46.65,Pump A Running
2026-08-22T17:30:00+00:00,Running,1,2672.2,10.55,4.8,63.99,46.8,Pump A Running
2026-08-22T17:45:00+00:00,Running,1,2829.1,10.59,4.78,62.21,47.7,Pump A Running
2026-08-22T18:00:00+00:00,Running,1,2598.8,10.64,4.53,60.9,46.73,Pump A Running
2026-08-22T18:15:00+00:00,Running,1,2707.2,10.54,4.73,62.2,46.97,Pump A Running
2026-08-22T18:30:00+00:00,Running,1,2617.5,10.54,4.85,60.88,46.65,Pump A Running
2026-08-22T18:45:00+00:00,Running,1,2750.9,10.54,4.89,59.81,46.92,Pump A Running
2026-08-22T19:00:00+00:00,Running,1,2746.0,10.5,4.66,60.66,46.88,Pump A Running
2026-08-22T19:15:00+00:00,Running,1,2763.6,10.6,4.65,58.25,47.05,Pump A Running
2026-08-22T19:30:00+00:00,Running,1,2878.0,10.66,4.67,62.95,46.96,Pump A Running
2026-08-22T19:45:00+00:00,Running,1,2678.2,10.62,4.78,60.2,46.72,Pump A Running
2026-08-22T20:00:00+00:00,Stopped,0,0.0,0.0,0.15,0.0,28.97,Pumps Stopped
2026-08-22T20:15:00+00:00,Stopped,0,0.0,0.0,0.11,0.0,28.59,Pumps Stopped
2026-08-22T20:30:00+00:00,Stopped,0,0.0,0.0,0.15,0.0,28.63,Pumps Stopped
2026-08-22T20:45:00+00:00,Stopped,0,0.0,0.0,0.13,0.0,29.06,Pumps Stopped
2026-08-22T21:00:00+00:00,Stopped,0,0.0,0.0,0.13,0.0,28.86,Pumps Stopped
2026-08-22T21:15:00+00:00,Stopped,0,0.0,0.0,0.19,0.0,29.1,Pumps Stopped
2026-08-22T21:30:00+00:00,Running,1,2810.1,10.65,4.8,62.54,46.78,Pump A Running
2026-08-22T21:45:00+00:00,Running,1,2867.7,10.61,4.67,61.72,47.2,Pump A Running
2026-08-22T22:00:00+00:00,Running,1,2836.7,10.56,4.78,57.17,47.15,Pump A Running
2026-08-22T22:15:00+00:00,Running,1,2770.2,10.53,4.67,59.23,47.28,Pump A Running
2026-08-22T22:30:00+00:00,Running,1,2807.5,10.58,4.77,60.2,46.8,Pump A Running
2026-08-22T22:45:00+00:00,Running,1,2733.4,10.68,4.55,59.0,47.26,Pump A Running
2026-08-22T23:00:00+00:00,Running,1,2712.3,10.59,4.8,58.62,46.84,Pump A Running
2026-08-22T23:15:00+00:00,Running,1,2796.4,10.57,4.82,56.68,46.9,Pump A Running
2026-08-22T23:30:00+00:00,Running,1,2835.8,10.54,4.75,61.83,46.78,Pump A Running
2026-08-22T23:45:00+00:00,Running,1,2623.1,10.56,4.76,58.9,46.73,Pump A Running
2026-08-23T00:00:00+00:00,Running,1,2755.2,10.58,4.7,60.14,46.34,Pump A Running
2026-08-23T00:15:00+00:00,Running,1,2760.0,10.67,4.69,59.28,46.55,Pump A Running
2026-08-23T00:30:00+00:00,Running,1,2795.8,10.59,4.6,62.35,47.47,Pump A Running
2026-08-23T00:45:00+00:00,Running,1,2762.1,10.56,4.8,62.97,46.78,Pump A Running
2026-08-23T01:00:00+00:00,Running,1,2898.6,10.58,4.7,62.0,47.46,Pump A Running
2026-08-23T01:15:00+00:00,Running,1,2798.0,10.62,4.61,56.87,47.22,Pump A Running
2026-08-23T01:30:00+00:00,Running,1,2766.8,10.56,4.76,60.27,46.83,Pump A Running
2026-08-23T01:45:00+00:00,Running,1,2819.3,10.62,4.66,59.06,47.4,Pump A Running
2026-08-23T02:00:00+00:00,Stopped,0,0.0,0.0,0.12,0.0,28.86,Pumps Stopped
2026-08-23T02:15:00+00:00,Stopped,0,0.0,0.0,0.14,0.0,29.45,Pumps Stopped
2026-08-23T02:30:00+00:00,Stopped,0,0.0,0.0,0.16,0.0,28.58,Pumps Stopped
2026-08-23T02:45:00+00:00,Stopped,0,0.0,0.0,0.16,0.0,28.67,Pumps Stopped
2026-08-23T03:00:00+00:00,Stopped,0,0.0,0.0,0.1,0.0,28.95,Pumps Stopped
2026-08-23T03:15:00+00:00,Stopped,0,0.0,0.0,0.13,0.0,29.13,Pumps Stopped
2026-08-23T03:30:00+00:00,Running,1,2702.8,10.46,4.69,63.61,46.59,Pump A Running
2026-08-23T03:45:00+00:00,Running,1,2750.6,10.63,4.57,59.22,47.06,Pump A Running
2026-08-23T04:00:00+00:00,Running,1,2777.1,10.52,4.48,61.04,46.96,Pump A Running
2026-08-23T04:15:00+00:00,Running,1,2850.6,10.69,4.58,63.67,47.13,Pump A Running
2026-08-23T04:30:00+00:00,Running,1,2749.2,10.57,4.61,60.71,47.31,Pump A Running
2026-08-23T04:45:00+00:00,Running,1,2694.5,10.54,4.69,60.22,46.65,Pump A Running
2026-08-23T05:00:00+00:00,Running,1,2707.1,10.73,4.75,59.69,46.79,Pump A Running
2026-08-23T05:15:00+00:00,Running,1,2747.6,10.62,4.78,59.75,47.22,Pump A Running
2026-08-23T05:30:00+00:00,Running,1,2740.0,10.57,4.74,58.9,47.35,Pump A Running
2026-08-23T05:45:00+00:00,Running,1,2733.3,10.56,4.73,61.4,47.34,Pump A Running
2026-08-23T06:00:00+00:00,Running,1,2593.5,10.61,4.69,59.28,46.57,Pump A Running
2026-08-23T06:15:00+00:00,Running,1,2736.6,10.52,4.88,57.64,47.14,Pump A Running
2026-08-23T06:30:00+00:00,Running,1,2554.9,10.59,4.63,62.45,46.81,Pump A Running
2026-08-23T06:45:00+00:00,Running,1,2816.5,10.59,4.64,61.05,47.89,Pump A Running
2026-08-23T07:00:00+00:00,Running,1,2594.7,10.53,4.49,60.69,46.61,Pump A Running
2026-08-23T07:15:00+00:00,Running,1,2776.4,10.67,4.77,62.13,46.71,Pump A Running
2026-08-23T07:30:00+00:00,Running,1,2706.3,10.56,4.81,58.41,46.51,Pump A Running
2026-08-23T07:45:00+00:00,Running,1,2743.1,10.54,4.67,61.5,47.02,Pump A Running
2026-08-23T08:00:00+00:00,Running,1,2715.8,10.62,4.76,62.96,46.48,Pump A Running
2026-08-23T08:15:00+00:00,Running,1,2470.4,10.49,4.84,59.83,47.11,Pump A Running
2026-08-23T08:30:00+00:00,Running,1,2714.4,10.59,4.77,57.33,46.77,Pump A Running
2026-08-23T08:45:00+00:00,Running,1,2483.3,10.72,4.76,58.29,46.35,Pump A Running
2026-08-23T09:00:00+00:00,Running,1,2719.2,10.64,4.86,62.73,47.26,Pump A Running
2026-08-23T09:15:00+00:00,Running,1,2721.6,10.58,4.69,57.81,47.31,Pump A Running
2026-08-23T09:30:00+00:00,Running,1,2696.1,10.6,4.68,60.48,47.0,Pump A Running
2026-08-23T09:45:00+00:00,Running,1,2557.1,10.61,4.63,59.82,46.53,Pump A Running
2026-08-23T10:00:00+00:00,Running,1,2680.6,10.6,4.71,58.73,47.23,Pump A Running
2026-08-23T10:15:00+00:00,Running,1,2687.0,10.65,4.72,62.76,47.45,Pump A Running
2026-08-23T10:30:00+00:00,Running,1,2577.5,10.62,4.7,60.91,47.29,Pump A Running
2026-08-23T10:45:00+00:00,Running,1,2607.9,10.51,4.71,60.96,47.5,Pump A Running
2026-08-23T11:00:00+00:00,Running,1,2680.1,10.76,4.81,61.61,46.98,Pump A Running
2026-08-23T11:15:00+00:00,Running,1,2853.5,10.57,4.79,61.07,46.4,Pump A Running
2026-08-23T11:30:00+00:00,Running,1,2814.4,10.56,4.69,61.17,47.21,Pump A Running
2026-08-23T11:45:00+00:00,Running,1,2695.6,10.6,4.75,61.32,47.26,Pump A Running
2026-08-23T12:00:00+00:00,Running,1,2854.8,10.58,4.6,59.8,47.44,Pump A Running
2026-08-23T12:15:00+00:00,Running,1,2616.5,10.71,4.71,61.75,46.23,Pump A Running
2026-08-23T12:30:00+00:00,Running,1,2519.1,10.58,4.64,57.68,47.22,Pump A Running
2026-08-23T12:45:00+00:00,Running,1,2481.4,10.53,4.71,58.69,47.34,Pump A Running
2026-08-23T13:00:00+00:00,Running,1,2338.1,10.61,4.56,59.89,46.68,Pump A Running
2026-08-23T13:15:00+00:00,Running,1,2551.9,10.58,4.71,58.75,46.54,Pump A Running
2026-08-23T13:30:00+00:00,Running,1,2412.9,10.64,4.74,59.08,46.98,Pump A Running
2026-08-23T13:45:00+00:00,Running,1,2637.9,10.59,4.72,60.86,47.34,Pump A Running
2026-08-23T14:00:00+00:00,Running,1,2657.6,10.59,4.74,63.25,47.38,Pump A Running
2026-08-23T14:15:00+00:00,Running,1,2632.2,10.49,4.66,59.69,47.49,Pump A Running
2026-08-23T14:30:00+00:00,Running,1,2528.7,10.42,4.56,60.1,46.81,Pump A Running
2026-08-23T14:45:00+00:00,Running,1,2549.8,10.66,4.74,61.45,46.49,Pump A Running
2026-08-23T15:00:00+00:00,Running,1,2436.9,10.58,4.63,58.15,47.19,Pump A Running
2026-08-23T15:15:00+00:00,Running,1,2548.0,10.49,4.74,57.42,46.45,Pump A Running
2026-08-23T15:30:00+00:00,Running,1,2319.4,10.54,4.74,58.58,47.04,Pump A Running
2026-08-23T15:45:00+00:00,Running,1,2384.3,10.6,4.63,59.08,46.56,Pump A Running
2026-08-23T16:00:00+00:00,Running,1,2380.0,10.65,4.67,62.09,46.47,Pump A Running
2026-08-23T16:15:00+00:00,Running,1,2381.6,10.62,4.7,59.22,46.17,Pump A Running
2026-08-23T16:30:00+00:00,Running,1,2567.0,10.7,4.79,61.1,46.73,Pump A Running
2026-08-23T16:45:00+00:00,Running,1,2414.3,10.44,4.72,61.17,46.65,Pump A Running
2026-08-23T17:00:00+00:00,Running,1,2251.9,10.59,4.71,60.6,46.57,Pump A Running
2026-08-23T17:15:00+00:00,Running,1,2260.2,10.53,4.69,62.81,46.4,Pump A Running
2026-08-23T17:30:00+00:00,Running,1,2437.0,10.62,4.71,61.62,46.74,Pump A Running
2026-08-23T17:45:00+00:00,Running,1,2415.4,10.62,4.79,58.24,46.78,Pump A Running
2026-08-23T18:00:00+00:00,Running,1,2402.1,10.67,4.69,61.81,46.73,Pump A Running
2026-08-23T18:15:00+00:00,Running,1,2295.1,10.6,4.81,61.19,46.41,Pump A Running
2026-08-23T18:30:00+00:00,Running,1,2406.9,10.81,4.74,62.15,45.95,Pump A Running
2026-08-23T18:45:00+00:00,Running,1,2327.4,10.71,4.71,63.85,46.65,Pump A Running
2026-08-23T19:00:00+00:00,Running,1,2417.5,10.44,4.76,59.21,46.58,Pump A Running
2026-08-23T19:15:00+00:00,Running,1,2413.3,10.57,4.75,63.03,46.43,Pump A Running
2026-08-23T19:30:00+00:00,Running,1,2342.2,10.48,4.75,59.09,46.11,Pump A Running
2026-08-23T19:45:00+00:00,Running,1,2317.3,10.54,4.65,62.81,46.44,Pump A Running
2026-08-23T20:00:00+00:00,Running,1,2180.7,10.7,4.74,59.44,46.35,Pump A Running
2026-08-23T20:15:00+00:00,Running,1,2250.5,10.71,4.72,61.22,46.88,Pump A Running
2026-08-23T20:30:00+00:00,Running,1,2386.8,10.53,4.59,59.85,46.58,Pump A Running
2026-08-23T20:45:00+00:00,Running,1,2396.9,10.57,4.63,58.14,47.1,Pump A Running
2026-08-23T21:00:00+00:00,Running,1,2472.6,10.69,4.68,63.03,46.69,Pump A Running
2026-08-23T21:15:00+00:00,Running,1,2362.3,10.64,4.82,61.68,46.06,Pump A Running
2026-08-23T21:30:00+00:00,Running,1,2156.7,10.68,4.68,59.93,46.26,Pump A Running
2026-08-23T21:45:00+00:00,Running,1,2415.2,10.6,4.68,59.36,46.52,Pump A Running
2026-08-23T22:00:00+00:00,Running,1,2501.5,10.46,4.75,58.2,47.23,Pump A Running
2026-08-23T22:15:00+00:00,Running,1,2446.0,10.64,4.87,59.99,47.07,Pump A Running
2026-08-23T22:30:00+00:00,Running,1,2434.0,10.64,4.73,57.75,46.64,Pump A Running
2026-08-23T22:45:00+00:00,Running,1,2261.0,10.66,4.62,60.86,46.62,Pump A Running
2026-08-23T23:00:00+00:00,Running,1,2490.8,10.61,4.72,57.07,46.63,Pump A Running
2026-08-23T23:15:00+00:00,Running,1,2385.0,10.57,4.75,58.56,46.35,Pump A Running
2026-08-23T23:30:00+00:00,Running,1,2214.7,10.46,4.66,63.76,46.51,Pump A Running
2026-08-23T23:45:00+00:00,Running,1,2354.8,10.65,4.79,61.23,46.34,Pump A Running
2026-08-24T00:00:00+00:00,Running,1,2127.8,10.59,4.76,60.93,46.75,Pump A Running
2026-08-24T00:15:00+00:00,Running,1,2111.3,10.56,4.69,59.52,46.63,Pump A Running
2026-08-24T00:30:00+00:00,Running,1,2377.0,10.53,4.74,61.25,46.65,Pump A Running
2026-08-24T00:45:00+00:00,Running,1,2268.5,10.59,4.75,60.95,46.41,Pump A Running
2026-08-24T01:00:00+00:00,Running,1,2318.7,10.6,4.61,62.68,46.25,Pump A Running
2026-08-24T01:15:00+00:00,Running,1,2289.0,10.52,4.65,60.67,46.86,Pump A Running
2026-08-24T01:30:00+00:00,Running,1,2078.6,10.63,4.77,60.17,46.69,Pump A Running
2026-08-24T01:45:00+00:00,Running,1,2175.0,10.68,4.67,60.03,46.88,Pump A Running
2026-08-24T02:00:00+00:00,Stopped,0,0.0,0.0,0.18,0.0,28.62,Pumps Stopped
2026-08-24T02:15:00+00:00,Stopped,0,0.0,0.0,0.17,0.0,28.75,Pumps Stopped
2026-08-24T02:30:00+00:00,Stopped,0,0.0,0.0,0.16,0.0,29.26,Pumps Stopped
2026-08-24T02:45:00+00:00,Stopped,0,0.0,0.0,0.18,0.0,28.79,Pumps Stopped
2026-08-24T03:00:00+00:00,Stopped,0,0.0,0.0,0.11,0.0,28.8,Pumps Stopped
2026-08-24T03:15:00+00:00,Stopped,0,0.0,0.0,0.16,0.0,29.37,Pumps Stopped
2026-08-24T03:30:00+00:00,Running,1,2058.7,10.63,4.65,61.14,46.75,Pump A Running
2026-08-24T03:45:00+00:00,Running,1,2227.6,10.66,4.76,58.73,47.13,Pump A Running
2026-08-24T04:00:00+00:00,Running,1,2081.6,10.59,4.69,60.37,45.97,Pump A Running
2026-08-24T04:15:00+00:00,Running,1,2219.1,10.5,4.8,57.54,46.67,Pump A Running
2026-08-24T04:30:00+00:00,Running,1,2249.4,10.7,4.78,59.12,46.95,Pump A Running
2026-08-24T04:45:00+00:00,Running,1,2326.4,10.63,4.75,56.77,46.29,Pump A Running
2026-08-24T05:00:00+00:00,Running,1,2214.6,10.55,4.6,61.02,46.33,Pump A Running
2026-08-24T05:15:00+00:00,Running,1,2195.1,10.48,4.73,60.24,46.07,Pump A Running
2026-08-24T05:30:00+00:00,Running,1,2160.8,10.7,4.84,64.15,46.03,Pump A Running
2026-08-24T05:45:00+00:00,Running,1,2192.6,10.57,4.71,57.71,46.45,Pump A Running
2026-08-24T06:00:00+00:00,Running,1,2062.9,10.53,4.77,57.84,46.07,Pump A Running
2026-08-24T06:15:00+00:00,Running,1,2173.2,10.54,4.67,60.24,46.59,Pump A Running
2026-08-24T06:30:00+00:00,Running,1,2177.9,10.65,4.71,61.3,46.05,Pump A Running
2026-08-24T06:45:00+00:00,Running,1,2045.1,10.59,4.45,58.5,46.19,Pump A Running
2026-08-24T07:00:00+00:00,Running,1,2174.7,10.64,4.92,59.36,46.67,Pump A Running
2026-08-24T07:15:00+00:00,Running,1,2086.5,10.55,4.72,62.44,46.3,Pump A Running
2026-08-24T07:30:00+00:00,Running,1,2148.5,10.54,4.73,58.84,46.08,Pump A Running
2026-08-24T07:45:00+00:00,Running,1,2204.8,10.59,4.69,59.74,46.48,Pump A Running
2026-08-24T08:00:00+00:00,Running,1,2068.8,10.51,4.77,60.61,45.86,Pump A Running
2026-08-24T08:15:00+00:00,Running,1,2301.4,10.52,4.63,61.0,46.33,Pump A Running
2026-08-24T08:30:00+00:00,Running,1,2326.3,10.59,4.68,58.07,46.38,Pump A Running
2026-08-24T08:45:00+00:00,Running,1,2207.8,10.65,4.66,61.08,47.08,Pump A Running
2026-08-24T09:00:00+00:00,Running,1,2162.0,10.64,4.82,59.93,46.68,Pump A Running
2026-08-24T09:15:00+00:00,Running,1,2158.7,10.67,4.84,58.18,46.79,Pump A Running
2026-08-24T09:30:00+00:00,Running,1,2315.0,10.64,4.67,60.89,46.83,Pump A Running
2026-08-24T09:45:00+00:00,Running,1,2073.1,10.6,4.74,63.92,45.79,Pump A Running
2026-08-24T10:00:00+00:00,Running,1,2293.2,10.57,4.79,62.46,46.32,Pump A Running
2026-08-24T10:15:00+00:00,Running,1,2170.1,10.7,4.67,61.42,46.25,Pump A Running
2026-08-24T10:30:00+00:00,Running,1,2084.8,10.54,4.72,58.82,46.03,Pump A Running
2026-08-24T10:45:00+00:00,Running,1,2168.9,10.62,4.81,58.34,46.65,Pump A Running
2026-08-24T11:00:00+00:00,Running,1,2006.1,10.52,4.72,57.84,45.95,Pump A Running
2026-08-24T11:15:00+00:00,Running,1,2043.8,10.43,4.61,57.09,45.7,Pump A Running
2026-08-24T11:30:00+00:00,Running,1,2351.3,10.63,4.62,63.69,46.8,Pump A Running
2026-08-24T11:45:00+00:00,Running,1,2196.0,10.57,4.7,63.28,46.63,Pump A Running
2026-08-24T12:00:00+00:00,Running,1,2094.7,10.59,4.7,60.12,46.27,Pump A Running
2026-08-24T12:15:00+00:00,Running,1,2099.3,10.5,4.78,58.06,46.43,Pump A Running
2026-08-24T12:30:00+00:00,Running,1,2054.3,10.66,4.68,59.17,45.87,Pump A Running
2026-08-24T12:45:00+00:00,Running,1,2029.6,10.69,4.68,61.88,46.42,Pump A Running
2026-08-24T13:00:00+00:00,Running,1,2178.5,10.77,4.76,60.69,46.12,Pump A Running
2026-08-24T13:15:00+00:00,Running,1,2200.9,10.64,4.64,59.56,47.17,Pump A Running
2026-08-24T13:30:00+00:00,Running,1,2254.2,10.7,4.68,62.38,46.91,Pump A Running
2026-08-24T13:45:00+00:00,Running,1,2161.3,10.65,4.69,62.81,46.34,Pump A Running
2026-08-24T14:00:00+00:00,Running,1,2301.2,10.65,4.63,57.37,46.66,Pump A Running
2026-08-24T14:15:00+00:00,Running,1,2047.5,10.66,4.73,60.05,46.11,Pump A Running
2026-08-24T14:30:00+00:00,Running,1,2106.2,10.43,4.66,59.67,46.47,Pump A Running
2026-08-24T14:45:00+00:00,Running,1,2358.0,10.56,4.78,61.12,46.98,Pump A Running
2026-08-24T15:00:00+00:00,Running,1,2069.1,10.66,4.67,62.47,46.3,Pump A Running
2026-08-24T15:15:00+00:00,Running,1,2062.9,10.51,4.64,60.09,46.33,Pump A Running
2026-08-24T15:30:00+00:00,Running,1,2135.5,10.62,4.76,60.32,46.77,Pump A Running
2026-08-24T15:45:00+00:00,Running,1,2429.8,10.61,4.75,60.84,46.94,Pump A Running
2026-08-24T16:00:00+00:00,Running,1,2086.4,10.56,4.56,62.29,46.66,Pump A Running
2026-08-24T16:15:00+00:00,Running,1,2102.6,10.67,4.58,58.76,46.07,Pump A Running
2026-08-24T16:30:00+00:00,Running,1,2180.1,10.62,4.75,59.82,47.11,Pump A Running
2026-08-24T16:45:00+00:00,Running,1,2178.5,10.53,4.6,62.81,46.88,Pump A Running
2026-08-24T17:00:00+00:00,Running,1,2221.6,10.62,4.76,64.35,46.46,Pump A Running
2026-08-24T17:15:00+00:00,Running,1,2222.4,10.56,4.68,59.12,46.48,Pump A Running
2026-08-24T17:30:00+00:00,Running,1,2226.3,10.49,4.7,59.54,46.54,Pump A Running
2026-08-24T17:45:00+00:00,Running,1,2312.1,10.61,4.61,61.86,46.61,Pump A Running
2026-08-24T18:00:00+00:00,Running,1,2223.9,10.67,4.67,57.78,46.87,Pump A Running
2026-08-24T18:15:00+00:00,Running,1,2259.2,10.67,4.59,61.39,46.84,Pump A Running
2026-08-24T18:30:00+00:00,Running,1,2175.6,10.54,4.56,57.9,46.28,Pump A Running
2026-08-24T18:45:00+00:00,Running,1,2127.8,10.65,4.65,61.99,45.94,Pump A Running
2026-08-24T19:00:00+00:00,Running,1,2306.2,10.65,4.74,59.96,47.12,Pump A Running
2026-08-24T19:15:00+00:00,Running,1,2307.9,10.5,4.64,59.67,47.11,Pump A Running
2026-08-24T19:30:00+00:00,Running,1,2306.3,10.5,4.72,61.85,46.28,Pump A Running
2026-08-24T19:45:00+00:00,Running,1,2368.2,10.66,4.71,63.12,46.28,Pump A Running
2026-08-24T20:00:00+00:00,Running,1,2326.4,10.71,4.74,57.25,47.0,Pump A Running
2026-08-24T20:15:00+00:00,Running,1,2176.6,10.6,4.7,58.48,47.15,Pump A Running
2026-08-24T20:30:00+00:00,Running,1,2337.2,10.72,4.7,60.54,46.48,Pump A Running
2026-08-24T20:45:00+00:00,Running,1,2423.3,10.56,4.68,59.44,46.72,Pump A Running
2026-08-24T21:00:00+00:00,Running,1,2381.4,10.7,4.54,61.22,47.06,Pump A Running
2026-08-24T21:15:00+00:00,Running,1,2231.3,10.53,4.61,56.9,46.7,Pump A Running
2026-08-24T21:30:00+00:00,Running,1,2366.5,10.55,4.68,58.47,46.61,Pump A Running
2026-08-24T21:45:00+00:00,Running,1,2396.8,10.55,4.52,61.71,47.01,Pump A Running
2026-08-24T22:00:00+00:00,Running,1,2328.3,10.65,4.67,58.81,46.33,Pump A Running
2026-08-24T22:15:00+00:00,Running,1,2404.2,10.52,4.64,58.09,46.3,Pump A Running
2026-08-24T22:30:00+00:00,Running,1,2428.4,10.5,4.68,58.89,46.96,Pump A Running
2026-08-24T22:45:00+00:00,Running,1,2364.2,10.59,4.57,58.86,47.18,Pump A Running
2026-08-24T23:00:00+00:00,Running,1,2365.8,10.6,4.66,57.65,47.01,Pump A Running
2026-08-24T23:15:00+00:00,Running,1,2354.6,10.58,4.79,61.86,46.41,Pump A Running
2026-08-24T23:30:00+00:00,Running,1,2485.2,10.57,4.77,63.74,45.88,Pump A Running
2026-08-24T23:45:00+00:00,Running,1,2263.3,10.59,4.79,58.28,46.28,Pump A Running
2026-08-25T00:00:00+00:00,Running,1,2407.7,10.63,4.65,58.81,47.29,Pump A Running
2026-08-25T00:15:00+00:00,Running,1,2360.0,10.55,4.68,59.64,46.78,Pump A Running
2026-08-25T00:30:00+00:00,Running,1,2394.4,10.58,4.74,59.61,46.66,Pump A Running
2026-08-25T00:45:00+00:00,Running,1,2268.4,10.57,4.67,61.78,46.5,Pump A Running
2026-08-25T01:00:00+00:00,Running,1,2453.5,10.6,4.62,61.37,46.84,Pump A Running
2026-08-25T01:15:00+00:00,Running,1,2400.6,10.54,4.66,59.57,46.82,Pump A Running
2026-08-25T01:30:00+00:00,Running,1,2428.8,10.55,4.68,58.26,47.06,Pump A Running
2026-08-25T01:45:00+00:00,Running,1,2361.4,10.61,4.69,60.51,46.32,Pump A Running
2026-08-25T02:00:00+00:00,Stopped,0,0.0,0.0,0.16,0.0,29.13,Pumps Stopped
2026-08-25T02:15:00+00:00,Stopped,0,0.0,0.0,0.11,0.0,29.33,Pumps Stopped
2026-08-25T02:30:00+00:00,Stopped,0,0.0,0.0,0.14,0.0,28.74,Pumps Stopped
2026-08-25T02:45:00+00:00,Stopped,0,0.0,0.0,0.19,0.0,28.65,Pumps Stopped
2026-08-25T03:00:00+00:00,Stopped,0,0.0,0.0,0.15,0.0,29.34,Pumps Stopped
2026-08-25T03:15:00+00:00,Stopped,0,0.0,0.0,0.13,0.0,28.81,Pumps Stopped
2026-08-25T03:30:00+00:00,Running,1,2523.5,10.67,4.69,59.85,46.62,Pump A Running
2026-08-25T03:45:00+00:00,Running,1,2422.1,10.69,4.6,55.52,46.75,Pump A Running
2026-08-25T04:00:00+00:00,Running,1,2581.6,10.6,4.54,63.34,47.26,Pump A Running
2026-08-25T04:15:00+00:00,Running,1,2516.7,10.64,4.56,60.58,46.52,Pump A Running
2026-08-25T04:30:00+00:00,Running,1,2487.4,10.58,4.84,57.45,46.43,Pump A Running
2026-08-25T04:45:00+00:00,Running,1,2518.2,10.69,4.66,60.02,46.05,Pump A Running
2026-08-25T05:00:00+00:00,Running,1,2626.1,10.67,4.76,57.62,47.36,Pump A Running
2026-08-25T05:15:00+00:00,Running,1,2632.5,10.6,4.7,61.94,47.19,Pump A Running
2026-08-25T05:30:00+00:00,Running,1,2582.9,10.69,4.52,58.77,46.31,Pump A Running
2026-08-25T05:45:00+00:00,Running,1,2425.7,10.7,4.62,63.08,46.78,Pump A Running
2026-08-25T06:00:00+00:00,Running,1,2493.3,10.67,4.62,59.41,46.25,Pump A Running
2026-08-25T06:15:00+00:00,Running,1,2563.8,10.6,4.62,63.46,46.87,Pump A Running
2026-08-25T06:30:00+00:00,Running,1,2593.3,10.56,4.65,60.69,47.03,Pump A Running
2026-08-25T06:45:00+00:00,Running,1,2682.6,10.48,4.66,60.33,46.8,Pump A Running
2026-08-25T07:00:00+00:00,Running,1,2549.0,10.62,4.56,56.93,46.52,Pump A Running
2026-08-25T07:15:00+00:00,Running,1,2861.5,10.61,4.64,61.03,46.79,Pump A Running
2026-08-25T07:30:00+00:00,Running,1,2602.2,10.6,4.77,59.77,46.58,Pump A Running
2026-08-25T07:45:00+00:00,Running,1,2685.4,10.64,4.71,58.3,47.57,Pump A Running
2026-08-25T08:00:00+00:00,Running,1,2514.5,10.57,4.71,61.91,47.1,Pump A Running
2026-08-25T08:15:00+00:00,Running,1,2523.8,10.49,4.67,59.67,47.1,Pump A Running
2026-08-25T08:30:00+00:00,Running,1,2498.1,10.64,4.7,60.44,46.79,Pump A Running
2026-08-25T08:45:00+00:00,Running,1,2791.7,10.76,4.66,58.78,46.33,Pump A Running
2026-08-25T09:00:00+00:00,Running,1,2725.2,10.51,4.71,55.97,47.12,Pump A Running
2026-08-25T09:15:00+00:00,Running,1,2756.8,10.53,4.72,60.36,46.6,Pump A Running
2026-08-25T09:30:00+00:00,Running,1,2621.4,10.57,4.71,58.0,46.71,Pump A Running
2026-08-25T09:45:00+00:00,Running,1,2637.0,10.71,4.63,58.54,46.47,Pump A Running
2026-08-25T10:00:00+00:00,Running,1,2580.8,10.53,4.68,61.33,46.89,Pump A Running
2026-08-25T10:15:00+00:00,Running,1,2724.2,10.6,4.71,59.89,47.14,Pump A Running
2026-08-25T10:30:00+00:00,Running,1,2706.5,10.52,4.52,62.52,47.41,Pump A Running
2026-08-25T10:45:00+00:00,Running,1,2625.4,10.47,4.74,57.59,47.11,Pump A Running
2026-08-25T11:00:00+00:00,Running,1,2643.2,10.54,4.82,61.49,46.74,Pump A Running
2026-08-25T11:15:00+00:00,Running,1,2727.4,10.62,4.47,57.6,47.47,Pump A Running
2026-08-25T11:30:00+00:00,Running,1,2588.7,10.46,4.64,60.11,46.96,Pump A Running
2026-08-25T11:45:00+00:00,Running,1,2802.2,10.64,4.73,57.73,46.98,Pump A Running
2026-08-25T12:00:00+00:00,Running,1,2742.6,10.68,4.71,59.21,47.19,Pump A Running
2026-08-25T12:15:00+00:00,Running,1,2661.3,10.68,4.66,60.59,47.05,Pump A Running
2026-08-25T12:30:00+00:00,Running,1,2810.0,10.57,4.66,59.63,46.88,Pump A Running
2026-08-25T12:45:00+00:00,Running,1,2539.6,10.55,4.64,62.39,47.58,Pump A Running
2026-08-25T13:00:00+00:00,Running,1,2787.4,10.57,4.79,60.29,47.12,Pump A Running
2026-08-25T13:15:00+00:00,Running,1,2789.6,10.56,4.7,60.09,47.4,Pump A Running
2026-08-25T13:30:00+00:00,Running,1,2819.3,10.6,4.49,61.37,47.52,Pump A Running
2026-08-25T13:45:00+00:00,Running,1,2828.1,10.6,4.63,61.03,47.5,Pump A Running
2026-08-25T14:00:00+00:00,Running,1,2862.2,10.5,4.72,56.02,47.46,Pump A Running
2026-08-25T14:15:00+00:00,Running,1,2673.8,10.66,4.61,60.09,47.09,Pump A Running
2026-08-25T14:30:00+00:00,Running,1,2684.9,10.52,4.64,58.74,47.54,Pump A Running
2026-08-25T14:45:00+00:00,Running,1,2764.1,10.63,4.67,58.76,46.89,Pump A Running
2026-08-25T15:00:00+00:00,Running,1,2974.8,10.47,4.61,60.27,47.01,Pump A Running
2026-08-25T15:15:00+00:00,Running,1,2761.2,10.56,4.53,57.38,46.48,Pump A Running
2026-08-25T15:30:00+00:00,Running,1,2747.3,10.48,4.69,57.47,47.14,Pump A Running
2026-08-25T15:45:00+00:00,Running,1,2679.3,10.69,4.67,62.52,47.15,Pump A Running
2026-08-25T16:00:00+00:00,Running,1,2723.1,10.56,4.74,58.69,46.79,Pump A Running
2026-08-25T16:15:00+00:00,Running,1,2716.3,10.59,4.68,60.52,46.83,Pump A Running
2026-08-25T16:30:00+00:00,Running,1,2760.0,10.52,4.68,59.66,48.08,Pump A Running
2026-08-25T16:45:00+00:00,Running,1,2834.0,10.54,4.61,62.64,47.23,Pump A Running
2026-08-25T17:00:00+00:00,Running,1,2765.4,10.61,4.7,57.72,47.52,Pump A Running
2026-08-25T17:15:00+00:00,Running,1,2841.1,10.69,4.61,59.46,46.63,Pump A Running
2026-08-25T17:30:00+00:00,Running,1,2918.0,10.68,4.86,61.02,47.39,Pump A Running
2026-08-25T17:45:00+00:00,Running,1,2818.1,10.58,4.66,56.88,47.35,Pump A Running
2026-08-25T18:00:00+00:00,Running,1,2770.6,10.62,4.58,56.82,46.62,Pump A Running
2026-08-25T18:15:00+00:00,Running,1,2771.6,10.68,4.67,58.64,46.57,Pump A Running
2026-08-25T18:30:00+00:00,Running,1,2763.4,10.57,4.62,59.52,47.09,Pump A Running
2026-08-25T18:45:00+00:00,Running,1,2836.8,10.58,4.64,59.46,46.85,Pump A Running
2026-08-25T19:00:00+00:00,Running,1,2879.4,10.68,4.7,57.98,46.91,Pump A Running
2026-08-25T19:15:00+00:00,Running,1,2733.5,10.63,4.81,59.34,47.46,Pump A Running
2026-08-25T19:30:00+00:00,Running,1,2683.6,10.72,4.69,60.53,46.58,Pump A Running
2026-08-25T19:45:00+00:00,Running,1,2808.3,10.68,4.6,60.1,47.71,Pump A Running
2026-08-25T20:00:00+00:00,Running,1,2768.1,10.53,4.66,63.4,47.58,Pump A Running
2026-08-25T20:15:00+00:00,Running,1,2753.5,10.64,4.84,60.76,47.38,Pump A Running
2026-08-25T20:30:00+00:00,Running,1,2740.7,10.6,4.66,60.3,47.3,Pump A Running
2026-08-25T20:45:00+00:00,Running,1,2747.6,10.65,4.46,60.52,46.89,Pump A Running
2026-08-25T21:00:00+00:00,Running,1,2954.1,10.59,4.57,62.13,46.77,Pump A Running
2026-08-25T21:15:00+00:00,Running,1,2745.1,10.56,4.64,62.92,47.72,Pump A Running
2026-08-25T21:30:00+00:00,Running,1,2941.8,10.55,4.54,61.08,47.65,Pump A Running
2026-08-25T21:45:00+00:00,Running,1,2754.4,10.57,4.59,54.58,47.35,Pump A Running
2026-08-25T22:00:00+00:00,Running,1,2786.9,10.69,4.73,60.14,46.85,Pump A Running
2026-08-25T22:15:00+00:00,Running,1,2692.5,10.66,4.67,56.7,47.02,Pump A Running
2026-08-25T22:30:00+00:00,Running,1,2797.0,10.68,4.78,61.24,48.17,Pump A Running
2026-08-25T22:45:00+00:00,Running,1,2675.1,10.48,4.65,59.39,47.06,Pump A Running
2026-08-25T23:00:00+00:00,Running,1,2857.7,10.73,4.65,58.11,47.15,Pump A Running
2026-08-25T23:15:00+00:00,Running,1,2705.6,10.57,4.74,61.13,46.67,Pump A Running
2026-08-25T23:30:00+00:00,Running,1,2943.0,10.65,4.48,59.6,47.52,Pump A Running
2026-08-25T23:45:00+00:00,Running,1,2941.1,10.54,4.58,60.57,48.04,Pump A Running
2026-08-26T00:00:00+00:00,Running,1,2646.1,10.7,4.77,62.05,47.09,Pump A Running
2026-08-26T00:15:00+00:00,Running,1,2736.0,10.58,4.57,59.53,46.42,Pump A Running
2026-08-26T00:30:00+00:00,Running,1,2765.0,10.56,4.78,60.7,47.18,Pump A Running
2026-08-26T00:45:00+00:00,Running,1,2765.1,10.62,4.63,57.98,46.96,Pump A Running
2026-08-26T01:00:00+00:00,Running,1,2915.7,10.59,4.64,61.64,47.56,Pump A Running
2026-08-26T01:15:00+00:00,Running,1,2627.3,10.66,4.61,58.62,46.74,Pump A Running
2026-08-26T01:30:00+00:00,Running,1,2583.2,10.58,4.84,58.97,46.71,Pump A Running
2026-08-26T01:45:00+00:00,Running,1,2934.0,10.61,4.68,61.24,46.87,Pump A Running
2026-08-26T02:00:00+00:00,Stopped,0,0.0,0.0,0.16,0.0,28.86,Pumps Stopped
2026-08-26T02:15:00+00:00,Stopped,0,0.0,0.0,0.17,0.0,29.16,Pumps Stopped
2026-08-26T02:30:00+00:00,Stopped,0,0.0,0.0,0.11,0.0,28.67,Pumps Stopped
2026-08-26T02:45:00+00:00,Stopped,0,0.0,0.0,0.22,0.0,29.22,Pumps Stopped
2026-08-26T03:00:00+00:00,Stopped,0,0.0,0.0,0.15,0.0,28.32,Pumps Stopped
2026-08-26T03:15:00+00:00,Stopped,0,0.0,0.0,0.2,0.0,29.18,Pumps Stopped
2026-08-26T03:30:00+00:00,Running,1,2707.0,10.58,4.67,58.53,47.77,Pump A Running
2026-08-26T03:45:00+00:00,Running,1,2789.5,10.51,4.54,61.6,47.09,Pump A Running
2026-08-26T04:00:00+00:00,Running,1,2566.3,10.58,4.65,59.08,46.68,Pump A Running
2026-08-26T04:15:00+00:00,Running,1,2665.8,10.6,4.68,60.1,47.21,Pump A Running
2026-08-26T04:30:00+00:00,Running,1,2701.8,10.6,4.7,59.91,47.55,Pump A Running
2026-08-26T04:45:00+00:00,Running,1,2782.6,10.7,4.64,59.8,46.79,Pump A Running
2026-08-26T05:00:00+00:00,Running,1,2581.1,10.6,4.67,60.66,47.29,Pump A Running
2026-08-26T05:15:00+00:00,Running,1,2800.9,10.58,4.6,60.17,46.59,Pump A Running
2026-08-26T05:30:00+00:00,Running,1,2703.4,10.51,4.65,59.16,46.87,Pump A Running
2026-08-26T05:45:00+00:00,Running,1,2661.9,10.73,4.77,57.1,47.33,Pump A Running
2026-08-26T06:00:00+00:00,Running,1,2540.1,10.51,4.59,59.38,46.9,Pump A Running
2026-08-26T06:15:00+00:00,Running,1,2488.8,10.6,4.81,60.08,47.06,Pump A Running
2026-08-26T06:30:00+00:00,Running,1,2607.5,10.51,4.71,56.83,46.46,Pump A Running
2026-08-26T06:45:00+00:00,Running,1,2506.9,10.6,4.64,57.73,47.16,Pump A Running
2026-08-26T07:00:00+00:00,Running,1,2721.8,10.5,4.6,61.51,47.16,Pump A Running
2026-08-26T07:15:00+00:00,Running,1,2768.2,10.58,4.6,57.57,47.24,Pump A Running
2026-08-26T07:30:00+00:00,Running,1,2483.6,10.5,4.74,58.18,46.59,Pump A Running
2026-08-26T07:45:00+00:00,Running,1,2596.3,10.58,4.74,58.21,47.45,Pump A Running
2026-08-26T08:00:00+00:00,Running,1,2699.0,10.58,4.71,58.66,47.61,Pump A Running
2026-08-26T08:15:00+00:00,Running,1,2493.0,10.57,4.7,62.67,46.64,Pump A Running
2026-08-26T08:30:00+00:00,Running,1,2526.6,10.48,4.66,60.99,46.91,Pump A Running
2026-08-26T08:45:00+00:00,Running,1,2359.8,10.56,4.7,63.37,47.15,Pump A Running
2026-08-26T09:00:00+00:00,Running,1,2720.2,10.6,4.71,56.18,47.67,Pump A Running
2026-08-26T09:15:00+00:00,Running,1,2587.6,10.59,4.75,60.09,47.25,Pump A Running
2026-08-26T09:30:00+00:00,Running,1,2407.4,10.57,4.73,59.28,47.53,Pump A Running
2026-08-26T09:45:00+00:00,Running,1,2550.1,10.49,4.6,60.66,47.11,Pump A Running
2026-08-26T10:00:00+00:00,Running,1,2551.3,10.5,4.57,58.77,46.47,Pump A Running
2026-08-26T10:15:00+00:00,Running,1,2444.6,10.63,4.59,60.6,46.93,Pump A Running
2026-08-26T10:30:00+00:00,Running,1,2432.0,10.6,4.65,61.0,47.3,Pump A Running
2026-08-26T10:45:00+00:00,Running,1,2609.5,10.63,4.64,61.55,46.61,Pump A Running
2026-08-26T11:00:00+00:00,Running,1,2497.1,10.62,4.56,58.22,47.18,Pump A Running
2026-08-26T11:15:00+00:00,Running,1,2313.7,10.55,4.83,57.78,46.0,Pump A Running
2026-08-26T11:30:00+00:00,Running,1,2502.7,10.54,4.72,62.92,46.13,Pump A Running
2026-08-26T11:45:00+00:00,Running,1,2570.1,10.57,4.7,58.19,46.5,Pump A Running
2026-08-26T12:00:00+00:00,Running,1,2547.6,10.6,4.7,58.83,46.84,Pump A Running
2026-08-26T12:15:00+00:00,Running,1,2608.1,10.64,4.75,61.72,47.05,Pump A Running
2026-08-26T12:30:00+00:00,Running,1,2426.8,10.58,4.67,55.57,46.65,Pump A Running
2026-08-26T12:45:00+00:00,Running,1,2396.4,10.58,4.74,62.24,47.09,Pump A Running
2026-08-26T13:00:00+00:00,Running,1,2457.2,10.55,4.5,58.97,47.28,Pump A Running
2026-08-26T13:15:00+00:00,Running,1,2375.6,10.6,4.57,61.01,46.49,Pump A Running
2026-08-26T13:30:00+00:00,Running,1,2482.0,10.6,4.54,58.04,46.87,Pump A Running
2026-08-26T13:45:00+00:00,Running,1,2285.9,10.61,4.66,59.09,47.16,Pump A Running
2026-08-26T14:00:00+00:00,Running,1,2459.4,10.49,4.61,56.92,47.47,Pump A Running
2026-08-26T14:15:00+00:00,Running,1,2520.9,10.7,4.56,61.59,47.17,Pump A Running
2026-08-26T14:30:00+00:00,Running,1,2403.9,10.6,4.51,61.89,46.06,Pump A Running
2026-08-26T14:45:00+00:00,Running,1,2214.1,10.53,4.53,59.23,46.56,Pump A Running
2026-08-26T15:00:00+00:00,Running,1,2276.4,10.64,4.77,58.85,46.29,Pump A Running
2026-08-26T15:15:00+00:00,Running,1,2334.0,10.55,4.66,61.07,46.4,Pump A Running
2026-08-26T15:30:00+00:00,Running,1,2356.2,10.57,4.51,59.89,46.4,Pump A Running
2026-08-26T15:45:00+00:00,Running,1,2477.0,10.48,4.61,55.48,47.01,Pump A Running
2026-08-26T16:00:00+00:00,Running,1,2311.4,10.68,4.65,61.96,47.68,Pump A Running
2026-08-26T16:15:00+00:00,Running,1,2193.7,10.55,4.67,57.52,46.5,Pump A Running
2026-08-26T16:30:00+00:00,Running,1,2281.4,10.55,4.66,60.84,47.31,Pump A Running
2026-08-26T16:45:00+00:00,Running,1,2265.9,10.56,4.54,63.25,46.97,Pump A Running
2026-08-26T17:00:00+00:00,Running,1,2360.6,10.74,4.62,62.33,46.44,Pump A Running
2026-08-26T17:15:00+00:00,Running,1,2145.1,10.5,4.81,59.37,46.91,Pump A Running
2026-08-26T17:30:00+00:00,Running,1,2207.3,10.71,4.6,58.46,46.83,Pump A Running
2026-08-26T17:45:00+00:00,Running,1,2227.7,10.59,4.71,56.23,46.71,Pump A Running
2026-08-26T18:00:00+00:00,Running,1,2287.3,10.59,4.73,58.8,46.58,Pump A Running
2026-08-26T18:15:00+00:00,Running,1,2200.2,10.58,4.63,57.24,46.89,Pump A Running
2026-08-26T18:30:00+00:00,Running,1,2426.1,10.63,4.6,59.89,46.6,Pump A Running
2026-08-26T18:45:00+00:00,Running,1,2244.0,10.51,4.8,57.88,46.26,Pump A Running
2026-08-26T19:00:00+00:00,Running,1,2335.7,10.66,4.44,60.16,46.28,Pump A Running
2026-08-26T19:15:00+00:00,Running,1,2058.4,10.59,4.47,55.85,46.81,Pump A Running
2026-08-26T19:30:00+00:00,Running,1,2188.5,10.6,4.74,62.86,46.62,Pump A Running
2026-08-26T19:45:00+00:00,Running,1,2224.4,10.58,4.52,62.36,46.86,Pump A Running
2026-08-26T20:00:00+00:00,Running,1,2122.4,10.56,4.76,59.85,46.8,Pump A Running
2026-08-26T20:15:00+00:00,Running,1,2485.4,10.56,4.7,58.72,46.9,Pump A Running
2026-08-26T20:30:00+00:00,Running,1,2293.5,10.7,4.48,62.94,46.73,Pump A Running
2026-08-26T20:45:00+00:00,Running,1,2207.8,10.56,4.66,57.63,45.81,Pump A Running
2026-08-26T21:00:00+00:00,Running,1,2235.5,10.54,4.6,62.69,46.44,Pump A Running
2026-08-26T21:15:00+00:00,Running,1,2014.8,10.6,4.68,58.16,46.8,Pump A Running
2026-08-26T21:30:00+00:00,Running,1,2164.0,10.71,4.65,59.01,46.36,Pump A Running
2026-08-26T21:45:00+00:00,Running,1,2352.4,10.55,4.67,55.67,46.36,Pump A Running
2026-08-26T22:00:00+00:00,Running,1,2388.6,10.45,4.73,60.83,46.77,Pump A Running
2026-08-26T22:15:00+00:00,Running,1,2218.6,10.54,4.64,56.71,47.11,Pump A Running
2026-08-26T22:30:00+00:00,Running,1,2226.7,10.57,4.69,62.7,46.61,Pump A Running
2026-08-26T22:45:00+00:00,Running,1,2227.1,10.61,4.65,57.04,47.62,Pump A Running
2026-08-26T23:00:00+00:00,Running,1,2135.6,10.46,4.65,60.4,47.81,Pump A Running
2026-08-26T23:15:00+00:00,Running,1,2274.2,10.58,4.65,60.56,46.59,Pump A Running
2026-08-26T23:30:00+00:00,Running,1,2183.3,10.72,4.55,62.6,46.74,Pump A Running
2026-08-26T23:45:00+00:00,Running,1,2245.2,10.71,4.77,59.85,47.56,Pump A Running
2026-08-27T00:00:00+00:00,Running,1,2100.3,10.52,4.71,56.84,47.0,Pump A Running
2026-08-27T00:15:00+00:00,Running,1,2101.6,10.78,4.63,59.21,46.85,Pump A Running
2026-08-27T00:30:00+00:00,Running,1,2158.2,10.73,4.59,61.79,46.9,Pump A Running
2026-08-27T00:45:00+00:00,Running,1,2060.0,10.57,4.49,58.08,46.99,Pump A Running
2026-08-27T01:00:00+00:00,Running,1,2240.5,10.58,4.46,62.47,47.07,Pump A Running
2026-08-27T01:15:00+00:00,Running,1,2037.9,10.51,4.66,60.84,46.77,Pump A Running
2026-08-27T01:30:00+00:00,Running,1,2087.9,10.54,4.72,59.15,46.54,Pump A Running
2026-08-27T01:45:00+00:00,Running,1,2180.9,10.66,4.66,59.86,47.27,Pump A Running
2026-08-27T02:00:00+00:00,Stopped,0,0.0,0.0,0.16,0.0,29.08,Pumps Stopped
2026-08-27T02:15:00+00:00,Stopped,0,0.0,0.0,0.11,0.0,28.9,Pumps Stopped
2026-08-27T02:30:00+00:00,Stopped,0,0.0,0.0,0.22,0.0,29.25,Pumps Stopped
2026-08-27T02:45:00+00:00,Stopped,0,0.0,0.0,0.18,0.0,29.0,Pumps Stopped
2026-08-27T03:00:00+00:00,Stopped,0,0.0,0.0,0.18,0.0,28.99,Pumps Stopped
2026-08-27T03:15:00+00:00,Stopped,0,0.0,0.0,0.17,0.0,29.0,Pumps Stopped
2026-08-27T03:30:00+00:00,Running,1,2139.2,10.68,4.64,59.37,46.97,Pump A Running
2026-08-27T03:45:00+00:00,Running,1,2150.4,10.72,4.68,57.35,47.33,Pump A Running
2026-08-27T04:00:00+00:00,Running,1,2067.7,10.73,4.78,62.34,46.19,Pump A Running
2026-08-27T04:15:00+00:00,Running,1,2169.9,10.59,4.73,59.47,47.6,Pump A Running
2026-08-27T04:30:00+00:00,Running,1,2199.7,10.53,4.55,57.12,46.65,Pump A Running
2026-08-27T04:45:00+00:00,Running,1,2259.7,10.52,4.69,58.23,46.85,Pump A Running
2026-08-27T05:00:00+00:00,Running,1,2136.6,10.57,4.57,57.71,46.83,Pump A Running
2026-08-27T05:15:00+00:00,Running,1,1917.0,10.41,4.64,61.1,46.53,Pump A Running
2026-08-27T05:30:00+00:00,Running,1,2188.0,10.72,4.74,57.29,46.39,Pump A Running
2026-08-27T05:45:00+00:00,Running,1,2233.9,10.63,4.7,62.26,46.84,Pump A Running
2026-08-27T06:00:00+00:00,Running,1,2283.9,10.56,4.62,57.97,47.01,Pump A Running
2026-08-27T06:15:00+00:00,Running,1,1963.9,10.53,4.65,59.11,46.78,Pump A Running
2026-08-27T06:30:00+00:00,Running,1,2174.5,10.62,4.59,56.73,46.79,Pump A Running
2026-08-27T06:45:00+00:00,Running,1,2081.7,10.59,4.66,59.67,46.83,Pump A Running
2026-08-27T07:00:00+00:00,Running,1,2244.5,10.59,4.67,57.14,46.74,Pump A Running
2026-08-27T07:15:00+00:00,Running,1,2123.5,10.73,4.72,56.67,46.65,Pump A Running
2026-08-27T07:30:00+00:00,Running,1,2229.4,10.63,4.58,61.12,46.84,Pump A Running
2026-08-27T07:45:00+00:00,Running,1,2112.4,10.63,4.61,58.87,46.68,Pump A Running
2026-08-27T08:00:00+00:00,Running,1,2128.5,10.54,4.74,61.11,46.83,Pump A Running
2026-08-27T08:15:00+00:00,Running,1,2173.8,10.45,4.65,56.99,47.1,Pump A Running
2026-08-27T08:30:00+00:00,Running,1,2218.7,10.64,4.65,60.98,46.82,Pump A Running
2026-08-27T08:45:00+00:00,Running,1,2081.5,10.62,4.56,59.19,46.46,Pump A Running
2026-08-27T09:00:00+00:00,Running,1,2262.8,10.5,4.51,60.46,46.36,Pump A Running
2026-08-27T09:15:00+00:00,Running,1,2110.0,10.62,4.66,59.47,46.66,Pump A Running
2026-08-27T09:30:00+00:00,Running,1,2122.6,10.55,4.54,58.29,46.95,Pump A Running
2026-08-27T09:45:00+00:00,Running,1,2144.9,10.64,4.67,60.98,46.2,Pump A Running
2026-08-27T10:00:00+00:00,Running,1,2170.5,10.5,4.62,59.78,46.8,Pump A Running
2026-08-27T10:15:00+00:00,Running,1,2233.4,10.42,4.65,58.74,46.08,Pump A Running
2026-08-27T10:30:00+00:00,Running,1,2289.3,10.57,4.64,59.73,46.56,Pump A Running
2026-08-27T10:45:00+00:00,Running,1,2260.7,10.55,4.56,56.88,47.53,Pump A Running
2026-08-27T11:00:00+00:00,Running,1,2366.7,10.63,4.68,58.06,46.48,Pump A Running
2026-08-27T11:15:00+00:00,Running,1,2179.9,10.62,4.62,58.53,46.94,Pump A Running
2026-08-27T11:30:00+00:00,Running,1,2242.3,10.59,4.7,61.7,46.34,Pump A Running
2026-08-27T11:45:00+00:00,Running,1,2224.1,10.57,4.59,59.07,46.46,Pump A Running
2026-08-27T12:00:00+00:00,Running,1,2168.7,10.58,4.76,60.8,46.85,Pump A Running
2026-08-27T12:15:00+00:00,Running,1,2221.6,10.58,4.72,59.4,46.75,Pump A Running
2026-08-27T12:30:00+00:00,Running,1,2015.1,10.57,4.7,61.17,46.4,Pump A Running
2026-08-27T12:45:00+00:00,Running,1,2222.0,10.63,4.76,64.01,46.75,Pump A Running
2026-08-27T13:00:00+00:00,Running,1,2200.4,10.63,4.8,57.08,47.34,Pump A Running
2026-08-27T13:15:00+00:00,Running,1,2265.4,10.61,4.75,59.57,47.17,Pump A Running
2026-08-27T13:30:00+00:00,Running,1,2329.6,10.54,4.64,61.26,46.67,Pump A Running
2026-08-27T13:45:00+00:00,Running,1,2183.8,10.53,4.79,61.01,47.36,Pump A Running
2026-08-27T14:00:00+00:00,Running,1,2369.4,10.67,4.78,59.68,46.41,Pump A Running
2026-08-27T14:15:00+00:00,Running,1,2304.3,10.48,4.59,60.05,47.05,Pump A Running
2026-08-27T14:30:00+00:00,Running,1,2365.4,10.67,4.72,62.07,46.97,Pump A Running
2026-08-27T14:45:00+00:00,Running,1,2218.6,10.66,4.73,59.94,47.19,Pump A Running
2026-08-27T15:00:00+00:00,Running,1,2295.5,10.54,4.72,60.65,46.58,Pump A Running
2026-08-27T15:15:00+00:00,Running,1,2187.4,10.58,4.69,59.29,47.02,Pump A Running
2026-08-27T15:30:00+00:00,Running,1,2313.7,10.58,4.6,61.36,46.53,Pump A Running
2026-08-27T15:45:00+00:00,Running,1,2182.4,10.62,4.71,58.22,47.01,Pump A Running
2026-08-27T16:00:00+00:00,Running,1,2322.8,10.52,4.65,59.13,46.95,Pump A Running
2026-08-27T16:15:00+00:00,Running,1,2479.3,10.54,4.77,58.88,46.96,Pump A Running
2026-08-27T16:30:00+00:00,Running,1,2401.3,10.61,4.51,60.8,47.23,Pump A Running
2026-08-27T16:45:00+00:00,Running,1,2359.9,10.79,4.58,61.87,47.16,Pump A Running
2026-08-27T17:00:00+00:00,Running,1,2251.1,10.6,4.7,60.23,46.81,Pump A Running
2026-08-27T17:15:00+00:00,Running,1,2300.0,10.5,4.66,60.05,46.99,Pump A Running
2026-08-27T17:30:00+00:00,Running,1,2368.7,10.53,4.44,55.42,46.88,Pump A Running
2026-08-27T17:45:00+00:00,Running,1,2318.5,10.5,4.56,55.47,47.0,Pump A Running
2026-08-27T18:00:00+00:00,Running,1,2303.7,10.5,4.65,61.3,47.43,Pump A Running
2026-08-27T18:15:00+00:00,Running,1,2228.7,10.55,4.58,60.0,46.26,Pump A Running
2026-08-27T18:30:00+00:00,Running,1,2418.6,10.67,4.48,58.29,46.98,Pump A Running
2026-08-27T18:45:00+00:00,Running,1,2256.9,10.54,4.61,59.69,47.03,Pump A Running
2026-08-27T19:00:00+00:00,Running,1,2157.6,10.47,4.62,60.3,47.31,Pump A Running
2026-08-27T19:15:00+00:00,Running,1,2497.6,10.64,4.54,58.58,47.23,Pump A Running
2026-08-27T19:30:00+00:00,Running,1,2470.8,10.61,4.53,54.72,46.71,Pump A Running
2026-08-27T19:45:00+00:00,Running,1,2477.7,10.57,4.59,62.46,47.19,Pump A Running
2026-08-27T20:00:00+00:00,Running,1,2558.9,10.66,4.65,57.61,47.5,Pump A Running
2026-08-27T20:15:00+00:00,Running,1,2447.9,10.6,4.57,61.61,47.02,Pump A Running
2026-08-27T20:30:00+00:00,Running,1,2378.5,10.56,4.53,58.48,47.46,Pump A Running
2026-08-27T20:45:00+00:00,Running,1,2431.2,10.66,4.6,56.78,47.16,Pump A Running
2026-08-27T21:00:00+00:00,Running,1,2263.3,10.54,4.54,59.79,47.33,Pump A Running
2026-08-27T21:15:00+00:00,Running,1,2421.1,10.6,4.58,60.12,47.09,Pump A Running
2026-08-27T21:30:00+00:00,Running,1,2511.4,10.56,4.67,59.34,47.55,Pump A Running
2026-08-27T21:45:00+00:00,Running,1,2662.6,10.63,4.63,59.32,47.8,Pump A Running
2026-08-27T22:00:00+00:00,Running,1,2346.8,10.5,4.67,57.93,46.76,Pump A Running
2026-08-27T22:15:00+00:00,Running,1,2496.0,10.72,4.57,55.41,46.98,Pump A Running
2026-08-27T22:30:00+00:00,Running,1,2379.8,10.63,4.62,58.93,47.76,Pump A Running
2026-08-27T22:45:00+00:00,Running,1,2664.4,10.73,4.65,59.7,47.85,Pump A Running
2026-08-27T23:00:00+00:00,Running,1,2500.2,10.69,4.66,59.79,47.42,Pump A Running
2026-08-27T23:15:00+00:00,Running,1,2606.0,10.66,4.56,57.54,46.73,Pump A Running
2026-08-27T23:30:00+00:00,Running,1,2567.8,10.63,4.59,57.86,47.45,Pump A Running
2026-08-27T23:45:00+00:00,Running,1,2676.4,10.68,4.63,59.63,47.19,Pump A Running
2026-08-28T00:00:00+00:00,Running,1,2475.7,10.56,4.61,61.29,46.88,Pump A Running
2026-08-28T00:15:00+00:00,Running,1,2589.3,10.5,4.4,62.21,46.59,Pump A Running
2026-08-28T00:30:00+00:00,Running,1,2509.4,10.59,4.59,59.96,47.17,Pump A Running
2026-08-28T00:45:00+00:00,Running,1,2546.8,10.64,4.61,60.36,47.25,Pump A Running
2026-08-28T01:00:00+00:00,Running,1,2591.2,10.5,4.66,57.95,47.29,Pump A Running
2026-08-28T01:15:00+00:00,Running,1,2455.5,10.63,4.61,59.56,47.22,Pump A Running
2026-08-28T01:30:00+00:00,Running,1,2629.8,10.52,4.65,59.47,47.14,Pump A Running
2026-08-28T01:45:00+00:00,Running,1,2474.6,10.59,4.63,61.53,46.67,Pump A Running
2026-08-28T02:00:00+00:00,Stopped,0,0.0,0.0,0.21,0.0,29.33,Pumps Stopped
2026-08-28T02:15:00+00:00,Stopped,0,0.0,0.0,0.13,0.0,29.21,Pumps Stopped
2026-08-28T02:30:00+00:00,Stopped,0,0.0,0.0,0.15,0.0,29.09,Pumps Stopped
2026-08-28T02:45:00+00:00,Stopped,0,0.0,0.0,0.2,0.0,28.85,Pumps Stopped
2026-08-28T03:00:00+00:00,Stopped,0,0.0,0.0,0.14,0.0,28.3,Pumps Stopped
2026-08-28T03:15:00+00:00,Stopped,0,0.0,0.0,0.12,0.0,28.8,Pumps Stopped
2026-08-28T03:30:00+00:00,Running,1,2477.0,10.61,4.67,60.24,47.29,Pump A Running
2026-08-28T03:45:00+00:00,Running,1,2542.9,10.62,4.46,57.59,46.87,Pump A Running
2026-08-28T04:00:00+00:00,Running,1,2545.6,10.61,4.51,60.74,47.17,Pump A Running
2026-08-28T04:15:00+00:00,Running,1,2703.4,10.66,4.64,58.04,47.33,Pump A Running
2026-08-28T04:30:00+00:00,Running,1,2486.6,10.59,4.56,59.73,46.72,Pump A Running
2026-08-28T04:45:00+00:00,Running,1,2576.5,10.65,4.72,58.54,46.96,Pump A Running
2026-08-28T05:00:00+00:00,Running,1,2768.9,10.62,4.56,57.25,48.2,Pump A Running
2026-08-28T05:15:00+00:00,Running,1,2691.8,10.61,4.52,61.54,47.39,Pump A Running
2026-08-28T05:30:00+00:00,Running,1,2501.2,10.51,4.75,57.0,47.47,Pump A Running
2026-08-28T05:45:00+00:00,Running,1,2700.2,10.64,4.64,61.11,48.04,Pump A Running
2026-08-28T06:00:00+00:00,Running,1,2655.9,10.46,4.5,59.08,47.06,Pump A Running
2026-08-28T06:15:00+00:00,Running,1,2666.6,10.52,4.66,55.62,48.04,Pump A Running
2026-08-28T06:30:00+00:00,Running,1,2685.3,10.64,4.67,57.5,47.41,Pump A Running
2026-08-28T06:45:00+00:00,Running,1,2634.4,10.47,4.55,57.36,47.47,Pump A Running
2026-08-28T07:00:00+00:00,Running,1,2692.6,10.6,4.51,57.36,48.16,Pump A Running
2026-08-28T07:15:00+00:00,Running,1,2587.6,10.65,4.65,58.6,47.61,Pump A Running
2026-08-28T07:30:00+00:00,Running,1,2656.1,10.52,4.54,62.06,47.02,Pump A Running
2026-08-28T07:45:00+00:00,Running,1,2723.1,10.56,4.58,58.26,47.18,Pump A Running
2026-08-28T08:00:00+00:00,Running,1,2812.9,10.58,4.58,59.15,47.02,Pump A Running
2026-08-28T08:15:00+00:00,Running,1,2624.7,10.59,4.59,60.49,46.72,Pump A Running
2026-08-28T08:30:00+00:00,Running,1,2851.8,10.7,4.52,62.44,47.3,Pump A Running
2026-08-28T08:45:00+00:00,Running,1,2769.1,10.7,4.58,58.92,47.19,Pump A Running
2026-08-28T09:00:00+00:00,Running,1,2755.2,10.48,4.57,58.49,46.45,Pump A Running
2026-08-28T09:15:00+00:00,Running,1,2839.9,10.46,4.66,59.83,48.17,Pump A Running
2026-08-28T09:30:00+00:00,Running,1,2844.0,10.76,4.53,60.41,47.22,Pump A Running
2026-08-28T09:45:00+00:00,Running,1,2702.9,10.64,4.63,56.65,47.14,Pump A Running
2026-08-28T10:00:00+00:00,Running,1,2697.0,10.57,4.6,59.34,46.94,Pump A Running
2026-08-28T10:15:00+00:00,Running,1,2716.8,10.5,4.69,55.12,47.57,Pump A Running
2026-08-28T10:30:00+00:00,Running,1,2735.0,10.67,4.57,58.13,47.24,Pump A Running
2026-08-28T10:45:00+00:00,Running,1,2896.0,10.61,4.63,60.43,47.13,Pump A Running
2026-08-28T11:00:00+00:00,Running,1,2668.0,10.46,4.59,62.12,47.29,Pump A Running
2026-08-28T11:15:00+00:00,Running,1,2688.3,10.54,4.48,58.45,46.7,Pump A Running
2026-08-28T11:30:00+00:00,Running,1,2600.0,10.52,4.58,60.82,47.19,Pump A Running
2026-08-28T11:45:00+00:00,Running,1,2733.4,10.59,4.63,61.53,46.68,Pump A Running
2026-08-28T12:00:00+00:00,Running,1,2768.8,10.68,4.7,59.34,47.92,Pump A Running
2026-08-28T12:15:00+00:00,Running,1,2795.0,10.61,4.56,61.76,47.67,Pump A Running
2026-08-28T12:30:00+00:00,Running,1,2751.9,10.66,4.56,57.31,46.77,Pump A Running
2026-08-28T12:45:00+00:00,Running,1,2714.3,10.55,4.55,59.77,47.34,Pump A Running
2026-08-28T13:00:00+00:00,Running,1,2780.9,10.57,4.62,56.37,46.86,Pump A Running
2026-08-28T13:15:00+00:00,Running,1,2781.8,10.64,4.58,59.18,47.12,Pump A Running
2026-08-28T13:30:00+00:00,Running,1,2680.5,10.49,4.61,59.18,47.48,Pump A Running
2026-08-28T13:45:00+00:00,Running,1,2872.7,10.54,4.73,57.6,48.04,Pump A Running
2026-08-28T14:00:00+00:00,Running,1,2629.7,10.67,4.59,60.97,47.2,Pump A Running
2026-08-28T14:15:00+00:00,Running,1,2839.3,10.6,4.59,55.74,47.3,Pump A Running
2026-08-28T14:30:00+00:00,Running,1,2858.2,10.6,4.66,56.29,47.91,Pump A Running
2026-08-28T14:45:00+00:00,Running,1,2928.0,10.6,4.46,56.66,47.2,Pump A Running
2026-08-28T15:00:00+00:00,Running,1,2840.7,10.63,4.49,57.66,47.38,Pump A Running
2026-08-28T15:15:00+00:00,Running,1,2823.1,10.57,4.72,59.57,47.71,Pump A Running
2026-08-28T15:30:00+00:00,Running,1,2907.2,10.6,4.57,58.94,48.27,Pump A Running
2026-08-28T15:45:00+00:00,Running,1,2723.7,10.66,4.59,59.89,47.29,Pump A Running
2026-08-28T16:00:00+00:00,Running,1,2694.5,10.52,4.62,63.29,47.47,Pump A Running
2026-08-28T16:15:00+00:00,Running,1,2933.5,10.6,4.46,57.72,47.21,Pump A Running
2026-08-28T16:30:00+00:00,Running,1,2763.7,10.61,4.56,58.82,47.92,Pump A Running
2026-08-28T16:45:00+00:00,Running,1,2842.6,10.74,4.56,60.3,47.5,Pump A Running
2026-08-28T17:00:00+00:00,Running,1,2745.1,10.64,4.6,57.35,47.75,Pump A Running
2026-08-28T17:15:00+00:00,Running,1,2826.9,10.64,4.65,54.45,47.03,Pump A Running
2026-08-28T17:30:00+00:00,Running,1,2821.3,10.62,4.63,61.51,47.21,Pump A Running
2026-08-28T17:45:00+00:00,Running,1,2727.8,10.68,4.64,63.89,47.32,Pump A Running
2026-08-28T18:00:00+00:00,Running,1,2731.4,10.56,4.39,64.98,48.2,Pump A Running
2026-08-28T18:15:00+00:00,Running,1,2895.9,10.53,4.56,57.4,47.58,Pump A Running
2026-08-28T18:30:00+00:00,Running,1,2735.0,10.47,4.58,60.14,47.41,Pump A Running
2026-08-28T18:45:00+00:00,Running,1,2714.4,10.53,4.7,61.55,46.97,Pump A Running
2026-08-28T19:00:00+00:00,Running,1,2715.8,10.72,4.54,54.76,46.89,Pump A Running
2026-08-28T19:15:00+00:00,Running,1,2737.6,10.64,4.59,56.23,47.27,Pump A Running
2026-08-28T19:30:00+00:00,Running,1,2635.7,10.53,4.57,54.9,47.93,Pump A Running
2026-08-28T19:45:00+00:00,Running,1,2746.5,10.69,4.75,61.16,46.8,Pump A Running
2026-08-28T20:00:00+00:00,Running,1,2807.7,10.63,4.55,55.31,47.66,Pump A Running
2026-08-28T20:15:00+00:00,Running,1,2750.0,10.64,4.64,55.32,47.71,Pump A Running
2026-08-28T20:30:00+00:00,Running,1,2649.7,10.55,4.74,61.79,47.12,Pump A Running
2026-08-28T20:45:00+00:00,Running,1,2521.6,10.7,4.66,59.19,47.09,Pump A Running
2026-08-28T21:00:00+00:00,Running,1,2708.3,10.61,4.64,59.28,46.87,Pump A Running
2026-08-28T21:15:00+00:00,Running,1,2766.0,10.53,4.67,58.19,47.8,Pump A Running
2026-08-28T21:30:00+00:00,Running,1,2921.2,10.65,4.52,54.52,47.55,Pump A Running
2026-08-28T21:45:00+00:00,Running,1,2587.9,10.59,4.74,57.62,46.98,Pump A Running
2026-08-28T22:00:00+00:00,Running,1,2693.8,10.61,4.67,60.34,47.33,Pump A Running
2026-08-28T22:15:00+00:00,Running,1,2830.6,10.64,4.63,57.68,46.85,Pump A Running
2026-08-28T22:30:00+00:00,Running,1,2690.1,10.57,4.66,59.4,47.42,Pump A Running
2026-08-28T22:45:00+00:00,Running,1,2766.0,10.59,4.69,60.36,47.05,Pump A Running
2026-08-28T23:00:00+00:00,Running,1,2837.7,10.59,4.59,58.45,46.93,Pump A Running
2026-08-28T23:15:00+00:00,Running,1,2791.5,10.6,4.78,57.06,47.18,Pump A Running
2026-08-28T23:30:00+00:00,Running,1,2590.3,10.69,4.69,55.47,46.94,Pump A Running
2026-08-28T23:45:00+00:00,Running,1,2624.4,10.67,4.57,59.47,47.01,Pump A Running
2026-08-29T00:00:00+00:00,Running,1,2657.2,10.62,4.49,61.93,47.34,Pump A Running
2026-08-29T00:15:00+00:00,Running,1,2684.7,10.53,4.49,56.21,47.82,Pump A Running
2026-08-29T00:30:00+00:00,Running,1,2533.5,10.62,4.64,56.42,47.23,Pump A Running
2026-08-29T00:45:00+00:00,Running,1,2714.7,10.72,4.58,59.99,47.29,Pump A Running
2026-08-29T01:00:00+00:00,Running,1,2580.4,10.54,4.59,61.94,47.47,Pump A Running
2026-08-29T01:15:00+00:00,Running,1,2524.5,10.73,4.51,57.92,47.37,Pump A Running
2026-08-29T01:30:00+00:00,Running,1,2461.8,10.6,4.61,59.57,46.46,Pump A Running
2026-08-29T01:45:00+00:00,Running,1,2598.8,10.63,4.62,57.6,47.52,Pump A Running
2026-08-29T02:00:00+00:00,Stopped,0,0.0,0.0,0.16,0.0,29.6,Pumps Stopped
2026-08-29T02:15:00+00:00,Stopped,0,0.0,0.0,0.11,0.0,29.08,Pumps Stopped
2026-08-29T02:30:00+00:00,Stopped,0,0.0,0.0,0.19,0.0,29.11,Pumps Stopped
2026-08-29T02:45:00+00:00,Stopped,0,0.0,0.0,0.15,0.0,29.05,Pumps Stopped
2026-08-29T03:00:00+00:00,Stopped,0,0.0,0.0,0.08,0.0,28.6,Pumps Stopped
2026-08-29T03:15:00+00:00,Stopped,0,0.0,0.0,0.17,0.0,29.49,Pumps Stopped
2026-08-29T03:30:00+00:00,Running,1,2530.1,10.6,4.76,57.34,47.62,Pump A Running
2026-08-29T03:45:00+00:00,Running,1,2660.2,10.67,4.64,59.4,46.88,Pump A Running
2026-08-29T04:00:00+00:00,Running,1,2734.7,10.51,4.6,57.02,47.33,Pump A Running
2026-08-29T04:15:00+00:00,Running,1,2615.7,10.6,4.66,58.92,47.22,Pump A Running
2026-08-29T04:30:00+00:00,Running,1,2514.6,10.78,4.7,58.91,47.47,Pump A Running
2026-08-29T04:45:00+00:00,Running,1,2536.6,10.56,4.53,59.22,46.49,Pump A Running
2026-08-29T05:00:00+00:00,Running,1,2597.9,10.72,4.68,54.77,47.02,Pump A Running
2026-08-29T05:15:00+00:00,Running,1,2432.2,10.59,4.47,59.13,46.19,Pump A Running
2026-08-29T05:30:00+00:00,Running,1,2470.6,10.61,4.65,59.17,46.71,Pump A Running
2026-08-29T05:45:00+00:00,Running,1,2685.3,10.58,4.69,61.53,47.39,Pump A Running
2026-08-29T06:00:00+00:00,Running,1,2394.9,10.64,4.51,56.3,47.19,Pump A Running
2026-08-29T06:15:00+00:00,Running,1,2555.7,10.57,4.6,59.29,47.16,Pump A Running
2026-08-29T06:30:00+00:00,Running,1,2493.5,10.61,4.43,53.78,46.93,Pump A Running
2026-08-29T06:45:00+00:00,Running,1,2461.2,10.67,4.52,60.61,47.16,Pump A Running
2026-08-29T07:00:00+00:00,Running,1,2515.8,10.49,4.47,55.6,47.34,Pump A Running
2026-08-29T07:15:00+00:00,Running,1,2238.2,10.69,4.61,56.33,46.69,Pump A Running
2026-08-29T07:30:00+00:00,Running,1,2376.0,10.61,4.58,59.13,47.06,Pump A Running
2026-08-29T07:45:00+00:00,Running,1,2444.0,10.64,4.7,56.86,46.65,Pump A Running
2026-08-29T08:00:00+00:00,Running,1,2470.4,10.72,4.59,59.49,46.64,Pump A Running
2026-08-29T08:15:00+00:00,Running,1,2399.9,10.63,4.47,57.81,47.04,Pump A Running
2026-08-29T08:30:00+00:00,Running,1,2329.0,10.7,4.67,56.68,47.05,Pump A Running
2026-08-29T08:45:00+00:00,Running,1,2270.3,10.59,4.67,58.87,46.92,Pump A Running
2026-08-29T09:00:00+00:00,Running,1,2382.6,10.68,4.6,57.25,47.16,Pump A Running
2026-08-29T09:15:00+00:00,Running,1,2442.8,10.51,4.52,59.57,47.89,Pump A Running
2026-08-29T09:30:00+00:00,Running,1,2445.6,10.59,4.63,60.97,46.96,Pump A Running
2026-08-29T09:45:00+00:00,Running,1,2467.4,10.61,4.61,58.92,47.54,Pump A Running
2026-08-29T10:00:00+00:00,Running,1,2449.8,10.51,4.61,54.82,47.13,Pump A Running
2026-08-29T10:15:00+00:00,Running,1,2411.6,10.61,4.61,59.84,47.24,Pump A Running
2026-08-29T10:30:00+00:00,Running,1,2390.3,10.6,4.66,55.69,47.37,Pump A Running
2026-08-29T10:45:00+00:00,Running,1,2196.7,10.73,4.61,62.8,47.21,Pump A Running
2026-08-29T11:00:00+00:00,Running,1,2316.5,10.62,4.63,58.79,46.64,Pump A Running
2026-08-29T11:15:00+00:00,Running,1,2295.5,10.65,4.72,57.02,46.16,Pump A Running
2026-08-29T11:30:00+00:00,Running,1,2271.9,10.64,4.61,62.43,46.91,Pump A Running
2026-08-29T11:45:00+00:00,Running,1,2219.6,10.69,4.61,59.59,46.73,Pump A Running
2026-08-29T12:00:00+00:00,Running,1,2261.0,10.48,4.64,63.53,46.57,Pump A Running
2026-08-29T12:15:00+00:00,Running,1,2365.2,10.68,4.62,61.12,46.6,Pump A Running
2026-08-29T12:30:00+00:00,Running,1,2380.4,10.58,4.49,58.82,47.56,Pump A Running
2026-08-29T12:45:00+00:00,Running,1,2321.6,10.51,4.58,61.99,47.34,Pump A Running
2026-08-29T13:00:00+00:00,Running,1,2123.1,10.58,4.49,58.58,47.03,Pump A Running
2026-08-29T13:15:00+00:00,Running,1,2442.0,10.59,4.69,57.25,47.08,Pump A Running
2026-08-29T13:30:00+00:00,Running,1,2273.0,10.56,4.66,57.51,46.52,Pump A Running
2026-08-29T13:45:00+00:00,Running,1,2346.6,10.52,4.53,58.8,47.39,Pump A Running
2026-08-29T14:00:00+00:00,Running,1,2250.0,10.66,4.56,58.14,46.52,Pump A Running
2026-08-29T14:15:00+00:00,Running,1,2251.7,10.61,4.69,59.66,46.78,Pump A Running
2026-08-29T14:30:00+00:00,Running,1,2318.7,10.48,4.62,59.43,47.31,Pump A Running
2026-08-29T14:45:00+00:00,Running,1,2282.8,10.64,4.62,61.47,47.27,Pump A Running
2026-08-29T15:00:00+00:00,Running,1,2194.9,10.66,4.62,56.57,46.53,Pump A Running
2026-08-29T15:15:00+00:00,Running,1,2278.8,10.68,4.56,56.36,47.27,Pump A Running
2026-08-29T15:30:00+00:00,Running,1,2285.4,10.52,4.53,56.63,47.13,Pump A Running
2026-08-29T15:45:00+00:00,Running,1,2103.3,10.5,4.53,59.88,46.76,Pump A Running
2026-08-29T16:00:00+00:00,Running,1,2195.6,10.64,4.48,61.4,46.86,Pump A Running
2026-08-29T16:15:00+00:00,Running,1,2137.6,10.59,4.59,57.78,46.86,Pump A Running
2026-08-29T16:30:00+00:00,Running,1,2263.4,10.63,4.53,55.36,47.33,Pump A Running
2026-08-29T16:45:00+00:00,Running,1,2217.3,10.65,4.64,60.44,47.48,Pump A Running
2026-08-29T17:00:00+00:00,Running,1,2219.4,10.55,4.55,60.75,46.62,Pump A Running
2026-08-29T17:15:00+00:00,Running,1,2194.2,10.45,4.64,58.03,46.95,Pump A Running
2026-08-29T17:30:00+00:00,Running,1,1984.1,10.58,4.55,58.75,46.76,Pump A Running
2026-08-29T17:45:00+00:00,Running,1,2200.2,10.68,4.72,56.37,46.67,Pump A Running
2026-08-29T18:00:00+00:00,Running,1,2134.3,10.7,4.51,54.12,46.22,Pump A Running
2026-08-29T18:15:00+00:00,Running,1,2254.0,10.59,4.52,59.78,46.86,Pump A Running
2026-08-29T18:30:00+00:00,Running,1,2192.8,10.57,4.58,56.99,47.07,Pump A Running
2026-08-29T18:45:00+00:00,Running,1,2268.7,10.66,4.62,57.73,46.45,Pump A Running
2026-08-29T19:00:00+00:00,Running,1,2170.2,10.6,4.64,55.86,47.34,Pump A Running
2026-08-29T19:15:00+00:00,Running,1,2191.2,10.72,4.6,56.85,47.56,Pump A Running
2026-08-29T19:30:00+00:00,Running,1,2199.4,10.5,4.52,59.89,47.0,Pump A Running
2026-08-29T19:45:00+00:00,Running,1,2249.1,10.76,4.77,58.2,46.84,Pump A Running
2026-08-29T20:00:00+00:00,Running,1,2286.8,10.51,4.65,55.82,46.84,Pump A Running
2026-08-29T20:15:00+00:00,Running,1,2182.6,10.64,4.67,59.16,47.57,Pump A Running
2026-08-29T20:30:00+00:00,Running,1,2087.1,10.5,4.56,63.83,46.89,Pump A Running
2026-08-29T20:45:00+00:00,Running,1,2225.3,10.6,4.6,55.87,46.73,Pump A Running
2026-08-29T21:00:00+00:00,Running,1,1999.8,10.7,4.58,57.11,46.75,Pump A Running
2026-08-29T21:15:00+00:00,Running,1,2027.7,10.66,4.65,56.83,47.24,Pump A Running
2026-08-29T21:30:00+00:00,Running,1,2216.8,10.66,4.65,61.07,47.5,Pump A Running
2026-08-29T21:45:00+00:00,Running,1,2336.7,10.6,4.57,60.68,46.87,Pump A Running
2026-08-29T22:00:00+00:00,Running,1,2153.5,10.66,4.56,60.73,46.18,Pump A Running
2026-08-29T22:15:00+00:00,Running,1,2027.6,10.5,4.57,59.0,46.71,Pump A Running
2026-08-29T22:30:00+00:00,Running,1,2280.8,10.63,4.67,57.77,46.87,Pump A Running
2026-08-29T22:45:00+00:00,Running,1,2242.9,10.73,4.69,60.05,46.54,Pump A Running
2026-08-29T23:00:00+00:00,Running,1,1976.6,10.59,4.6,56.78,47.06,Pump A Running
2026-08-29T23:15:00+00:00,Running,1,1960.3,10.57,4.62,57.87,46.32,Pump A Running
2026-08-29T23:30:00+00:00,Running,1,2170.9,10.55,4.63,58.81,46.87,Pump A Running
2026-08-29T23:45:00+00:00,Running,1,2053.9,10.52,4.6,60.49,46.78,Pump A Running
2026-08-30T00:00:00+00:00,Running,1,2050.3,10.64,4.44,61.91,46.72,Pump A Running
2026-08-30T00:15:00+00:00,Running,1,2050.1,10.6,4.57,53.75,47.24,Pump A Running
2026-08-30T00:30:00+00:00,Running,1,1971.3,10.5,4.67,59.76,46.35,Pump A Running
2026-08-30T00:45:00+00:00,Running,1,2031.8,10.63,4.72,62.2,47.23,Pump A Running
2026-08-30T01:00:00+00:00,Running,1,2071.5,10.57,4.42,54.29,46.89,Pump A Running
2026-08-30T01:15:00+00:00,Running,1,2050.5,10.51,4.51,58.37,46.0,Pump A Running
2026-08-30T01:30:00+00:00,Running,1,2038.8,10.75,4.61,55.62,46.7,Pump A Running
2026-08-30T01:45:00+00:00,Running,1,2116.0,10.48,4.63,63.68,46.99,Pump A Running
2026-08-30T02:00:00+00:00,Stopped,0,0.0,0.0,0.15,0.0,29.01,Pumps Stopped
2026-08-30T02:15:00+00:00,Stopped,0,0.0,0.0,0.11,0.0,28.89,Pumps Stopped
2026-08-30T02:30:00+00:00,Stopped,0,0.0,0.0,0.19,0.0,28.9,Pumps Stopped
2026-08-30T02:45:00+00:00,Stopped,0,0.0,0.0,0.18,0.0,29.11,Pumps Stopped
2026-08-30T03:00:00+00:00,Stopped,0,0.0,0.0,0.18,0.0,28.6,Pumps Stopped
2026-08-30T03:15:00+00:00,Stopped,0,0.0,0.0,0.11,0.0,29.32,Pumps Stopped
2026-08-30T03:30:00+00:00,Running,1,1975.9,10.77,4.57,55.63,46.95,Pump A Running
2026-08-30T03:45:00+00:00,Stopped,0,0.0,0.0,0.17,0.0,29.04,Pumps Stopped
2026-08-30T04:00:00+00:00,Stopped,0,0.0,0.0,0.08,0.0,29.02,Pumps Stopped
2026-08-30T04:15:00+00:00,Running,1,2222.8,10.45,4.6,57.28,47.26,Pump A Running
2026-08-30T04:30:00+00:00,Running,1,2066.4,10.64,4.59,59.21,46.77,Pump A Running
2026-08-30T04:45:00+00:00,Running,1,2286.1,10.65,4.52,56.87,46.69,Pump A Running
2026-08-30T05:00:00+00:00,Running,1,2104.5,10.5,4.59,57.02,47.1,Pump A Running
2026-08-30T05:15:00+00:00,Running,1,2121.3,10.47,4.66,58.5,47.12,Pump A Running
2026-08-30T05:30:00+00:00,Running,1,2064.9,10.74,4.53,60.02,46.71,Pump A Running
2026-08-30T05:45:00+00:00,Running,1,2062.3,10.5,4.62,58.82,46.64,Pump A Running
2026-08-30T06:00:00+00:00,Running,1,2332.1,10.59,4.62,56.79,46.17,Pump A Running
2026-08-30T06:15:00+00:00,Running,1,2115.8,10.67,4.72,57.93,46.84,Pump A Running
2026-08-30T06:30:00+00:00,Running,1,2215.3,10.57,4.6,59.37,47.01,Pump A Running
2026-08-30T06:45:00+00:00,Running,1,2182.3,10.47,4.53,57.86,46.36,Pump A Running
2026-08-30T07:00:00+00:00,Running,1,2213.9,10.64,4.69,56.39,47.07,Pump A Running
2026-08-30T07:15:00+00:00,Running,1,2251.0,10.48,4.59,55.19,46.82,Pump A Running
2026-08-30T07:30:00+00:00,Running,1,2301.5,10.59,4.63,60.62,47.04,Pump A Running
2026-08-30T07:45:00+00:00,Running,1,2225.6,10.71,4.49,59.69,46.59,Pump A Running
2026-08-30T08:00:00+00:00,Running,1,2253.4,10.63,4.68,54.1,47.49,Pump A Running
2026-08-30T08:15:00+00:00,Running,1,2224.7,10.59,4.6,59.21,46.45,Pump A Running
2026-08-30T08:30:00+00:00,Running,1,2289.4,10.5,4.67,58.42,46.99,Pump A Running
2026-08-30T08:45:00+00:00,Running,1,2295.4,10.61,4.59,58.74,46.79,Pump A Running
2026-08-30T09:00:00+00:00,Running,1,2266.6,10.61,4.67,56.78,47.47,Pump A Running
2026-08-30T09:15:00+00:00,Running,1,2186.6,10.64,4.53,56.17,47.13,Pump A Running
2026-08-30T09:30:00+00:00,Running,1,2198.2,10.56,4.6,58.73,46.48,Pump A Running
2026-08-30T09:45:00+00:00,Running,1,2257.8,10.61,4.61,56.27,46.94,Pump A Running
2026-08-30T10:00:00+00:00,Running,1,2210.5,10.71,4.71,59.6,46.54,Pump A Running
2026-08-30T10:15:00+00:00,Running,1,2354.7,10.68,4.67,55.96,45.85,Pump A Running
2026-08-30T10:30:00+00:00,Running,1,2438.8,10.57,4.7,56.09,47.2,Pump A Running
2026-08-30T10:45:00+00:00,Running,1,2344.9,10.66,4.57,57.31,47.15,Pump A Running
2026-08-30T11:00:00+00:00,Running,1,2379.1,10.56,4.64,54.97,47.29,Pump A Running
2026-08-30T11:15:00+00:00,Running,1,2351.1,10.54,4.71,56.73,47.45,Pump A Running
2026-08-30T11:30:00+00:00,Running,1,2345.8,10.63,4.52,60.0,46.91,Pump A Running
2026-08-30T11:45:00+00:00,Running,1,2187.7,10.7,4.55,57.69,46.83,Pump A Running
2026-08-30T12:00:00+00:00,Running,1,2331.0,10.69,4.42,58.96,47.28,Pump A Running
2026-08-30T12:15:00+00:00,Running,1,2305.2,10.51,4.59,58.74,47.19,Pump A Running
2026-08-30T12:30:00+00:00,Running,1,2465.6,10.66,4.46,54.88,48.01,Pump A Running
2026-08-30T12:45:00+00:00,Running,1,2502.0,10.68,4.7,60.92,47.08,Pump A Running
2026-08-30T13:00:00+00:00,Running,1,2316.9,10.68,4.62,59.94,46.57,Pump A Running
2026-08-30T13:15:00+00:00,Running,1,2313.8,10.54,4.51,59.65,47.37,Pump A Running
2026-08-30T13:30:00+00:00,Running,1,2481.0,10.65,4.67,59.82,46.98,Pump A Running
2026-08-30T13:45:00+00:00,Running,1,2543.5,10.55,4.63,60.04,47.53,Pump A Running
2026-08-30T14:00:00+00:00,Running,1,2287.3,10.57,4.65,57.86,46.81,Pump A Running
2026-08-30T14:15:00+00:00,Running,1,2338.0,10.54,4.63,61.82,47.62,Pump A Running
2026-08-30T14:30:00+00:00,Running,1,2310.2,10.56,4.47,56.63,47.1,Pump A Running
2026-08-30T14:45:00+00:00,Running,1,2492.7,10.57,4.57,57.97,47.18,Pump A Running
2026-08-30T15:00:00+00:00,Running,1,2502.0,10.62,4.59,58.07,47.41,Pump A Running
2026-08-30T15:15:00+00:00,Running,1,2320.0,10.6,4.46,62.29,47.47,Pump A Running
2026-08-30T15:30:00+00:00,Running,1,2446.7,10.63,4.53,61.52,47.53,Pump A Running
2026-08-30T15:45:00+00:00,Running,1,2536.1,10.54,4.52,58.15,47.5,Pump A Running
2026-08-30T16:00:00+00:00,Running,1,2438.2,10.56,4.52,56.23,47.8,Pump A Running
2026-08-30T16:15:00+00:00,Running,1,2317.1,10.61,4.62,59.28,46.91,Pump A Running
2026-08-30T16:30:00+00:00,Running,1,2382.6,10.59,4.55,55.3,47.36,Pump A Running
2026-08-30T16:45:00+00:00,Running,1,2522.0,10.59,4.51,59.08,46.95,Pump A Running
2026-08-30T17:00:00+00:00,Running,1,2380.6,10.67,4.53,55.93,46.9,Pump A Running
2026-08-30T17:15:00+00:00,Running,1,2454.5,10.55,4.63,56.56,47.22,Pump A Running
2026-08-30T17:30:00+00:00,Running,1,2501.7,10.73,4.61,56.0,47.48,Pump A Running
2026-08-30T17:45:00+00:00,Running,1,2587.4,10.74,4.56,57.22,47.5,Pump A Running
2026-08-30T18:00:00+00:00,Running,1,2577.1,10.61,4.66,58.17,46.78,Pump A Running
2026-08-30T18:15:00+00:00,Running,1,2557.4,10.6,4.55,59.74,48.21,Pump A Running
2026-08-30T18:30:00+00:00,Running,1,2569.8,10.59,4.6,58.23,47.15,Pump A Running
2026-08-30T18:45:00+00:00,Running,1,2500.7,10.51,4.52,60.56,46.46,Pump A Running
2026-08-30T19:00:00+00:00,Running,1,2465.8,10.61,4.64,57.54,47.93,Pump A Running
2026-08-30T19:15:00+00:00,Running,1,2645.2,10.61,4.45,57.89,47.7,Pump A Running
2026-08-30T19:30:00+00:00,Running,1,2435.0,10.56,4.55,59.79,46.78,Pump A Running
2026-08-30T19:45:00+00:00,Running,1,2516.4,10.63,4.67,55.03,47.26,Pump A Running
2026-08-30T20:00:00+00:00,Running,1,2505.9,10.63,4.55,59.09,47.25,Pump A Running
2026-08-30T20:15:00+00:00,Running,1,2490.9,10.56,4.51,54.93,47.67,Pump A Running
2026-08-30T20:30:00+00:00,Running,1,2466.2,10.7,4.58,55.35,46.87,Pump A Running
2026-08-30T20:45:00+00:00,Running,1,2521.3,10.51,4.55,59.81,46.99,Pump A Running
2026-08-30T21:00:00+00:00,Running,1,2518.5,10.45,4.54,55.12,47.97,Pump A Running
2026-08-30T21:15:00+00:00,Running,1,2595.4,10.73,4.67,60.5,47.31,Pump A Running
2026-08-30T21:30:00+00:00,Running,1,2616.8,10.61,4.61,61.38,47.53,Pump A Running
2026-08-30T21:45:00+00:00,Running,1,2544.3,10.45,4.56,57.12,47.12,Pump A Running
2026-08-30T22:00:00+00:00,Running,1,2553.5,10.69,4.62,60.66,47.12,Pump A Running
2026-08-30T22:15:00+00:00,Running,1,2640.7,10.6,4.49,55.45,47.83,Pump A Running
2026-08-30T22:30:00+00:00,Running,1,2667.2,10.54,4.47,63.77,47.19,Pump A Running
2026-08-30T22:45:00+00:00,Running,1,2514.1,10.45,4.45,58.75,47.47,Pump A Running
2026-08-30T23:00:00+00:00,Running,1,2608.0,10.67,4.46,58.52,47.12,Pump A Running
2026-08-30T23:15:00+00:00,Running,1,2668.3,10.65,4.58,61.84,47.68,Pump A Running
2026-08-30T23:30:00+00:00,Running,1,2678.3,10.5,4.47,55.88,46.35,Pump A Running
2026-08-30T23:45:00+00:00,Running,1,2694.2,10.63,4.61,55.5,46.94,Pump A Running
2026-08-31T00:00:00+00:00,Running,1,2604.5,10.56,4.63,52.95,47.26,Pump A Running
2026-08-31T00:15:00+00:00,Running,1,2461.4,10.56,4.57,58.83,47.05,Pump A Running
2026-08-31T00:30:00+00:00,Running,1,2611.6,10.66,4.4,55.39,47.34,Pump A Running
2026-08-31T00:45:00+00:00,Running,1,2596.7,10.55,4.55,60.26,47.46,Pump A Running
2026-08-31T01:00:00+00:00,Running,1,2775.9,10.56,4.62,59.35,47.23,Pump A Running
2026-08-31T01:15:00+00:00,Running,1,2713.3,10.64,4.63,55.87,47.38,Pump A Running
2026-08-31T01:30:00+00:00,Running,1,2638.5,10.53,4.7,57.46,47.76,Pump A Running
2026-08-31T01:45:00+00:00,Running,1,2752.7,10.61,4.53,58.16,47.25,Pump A Running
2026-08-31T02:00:00+00:00,Stopped,0,0.0,0.0,0.17,0.0,28.89,Pumps Stopped
2026-08-31T02:15:00+00:00,Stopped,0,0.0,0.0,0.19,0.0,29.09,Pumps Stopped
2026-08-31T02:30:00+00:00,Stopped,0,0.0,0.0,0.1,0.0,28.79,Pumps Stopped
2026-08-31T02:45:00+00:00,Stopped,0,0.0,0.0,0.16,0.0,28.62,Pumps Stopped
2026-08-31T03:00:00+00:00,Stopped,0,0.0,0.0,0.15,0.0,28.5,Pumps Stopped
2026-08-31T03:15:00+00:00,Stopped,0,0.0,0.0,0.16,0.0,28.96,Pumps Stopped
2026-08-31T03:30:00+00:00,Running,1,2820.7,10.6,4.61,56.47,47.27,Pump A Running
2026-08-31T03:45:00+00:00,Running,1,2764.3,10.74,4.62,56.88,46.73,Pump A Running
2026-08-31T04:00:00+00:00,Running,1,2703.1,10.6,4.65,61.94,47.49,Pump A Running
2026-08-31T04:15:00+00:00,Running,1,2671.7,10.55,4.55,61.48,47.69,Pump A Running
2026-08-31T04:30:00+00:00,Running,1,2648.8,10.64,4.48,56.21,47.67,Pump A Running
2026-08-31T04:45:00+00:00,Running,1,2842.9,10.55,4.65,56.8,47.6,Pump A Running
2026-08-31T05:00:00+00:00,Running,1,2722.1,10.61,4.72,54.99,47.7,Pump A Running
2026-08-31T05:15:00+00:00,Running,1,2691.7,10.61,4.5,58.34,47.15,Pump A Running
2026-08-31T05:30:00+00:00,Running,1,2914.3,10.49,4.54,57.73,47.33,Pump A Running
2026-08-31T05:45:00+00:00,Running,1,2843.2,10.49,4.58,55.24,47.81,Pump A Running
2026-08-31T06:00:00+00:00,Running,1,2688.3,10.54,4.71,61.0,47.61,Pump A Running
2026-08-31T06:15:00+00:00,Running,1,2975.3,10.56,4.51,57.04,47.48,Pump A Running
2026-08-31T06:30:00+00:00,Running,1,2851.1,10.6,4.5,55.27,48.06,Pump A Running
2026-08-31T06:45:00+00:00,Running,1,2609.7,10.59,4.48,56.27,47.21,Pump A Running
2026-08-31T07:00:00+00:00,Running,1,2647.0,10.73,4.58,53.31,47.22,Pump A Running
2026-08-31T07:15:00+00:00,Running,1,2869.0,10.48,4.53,60.45,47.48,Pump A Running
2026-08-31T07:30:00+00:00,Running,1,2800.7,10.49,4.54,59.38,47.54,Pump A Running
2026-08-31T07:45:00+00:00,Running,1,2813.0,10.71,4.61,56.2,47.51,Pump A Running
2026-08-31T08:00:00+00:00,Running,1,2724.6,10.68,4.64,57.38,47.65,Pump A Running
2026-08-31T08:15:00+00:00,Running,1,2737.6,10.64,4.65,57.91,47.3,Pump A Running
2026-08-31T08:30:00+00:00,Running,1,2823.8,10.57,4.61,59.08,48.15,Pump A Running
2026-08-31T08:45:00+00:00,Running,1,2716.6,10.65,4.44,60.22,47.52,Pump A Running
2026-08-31T09:00:00+00:00,Running,1,2713.4,10.68,4.56,62.74,47.66,Pump A Running
2026-08-31T09:15:00+00:00,Running,1,2857.3,10.54,4.63,53.89,47.18,Pump A Running
2026-08-31T09:30:00+00:00,Running,1,2774.3,10.61,4.42,56.77,47.25,Pump A Running
2026-08-31T09:45:00+00:00,Running,1,2815.3,10.48,4.44,50.87,47.26,Pump A Running
2026-08-31T10:00:00+00:00,Running,1,2903.4,10.58,4.58,58.99,47.82,Pump A Running
2026-08-31T10:15:00+00:00,Running,1,2721.8,10.58,4.36,56.48,47.7,Pump A Running
2026-08-31T10:30:00+00:00,Running,1,2833.9,10.39,4.54,64.24,48.08,Pump A Running
2026-08-31T10:45:00+00:00,Running,1,2810.9,10.66,4.53,61.98,47.58,Pump A Running
2026-08-31T11:00:00+00:00,Running,1,2842.9,10.6,4.58,55.76,47.15,Pump A Running
2026-08-31T11:15:00+00:00,Running,1,2785.4,10.47,4.41,58.71,48.04,Pump A Running
2026-08-31T11:30:00+00:00,Running,1,2752.1,10.55,4.47,50.7,46.88,Pump A Running
2026-08-31T11:45:00+00:00,Running,1,2681.0,10.53,4.52,58.97,47.03,Pump A Running
2026-08-31T12:00:00+00:00,Running,1,2839.7,10.5,4.59,59.41,47.1,Pump A Running
2026-08-31T12:15:00+00:00,Running,1,2707.7,10.63,4.43,57.48,47.68,Pump A Running
2026-08-31T12:30:00+00:00,Running,1,2696.0,10.67,4.42,57.89,47.42,Pump A Running
2026-08-31T12:45:00+00:00,Running,1,2821.6,10.57,4.58,58.13,47.79,Pump A Running
2026-08-31T13:00:00+00:00,Running,1,2759.2,10.53,4.56,58.59,47.63,Pump A Running
2026-08-31T13:15:00+00:00,Running,1,2772.8,10.52,4.46,59.0,47.67,Pump A Running
2026-08-31T13:30:00+00:00,Running,1,2782.7,10.63,4.48,58.84,48.14,Pump A Running
2026-08-31T13:45:00+00:00,Running,1,2831.5,10.57,4.58,57.42,47.98,Pump A Running
2026-08-31T14:00:00+00:00,Running,1,2750.9,10.5,4.58,56.71,47.36,Pump A Running
2026-08-31T14:15:00+00:00,Running,1,2834.4,10.67,4.63,57.45,47.89,Pump A Running
2026-08-31T14:30:00+00:00,Running,1,2725.9,10.56,4.48,53.76,47.9,Pump A Running
2026-08-31T14:45:00+00:00,Running,1,2581.8,10.62,4.48,58.89,47.32,Pump A Running
2026-08-31T15:00:00+00:00,Running,1,2740.7,10.69,4.62,54.01,47.86,Pump A Running
2026-08-31T15:15:00+00:00,Running,1,2712.8,10.72,4.68,60.7,47.55,Pump A Running
2026-08-31T15:30:00+00:00,Running,1,2732.3,10.57,4.4,59.43,47.41,Pump A Running
2026-08-31T15:45:00+00:00,Running,1,2839.6,10.6,4.67,56.6,47.3,Pump A Running
2026-08-31T16:00:00+00:00,Running,1,2821.6,10.55,4.68,55.51,48.38,Pump A Running
2026-08-31T16:15:00+00:00,Running,1,2756.5,10.65,4.57,57.94,47.26,Pump A Running
2026-08-31T16:30:00+00:00,Running,1,2860.1,10.57,4.69,60.58,47.85,Pump A Running
2026-08-31T16:45:00+00:00,Running,1,2670.3,10.54,4.61,56.29,48.26,Pump A Running
2026-08-31T17:00:00+00:00,Running,1,2745.7,10.57,4.5,59.32,47.16,Pump A Running
2026-08-31T17:15:00+00:00,Running,1,2732.8,10.58,4.45,56.96,47.42,Pump A Running
2026-08-31T17:30:00+00:00,Running,1,2861.3,10.66,4.47,58.92,47.96,Pump A Running
2026-08-31T17:45:00+00:00,Running,1,2571.6,10.58,4.47,60.65,47.49,Pump A Running
2026-08-31T18:00:00+00:00,Running,1,2803.4,10.63,4.49,59.67,46.79,Pump A Running
2026-08-31T18:15:00+00:00,Running,1,2619.4,10.64,4.64,57.53,47.6,Pump A Running
2026-08-31T18:30:00+00:00,Running,1,2792.3,10.59,4.63,54.79,47.47,Pump A Running
2026-08-31T18:45:00+00:00,Running,1,2707.8,10.55,4.44,58.28,47.66,Pump A Running
2026-08-31T19:00:00+00:00,Running,1,2624.1,10.49,4.52,57.07,47.44,Pump A Running
2026-08-31T19:15:00+00:00,Running,1,2858.9,10.66,4.57,53.95,47.74,Pump A Running
2026-08-31T19:30:00+00:00,Running,1,2576.7,10.54,4.51,61.27,46.96,Pump A Running
2026-08-31T19:45:00+00:00,Running,1,2499.8,10.58,4.53,54.13,47.65,Pump A Running
2026-08-31T20:00:00+00:00,Running,1,2478.4,10.56,4.43,58.7,47.42,Pump A Running
2026-08-31T20:15:00+00:00,Running,1,2674.8,10.66,4.64,56.98,47.44,Pump A Running
2026-08-31T20:30:00+00:00,Running,1,2737.6,10.5,4.45,60.43,47.26,Pump A Running
2026-08-31T20:45:00+00:00,Running,1,2637.9,10.63,4.5,59.13,47.91,Pump A Running
2026-08-31T21:00:00+00:00,Running,1,2681.7,10.7,4.47,58.63,47.78,Pump A Running
2026-08-31T21:15:00+00:00,Running,1,2555.7,10.53,4.5,60.21,47.37,Pump A Running
2026-08-31T21:30:00+00:00,Running,1,2593.1,10.5,4.54,59.51,46.6,Pump A Running
2026-08-31T21:45:00+00:00,Running,1,2617.6,10.63,4.53,60.22,47.98,Pump A Running
2026-08-31T22:00:00+00:00,Running,1,2659.8,10.63,4.55,59.16,46.9,Pump A Running
2026-08-31T22:15:00+00:00,Running,1,2549.0,10.49,4.66,55.77,46.95,Pump A Running
2026-08-31T22:30:00+00:00,Running,1,2712.6,10.6,4.51,61.18,47.58,Pump A Running
2026-08-31T22:45:00+00:00,Running,1,2529.4,10.43,4.52,54.59,47.42,Pump A Running
2026-08-31T23:00:00+00:00,Running,1,2512.8,10.68,4.58,61.46,47.62,Pump A Running
2026-08-31T23:15:00+00:00,Running,1,2429.2,10.61,4.57,56.15,47.29,Pump A Running
2026-08-31T23:30:00+00:00,Running,1,2534.0,10.52,4.51,58.72,47.69,Pump A Running
2026-08-31T23:45:00+00:00,Running,1,2493.5,10.58,4.48,63.76,47.87,Pump A Running
2026-09-01T00:00:00+00:00,Running,1,2416.9,10.59,4.56,59.1,46.7,Pump A Running
2026-09-01T00:15:00+00:00,Running,1,2556.8,10.58,4.52,58.38,47.08,Pump A Running
2026-09-01T00:30:00+00:00,Running,1,2561.5,10.55,4.33,56.6,47.1,Pump A Running
2026-09-01T00:45:00+00:00,Running,1,2586.4,10.62,4.64,58.17,47.4,Pump A Running
2026-09-01T01:00:00+00:00,Running,1,2440.1,10.56,4.64,59.26,47.4,Pump A Running
2026-09-01T01:15:00+00:00,Running,1,2501.4,10.77,4.59,56.31,47.54,Pump A Running
2026-09-01T01:30:00+00:00,Running,1,2506.6,10.55,4.61,63.63,47.26,Pump A Running
2026-09-01T01:45:00+00:00,Running,1,2445.5,10.57,4.56,59.22,47.63,Pump A Running
2026-09-01T02:00:00+00:00,Stopped,0,0.0,0.0,0.18,0.0,28.96,Pumps Stopped
2026-09-01T02:15:00+00:00,Stopped,0,0.0,0.0,0.11,0.0,28.55,Pumps Stopped
2026-09-01T02:30:00+00:00,Stopped,0,0.0,0.0,0.19,0.0,29.34,Pumps Stopped
2026-09-01T02:45:00+00:00,Stopped,0,0.0,0.0,0.13,0.0,28.77,Pumps Stopped
2026-09-01T03:00:00+00:00,Stopped,0,0.0,0.0,0.19,0.0,28.68,Pumps Stopped
2026-09-01T03:15:00+00:00,Stopped,0,0.0,0.0,0.19,0.0,29.52,Pumps Stopped
2026-09-01T03:30:00+00:00,Running,1,2438.9,10.67,4.47,49.94,47.03,Pump A Running
2026-09-01T03:45:00+00:00,Running,1,2473.7,10.69,4.63,55.67,47.02,Pump A Running
2026-09-01T04:00:00+00:00,Running,1,2425.8,10.6,4.65,61.0,46.8,Pump A Running
2026-09-01T04:15:00+00:00,Running,1,2290.2,10.66,4.64,53.46,47.37,Pump A Running
2026-09-01T04:30:00+00:00,Running,1,2396.1,10.64,4.58,56.73,47.1,Pump A Running
2026-09-01T04:45:00+00:00,Running,1,2275.6,10.57,4.57,59.41,47.32,Pump A Running
2026-09-01T05:00:00+00:00,Running,1,2367.0,10.59,4.48,57.44,47.7,Pump A Running
2026-09-01T05:15:00+00:00,Running,1,2470.8,10.52,4.52,55.73,47.08,Pump A Running
2026-09-01T05:30:00+00:00,Running,1,2375.3,10.6,4.45,59.2,47.19,Pump A Running
2026-09-01T05:45:00+00:00,Running,1,2384.6,10.59,4.4,60.24,47.09,Pump A Running
2026-09-01T06:00:00+00:00,Running,1,2409.5,10.74,4.72,61.21,47.07,Pump A Running
2026-09-01T06:15:00+00:00,Running,1,2354.3,10.55,4.53,57.2,47.61,Pump A Running
2026-09-01T06:30:00+00:00,Running,1,2371.0,10.7,4.62,56.06,47.18,Pump A Running
2026-09-01T06:45:00+00:00,Running,1,2227.8,10.51,4.69,60.31,46.62,Pump A Running
2026-09-01T07:00:00+00:00,Running,1,2192.7,10.58,4.47,57.31,46.95,Pump A Running
2026-09-01T07:15:00+00:00,Running,1,2319.7,10.65,4.56,54.68,47.66,Pump A Running
2026-09-01T07:30:00+00:00,Running,1,2188.2,10.58,4.49,62.04,47.55,Pump A Running
2026-09-01T07:45:00+00:00,Running,1,2291.9,10.55,4.56,61.32,46.86,Pump A Running
2026-09-01T08:00:00+00:00,Running,1,2175.7,10.56,4.65,59.0,47.57,Pump A Running
2026-09-01T08:15:00+00:00,Running,1,2401.0,10.57,4.62,57.19,47.51,Pump A Running
2026-09-01T08:30:00+00:00,Running,1,2322.8,10.65,4.7,55.92,47.55,Pump A Running
2026-09-01T08:45:00+00:00,Running,1,2370.8,10.6,4.51,55.53,47.14,Pump A Running
2026-09-01T09:00:00+00:00,Running,1,2204.0,10.59,4.55,54.52,46.82,Pump A Running
2026-09-01T09:15:00+00:00,Running,1,2198.6,10.62,4.54,55.06,46.95,Pump A Running
2026-09-01T09:30:00+00:00,Running,1,2280.9,10.46,4.49,57.02,46.99,Pump A Running
2026-09-01T09:45:00+00:00,Running,1,2320.6,10.64,4.58,54.5,46.89,Pump A Running
2026-09-01T10:00:00+00:00,Running,1,2175.7,10.62,4.64,58.26,47.28,Pump A Running
2026-09-01T10:15:00+00:00,Running,1,2269.7,10.51,4.49,56.92,46.81,Pump A Running
2026-09-01T10:30:00+00:00,Running,1,2398.5,10.65,4.47,58.59,47.15,Pump A Running
2026-09-01T10:45:00+00:00,Running,1,2219.5,10.49,4.59,57.64,47.22,Pump A Running
2026-09-01T11:00:00+00:00,Running,1,2243.2,10.58,4.55,60.05,46.75,Pump A Running
2026-09-01T11:15:00+00:00,Running,1,2164.6,10.65,4.48,59.73,46.71,Pump A Running
2026-09-01T11:30:00+00:00,Running,1,2162.3,10.52,4.37,57.47,47.08,Pump A Running
2026-09-01T11:45:00+00:00,Running,1,2311.2,10.7,4.58,60.55,46.81,Pump A Running
2026-09-01T12:00:00+00:00,Running,1,2165.5,10.59,4.51,56.95,46.58,Pump A Running
2026-09-01T12:15:00+00:00,Running,1,2186.6,10.6,4.56,58.68,46.68,Pump A Running
2026-09-01T12:30:00+00:00,Running,1,2057.4,10.59,4.42,51.68,46.69,Pump A Running
2026-09-01T12:45:00+00:00,Running,1,2289.1,10.71,4.59,55.18,47.14,Pump A Running
2026-09-01T13:00:00+00:00,Running,1,2238.5,10.56,4.64,62.36,46.71,Pump A Running
2026-09-01T13:15:00+00:00,Running,1,2135.4,10.63,4.5,56.29,47.04,Pump A Running
2026-09-01T13:30:00+00:00,Running,1,2173.7,10.67,4.59,56.84,47.02,Pump A Running
2026-09-01T13:45:00+00:00,Running,1,2107.7,10.59,4.57,59.37,47.32,Pump A Running
2026-09-01T14:00:00+00:00,Running,1,2185.5,10.61,4.69,52.53,47.57,Pump A Running
2026-09-01T14:15:00+00:00,Running,1,2283.5,10.62,4.58,52.92,47.12,Pump A Running
2026-09-01T14:30:00+00:00,Running,1,2202.0,10.63,4.55,60.34,46.83,Pump A Running
2026-09-01T14:45:00+00:00,Running,1,2244.0,10.59,4.57,59.06,46.92,Pump A Running
2026-09-01T15:00:00+00:00,Running,1,2097.5,10.49,4.4,55.35,47.26,Pump A Running
2026-09-01T15:15:00+00:00,Running,1,2207.9,10.55,4.47,55.98,46.99,Pump A Running
2026-09-01T15:30:00+00:00,Running,1,2125.3,10.63,4.54,57.48,46.82,Pump A Running
2026-09-01T15:45:00+00:00,Running,1,2182.4,10.57,4.56,57.21,46.78,Pump A Running
2026-09-01T16:00:00+00:00,Running,1,2018.4,10.46,4.49,55.13,47.29,Pump A Running
2026-09-01T16:15:00+00:00,Running,1,2162.6,10.54,4.68,55.06,46.83,Pump A Running
2026-09-01T16:30:00+00:00,Running,1,2139.8,10.49,4.59,58.14,46.34,Pump A Running
2026-09-01T16:45:00+00:00,Running,1,2280.1,10.54,4.51,57.02,46.87,Pump A Running
2026-09-01T17:00:00+00:00,Running,1,2084.6,10.57,4.61,59.81,47.09,Pump A Running
2026-09-01T17:15:00+00:00,Running,1,2138.0,10.52,4.61,54.13,46.81,Pump A Running
2026-09-01T17:30:00+00:00,Running,1,2050.8,10.68,4.58,57.36,47.17,Pump A Running
2026-09-01T17:45:00+00:00,Running,1,2117.4,10.69,4.52,59.66,47.54,Pump A Running
2026-09-01T18:00:00+00:00,Running,1,2017.8,10.63,4.58,50.52,46.94,Pump A Running
2026-09-01T18:15:00+00:00,Running,1,2160.6,10.69,4.56,57.7,47.39,Pump A Running
2026-09-01T18:30:00+00:00,Running,1,2181.1,10.51,4.66,54.05,46.31,Pump A Running
2026-09-01T18:45:00+00:00,Running,1,2171.9,10.54,4.4,55.93,46.8,Pump A Running
2026-09-01T19:00:00+00:00,Running,1,2116.1,10.64,4.53,57.58,46.66,Pump A Running
2026-09-01T19:15:00+00:00,Running,1,2108.6,10.62,4.6,57.26,46.24,Pump A Running
2026-09-01T19:30:00+00:00,Running,1,2100.3,10.65,4.47,58.41,46.91,Pump A Running
2026-09-01T19:45:00+00:00,Running,1,2337.2,10.67,4.49,58.65,46.87,Pump A Running
2026-09-01T20:00:00+00:00,Running,1,2397.2,10.45,4.61,56.63,47.83,Pump A Running
2026-09-01T20:15:00+00:00,Running,1,2044.4,10.43,4.39,57.53,46.54,Pump A Running
2026-09-01T20:30:00+00:00,Running,1,2060.1,10.58,4.67,52.85,47.15,Pump A Running
2026-09-01T20:45:00+00:00,Running,1,2160.8,10.63,4.58,58.19,47.41,Pump A Running
2026-09-01T21:00:00+00:00,Running,1,2239.9,10.52,4.41,58.07,46.7,Pump A Running
2026-09-01T21:15:00+00:00,Running,1,2009.3,10.66,4.49,57.81,46.66,Pump A Running
2026-09-01T21:30:00+00:00,Running,1,2191.0,10.49,4.56,63.49,47.44,Pump A Running
2026-09-01T21:45:00+00:00,Running,1,2099.5,10.47,4.45,55.18,46.8,Pump A Running
2026-09-01T22:00:00+00:00,Running,1,2255.5,10.54,4.61,59.13,46.52,Pump A Running
2026-09-01T22:15:00+00:00,Running,1,2095.7,10.61,4.59,54.95,46.9,Pump A Running
2026-09-01T22:30:00+00:00,Running,1,2182.4,10.63,4.64,57.08,46.89,Pump A Running
2026-09-01T22:45:00+00:00,Running,1,2129.1,10.52,4.45,57.42,47.13,Pump A Running
2026-09-01T23:00:00+00:00,Running,1,2289.6,10.44,4.62,58.04,46.58,Pump A Running
2026-09-01T23:15:00+00:00,Running,1,2215.7,10.61,4.54,56.23,47.39,Pump A Running
2026-09-01T23:30:00+00:00,Running,1,2284.1,10.54,4.53,57.64,47.57,Pump A Running
2026-09-01T23:45:00+00:00,Running,1,2090.0,10.59,4.65,56.71,46.94,Pump A Running
2026-09-02T00:00:00+00:00,Running,1,2111.5,10.54,4.62,58.22,46.93,Pump A Running
2026-09-02T00:15:00+00:00,Running,1,2311.5,10.62,4.48,55.46,46.48,Pump A Running
2026-09-02T00:30:00+00:00,Running,1,2196.5,10.59,4.46,57.67,46.88,Pump A Running
2026-09-02T00:45:00+00:00,Running,1,2134.1,10.56,4.4,61.69,46.66,Pump A Running
2026-09-02T01:00:00+00:00,Running,1,2115.4,10.59,4.72,57.28,47.07,Pump A Running
2026-09-02T01:15:00+00:00,Running,1,2131.3,10.63,4.64,54.44,46.6,Pump A Running
2026-09-02T01:30:00+00:00,Running,1,2220.9,10.72,4.39,51.48,46.7,Pump A Running
2026-09-02T01:45:00+00:00,Running,1,2135.4,10.64,4.36,56.49,46.77,Pump A Running
2026-09-02T02:00:00+00:00,Stopped,0,0.0,0.0,0.2,0.0,29.37,Pumps Stopped
2026-09-02T02:15:00+00:00,Stopped,0,0.0,0.0,0.13,0.0,28.64,Pumps Stopped
2026-09-02T02:30:00+00:00,Stopped,0,0.0,0.0,0.13,0.0,28.66,Pumps Stopped
2026-09-02T02:45:00+00:00,Stopped,0,0.0,0.0,0.14,0.0,29.32,Pumps Stopped
2026-09-02T03:00:00+00:00,Stopped,0,0.0,0.0,0.15,0.0,28.43,Pumps Stopped
2026-09-02T03:15:00+00:00,Stopped,0,0.0,0.0,0.2,0.0,29.15,Pumps Stopped
2026-09-02T03:30:00+00:00,Running,1,2311.0,10.66,4.57,60.67,47.06,Pump A Running
2026-09-02T03:45:00+00:00,Running,1,2216.7,10.57,4.6,57.23,47.41,Pump A Running
2026-09-02T04:00:00+00:00,Running,1,2174.5,10.76,4.48,56.69,47.16,Pump A Running
2026-09-02T04:15:00+00:00,Running,1,2195.2,10.56,4.37,50.33,47.94,Pump A Running
2026-09-02T04:30:00+00:00,Running,1,2308.0,10.53,4.44,60.37,47.28,Pump A Running
2026-09-02T04:45:00+00:00,Running,1,2361.5,10.59,4.48,59.33,47.54,Pump A Running
2026-09-02T05:00:00+00:00,Running,1,2293.7,10.46,4.55,53.97,46.6,Pump A Running
2026-09-02T05:15:00+00:00,Running,1,2379.6,10.72,4.71,59.31,46.46,Pump A Running
2026-09-02T05:30:00+00:00,Running,1,2165.3,10.59,4.66,59.86,47.29,Pump A Running
2026-09-02T05:45:00+00:00,Running,1,2149.0,10.61,4.47,55.95,47.35,Pump A Running
2026-09-02T06:00:00+00:00,Running,1,2165.6,10.6,4.53,59.98,47.12,Pump A Running
2026-09-02T06:15:00+00:00,Running,1,2337.1,10.52,4.57,58.29,46.82,Pump A Running
2026-09-02T06:30:00+00:00,Running,1,2344.8,10.63,4.47,55.28,47.14,Pump A Running
2026-09-02T06:45:00+00:00,Running,1,2177.9,10.53,4.77,55.44,47.63,Pump A Running
2026-09-02T07:00:00+00:00,Running,1,2339.0,10.57,4.49,57.3,47.44,Pump A Running
2026-09-02T07:15:00+00:00,Running,1,2190.8,10.68,4.5,56.32,47.17,Pump A Running
2026-09-02T07:30:00+00:00,Running,1,2433.4,10.6,4.56,55.69,47.19,Pump A Running
2026-09-02T07:45:00+00:00,Running,1,2381.8,10.62,4.47,57.51,48.08,Pump A Running
2026-09-02T08:00:00+00:00,Running,1,2465.6,10.53,4.43,59.01,47.36,Pump A Running
2026-09-02T08:15:00+00:00,Running,1,2253.7,10.6,4.58,57.6,46.91,Pump A Running
2026-09-02T08:30:00+00:00,Running,1,2280.4,10.51,4.55,55.5,47.73,Pump A Running
2026-09-02T08:45:00+00:00,Running,1,2413.8,10.57,4.57,56.09,47.04,Pump A Running
2026-09-02T09:00:00+00:00,Running,1,2464.4,10.64,4.5,54.36,47.37,Pump A Running
2026-09-02T09:15:00+00:00,Running,1,2514.6,10.53,4.54,59.48,47.23,Pump A Running
2026-09-02T09:30:00+00:00,Running,1,2325.8,10.68,4.51,55.5,47.74,Pump A Running
2026-09-02T09:45:00+00:00,Running,1,2433.3,10.61,4.37,54.85,47.87,Pump A Running
2026-09-02T10:00:00+00:00,Running,1,2387.0,10.6,4.65,54.35,47.7,Pump A Running
2026-09-02T10:15:00+00:00,Running,1,2349.4,10.59,4.53,54.62,47.33,Pump A Running
2026-09-02T10:30:00+00:00,Running,1,2488.3,10.57,4.68,60.63,47.65,Pump A Running
2026-09-02T10:45:00+00:00,Running,1,2577.1,10.64,4.6,60.31,47.56,Pump A Running
2026-09-02T11:00:00+00:00,Running,1,2396.5,10.57,4.38,55.52,47.25,Pump A Running
2026-09-02T11:15:00+00:00,Running,1,2410.1,10.57,4.46,53.65,47.17,Pump A Running
2026-09-02T11:30:00+00:00,Running,1,2437.7,10.63,4.65,56.47,47.6,Pump A Running
2026-09-02T11:45:00+00:00,Running,1,2564.6,10.58,4.49,56.23,47.22,Pump A Running
2026-09-02T12:00:00+00:00,Running,1,2395.9,10.56,4.54,54.33,47.36,Pump A Running
2026-09-02T12:15:00+00:00,Running,1,2490.4,10.59,4.44,49.68,48.34,Pump A Running
2026-09-02T12:30:00+00:00,Running,1,2512.2,10.63,4.52,58.86,47.57,Pump A Running
2026-09-02T12:45:00+00:00,Running,1,2497.1,10.52,4.6,61.6,47.96,Pump A Running
2026-09-02T13:00:00+00:00,Running,1,2526.5,10.69,4.5,60.84,47.48,Pump A Running
2026-09-02T13:15:00+00:00,Running,1,2489.9,10.53,4.56,58.01,46.92,Pump A Running
2026-09-02T13:30:00+00:00,Running,1,2585.3,10.67,4.57,62.11,47.4,Pump A Running
2026-09-02T13:45:00+00:00,Running,1,2391.2,10.6,4.63,58.74,47.79,Pump A Running
2026-09-02T14:00:00+00:00,Running,1,2603.9,10.54,4.55,55.18,47.27,Pump A Running
2026-09-02T14:15:00+00:00,Running,1,2460.7,10.62,4.57,59.08,47.26,Pump A Running
2026-09-02T14:30:00+00:00,Running,1,2455.7,10.49,4.54,58.51,46.72,Pump A Running
2026-09-02T14:45:00+00:00,Running,1,2529.8,10.5,4.43,55.69,47.03,Pump A Running
2026-09-02T15:00:00+00:00,Running,1,2414.7,10.62,4.63,56.03,47.66,Pump A Running
2026-09-02T15:15:00+00:00,Running,1,2546.1,10.68,4.66,56.6,47.77,Pump A Running
2026-09-02T15:30:00+00:00,Running,1,2632.0,10.63,4.55,61.48,47.82,Pump A Running
2026-09-02T15:45:00+00:00,Running,1,2464.3,10.63,4.4,54.83,48.1,Pump A Running
2026-09-02T16:00:00+00:00,Running,1,2485.9,10.53,4.52,53.11,47.42,Pump A Running
2026-09-02T16:15:00+00:00,Running,1,2735.6,10.54,4.65,58.63,47.45,Pump A Running
2026-09-02T16:30:00+00:00,Running,1,2441.5,10.66,4.45,54.89,47.81,Pump A Running
2026-09-02T16:45:00+00:00,Running,1,2685.1,10.59,4.38,53.79,47.52,Pump A Running
2026-09-02T17:00:00+00:00,Running,1,2528.0,10.41,4.64,57.72,47.5,Pump A Running
2026-09-02T17:15:00+00:00,Running,1,2588.4,10.63,4.58,52.85,47.04,Pump A Running
2026-09-02T17:30:00+00:00,Running,1,2623.7,10.59,4.59,58.9,47.51,Pump A Running
2026-09-02T17:45:00+00:00,Running,1,2597.8,10.62,4.63,52.61,47.44,Pump A Running
2026-09-02T18:00:00+00:00,Running,1,2611.8,10.68,4.63,56.02,47.36,Pump A Running
2026-09-02T18:15:00+00:00,Running,1,2601.5,10.6,4.58,61.23,48.28,Pump A Running
2026-09-02T18:30:00+00:00,Running,1,2737.7,10.66,4.51,59.13,47.39,Pump A Running
2026-09-02T18:45:00+00:00,Running,1,2607.9,10.58,4.42,57.59,47.15,Pump A Running
2026-09-02T19:00:00+00:00,Running,1,2655.4,10.61,4.43,55.48,47.94,Pump A Running
2026-09-02T19:15:00+00:00,Running,1,2812.8,10.82,4.48,55.95,48.18,Pump A Running
2026-09-02T19:30:00+00:00,Running,1,2742.8,10.65,4.44,56.18,47.43,Pump A Running
2026-09-02T19:45:00+00:00,Running,1,2734.1,10.52,4.44,55.43,47.13,Pump A Running
2026-09-02T20:00:00+00:00,Running,1,2489.0,10.51,4.54,56.84,47.47,Pump A Running
2026-09-02T20:15:00+00:00,Running,1,2699.9,10.63,4.47,56.19,47.32,Pump A Running
2026-09-02T20:30:00+00:00,Running,1,2775.3,10.52,4.53,62.32,47.74,Pump A Running
2026-09-02T20:45:00+00:00,Running,1,2637.2,10.45,4.64,60.05,47.85,Pump A Running
2026-09-02T21:00:00+00:00,Running,1,2554.0,10.53,4.52,56.84,47.75,Pump A Running
2026-09-02T21:15:00+00:00,Running,1,2591.5,10.57,4.46,58.57,47.2,Pump A Running
2026-09-02T21:30:00+00:00,Running,1,2756.3,10.6,4.46,57.81,47.37,Pump A Running
2026-09-02T21:45:00+00:00,Running,1,2725.0,10.51,4.58,60.22,47.52,Pump A Running
2026-09-02T22:00:00+00:00,Running,1,2637.3,10.56,4.66,56.0,48.14,Pump A Running
2026-09-02T22:15:00+00:00,Running,1,2711.3,10.67,4.54,58.71,48.04,Pump A Running
2026-09-02T22:30:00+00:00,Running,1,2838.2,10.6,4.46,61.98,47.48,Pump A Running
2026-09-02T22:45:00+00:00,Running,1,2644.6,10.61,4.56,58.69,47.83,Pump A Running
2026-09-02T23:00:00+00:00,Running,1,2754.5,10.43,4.6,58.39,47.68,Pump A Running
2026-09-02T23:15:00+00:00,Running,1,2623.3,10.57,4.49,56.05,47.65,Pump A Running
2026-09-02T23:30:00+00:00,Running,1,2701.8,10.54,4.53,54.8,47.58,Pump A Running
2026-09-02T23:45:00+00:00,Running,1,2688.4,10.62,4.57,60.3,48.41,Pump A Running
2026-09-03T00:00:00+00:00,Running,1,2801.9,10.52,4.52,56.71,47.69,Pump A Running
2026-09-03T00:15:00+00:00,Running,1,2678.5,10.7,4.58,52.65,48.16,Pump A Running
2026-09-03T00:30:00+00:00,Running,1,2750.6,10.66,4.46,56.49,47.85,Pump A Running
2026-09-03T00:45:00+00:00,Running,1,2686.5,10.64,4.54,58.67,47.96,Pump A Running
2026-09-03T01:00:00+00:00,Running,1,2730.3,10.62,4.52,54.83,48.04,Pump A Running
2026-09-03T01:15:00+00:00,Running,1,2756.1,10.55,4.51,63.43,47.87,Pump A Running
2026-09-03T01:30:00+00:00,Running,1,2925.7,10.6,4.57,58.91,48.36,Pump A Running
2026-09-03T01:45:00+00:00,Running,1,2784.9,10.48,4.55,60.36,47.88,Pump A Running
2026-09-03T02:00:00+00:00,Stopped,0,0.0,0.0,0.17,0.0,29.56,Pumps Stopped
2026-09-03T02:15:00+00:00,Stopped,0,0.0,0.0,0.14,0.0,29.24,Pumps Stopped
2026-09-03T02:30:00+00:00,Stopped,0,0.0,0.0,0.15,0.0,29.01,Pumps Stopped
2026-09-03T02:45:00+00:00,Stopped,0,0.0,0.0,0.19,0.0,28.54,Pumps Stopped
2026-09-03T03:00:00+00:00,Stopped,0,0.0,0.0,0.14,0.0,29.69,Pumps Stopped
2026-09-03T03:15:00+00:00,Stopped,0,0.0,0.0,0.22,0.0,28.96,Pumps Stopped
2026-09-03T03:30:00+00:00,Running,1,2789.3,10.56,4.48,51.76,47.74,Pump A Running
2026-09-03T03:45:00+00:00,Running,1,2655.3,10.61,4.51,59.41,47.87,Pump A Running
2026-09-03T04:00:00+00:00,Running,1,2754.7,10.5,4.5,59.94,47.53,Pump A Running
2026-09-03T04:15:00+00:00,Running,1,2909.6,10.53,4.54,55.73,47.88,Pump A Running
2026-09-03T04:30:00+00:00,Running,1,2718.1,10.53,4.6,55.87,47.98,Pump A Running
2026-09-03T04:45:00+00:00,Running,1,2770.7,10.63,4.53,56.7,48.04,Pump A Running
2026-09-03T05:00:00+00:00,Running,1,2816.2,10.47,4.57,57.39,47.73,Pump A Running
2026-09-03T05:15:00+00:00,Running,1,2738.0,10.6,4.47,56.4,48.19,Pump A Running
2026-09-03T05:30:00+00:00,Running,1,2757.2,10.55,4.53,55.88,47.56,Pump A Running
2026-09-03T05:45:00+00:00,Running,1,2647.3,10.63,4.44,55.25,47.86,Pump A Running
2026-09-03T06:00:00+00:00,Running,1,2612.4,10.6,4.35,54.1,47.43,Pump A Running
2026-09-03T06:15:00+00:00,Running,1,2591.6,10.56,4.49,54.3,48.17,Pump A Running
2026-09-03T06:30:00+00:00,Running,1,3008.6,10.56,4.46,57.77,47.24,Pump A Running
2026-09-03T06:45:00+00:00,Running,1,2904.3,10.53,4.58,52.8,47.86,Pump A Running
2026-09-03T07:00:00+00:00,Running,1,2650.2,10.56,4.4,59.49,48.6,Pump A Running
2026-09-03T07:15:00+00:00,Running,1,2687.8,10.57,4.65,58.99,48.14,Pump A Running
2026-09-03T07:30:00+00:00,Running,1,2693.7,10.67,4.47,57.41,47.94,Pump A Running
2026-09-03T07:45:00+00:00,Running,1,2825.8,10.68,4.45,54.34,47.91,Pump A Running
2026-09-03T08:00:00+00:00,Running,1,2693.0,10.65,4.51,58.58,48.29,Pump A Running
2026-09-03T08:15:00+00:00,Running,1,2876.7,10.65,4.49,52.36,47.81,Pump A Running
2026-09-03T08:30:00+00:00,Running,1,2663.6,10.66,4.43,60.91,47.84,Pump A Running
2026-09-03T08:45:00+00:00,Running,1,2674.1,10.58,4.29,54.02,48.12,Pump A Running
2026-09-03T09:00:00+00:00,Running,1,2810.3,10.64,4.63,55.16,47.49,Pump A Running
2026-09-03T09:15:00+00:00,Running,1,2806.7,10.55,4.53,52.39,47.82,Pump A Running
2026-09-03T09:30:00+00:00,Running,1,2677.1,10.65,4.46,59.42,47.23,Pump A Running
2026-09-03T09:45:00+00:00,Running,1,2720.0,10.53,4.44,54.61,46.85,Pump A Running
2026-09-03T10:00:00+00:00,Running,1,2554.8,10.58,4.52,54.06,47.72,Pump A Running
2026-09-03T10:15:00+00:00,Running,1,2748.7,10.7,4.44,51.26,47.62,Pump A Running
2026-09-03T10:30:00+00:00,Running,1,2701.9,10.62,4.59,55.21,47.8,Pump A Running
2026-09-03T10:45:00+00:00,Running,1,2814.1,10.64,4.46,53.87,47.92,Pump A Running
2026-09-03T11:00:00+00:00,Running,1,2775.4,10.63,4.56,55.42,47.33,Pump A Running
2026-09-03T11:15:00+00:00,Running,1,2717.9,10.61,4.55,55.39,47.57,Pump A Running
2026-09-03T11:30:00+00:00,Running,1,2717.7,10.66,4.48,56.67,47.28,Pump A Running
2026-09-03T11:45:00+00:00,Running,1,2718.1,10.53,4.48,55.81,48.62,Pump A Running
2026-09-03T12:00:00+00:00,Running,1,2629.6,10.53,4.48,57.41,47.79,Pump A Running
2026-09-03T12:15:00+00:00,Running,1,2722.2,10.66,4.45,53.45,47.87,Pump A Running
2026-09-03T12:30:00+00:00,Running,1,2664.3,10.66,4.55,59.5,47.96,Pump A Running
2026-09-03T12:45:00+00:00,Running,1,2583.5,10.72,4.38,58.53,47.81,Pump A Running
2026-09-03T13:00:00+00:00,Running,1,2769.8,10.67,4.45,58.84,47.59,Pump A Running
2026-09-03T13:15:00+00:00,Running,1,2738.6,10.58,4.6,59.07,47.19,Pump A Running
2026-09-03T13:30:00+00:00,Running,1,2557.5,10.56,4.63,57.61,47.78,Pump A Running
2026-09-03T13:45:00+00:00,Running,1,2710.8,10.5,4.63,54.93,47.04,Pump A Running
2026-09-03T14:00:00+00:00,Running,1,2692.3,10.58,4.54,56.33,47.34,Pump A Running
2026-09-03T14:15:00+00:00,Running,1,2688.2,10.57,4.57,57.87,47.81,Pump A Running
2026-09-03T14:30:00+00:00,Running,1,2664.8,10.53,4.51,53.55,47.05,Pump A Running
2026-09-03T14:45:00+00:00,Running,1,2610.9,10.58,4.47,55.11,48.12,Pump A Running
2026-09-03T15:00:00+00:00,Running,1,2691.4,10.48,4.56,58.49,47.28,Pump A Running
2026-09-03T15:15:00+00:00,Running,1,2641.4,10.63,4.51,52.65,47.96,Pump A Running
2026-09-03T15:30:00+00:00,Running,1,2631.0,10.58,4.63,60.52,47.59,Pump A Running
2026-09-03T15:45:00+00:00,Running,1,2650.9,10.69,4.51,58.39,46.87,Pump A Running
2026-09-03T16:00:00+00:00,Running,1,2543.4,10.59,4.61,54.78,48.03,Pump A Running
2026-09-03T16:15:00+00:00,Running,1,2545.5,10.64,4.51,54.35,47.0,Pump A Running
2026-09-03T16:30:00+00:00,Running,1,2554.8,10.51,4.43,58.07,47.54,Pump A Running
2026-09-03T16:45:00+00:00,Running,1,2528.7,10.6,4.38,58.72,47.03,Pump A Running
2026-09-03T17:00:00+00:00,Running,1,2594.7,10.57,4.43,53.68,48.17,Pump A Running
2026-09-03T17:15:00+00:00,Running,1,2614.8,10.49,4.6,53.71,47.53,Pump A Running
2026-09-03T17:30:00+00:00,Running,1,2479.1,10.57,4.53,56.38,47.65,Pump A Running
2026-09-03T17:45:00+00:00,Running,1,2581.0,10.6,4.7,60.65,47.83,Pump A Running
2026-09-03T18:00:00+00:00,Running,1,2304.0,10.63,4.62,52.47,47.11,Pump A Running
2026-09-03T18:15:00+00:00,Running,1,2393.8,10.56,4.38,52.5,47.84,Pump A Running
2026-09-03T18:30:00+00:00,Running,1,2645.6,10.52,4.44,52.79,48.18,Pump A Running
2026-09-03T18:45:00+00:00,Running,1,2513.6,10.58,4.51,59.13,48.4,Pump A Running
2026-09-03T19:00:00+00:00,Running,1,2623.3,10.67,4.56,55.49,47.94,Pump A Running
2026-09-03T19:15:00+00:00,Running,1,2350.0,10.72,4.44,58.72,47.11,Pump A Running
2026-09-03T19:30:00+00:00,Running,1,2585.0,10.59,4.57,58.62,47.87,Pump A Running
2026-09-03T19:45:00+00:00,Running,1,2476.0,10.56,4.44,57.12,47.9,Pump A Running
2026-09-03T20:00:00+00:00,Running,1,2573.5,10.68,4.5,54.4,46.79,Pump A Running
2026-09-03T20:15:00+00:00,Running,1,2500.6,10.58,4.53,55.12,46.75,Pump A Running
2026-09-03T20:30:00+00:00,Running,1,2538.6,10.6,4.35,53.33,47.0,Pump A Running
2026-09-03T20:45:00+00:00,Running,1,2570.8,10.55,4.56,55.55,47.58,Pump A Running
2026-09-03T21:00:00+00:00,Running,1,2397.2,10.51,4.53,61.65,46.98,Pump A Running
2026-09-03T21:15:00+00:00,Running,1,2477.3,10.62,4.39,57.4,47.66,Pump A Running
2026-09-03T21:30:00+00:00,Running,1,2269.9,10.6,4.51,57.11,47.46,Pump A Running
2026-09-03T21:45:00+00:00,Running,1,2351.6,10.5,4.44,55.52,47.12,Pump A Running
2026-09-03T22:00:00+00:00,Running,1,2455.9,10.6,4.53,58.31,47.75,Pump A Running
2026-09-03T22:15:00+00:00,Running,1,2354.5,10.64,4.54,52.79,47.04,Pump A Running
2026-09-03T22:30:00+00:00,Running,1,2544.6,10.59,4.53,61.4,47.05,Pump A Running
2026-09-03T22:45:00+00:00,Running,1,2412.1,10.54,4.55,59.39,47.41,Pump A Running
2026-09-03T23:00:00+00:00,Running,1,2523.9,10.62,4.48,57.96,47.45,Pump A Running
2026-09-03T23:15:00+00:00,Running,1,2354.7,10.67,4.47,56.68,47.14,Pump A Running
2026-09-03T23:30:00+00:00,Running,1,2305.9,10.75,4.56,57.71,47.02,Pump A Running
2026-09-03T23:45:00+00:00,Stopped,0,0.0,0.0,0.16,0.0,28.84,Pumps Stopped
2026-09-04T00:00:00+00:00,Stopped,0,0.0,0.0,0.16,0.0,28.77,Pumps Stopped
2026-09-04T00:15:00+00:00,Stopped,0,0.0,0.0,0.12,0.0,29.12,Pumps Stopped
2026-09-04T00:30:00+00:00,Stopped,0,0.0,0.0,0.15,0.0,28.74,Pumps Stopped
2026-09-04T00:45:00+00:00,Running,1,2528.4,10.6,4.49,55.8,48.41,Pump A Running
2026-09-04T01:00:00+00:00,Running,1,2262.9,10.54,4.46,56.88,47.4,Pump A Running
2026-09-04T01:15:00+00:00,Running,1,2369.9,10.51,4.59,63.13,47.33,Pump A Running
2026-09-04T01:30:00+00:00,Running,1,2410.7,10.59,4.46,58.09,47.67,Pump A Running
2026-09-04T01:45:00+00:00,Running,1,2279.5,10.65,4.46,54.17,46.88,Pump A Running
2026-09-04T02:00:00+00:00,Stopped,0,0.0,0.0,0.15,0.0,29.31,Pumps Stopped
2026-09-04T02:15:00+00:00,Stopped,0,0.0,0.0,0.15,0.0,29.11,Pumps Stopped
2026-09-04T02:30:00+00:00,Stopped,0,0.0,0.0,0.18,0.0,28.54,Pumps Stopped
2026-09-04T02:45:00+00:00,Stopped,0,0.0,0.0,0.13,0.0,29.02,Pumps Stopped
2026-09-04T03:00:00+00:00,Stopped,0,0.0,0.0,0.15,0.0,29.26,Pumps Stopped
2026-09-04T03:15:00+00:00,Stopped,0,0.0,0.0,0.17,0.0,28.82,Pumps Stopped
2026-09-04T03:30:00+00:00,Running,1,2230.9,10.48,4.34,64.31,47.49,Pump A Running
2026-09-04T03:45:00+00:00,Running,1,2322.0,10.64,4.51,55.69,47.64,Pump A Running
2026-09-04T04:00:00+00:00,Running,1,2337.7,10.53,4.48,56.53,47.34,Pump A Running
2026-09-04T04:15:00+00:00,Running,1,2224.5,10.6,4.46,54.62,47.4,Pump A Running
2026-09-04T04:30:00+00:00,Running,1,2423.5,10.58,4.43,57.39,47.12,Pump A Running
2026-09-04T04:45:00+00:00,Running,1,2290.8,10.57,4.55,53.55,47.13,Pump A Running
2026-09-04T05:00:00+00:00,Running,1,2407.0,10.71,4.45,61.12,47.77,Pump A Running
2026-09-04T05:15:00+00:00,Running,1,2305.9,10.74,4.51,60.08,46.99,Pump A Running
2026-09-04T05:30:00+00:00,Running,1,2360.9,10.67,4.52,61.57,47.4,Pump A Running
2026-09-04T05:45:00+00:00,Running,1,2300.6,10.48,4.28,51.41,47.9,Pump A Running
2026-09-04T06:00:00+00:00,Running,1,1942.2,10.67,4.57,57.95,47.21,Pump A Running
2026-09-04T06:15:00+00:00,Running,1,2227.4,10.58,4.42,56.68,47.09,Pump A Running
2026-09-04T06:30:00+00:00,Running,1,2247.5,10.46,4.48,56.36,47.59,Pump A Running
2026-09-04T06:45:00+00:00,Running,1,2152.7,10.51,4.44,59.75,47.45,Pump A Running
2026-09-04T07:00:00+00:00,Running,1,2161.4,10.56,4.63,58.41,47.32,Pump A Running
2026-09-04T07:15:00+00:00,Running,1,2124.3,10.68,4.48,60.14,47.3,Pump A Running
2026-09-04T07:30:00+00:00,Running,1,2284.0,10.52,4.58,56.85,46.95,Pump A Running
2026-09-04T07:45:00+00:00,Running,1,2289.8,10.61,4.54,55.69,48.01,Pump A Running
2026-09-04T08:00:00+00:00,Running,1,2226.2,10.65,4.6,55.05,47.67,Pump A Running
2026-09-04T08:15:00+00:00,Running,1,2133.9,10.53,4.5,61.41,46.77,Pump A Running
2026-09-04T08:30:00+00:00,Running,1,2217.8,10.67,4.64,57.09,47.66,Pump A Running
2026-09-04T08:45:00+00:00,Running,1,2205.3,10.65,4.52,60.91,47.37,Pump A Running
2026-09-04T09:00:00+00:00,Running,1,2107.2,10.55,4.48,59.28,47.13,Pump A Running
2026-09-04T09:15:00+00:00,Running,1,2247.1,10.66,4.52,54.69,47.66,Pump A Running
2026-09-04T09:30:00+00:00,Running,1,2299.1,10.54,4.48,64.29,47.32,Pump A Running
2026-09-04T09:45:00+00:00,Running,1,2124.7,10.64,4.58,52.27,47.81,Pump A Running
2026-09-04T10:00:00+00:00,Running,1,2094.1,10.63,4.46,60.15,47.06,Pump A Running
2026-09-04T10:15:00+00:00,Running,1,2055.9,10.61,4.59,53.51,47.27,Pump A Running
2026-09-04T10:30:00+00:00,Running,1,2290.0,10.54,4.55,61.12,47.51,Pump A Running
2026-09-04T10:45:00+00:00,Running,1,2102.2,10.49,4.36,56.26,47.57,Pump A Running
2026-09-04T11:00:00+00:00,Running,1,2026.1,10.66,4.53,58.98,46.72,Pump A Running
2026-09-04T11:15:00+00:00,Running,1,2022.1,10.6,4.48,59.64,47.35,Pump A Running
2026-09-04T11:30:00+00:00,Running,1,2068.2,10.57,4.54,56.9,47.13,Pump A Running
2026-09-04T11:45:00+00:00,Running,1,2295.7,10.5,4.56,53.98,47.14,Pump A Running
2026-09-04T12:00:00+00:00,Running,1,2143.1,10.62,4.44,58.57,46.84,Pump A Running
2026-09-04T12:15:00+00:00,Running,1,2150.4,10.63,4.69,53.54,47.21,Pump A Running
2026-09-04T12:30:00+00:00,Running,1,2121.7,10.56,4.53,63.49,46.74,Pump A Running
2026-09-04T12:45:00+00:00,Running,1,2176.1,10.61,4.5,53.34,47.33,Pump A Running
2026-09-04T13:00:00+00:00,Running,1,2105.1,10.64,4.28,55.12,47.47,Pump A Running
2026-09-04T13:15:00+00:00,Running,1,2137.7,10.76,4.31,53.2,47.75,Pump A Running
2026-09-04T13:30:00+00:00,Running,1,2112.1,10.64,4.57,54.88,46.91,Pump A Running
2026-09-04T13:45:00+00:00,Running,1,2179.7,10.57,4.56,52.74,47.24,Pump A Running
2026-09-04T14:00:00+00:00,Running,1,2199.8,10.68,4.41,56.25,47.81,Pump A Running
2026-09-04T14:15:00+00:00,Running,1,2238.9,10.51,4.36,55.87,47.59,Pump A Running
2026-09-04T14:30:00+00:00,Running,1,2213.7,10.67,4.54,46.55,47.53,Pump A Running
2026-09-04T14:45:00+00:00,Running,1,2203.4,10.64,4.38,61.78,47.14,Pump A Running
2026-09-04T15:00:00+00:00,Running,1,1949.0,10.65,4.64,59.07,47.02,Pump A Running
2026-09-04T15:15:00+00:00,Running,1,2304.4,10.64,4.46,59.25,47.12,Pump A Running
2026-09-04T15:30:00+00:00,Running,1,2342.7,10.54,4.51,53.13,47.83,Pump A Running
2026-09-04T15:45:00+00:00,Running,1,2106.2,10.65,4.43,56.69,47.27,Pump A Running
2026-09-04T16:00:00+00:00,Running,1,2047.7,10.54,4.35,59.24,46.84,Pump A Running
2026-09-04T16:15:00+00:00,Running,1,2035.5,10.55,4.55,48.51,47.27,Pump A Running
2026-09-04T16:30:00+00:00,Running,1,2007.3,10.66,4.41,53.01,47.11,Pump A Running
2026-09-04T16:45:00+00:00,Running,1,2318.2,10.59,4.55,55.45,47.28,Pump A Running
2026-09-04T17:00:00+00:00,Running,1,2268.8,10.53,4.48,56.54,47.38,Pump A Running
2026-09-04T17:15:00+00:00,Running,1,2357.8,10.51,4.49,52.14,47.22,Pump A Running
2026-09-04T17:30:00+00:00,Running,1,2024.8,10.63,4.4,60.19,46.73,Pump A Running
2026-09-04T17:45:00+00:00,Running,1,2275.5,10.59,4.44,56.64,47.42,Pump A Running
2026-09-04T18:00:00+00:00,Running,1,2219.9,10.59,4.58,56.28,47.49,Pump A Running
2026-09-04T18:15:00+00:00,Running,1,2050.8,10.69,4.56,56.18,47.1,Pump A Running
2026-09-04T18:30:00+00:00,Running,1,2138.9,10.47,4.55,52.19,47.18,Pump A Running
2026-09-04T18:45:00+00:00,Running,1,2038.0,10.59,4.47,57.55,47.76,Pump A Running
2026-09-04T19:00:00+00:00,Running,1,2281.1,10.59,4.34,60.74,47.95,Pump A Running
2026-09-04T19:15:00+00:00,Running,1,2196.7,10.59,4.53,58.85,47.19,Pump A Running
2026-09-04T19:30:00+00:00,Running,1,2340.1,10.67,4.45,55.58,47.39,Pump A Running
2026-09-04T19:45:00+00:00,Running,1,2365.7,10.56,4.55,57.96,46.89,Pump A Running
2026-09-04T20:00:00+00:00,Running,1,2144.3,10.54,4.5,57.34,46.88,Pump A Running
2026-09-04T20:15:00+00:00,Running,1,2183.6,10.62,4.32,59.99,47.09,Pump A Running
2026-09-04T20:30:00+00:00,Running,1,2229.0,10.6,4.46,55.19,47.48,Pump A Running
2026-09-04T20:45:00+00:00,Running,1,2144.2,10.57,4.52,60.34,46.96,Pump A Running
2026-09-04T21:00:00+00:00,Running,1,2211.4,10.64,4.52,54.93,46.81,Pump A Running
2026-09-04T21:15:00+00:00,Running,1,2143.5,10.58,4.55,55.73,46.74,Pump A Running
2026-09-04T21:30:00+00:00,Running,1,2198.4,10.58,4.36,56.37,46.76,Pump A Running
2026-09-04T21:45:00+00:00,Running,1,2094.0,10.68,4.42,57.81,47.54,Pump A Running
2026-09-04T22:00:00+00:00,Running,1,2308.2,10.6,4.42,53.7,47.2,Pump A Running
2026-09-04T22:15:00+00:00,Running,1,1958.9,10.63,4.41,61.04,46.85,Pump A Running
2026-09-04T22:30:00+00:00,Running,1,2164.0,10.55,4.44,57.03,46.46,Pump A Running
2026-09-04T22:45:00+00:00,Running,1,2309.5,10.58,4.5,50.36,47.78,Pump A Running
2026-09-04T23:00:00+00:00,Running,1,2239.2,10.59,4.43,54.02,46.91,Pump A Running
2026-09-04T23:15:00+00:00,Running,1,2223.8,10.56,4.43,56.93,47.48,Pump A Running
2026-09-04T23:30:00+00:00,Running,1,2131.0,10.55,4.56,55.0,47.43,Pump A Running
2026-09-04T23:45:00+00:00,Running,1,2207.8,10.7,4.46,58.2,47.83,Pump A Running
2026-09-05T00:00:00+00:00,Running,1,2162.0,10.5,4.32,58.48,47.27,Pump A Running
2026-09-05T00:15:00+00:00,Running,1,2291.9,10.59,4.56,55.46,46.78,Pump A Running
2026-09-05T00:30:00+00:00,Running,1,2207.9,10.6,4.43,56.62,47.68,Pump A Running
2026-09-05T00:45:00+00:00,Running,1,2186.5,10.56,4.69,56.64,47.88,Pump A Running
2026-09-05T01:00:00+00:00,Running,1,2187.2,10.64,4.55,61.49,46.99,Pump A Running
2026-09-05T01:15:00+00:00,Running,1,2456.9,10.65,4.41,58.91,47.42,Pump A Running
2026-09-05T01:30:00+00:00,Running,1,2176.1,10.67,4.46,54.13,47.26,Pump A Running
2026-09-05T01:45:00+00:00,Running,1,2332.1,10.6,4.57,59.12,47.31,Pump A Running
2026-09-05T02:00:00+00:00,Stopped,0,0.0,0.0,0.14,0.0,29.16,Pumps Stopped
2026-09-05T02:15:00+00:00,Stopped,0,0.0,0.0,0.17,0.0,28.78,Pumps Stopped
2026-09-05T02:30:00+00:00,Stopped,0,0.0,0.0,0.13,0.0,28.84,Pumps Stopped
2026-09-05T02:45:00+00:00,Stopped,0,0.0,0.0,0.11,0.0,28.57,Pumps Stopped
2026-09-05T03:00:00+00:00,Stopped,0,0.0,0.0,0.13,0.0,29.06,Pumps Stopped
2026-09-05T03:15:00+00:00,Stopped,0,0.0,0.0,0.14,0.0,28.92,Pumps Stopped
2026-09-05T03:30:00+00:00,Running,1,2376.2,10.6,4.35,60.38,47.79,Pump A Running
2026-09-05T03:45:00+00:00,Running,1,2461.1,10.71,4.37,56.59,47.57,Pump A Running
2026-09-05T04:00:00+00:00,Running,1,2380.8,10.6,4.33,49.69,48.35,Pump A Running
2026-09-05T04:15:00+00:00,Running,1,2353.3,10.5,4.54,57.24,47.84,Pump A Running
2026-09-05T04:30:00+00:00,Running,1,2433.2,10.53,4.4,53.39,47.39,Pump A Running
2026-09-05T04:45:00+00:00,Running,1,2211.5,10.66,4.63,56.11,47.25,Pump A Running
2026-09-05T05:00:00+00:00,Running,1,2340.8,10.6,4.48,59.45,47.58,Pump A Running
2026-09-05T05:15:00+00:00,Running,1,2378.1,10.61,4.54,57.72,47.33,Pump A Running
2026-09-05T05:30:00+00:00,Running,1,2375.4,10.64,4.4,57.74,47.33,Pump A Running
2026-09-05T05:45:00+00:00,Running,1,2371.0,10.5,4.59,54.56,47.03,Pump A Running
2026-09-05T06:00:00+00:00,Running,1,2196.4,10.56,4.43,56.27,48.0,Pump A Running
2026-09-05T06:15:00+00:00,Running,1,2423.7,10.56,4.55,60.25,47.62,Pump A Running
2026-09-05T06:30:00+00:00,Running,1,2520.1,10.51,4.43,51.67,47.95,Pump A Running
2026-09-05T06:45:00+00:00,Running,1,2452.8,10.62,4.44,52.0,47.01,Pump A Running
2026-09-05T07:00:00+00:00,Running,1,2514.5,10.59,4.52,55.41,47.49,Pump A Running
2026-09-05T07:15:00+00:00,Running,1,2589.2,10.55,4.37,52.44,47.52,Pump A Running
2026-09-05T07:30:00+00:00,Running,1,2427.1,10.42,4.47,55.72,47.5,Pump A Running
2026-09-05T07:45:00+00:00,Running,1,2488.2,10.5,4.41,57.58,47.53,Pump A Running
2026-09-05T08:00:00+00:00,Running,1,2565.3,10.63,4.44,51.79,47.87,Pump A Running
2026-09-05T08:15:00+00:00,Running,1,2425.4,10.57,4.59,58.21,47.7,Pump A Running
2026-09-05T08:30:00+00:00,Running,1,2630.8,10.62,4.44,54.74,48.03,Pump A Running
2026-09-05T08:45:00+00:00,Running,1,2391.4,10.59,4.48,54.0,47.09,Pump A Running
2026-09-05T09:00:00+00:00,Running,1,2391.5,10.45,4.5,55.33,47.31,Pump A Running
2026-09-05T09:15:00+00:00,Running,1,2565.7,10.47,4.3,52.44,47.94,Pump A Running
2026-09-05T09:30:00+00:00,Running,1,2629.4,10.65,4.42,51.96,47.62,Pump A Running
2026-09-05T09:45:00+00:00,Running,1,2439.7,10.67,4.38,50.51,47.69,Pump A Running
2026-09-05T10:00:00+00:00,Running,1,2669.8,10.68,4.61,57.54,48.19,Pump A Running
2026-09-05T10:15:00+00:00,Running,1,2547.8,10.59,4.54,58.71,48.08,Pump A Running
2026-09-05T10:30:00+00:00,Running,1,2368.3,10.58,4.42,56.97,48.28,Pump A Running
2026-09-05T10:45:00+00:00,Running,1,2566.6,10.61,4.32,60.23,48.04,Pump A Running
2026-09-05T11:00:00+00:00,Running,1,2542.3,10.62,4.51,57.63,47.78,Pump A Running
2026-09-05T11:15:00+00:00,Running,1,2536.9,10.61,4.47,60.66,47.74,Pump A Running
2026-09-05T11:30:00+00:00,Running,1,2720.2,10.72,4.48,56.46,47.37,Pump A Running
2026-09-05T11:45:00+00:00,Running,1,2716.9,10.65,4.45,60.4,47.99,Pump A Running
2026-09-05T12:00:00+00:00,Running,1,2621.6,10.51,4.51,53.58,47.75,Pump A Running
2026-09-05T12:15:00+00:00,Running,1,2495.5,10.52,4.3,53.22,47.74,Pump A Running
2026-09-05T12:30:00+00:00,Running,1,2453.4,10.51,4.39,58.81,48.02,Pump A Running
2026-09-05T12:45:00+00:00,Running,1,2731.8,10.65,4.52,54.67,47.6,Pump A Running
2026-09-05T13:00:00+00:00,Running,1,2559.0,10.7,4.56,64.18,48.23,Pump A Running
2026-09-05T13:15:00+00:00,Running,1,2915.1,10.63,4.48,59.34,47.44,Pump A Running
2026-09-05T13:30:00+00:00,Running,1,2611.7,10.59,4.45,62.68,47.49,Pump A Running
2026-09-05T13:45:00+00:00,Running,1,2674.9,10.55,4.42,59.54,47.69,Pump A Running
2026-09-05T14:00:00+00:00,Running,1,2676.4,10.6,4.51,58.81,48.67,Pump A Running
2026-09-05T14:15:00+00:00,Running,1,2655.5,10.77,4.45,56.18,48.6,Pump A Running
2026-09-05T14:30:00+00:00,Running,1,2568.0,10.6,4.5,49.87,48.2,Pump A Running
2026-09-05T14:45:00+00:00,Running,1,2705.9,10.57,4.48,55.94,48.01,Pump A Running
2026-09-05T15:00:00+00:00,Running,1,2698.3,10.59,4.46,53.15,47.66,Pump A Running
2026-09-05T15:15:00+00:00,Running,1,2513.1,10.79,4.41,55.58,47.55,Pump A Running
2026-09-05T15:30:00+00:00,Running,1,2738.1,10.63,4.42,55.32,47.16,Pump A Running
2026-09-05T15:45:00+00:00,Running,1,2680.4,10.59,4.36,52.91,48.42,Pump A Running
2026-09-05T16:00:00+00:00,Running,1,2720.4,10.5,4.41,53.93,48.56,Pump A Running
2026-09-05T16:15:00+00:00,Running,1,2838.7,10.62,4.24,60.11,48.38,Pump A Running
2026-09-05T16:30:00+00:00,Running,1,2695.5,10.59,4.41,59.93,47.43,Pump A Running
2026-09-05T16:45:00+00:00,Running,1,2667.4,10.63,4.54,56.88,48.19,Pump A Running
2026-09-05T17:00:00+00:00,Running,1,2837.1,10.66,4.48,52.7,47.86,Pump A Running
2026-09-05T17:15:00+00:00,Running,1,2742.7,10.58,4.38,58.76,47.93,Pump A Running
2026-09-05T17:30:00+00:00,Running,1,2735.2,10.54,4.35,59.77,47.46,Pump A Running
2026-09-05T17:45:00+00:00,Running,1,2668.1,10.6,4.48,58.72,47.71,Pump A Running
2026-09-05T18:00:00+00:00,Running,1,2687.1,10.63,4.44,59.18,48.24,Pump A Running
2026-09-05T18:15:00+00:00,Running,1,2790.4,10.57,4.5,55.54,48.28,Pump A Running
2026-09-05T18:30:00+00:00,Running,1,2684.2,10.55,4.5,57.91,47.98,Pump A Running
2026-09-05T18:45:00+00:00,Running,1,2701.2,10.58,4.56,57.09,47.75,Pump A Running
2026-09-05T19:00:00+00:00,Running,1,2822.3,10.67,4.36,61.88,47.55,Pump A Running
2026-09-05T19:15:00+00:00,Running,1,2768.8,10.57,4.34,61.64,48.23,Pump A Running
2026-09-05T19:30:00+00:00,Running,1,2856.7,10.68,4.62,60.62,47.83,Pump A Running
2026-09-05T19:45:00+00:00,Running,1,2764.9,10.58,4.46,54.07,47.62,Pump A Running
2026-09-05T20:00:00+00:00,Running,1,2688.4,10.56,4.47,56.03,47.52,Pump A Running
2026-09-05T20:15:00+00:00,Running,1,2709.6,10.65,4.47,55.08,48.11,Pump A Running
2026-09-05T20:30:00+00:00,Running,1,2600.9,10.67,4.55,57.15,48.14,Pump A Running
2026-09-05T20:45:00+00:00,Running,1,2707.1,10.52,4.53,54.24,48.31,Pump A Running
2026-09-05T21:00:00+00:00,Running,1,2931.9,10.62,4.3,57.12,48.02,Pump A Running
2026-09-05T21:15:00+00:00,Running,1,2884.2,10.65,4.37,56.83,47.33,Pump A Running
2026-09-05T21:30:00+00:00,Running,1,2696.1,10.57,4.55,51.89,47.58,Pump A Running
2026-09-05T21:45:00+00:00,Running,1,2758.1,10.55,4.45,61.43,48.01,Pump A Running
2026-09-05T22:00:00+00:00,Running,1,2666.3,10.6,4.44,60.56,47.71,Pump A Running
2026-09-05T22:15:00+00:00,Running,1,2848.1,10.48,4.4,55.22,47.85,Pump A Running
2026-09-05T22:30:00+00:00,Running,1,2703.8,10.49,4.49,57.69,48.38,Pump A Running
2026-09-05T22:45:00+00:00,Running,1,2603.0,10.6,4.53,58.04,48.11,Pump A Running
2026-09-05T23:00:00+00:00,Running,1,2647.0,10.6,4.36,55.57,48.14,Pump A Running
2026-09-05T23:15:00+00:00,Running,1,2724.8,10.51,4.5,55.13,47.65,Pump A Running
2026-09-05T23:30:00+00:00,Running,1,2788.6,10.51,4.56,61.11,47.62,Pump A Running
2026-09-05T23:45:00+00:00,Running,1,2744.6,10.65,4.54,53.95,47.62,Pump A Running
2026-09-06T00:00:00+00:00,Running,1,2905.5,10.51,4.4,55.2,48.43,Pump A Running
2026-09-06T00:15:00+00:00,Running,1,2818.6,10.59,4.63,54.6,48.19,Pump A Running
2026-09-06T00:30:00+00:00,Running,1,2851.8,10.57,4.5,53.58,47.81,Pump A Running
2026-09-06T00:45:00+00:00,Running,1,2862.4,10.58,4.38,59.36,48.2,Pump A Running
2026-09-06T01:00:00+00:00,Running,1,2697.8,10.59,4.39,59.58,47.55,Pump A Running
2026-09-06T01:15:00+00:00,Running,1,2755.4,10.64,4.42,58.28,47.98,Pump A Running
2026-09-06T01:30:00+00:00,Running,1,2744.2,10.59,4.43,56.26,48.6,Pump A Running
2026-09-06T01:45:00+00:00,Running,1,2611.6,10.62,4.5,54.05,48.12,Pump A Running
2026-09-06T02:00:00+00:00,Stopped,0,0.0,0.0,0.18,0.0,28.74,Pumps Stopped
2026-09-06T02:15:00+00:00,Stopped,0,0.0,0.0,0.16,0.0,29.42,Pumps Stopped
2026-09-06T02:30:00+00:00,Stopped,0,0.0,0.0,0.14,0.0,28.43,Pumps Stopped
2026-09-06T02:45:00+00:00,Stopped,0,0.0,0.0,0.11,0.0,28.73,Pumps Stopped
2026-09-06T03:00:00+00:00,Stopped,0,0.0,0.0,0.12,0.0,29.57,Pumps Stopped
2026-09-06T03:15:00+00:00,Stopped,0,0.0,0.0,0.15,0.0,29.04,Pumps Stopped
2026-09-06T03:30:00+00:00,Running,1,2687.4,10.61,4.38,59.32,48.64,Pump A Running
2026-09-06T03:45:00+00:00,Running,1,2851.6,10.6,4.49,59.09,47.2,Pump A Running
2026-09-06T04:00:00+00:00,Running,1,2586.9,10.56,4.55,57.08,48.28,Pump A Running
2026-09-06T04:15:00+00:00,Running,1,2628.5,10.56,4.27,55.29,47.69,Pump A Running
2026-09-06T04:30:00+00:00,Running,1,2789.2,10.72,4.49,57.6,48.25,Pump A Running
2026-09-06T04:45:00+00:00,Running,1,2782.2,10.66,4.46,49.67,47.42,Pump A Running
2026-09-06T05:00:00+00:00,Running,1,2702.3,10.63,4.47,57.43,47.43,Pump A Running
2026-09-06T05:15:00+00:00,Running,1,2772.1,10.63,4.43,53.6,47.85,Pump A Running
2026-09-06T05:30:00+00:00,Running,1,2711.3,10.46,4.42,59.5,48.29,Pump A Running
2026-09-06T05:45:00+00:00,Running,1,2750.1,10.62,4.54,62.11,48.28,Pump A Running
2026-09-06T06:00:00+00:00,Running,1,2702.1,10.68,4.42,59.02,48.12,Pump A Running
2026-09-06T06:15:00+00:00,Running,1,2690.2,10.59,4.41,59.83,48.29,Pump A Running
2026-09-06T06:30:00+00:00,Running,1,2804.3,10.52,4.52,53.41,48.33,Pump A Running
2026-09-06T06:45:00+00:00,Running,1,2673.1,10.65,4.48,58.74,48.3,Pump A Running
2026-09-06T07:00:00+00:00,Running,1,2588.5,10.7,4.55,57.35,47.68,Pump A Running
2026-09-06T07:15:00+00:00,Running,1,2626.5,10.56,4.42,52.2,48.2,Pump A Running
2026-09-06T07:30:00+00:00,Running,1,2637.0,10.66,4.57,57.18,48.0,Pump A Running
2026-09-06T07:45:00+00:00,Running,1,2668.6,10.58,4.56,54.88,48.18,Pump A Running
2026-09-06T08:00:00+00:00,Running,1,2605.1,10.6,4.35,57.9,47.51,Pump A Running
2026-09-06T08:15:00+00:00,Running,1,2626.8,10.52,4.52,58.23,47.89,Pump A Running
2026-09-06T08:30:00+00:00,Running,1,2551.0,10.63,4.53,58.96,47.26,Pump A Running
2026-09-06T08:45:00+00:00,Running,1,2738.1,10.55,4.51,58.77,48.16,Pump A Running
2026-09-06T09:00:00+00:00,Running,1,2528.4,10.53,4.52,53.61,47.78,Pump A Running
2026-09-06T09:15:00+00:00,Running,1,2774.4,10.7,4.6,51.6,48.21,Pump A Running
2026-09-06T09:30:00+00:00,Running,1,2864.2,10.56,4.49,55.63,47.65,Pump A Running
2026-09-06T09:45:00+00:00,Running,1,2580.5,10.53,4.53,57.77,47.18,Pump A Running
2026-09-06T10:00:00+00:00,Running,1,2698.4,10.43,4.5,56.06,48.39,Pump A Running
2026-09-06T10:15:00+00:00,Running,1,2726.1,10.67,4.54,57.6,47.5,Pump A Running
2026-09-06T10:30:00+00:00,Running,1,2592.7,10.71,4.4,53.21,47.88,Pump A Running
2026-09-06T10:45:00+00:00,Running,1,2641.5,10.58,4.39,49.69,47.79,Pump A Running
2026-09-06T11:00:00+00:00,Running,1,2605.8,10.71,4.5,58.45,48.33,Pump A Running
2026-09-06T11:15:00+00:00,Running,1,2742.9,10.61,4.34,55.72,47.31,Pump A Running
2026-09-06T11:30:00+00:00,Running,1,2632.3,10.66,4.42,58.27,47.65,Pump A Running
2026-09-06T11:45:00+00:00,Running,1,2469.0,10.67,4.56,52.74,48.12,Pump A Running
2026-09-06T12:00:00+00:00,Running,1,2571.5,10.46,4.43,54.9,47.98,Pump A Running
2026-09-06T12:15:00+00:00,Running,1,2617.7,10.58,4.49,53.98,48.54,Pump A Running
2026-09-06T12:30:00+00:00,Running,1,2578.7,10.56,4.54,54.68,47.86,Pump A Running
2026-09-06T12:45:00+00:00,Running,1,2457.4,10.52,4.48,54.24,47.93,Pump A Running
2026-09-06T13:00:00+00:00,Running,1,2312.7,10.59,4.38,55.36,47.7,Pump A Running
2026-09-06T13:15:00+00:00,Running,1,2520.2,10.57,4.51,53.87,48.08,Pump A Running
2026-09-06T13:30:00+00:00,Running,1,2447.9,10.68,4.36,50.13,47.95,Pump A Running
2026-09-06T13:45:00+00:00,Running,1,2504.0,10.61,4.49,56.85,48.31,Pump A Running
2026-09-06T14:00:00+00:00,Running,1,2305.6,10.52,4.49,53.15,47.31,Pump A Running
2026-09-06T14:15:00+00:00,Running,1,2523.4,10.58,4.53,50.98,47.56,Pump A Running
2026-09-06T14:30:00+00:00,Running,1,2440.5,10.49,4.43,57.74,47.87,Pump A Running
2026-09-06T14:45:00+00:00,Running,1,2564.8,10.59,4.42,56.54,48.27,Pump A Running
2026-09-06T15:00:00+00:00,Running,1,2503.3,10.61,4.43,56.08,47.84,Pump A Running
2026-09-06T15:15:00+00:00,Running,1,2533.5,10.68,4.55,59.49,47.66,Pump A Running
2026-09-06T15:30:00+00:00,Running,1,2739.5,10.63,4.36,60.15,47.37,Pump A Running
2026-09-06T15:45:00+00:00,Running,1,2666.3,10.57,4.4,53.44,47.78,Pump A Running
2026-09-06T16:00:00+00:00,Running,1,2459.3,10.67,4.46,52.96,48.05,Pump A Running
2026-09-06T16:15:00+00:00,Running,1,2493.2,10.76,4.42,53.7,47.8,Pump A Running
2026-09-06T16:30:00+00:00,Running,1,2441.6,10.52,4.39,57.64,48.04,Pump A Running
2026-09-06T16:45:00+00:00,Running,1,2480.5,10.76,4.34,56.26,47.85,Pump A Running
2026-09-06T17:00:00+00:00,Running,1,2265.7,10.69,4.39,52.57,47.82,Pump A Running
2026-09-06T17:15:00+00:00,Running,1,2405.0,10.59,4.47,53.68,48.37,Pump A Running
2026-09-06T17:30:00+00:00,Running,1,2570.8,10.58,4.39,53.61,47.88,Pump A Running
2026-09-06T17:45:00+00:00,Running,1,2306.3,10.73,4.54,61.2,47.0,Pump A Running
2026-09-06T18:00:00+00:00,Running,1,2371.4,10.6,4.42,63.92,47.09,Pump A Running
2026-09-06T18:15:00+00:00,Running,1,2390.8,10.61,4.26,51.15,47.74,Pump A Running
2026-09-06T18:30:00+00:00,Running,1,2406.8,10.68,4.4,50.99,47.44,Pump A Running
2026-09-06T18:45:00+00:00,Running,1,2328.0,10.74,4.42,56.25,47.27,Pump A Running
2026-09-06T19:00:00+00:00,Running,1,2201.4,10.63,4.51,52.95,47.32,Pump A Running
2026-09-06T19:15:00+00:00,Running,1,2441.4,10.65,4.51,61.53,47.07,Pump A Running
2026-09-06T19:30:00+00:00,Running,1,2346.7,10.62,4.33,58.46,46.83,Pump A Running
2026-09-06T19:45:00+00:00,Running,1,2430.9,10.67,4.48,57.07,48.45,Pump A Running
2026-09-06T20:00:00+00:00,Running,1,2279.8,10.72,4.48,55.18,47.71,Pump A Running
2026-09-06T20:15:00+00:00,Running,1,2229.9,10.69,4.44,53.11,46.74,Pump A Running
2026-09-06T20:30:00+00:00,Running,1,2256.6,10.62,4.35,56.0,47.29,Pump A Running
2026-09-06T20:45:00+00:00,Running,1,2304.0,10.69,4.52,60.05,46.54,Pump A Running
2026-09-06T21:00:00+00:00,Running,1,2379.3,10.42,4.34,51.4,48.45,Pump A Running
2026-09-06T21:15:00+00:00,Running,1,2212.8,10.44,4.39,58.51,47.98,Pump A Running
2026-09-06T21:30:00+00:00,Running,1,2249.3,10.63,4.46,57.25,48.32,Pump A Running
2026-09-06T21:45:00+00:00,Running,1,2247.2,10.45,4.51,57.82,47.29,Pump A Running
2026-09-06T22:00:00+00:00,Running,1,2354.1,10.52,4.58,48.53,48.23,Pump A Running
2026-09-06T22:15:00+00:00,Running,1,2379.8,10.55,4.38,53.05,47.62,Pump A Running
2026-09-06T22:30:00+00:00,Running,1,2350.5,10.7,4.45,56.17,47.47,Pump A Running
2026-09-06T22:45:00+00:00,Running,1,2445.5,10.55,4.48,54.61,47.25,Pump A Running
2026-09-06T23:00:00+00:00,Running,1,2053.3,10.58,4.43,55.06,47.54,Pump A Running
2026-09-06T23:15:00+00:00,Running,1,2342.4,10.41,4.44,53.78,47.49,Pump A Running
2026-09-06T23:30:00+00:00,Running,1,2371.2,10.61,4.47,53.17,47.32,Pump A Running
2026-09-06T23:45:00+00:00,Running,1,2104.8,10.72,4.44,61.23,47.27,Pump A Running
2026-09-07T00:00:00+00:00,Running,1,2241.0,10.69,4.48,55.13,47.81,Pump A Running
2026-09-07T00:15:00+00:00,Running,1,2305.8,10.6,4.51,56.78,46.35,Pump A Running
2026-09-07T00:30:00+00:00,Running,1,2247.9,10.6,4.49,55.16,47.38,Pump A Running
2026-09-07T00:45:00+00:00,Running,1,2201.2,10.57,4.44,54.79,46.82,Pump A Running
2026-09-07T01:00:00+00:00,Running,1,1976.4,10.58,4.35,56.35,47.67,Pump A Running
2026-09-07T01:15:00+00:00,Running,1,2205.7,10.58,4.43,54.3,47.0,Pump A Running
2026-09-07T01:30:00+00:00,Running,1,2178.0,10.55,4.46,56.98,48.13,Pump A Running
2026-09-07T01:45:00+00:00,Running,1,2044.9,10.46,4.48,55.24,47.57,Pump A Running
2026-09-07T02:00:00+00:00,Stopped,0,0.0,0.0,0.24,0.0,28.78,Pumps Stopped
2026-09-07T02:15:00+00:00,Stopped,0,0.0,0.0,0.14,0.0,28.83,Pumps Stopped
2026-09-07T02:30:00+00:00,Stopped,0,0.0,0.0,0.11,0.0,29.31,Pumps Stopped
2026-09-07T02:45:00+00:00,Stopped,0,0.0,0.0,0.16,0.0,28.79,Pumps Stopped
2026-09-07T03:00:00+00:00,Stopped,0,0.0,0.0,0.11,0.0,29.66,Pumps Stopped
2026-09-07T03:15:00+00:00,Stopped,0,0.0,0.0,0.16,0.0,28.55,Pumps Stopped
2026-09-07T03:30:00+00:00,Running,1,2349.9,10.57,4.51,56.98,48.43,Pump A Running
2026-09-07T03:45:00+00:00,Running,1,2119.7,10.56,4.36,53.05,46.74,Pump A Running
2026-09-07T04:00:00+00:00,Running,1,2117.2,10.58,4.5,58.62,47.47,Pump A Running
2026-09-07T04:15:00+00:00,Running,1,2314.0,10.62,4.58,54.89,47.09,Pump A Running
2026-09-07T04:30:00+00:00,Running,1,2208.5,10.59,4.42,58.15,47.54,Pump A Running
2026-09-07T04:45:00+00:00,Running,1,2176.3,10.52,4.45,53.4,47.37,Pump A Running
2026-09-07T05:00:00+00:00,Running,1,2150.7,10.51,4.47,48.78,47.6,Pump A Running
2026-09-07T05:15:00+00:00,Running,1,2149.1,10.61,4.36,56.04,47.34,Pump A Running
2026-09-07T05:30:00+00:00,Running,1,2322.5,10.64,4.35,54.24,47.03,Pump A Running
2026-09-07T05:45:00+00:00,Running,1,2156.6,10.56,4.46,54.74,47.56,Pump A Running
2026-09-07T06:00:00+00:00,Running,1,2143.4,10.69,4.45,54.51,47.85,Pump A Running
2026-09-07T06:15:00+00:00,Running,1,2433.9,10.64,4.46,51.52,47.93,Pump A Running
2026-09-07T06:30:00+00:00,Running,1,2211.0,10.63,4.34,58.9,47.65,Pump A Running
2026-09-07T06:45:00+00:00,Running,1,2054.3,10.72,4.37,64.63,48.02,Pump A Running
2026-09-07T07:00:00+00:00,Running,1,2230.7,10.61,4.44,57.09,47.51,Pump A Running
2026-09-07T07:15:00+00:00,Running,1,2191.2,10.51,4.44,54.59,47.65,Pump A Running
2026-09-07T07:30:00+00:00,Running,1,2058.9,10.67,4.37,54.49,47.26,Pump A Running
2026-09-07T07:45:00+00:00,Running,1,2044.4,10.61,4.48,58.02,47.47,Pump A Running
2026-09-07T08:00:00+00:00,Running,1,1972.9,10.7,4.49,56.82,47.37,Pump A Running
2026-09-07T08:15:00+00:00,Running,1,2085.1,10.56,4.58,52.65,47.41,Pump A Running
2026-09-07T08:30:00+00:00,Running,1,2044.1,10.58,4.35,57.86,47.93,Pump A Running
2026-09-07T08:45:00+00:00,Running,1,2014.4,10.51,4.38,60.97,47.38,Pump A Running
2026-09-07T09:00:00+00:00,Running,1,2152.3,10.59,4.48,55.54,47.35,Pump A Running
2026-09-07T09:15:00+00:00,Running,1,2209.2,10.69,4.5,61.92,48.26,Pump A Running
2026-09-07T09:30:00+00:00,Running,1,2222.6,10.67,4.43,56.81,47.98,Pump A Running
2026-09-07T09:45:00+00:00,Running,1,2116.4,10.62,4.47,54.83,47.35,Pump A Running
2026-09-07T10:00:00+00:00,Running,1,2159.1,10.58,4.55,48.56,47.57,Pump A Running
2026-09-07T10:15:00+00:00,Running,1,1936.6,10.66,4.55,56.79,47.5,Pump A Running
2026-09-07T10:30:00+00:00,Running,1,2311.6,10.48,4.55,59.82,48.04,Pump A Running
2026-09-07T10:45:00+00:00,Running,1,2159.7,10.58,4.37,52.85,47.62,Pump A Running
2026-09-07T11:00:00+00:00,Running,1,2361.9,10.52,4.42,61.0,47.46,Pump A Running
2026-09-07T11:15:00+00:00,Running,1,2100.2,10.53,4.42,57.04,46.8,Pump A Running
2026-09-07T11:30:00+00:00,Running,1,2098.2,10.73,4.41,57.27,47.23,Pump A Running
2026-09-07T11:45:00+00:00,Running,1,2112.8,10.59,4.44,55.69,47.74,Pump A Running
2026-09-07T12:00:00+00:00,Running,1,2056.9,10.66,4.36,57.35,47.27,Pump A Running
2026-09-07T12:15:00+00:00,Running,1,2258.7,10.63,4.38,55.94,47.69,Pump A Running
2026-09-07T12:30:00+00:00,Running,1,2182.2,10.57,4.47,54.22,47.24,Pump A Running
2026-09-07T12:45:00+00:00,Running,1,2063.3,10.58,4.57,57.81,46.95,Pump A Running
2026-09-07T13:00:00+00:00,Running,1,2127.6,10.7,4.39,53.61,47.37,Pump A Running
2026-09-07T13:15:00+00:00,Running,1,2116.1,10.65,4.39,53.21,47.48,Pump A Running
2026-09-07T13:30:00+00:00,Running,1,2089.8,10.6,4.35,56.43,46.67,Pump A Running
2026-09-07T13:45:00+00:00,Running,1,2330.2,10.6,4.63,52.79,47.45,Pump A Running
2026-09-07T14:00:00+00:00,Running,1,2169.5,10.5,4.56,54.62,47.64,Pump A Running
2026-09-07T14:15:00+00:00,Running,1,2172.4,10.56,4.44,55.77,47.45,Pump A Running
2026-09-07T14:30:00+00:00,Running,1,2208.9,10.58,4.53,59.09,47.34,Pump A Running
2026-09-07T14:45:00+00:00,Running,1,2162.1,10.63,4.29,56.86,47.6,Pump A Running
2026-09-07T15:00:00+00:00,Running,1,2142.8,10.75,4.41,54.18,47.24,Pump A Running
2026-09-07T15:15:00+00:00,Running,1,2200.7,10.49,4.38,50.93,47.47,Pump A Running
2026-09-07T15:30:00+00:00,Running,1,2098.5,10.64,4.4,53.63,48.04,Pump A Running
2026-09-07T15:45:00+00:00,Running,1,2254.9,10.7,4.66,54.49,47.64,Pump A Running
2026-09-07T16:00:00+00:00,Running,1,2133.9,10.56,4.56,50.16,47.42,Pump A Running
2026-09-07T16:15:00+00:00,Running,1,2249.7,10.69,4.39,54.86,47.8,Pump A Running
2026-09-07T16:30:00+00:00,Running,1,2032.8,10.62,4.42,55.37,47.52,Pump A Running
2026-09-07T16:45:00+00:00,Running,1,2303.8,10.67,4.39,57.46,47.69,Pump A Running
2026-09-07T17:00:00+00:00,Running,1,2221.3,10.65,4.51,61.12,48.59,Pump A Running
2026-09-07T17:15:00+00:00,Running,1,2260.4,10.57,4.37,60.54,47.77,Pump A Running
2026-09-07T17:30:00+00:00,Running,1,2149.9,10.66,4.38,55.81,48.04,Pump A Running
2026-09-07T17:45:00+00:00,Running,1,2339.0,10.56,4.43,57.04,47.52,Pump A Running
2026-09-07T18:00:00+00:00,Running,1,2318.5,10.56,4.45,57.38,47.23,Pump A Running
2026-09-07T18:15:00+00:00,Running,1,2248.5,10.68,4.48,54.87,47.54,Pump A Running
2026-09-07T18:30:00+00:00,Running,1,2393.8,10.67,4.5,51.43,47.19,Pump A Running
2026-09-07T18:45:00+00:00,Running,1,2209.8,10.57,4.52,56.67,46.83,Pump A Running
2026-09-07T19:00:00+00:00,Running,1,2299.8,10.6,4.52,58.33,47.05,Pump A Running
2026-09-07T19:15:00+00:00,Running,1,2225.6,10.56,4.48,47.82,47.67,Pump A Running
2026-09-07T19:30:00+00:00,Running,1,2303.7,10.63,4.35,53.93,47.73,Pump A Running
2026-09-07T19:45:00+00:00,Running,1,2124.8,10.62,4.44,55.94,47.25,Pump A Running
2026-09-07T20:00:00+00:00,Running,1,2162.6,10.58,4.36,56.4,46.97,Pump A Running
2026-09-07T20:15:00+00:00,Running,1,2345.9,10.66,4.41,55.99,46.84,Pump A Running
2026-09-07T20:30:00+00:00,Running,1,2399.9,10.62,4.59,55.07,48.1,Pump A Running
2026-09-07T20:45:00+00:00,Running,1,2434.8,10.6,4.36,55.27,47.58,Pump A Running
2026-09-07T21:00:00+00:00,Running,1,2219.3,10.62,4.44,48.29,47.17,Pump A Running
2026-09-07T21:15:00+00:00,Running,1,2369.9,10.49,4.45,54.57,47.87,Pump A Running
2026-09-07T21:30:00+00:00,Running,1,2381.1,10.54,4.27,58.71,47.28,Pump A Running
2026-09-07T21:45:00+00:00,Running,1,2255.3,10.72,4.5,53.82,47.97,Pump A Running
2026-09-07T22:00:00+00:00,Running,1,2458.3,10.56,4.51,52.8,47.37,Pump A Running
2026-09-07T22:15:00+00:00,Running,1,2281.8,10.62,4.58,56.47,47.89,Pump A Running
2026-09-07T22:30:00+00:00,Running,1,2375.2,10.67,4.57,54.34,47.88,Pump A Running
2026-09-07T22:45:00+00:00,Running,1,2284.7,10.59,4.38,56.18,47.24,Pump A Running
2026-09-07T23:00:00+00:00,Running,1,2146.1,10.59,4.44,56.11,47.55,Pump A Running
2026-09-07T23:15:00+00:00,Running,1,2279.9,10.6,4.4,56.22,47.29,Pump A Running
2026-09-07T23:30:00+00:00,Running,1,2402.5,10.59,4.36,54.15,47.99,Pump A Running
2026-09-07T23:45:00+00:00,Running,1,2372.0,10.57,4.5,61.07,48.03,Pump A Running
2026-09-08T00:00:00+00:00,Running,1,2351.2,10.51,4.48,59.16,47.76,Pump A Running
2026-09-08T00:15:00+00:00,Running,1,2492.3,10.52,4.47,52.7,47.94,Pump A Running
2026-09-08T00:30:00+00:00,Running,1,2336.7,10.61,4.3,55.27,46.7,Pump A Running
2026-09-08T00:45:00+00:00,Running,1,2505.0,10.63,4.49,50.13,47.19,Pump A Running
2026-09-08T01:00:00+00:00,Running,1,2389.7,10.63,4.54,58.42,47.43,Pump A Running
2026-09-08T01:15:00+00:00,Running,1,2360.3,10.49,4.41,56.61,47.66,Pump A Running
2026-09-08T01:30:00+00:00,Running,1,2495.2,10.54,4.51,53.03,47.9,Pump A Running
2026-09-08T01:45:00+00:00,Running,1,2497.1,10.49,4.53,53.45,48.11,Pump A Running
2026-09-08T02:00:00+00:00,Stopped,0,0.0,0.0,0.1,0.0,29.02,Pumps Stopped
2026-09-08T02:15:00+00:00,Stopped,0,0.0,0.0,0.17,0.0,29.21,Pumps Stopped
2026-09-08T02:30:00+00:00,Stopped,0,0.0,0.0,0.12,0.0,28.73,Pumps Stopped
2026-09-08T02:45:00+00:00,Stopped,0,0.0,0.0,0.16,0.0,28.75,Pumps Stopped
2026-09-08T03:00:00+00:00,Stopped,0,0.0,0.0,0.18,0.0,29.07,Pumps Stopped
2026-09-08T03:15:00+00:00,Stopped,0,0.0,0.0,0.11,0.0,29.01,Pumps Stopped
2026-09-08T03:30:00+00:00,Running,1,2551.6,10.57,4.55,55.28,47.55,Pump A Running
2026-09-08T03:45:00+00:00,Running,1,2457.1,10.57,4.51,57.62,48.05,Pump A Running
2026-09-08T04:00:00+00:00,Running,1,2586.5,10.54,4.49,58.67,47.59,Pump A Running
2026-09-08T04:15:00+00:00,Running,1,2528.6,10.67,4.45,53.24,48.26,Pump A Running
2026-09-08T04:30:00+00:00,Running,1,2413.7,10.55,4.54,59.16,47.56,Pump A Running
2026-09-08T04:45:00+00:00,Running,1,2516.5,10.72,4.36,56.12,47.23,Pump A Running
2026-09-08T05:00:00+00:00,Running,1,2479.5,10.66,4.35,54.02,48.19,Pump A Running
2026-09-08T05:15:00+00:00,Running,1,2634.0,10.67,4.44,61.64,48.07,Pump A Running
2026-09-08T05:30:00+00:00,Running,1,2555.4,10.7,4.38,56.48,47.68,Pump A Running
2026-09-08T05:45:00+00:00,Running,1,2509.0,10.6,4.53,55.55,47.53,Pump A Running
2026-09-08T06:00:00+00:00,Running,1,2615.7,10.61,4.4,54.4,48.18,Pump A Running
2026-09-08T06:15:00+00:00,Running,1,2627.3,10.63,4.37,53.83,47.77,Pump A Running
2026-09-08T06:30:00+00:00,Running,1,2592.4,10.71,4.32,59.74,47.53,Pump A Running
2026-09-08T06:45:00+00:00,Running,1,2703.6,10.54,4.39,55.73,47.92,Pump A Running
2026-09-08T07:00:00+00:00,Running,1,2644.3,10.55,4.64,56.64,48.26,Pump A Running
2026-09-08T07:15:00+00:00,Running,1,2706.7,10.53,4.45,57.09,47.82,Pump A Running
2026-09-08T07:30:00+00:00,Running,1,2520.9,10.46,4.33,49.65,47.9,Pump A Running
2026-09-08T07:45:00+00:00,Running,1,2650.1,10.49,4.44,53.84,48.15,Pump A Running
2026-09-08T08:00:00+00:00,Running,1,2683.7,10.59,4.45,57.14,47.68,Pump A Running
2026-09-08T08:15:00+00:00,Running,1,2623.8,10.59,4.43,54.02,48.07,Pump A Running
2026-09-08T08:30:00+00:00,Running,1,2670.3,10.69,4.43,53.63,47.37,Pump A Running
2026-09-08T08:45:00+00:00,Running,1,2555.3,10.51,4.41,51.47,48.15,Pump A Running
2026-09-08T09:00:00+00:00,Running,1,2628.0,10.68,4.36,55.93,47.68,Pump A Running
2026-09-08T09:15:00+00:00,Running,1,2555.8,10.64,4.23,56.26,47.94,Pump A Running
2026-09-08T09:30:00+00:00,Running,1,2546.2,10.47,4.41,51.62,48.18,Pump A Running
2026-09-08T09:45:00+00:00,Running,1,2787.0,10.61,4.41,55.96,48.2,Pump A Running
2026-09-08T10:00:00+00:00,Running,1,2733.1,10.55,4.34,53.42,47.86,Pump A Running
2026-09-08T10:15:00+00:00,Running,1,2950.6,10.62,4.35,61.38,47.95,Pump A Running
2026-09-08T10:30:00+00:00,Running,1,2663.5,10.64,4.48,56.91,48.32,Pump A Running
2026-09-08T10:45:00+00:00,Running,1,2710.8,10.73,4.44,56.76,48.01,Pump A Running
2026-09-08T11:00:00+00:00,Running,1,2844.3,10.5,4.49,49.61,47.99,Pump A Running
2026-09-08T11:15:00+00:00,Running,1,2744.6,10.61,4.56,54.4,47.87,Pump A Running
2026-09-08T11:30:00+00:00,Running,1,2751.3,10.57,4.4,56.3,48.31,Pump A Running
2026-09-08T11:45:00+00:00,Running,1,2717.5,10.5,4.43,54.68,48.02,Pump A Running
2026-09-08T12:00:00+00:00,Maintenance,0,0.0,0.0,0.12,0.0,29.2,Pumps Stopped
2026-09-08T12:15:00+00:00,Maintenance,0,0.0,0.0,0.15,0.0,28.91,Pumps Stopped
2026-09-08T12:30:00+00:00,Maintenance,0,0.0,0.0,0.1,0.0,28.97,Pumps Stopped
2026-09-08T12:45:00+00:00,Maintenance,0,0.0,0.0,0.13,0.0,29.12,Pumps Stopped
2026-09-08T13:00:00+00:00,Maintenance,0,0.0,0.0,0.15,0.0,29.33,Pumps Stopped
2026-09-08T13:15:00+00:00,Maintenance,0,0.0,0.0,0.2,0.0,29.46,Pumps Stopped
2026-09-08T13:30:00+00:00,Maintenance,0,0.0,0.0,0.17,0.0,28.86,Pumps Stopped
2026-09-08T13:45:00+00:00,Maintenance,0,0.0,0.0,0.12,0.0,29.53,Pumps Stopped
2026-09-08T14:00:00+00:00,Maintenance,0,0.0,0.0,0.23,0.0,29.08,Pumps Stopped
2026-09-08T14:15:00+00:00,Maintenance,0,0.0,0.0,0.17,0.0,29.62,Pumps Stopped
2026-09-08T14:30:00+00:00,Maintenance,0,0.0,0.0,0.17,0.0,29.3,Pumps Stopped
2026-09-08T14:45:00+00:00,Maintenance,0,0.0,0.0,0.15,0.0,28.8,Pumps Stopped
2026-09-08T15:00:00+00:00,Maintenance,0,0.0,0.0,0.12,0.0,28.96,Pumps Stopped
2026-09-08T15:15:00+00:00,Maintenance,0,0.0,0.0,0.17,0.0,28.86,Pumps Stopped
2026-09-08T15:30:00+00:00,Maintenance,0,0.0,0.0,0.14,0.0,28.98,Pumps Stopped
2026-09-08T15:45:00+00:00,Maintenance,0,0.0,0.0,0.17,0.0,29.07,Pumps Stopped
2026-09-08T16:00:00+00:00,Maintenance,0,0.0,0.0,0.14,0.0,28.77,Pumps Stopped
2026-09-08T16:15:00+00:00,Maintenance,0,0.0,0.0,0.12,0.0,28.97,Pumps Stopped
2026-09-08T16:30:00+00:00,Maintenance,0,0.0,0.0,0.13,0.0,28.95,Pumps Stopped
2026-09-08T16:45:00+00:00,Maintenance,0,0.0,0.0,0.16,0.0,29.24,Pumps Stopped
2026-09-08T17:00:00+00:00,Maintenance,0,0.0,0.0,0.16,0.0,29.07,Pumps Stopped
2026-09-08T17:15:00+00:00,Maintenance,0,0.0,0.0,0.13,0.0,28.89,Pumps Stopped
2026-09-08T17:30:00+00:00,Maintenance,0,0.0,0.0,0.17,0.0,29.11,Pumps Stopped
2026-09-08T17:45:00+00:00,Maintenance,0,0.0,0.0,0.18,0.0,29.39,Pumps Stopped
2026-09-08T18:00:00+00:00,Maintenance,0,0.0,0.0,0.14,0.0,28.62,Pumps Stopped
2026-09-08T18:15:00+00:00,Maintenance,0,0.0,0.0,0.14,0.0,28.93,Pumps Stopped
2026-09-08T18:30:00+00:00,Maintenance,0,0.0,0.0,0.11,0.0,28.92,Pumps Stopped
2026-09-08T18:45:00+00:00,Maintenance,0,0.0,0.0,0.14,0.0,28.93,Pumps Stopped
2026-09-08T19:00:00+00:00,Maintenance,0,0.0,0.0,0.15,0.0,28.98,Pumps Stopped
2026-09-08T19:15:00+00:00,Maintenance,0,0.0,0.0,0.17,0.0,28.9,Pumps Stopped
2026-09-08T19:30:00+00:00,Maintenance,0,0.0,0.0,0.14,0.0,28.81,Pumps Stopped
2026-09-08T19:45:00+00:00,Maintenance,0,0.0,0.0,0.13,0.0,29.68,Pumps Stopped
2026-09-08T20:00:00+00:00,Maintenance,0,0.0,0.0,0.18,0.0,29.09,Pumps Stopped
2026-09-08T20:15:00+00:00,Maintenance,0,0.0,0.0,0.14,0.0,29.22,Pumps Stopped
2026-09-08T20:30:00+00:00,Maintenance,0,0.0,0.0,0.15,0.0,28.87,Pumps Stopped
2026-09-08T20:45:00+00:00,Maintenance,0,0.0,0.0,0.14,0.0,28.99,Pumps Stopped
2026-09-08T21:00:00+00:00,Maintenance,0,0.0,0.0,0.16,0.0,28.81,Pumps Stopped
2026-09-08T21:15:00+00:00,Maintenance,0,0.0,0.0,0.14,0.0,28.94,Pumps Stopped
2026-09-08T21:30:00+00:00,Maintenance,0,0.0,0.0,0.18,0.0,28.79,Pumps Stopped
2026-09-08T21:45:00+00:00,Maintenance,0,0.0,0.0,0.07,0.0,28.54,Pumps Stopped
2026-09-08T22:00:00+00:00,Maintenance,0,0.0,0.0,0.12,0.0,29.24,Pumps Stopped
2026-09-08T22:15:00+00:00,Maintenance,0,0.0,0.0,0.17,0.0,29.01,Pumps Stopped
2026-09-08T22:30:00+00:00,Maintenance,0,0.0,0.0,0.15,0.0,29.33,Pumps Stopped
2026-09-08T22:45:00+00:00,Maintenance,0,0.0,0.0,0.11,0.0,29.83,Pumps Stopped
2026-09-08T23:00:00+00:00,Maintenance,0,0.0,0.0,0.16,0.0,28.49,Pumps Stopped
2026-09-08T23:15:00+00:00,Maintenance,0,0.0,0.0,0.15,0.0,29.45,Pumps Stopped
2026-09-08T23:30:00+00:00,Maintenance,0,0.0,0.0,0.12,0.0,28.75,Pumps Stopped
2026-09-08T23:45:00+00:00,Maintenance,0,0.0,0.0,0.18,0.0,29.27,Pumps Stopped
2026-09-09T00:00:00+00:00,Maintenance,0,0.0,0.0,0.16,0.0,28.81,Pumps Stopped
2026-09-09T00:15:00+00:00,Maintenance,0,0.0,0.0,0.18,0.0,29.45,Pumps Stopped
2026-09-09T00:30:00+00:00,Maintenance,0,0.0,0.0,0.11,0.0,28.82,Pumps Stopped
2026-09-09T00:45:00+00:00,Maintenance,0,0.0,0.0,0.15,0.0,29.06,Pumps Stopped
2026-09-09T01:00:00+00:00,Maintenance,0,0.0,0.0,0.11,0.0,28.41,Pumps Stopped
2026-09-09T01:15:00+00:00,Maintenance,0,0.0,0.0,0.09,0.0,28.94,Pumps Stopped
2026-09-09T01:30:00+00:00,Maintenance,0,0.0,0.0,0.13,0.0,28.69,Pumps Stopped
2026-09-09T01:45:00+00:00,Maintenance,0,0.0,0.0,0.17,0.0,28.96,Pumps Stopped
2026-09-09T02:00:00+00:00,Maintenance,0,0.0,0.0,0.19,0.0,28.79,Pumps Stopped
2026-09-09T02:15:00+00:00,Maintenance,0,0.0,0.0,0.17,0.0,28.6,Pumps Stopped
2026-09-09T02:30:00+00:00,Maintenance,0,0.0,0.0,0.13,0.0,28.86,Pumps Stopped
2026-09-09T02:45:00+00:00,Maintenance,0,0.0,0.0,0.15,0.0,29.52,Pumps Stopped
2026-09-09T03:00:00+00:00,Maintenance,0,0.0,0.0,0.16,0.0,29.21,Pumps Stopped
2026-09-09T03:15:00+00:00,Maintenance,0,0.0,0.0,0.18,0.0,29.29,Pumps Stopped
2026-09-09T03:30:00+00:00,Maintenance,0,0.0,0.0,0.12,0.0,29.25,Pumps Stopped
2026-09-09T03:45:00+00:00,Maintenance,0,0.0,0.0,0.14,0.0,29.09,Pumps Stopped
2026-09-09T04:00:00+00:00,Maintenance,0,0.0,0.0,0.17,0.0,29.21,Pumps Stopped
2026-09-09T04:15:00+00:00,Maintenance,0,0.0,0.0,0.18,0.0,28.4,Pumps Stopped
2026-09-09T04:30:00+00:00,Maintenance,0,0.0,0.0,0.15,0.0,28.62,Pumps Stopped
2026-09-09T04:45:00+00:00,Maintenance,0,0.0,0.0,0.12,0.0,28.26,Pumps Stopped
2026-09-09T05:00:00+00:00,Maintenance,0,0.0,0.0,0.15,0.0,29.59,Pumps Stopped
2026-09-09T05:15:00+00:00,Maintenance,0,0.0,0.0,0.11,0.0,29.04,Pumps Stopped
2026-09-09T05:30:00+00:00,Maintenance,0,0.0,0.0,0.16,0.0,29.38,Pumps Stopped
2026-09-09T05:45:00+00:00,Maintenance,0,0.0,0.0,0.16,0.0,29.18,Pumps Stopped
2026-09-09T06:00:00+00:00,Maintenance,0,0.0,0.0,0.08,0.0,29.51,Pumps Stopped
2026-09-09T06:15:00+00:00,Maintenance,0,0.0,0.0,0.11,0.0,29.43,Pumps Stopped
2026-09-09T06:30:00+00:00,Maintenance,0,0.0,0.0,0.18,0.0,29.16,Pumps Stopped
2026-09-09T06:45:00+00:00,Maintenance,0,0.0,0.0,0.12,0.0,28.8,Pumps Stopped
2026-09-09T07:00:00+00:00,Maintenance,0,0.0,0.0,0.16,0.0,28.82,Pumps Stopped
2026-09-09T07:15:00+00:00,Maintenance,0,0.0,0.0,0.15,0.0,28.86,Pumps Stopped
2026-09-09T07:30:00+00:00,Maintenance,0,0.0,0.0,0.17,0.0,29.13,Pumps Stopped
2026-09-09T07:45:00+00:00,Maintenance,0,0.0,0.0,0.15,0.0,29.32,Pumps Stopped
2026-09-09T08:00:00+00:00,Maintenance,0,0.0,0.0,0.16,0.0,28.5,Pumps Stopped
2026-09-09T08:15:00+00:00,Maintenance,0,0.0,0.0,0.24,0.0,29.34,Pumps Stopped
2026-09-09T08:30:00+00:00,Maintenance,0,0.0,0.0,0.11,0.0,29.05,Pumps Stopped
2026-09-09T08:45:00+00:00,Maintenance,0,0.0,0.0,0.09,0.0,28.89,Pumps Stopped
2026-09-09T09:00:00+00:00,Maintenance,0,0.0,0.0,0.13,0.0,29.06,Pumps Stopped
2026-09-09T09:15:00+00:00,Maintenance,0,0.0,0.0,0.1,0.0,29.69,Pumps Stopped
2026-09-09T09:30:00+00:00,Maintenance,0,0.0,0.0,0.15,0.0,28.94,Pumps Stopped
2026-09-09T09:45:00+00:00,Maintenance,0,0.0,0.0,0.15,0.0,28.84,Pumps Stopped
2026-09-09T10:00:00+00:00,Maintenance,0,0.0,0.0,0.13,0.0,28.98,Pumps Stopped
2026-09-09T10:15:00+00:00,Maintenance,0,0.0,0.0,0.16,0.0,28.26,Pumps Stopped
2026-09-09T10:30:00+00:00,Maintenance,0,0.0,0.0,0.13,0.0,29.1,Pumps Stopped
2026-09-09T10:45:00+00:00,Maintenance,0,0.0,0.0,0.14,0.0,29.28,Pumps Stopped
2026-09-09T11:00:00+00:00,Maintenance,0,0.0,0.0,0.18,0.0,29.37,Pumps Stopped
2026-09-09T11:15:00+00:00,Maintenance,0,0.0,0.0,0.15,0.0,29.27,Pumps Stopped
2026-09-09T11:30:00+00:00,Maintenance,0,0.0,0.0,0.15,0.0,29.44,Pumps Stopped
2026-09-09T11:45:00+00:00,Maintenance,0,0.0,0.0,0.14,0.0,28.92,Pumps Stopped
2026-09-09T12:00:00+00:00,Maintenance,0,0.0,0.0,0.15,0.0,28.23,Pumps Stopped
2026-09-09T12:15:00+00:00,Maintenance,0,0.0,0.0,0.14,0.0,29.41,Pumps Stopped
2026-09-09T12:30:00+00:00,Maintenance,0,0.0,0.0,0.15,0.0,29.08,Pumps Stopped
2026-09-09T12:45:00+00:00,Maintenance,0,0.0,0.0,0.12,0.0,28.58,Pumps Stopped
2026-09-09T13:00:00+00:00,Maintenance,0,0.0,0.0,0.16,0.0,28.61,Pumps Stopped
2026-09-09T13:15:00+00:00,Maintenance,0,0.0,0.0,0.15,0.0,28.84,Pumps Stopped
2026-09-09T13:30:00+00:00,Maintenance,0,0.0,0.0,0.18,0.0,28.93,Pumps Stopped
2026-09-09T13:45:00+00:00,Maintenance,0,0.0,0.0,0.21,0.0,29.28,Pumps Stopped
2026-09-09T14:00:00+00:00,Maintenance,0,0.0,0.0,0.15,0.0,29.15,Pumps Stopped
2026-09-09T14:15:00+00:00,Maintenance,0,0.0,0.0,0.1,0.0,29.53,Pumps Stopped
2026-09-09T14:30:00+00:00,Maintenance,0,0.0,0.0,0.16,0.0,28.97,Pumps Stopped
2026-09-09T14:45:00+00:00,Maintenance,0,0.0,0.0,0.16,0.0,28.76,Pumps Stopped
2026-09-09T15:00:00+00:00,Maintenance,0,0.0,0.0,0.13,0.0,28.59,Pumps Stopped
2026-09-09T15:15:00+00:00,Maintenance,0,0.0,0.0,0.14,0.0,28.87,Pumps Stopped
2026-09-09T15:30:00+00:00,Maintenance,0,0.0,0.0,0.12,0.0,29.18,Pumps Stopped
2026-09-09T15:45:00+00:00,Maintenance,0,0.0,0.0,0.18,0.0,28.69,Pumps Stopped
2026-09-09T16:00:00+00:00,Maintenance,0,0.0,0.0,0.19,0.0,29.0,Pumps Stopped
2026-09-09T16:15:00+00:00,Maintenance,0,0.0,0.0,0.16,0.0,28.61,Pumps Stopped
2026-09-09T16:30:00+00:00,Maintenance,0,0.0,0.0,0.16,0.0,28.85,Pumps Stopped
2026-09-09T16:45:00+00:00,Maintenance,0,0.0,0.0,0.16,0.0,29.01,Pumps Stopped
2026-09-09T17:00:00+00:00,Maintenance,0,0.0,0.0,0.14,0.0,29.33,Pumps Stopped
2026-09-09T17:15:00+00:00,Maintenance,0,0.0,0.0,0.12,0.0,29.17,Pumps Stopped
2026-09-09T17:30:00+00:00,Maintenance,0,0.0,0.0,0.14,0.0,28.88,Pumps Stopped
2026-09-09T17:45:00+00:00,Maintenance,0,0.0,0.0,0.13,0.0,28.56,Pumps Stopped
2026-09-09T18:00:00+00:00,Running,1,2212.0,10.58,4.51,59.93,47.61,Pump A Running
2026-09-09T18:15:00+00:00,Running,1,2362.1,10.63,4.45,59.83,47.81,Pump A Running
2026-09-09T18:30:00+00:00,Running,1,2226.0,10.58,4.49,53.09,47.68,Pump A Running
2026-09-09T18:45:00+00:00,Running,1,2147.1,10.72,4.57,53.11,47.23,Pump A Running
2026-09-09T19:00:00+00:00,Running,1,2143.0,10.58,4.35,53.38,47.1,Pump A Running
2026-09-09T19:15:00+00:00,Running,1,2387.5,10.59,4.33,63.09,47.55,Pump A Running
2026-09-09T19:30:00+00:00,Running,1,2296.6,10.75,4.39,59.59,47.58,Pump A Running
2026-09-09T19:45:00+00:00,Running,1,2307.8,10.65,4.42,62.79,47.64,Pump A Running
2026-09-09T20:00:00+00:00,Running,1,2278.4,10.72,4.5,45.74,47.38,Pump A Running
2026-09-09T20:15:00+00:00,Running,1,2208.7,10.71,4.67,54.19,47.41,Pump A Running
2026-09-09T20:30:00+00:00,Running,1,2210.4,10.72,4.41,50.13,47.45,Pump A Running
2026-09-09T20:45:00+00:00,Running,1,2262.5,10.62,4.36,53.82,47.23,Pump A Running
2026-09-09T21:00:00+00:00,Running,1,2236.7,10.59,4.56,52.28,46.61,Pump A Running
2026-09-09T21:15:00+00:00,Running,1,2259.9,10.47,4.49,52.95,46.79,Pump A Running
2026-09-09T21:30:00+00:00,Running,1,2087.0,10.6,4.42,53.51,47.62,Pump A Running
2026-09-09T21:45:00+00:00,Running,1,2291.6,10.75,4.51,58.03,47.5,Pump A Running
2026-09-09T22:00:00+00:00,Running,1,2132.2,10.59,4.33,56.5,48.01,Pump A Running
2026-09-09T22:15:00+00:00,Running,1,2282.4,10.62,4.45,56.91,47.87,Pump A Running
2026-09-09T22:30:00+00:00,Running,1,2234.4,10.62,4.5,59.46,47.2,Pump A Running
2026-09-09T22:45:00+00:00,Running,1,2274.0,10.65,4.39,54.38,48.1,Pump A Running
2026-09-09T23:00:00+00:00,Running,1,2203.5,10.6,4.52,51.63,46.88,Pump A Running
2026-09-09T23:15:00+00:00,Running,1,2158.7,10.63,4.43,55.57,47.35,Pump A Running
2026-09-09T23:30:00+00:00,Running,1,2216.9,10.62,4.48,60.75,47.8,Pump A Running
2026-09-09T23:45:00+00:00,Running,1,2234.2,10.51,4.47,57.38,47.61,Pump A Running
2026-09-10T00:00:00+00:00,Running,1,2217.0,10.51,4.52,60.92,47.07,Pump A Running
2026-09-10T00:15:00+00:00,Running,1,2219.5,10.59,4.45,50.45,47.96,Pump A Running
2026-09-10T00:30:00+00:00,Running,1,2262.0,10.65,4.42,54.91,48.36,Pump A Running
2026-09-10T00:45:00+00:00,Running,1,2088.8,10.5,4.53,62.49,47.44,Pump A Running
2026-09-10T01:00:00+00:00,Running,1,2019.7,10.63,4.21,51.62,46.77,Pump A Running
2026-09-10T01:15:00+00:00,Running,1,2154.7,10.64,4.39,51.94,47.69,Pump A Running
2026-09-10T01:30:00+00:00,Running,1,2127.9,10.5,4.43,53.52,46.9,Pump A Running
2026-09-10T01:45:00+00:00,Running,1,2059.2,10.67,4.53,56.03,47.38,Pump A Running
2026-09-10T02:00:00+00:00,Stopped,0,0.0,0.0,0.15,0.0,28.64,Pumps Stopped
2026-09-10T02:15:00+00:00,Stopped,0,0.0,0.0,0.17,0.0,28.77,Pumps Stopped
2026-09-10T02:30:00+00:00,Stopped,0,0.0,0.0,0.13,0.0,29.16,Pumps Stopped
2026-09-10T02:45:00+00:00,Stopped,0,0.0,0.0,0.16,0.0,29.41,Pumps Stopped
2026-09-10T03:00:00+00:00,Stopped,0,0.0,0.0,0.17,0.0,29.43,Pumps Stopped
2026-09-10T03:15:00+00:00,Stopped,0,0.0,0.0,0.18,0.0,28.07,Pumps Stopped
2026-09-10T03:30:00+00:00,Running,1,2095.2,10.52,4.52,59.27,47.76,Pump A Running
2026-09-10T03:45:00+00:00,Running,1,1946.5,10.58,4.38,57.6,46.08,Pump A Running
2026-09-10T04:00:00+00:00,Running,1,1935.2,10.64,4.43,52.99,47.1,Pump A Running
2026-09-10T04:15:00+00:00,Running,1,2179.9,10.57,4.46,63.96,46.89,Pump A Running
2026-09-10T04:30:00+00:00,Running,1,2205.1,10.66,4.55,56.44,48.62,Pump A Running
2026-09-10T04:45:00+00:00,Running,1,2022.1,10.6,4.55,54.58,47.23,Pump A Running
2026-09-10T05:00:00+00:00,Running,1,2172.4,10.65,4.4,53.27,47.25,Pump A Running
2026-09-10T05:15:00+00:00,Running,1,2150.2,10.6,4.5,54.53,47.19,Pump A Running
2026-09-10T05:30:00+00:00,Running,1,2240.1,10.65,4.38,60.54,48.16,Pump A Running
2026-09-10T05:45:00+00:00,Running,1,2218.2,10.7,4.44,56.61,47.45,Pump A Running
2026-09-10T06:00:00+00:00,Running,1,1999.3,10.67,4.37,57.14,46.96,Pump A Running
2026-09-10T06:15:00+00:00,Running,1,2142.5,10.61,4.46,57.43,47.37,Pump A Running
2026-09-10T06:30:00+00:00,Running,1,2076.6,10.6,4.5,58.42,47.04,Pump A Running
2026-09-10T06:45:00+00:00,Running,1,2032.5,10.53,4.39,58.74,47.15,Pump A Running
2026-09-10T07:00:00+00:00,Running,1,2213.8,10.47,4.49,56.24,47.37,Pump A Running
2026-09-10T07:15:00+00:00,Running,1,2189.6,10.63,4.43,55.74,47.54,Pump A Running
2026-09-10T07:30:00+00:00,Running,1,2188.2,10.61,4.49,56.67,47.14,Pump A Running
2026-09-10T07:45:00+00:00,Running,1,2081.2,10.7,4.38,56.01,47.78,Pump A Running
2026-09-10T08:00:00+00:00,Running,1,2020.0,10.55,4.47,57.06,47.83,Pump A Running
2026-09-10T08:15:00+00:00,Running,1,2354.3,10.49,4.44,54.57,47.43,Pump A Running
2026-09-10T08:30:00+00:00,Running,1,2051.5,10.49,4.46,54.17,46.87,Pump A Running
2026-09-10T08:45:00+00:00,Running,1,2198.5,10.57,4.54,58.25,47.08,Pump A Running
2026-09-10T09:00:00+00:00,Running,1,2241.6,10.69,4.42,55.49,47.53,Pump A Running
2026-09-10T09:15:00+00:00,Running,1,2211.8,10.53,4.56,51.24,47.02,Pump A Running
2026-09-10T09:30:00+00:00,Running,1,2168.9,10.56,4.52,61.12,47.89,Pump A Running
2026-09-10T09:45:00+00:00,Running,1,2209.9,10.56,4.48,56.01,47.51,Pump A Running
2026-09-10T10:00:00+00:00,Running,1,2030.6,10.67,4.39,55.88,47.13,Pump A Running
2026-09-10T10:15:00+00:00,Running,1,2143.4,10.57,4.52,53.42,47.35,Pump A Running
2026-09-10T10:30:00+00:00,Running,1,2168.6,10.71,4.5,50.96,47.6,Pump A Running
2026-09-10T10:45:00+00:00,Running,1,2117.9,10.54,4.5,56.66,47.33,Pump A Running
2026-09-10T11:00:00+00:00,Running,1,2217.1,10.56,4.41,51.3,47.27,Pump A Running
2026-09-10T11:15:00+00:00,Running,1,2290.5,10.57,4.41,61.24,47.62,Pump A Running
2026-09-10T11:30:00+00:00,Running,1,2234.8,10.57,4.62,52.79,47.8,Pump A Running
2026-09-10T11:45:00+00:00,Running,1,2016.6,10.5,4.54,60.52,46.67,Pump A Running
2026-09-10T12:00:00+00:00,Running,1,2153.8,10.6,4.53,53.36,47.07,Pump A Running
2026-09-10T12:15:00+00:00,Running,1,2101.4,10.71,4.41,59.52,47.03,Pump A Running
2026-09-10T12:30:00+00:00,Running,1,2048.1,10.55,4.49,50.53,47.37,Pump A Running
2026-09-10T12:45:00+00:00,Running,1,2191.6,10.56,4.3,53.0,46.88,Pump A Running
2026-09-10T13:00:00+00:00,Running,1,2397.7,10.74,4.52,55.64,47.21,Pump A Running
2026-09-10T13:15:00+00:00,Running,1,2268.4,10.63,4.38,54.1,47.24,Pump A Running
2026-09-10T13:30:00+00:00,Running,1,2403.2,10.52,4.49,55.37,47.58,Pump A Running
2026-09-10T13:45:00+00:00,Running,1,2483.0,10.77,4.47,60.45,47.29,Pump A Running
2026-09-10T14:00:00+00:00,Running,1,2396.2,10.71,4.49,57.4,47.26,Pump A Running
2026-09-10T14:15:00+00:00,Running,1,2366.7,10.72,4.46,58.77,47.55,Pump A Running
2026-09-10T14:30:00+00:00,Running,1,2335.3,10.69,4.62,54.78,47.69,Pump A Running
2026-09-10T14:45:00+00:00,Running,1,2315.8,10.59,4.38,59.84,47.49,Pump A Running
2026-09-10T15:00:00+00:00,Running,1,2275.0,10.44,4.4,65.05,47.47,Pump A Running
2026-09-10T15:15:00+00:00,Running,1,2192.9,10.55,4.55,54.04,47.23,Pump A Running
2026-09-10T15:30:00+00:00,Running,1,2336.7,10.61,4.49,52.28,47.37,Pump A Running
2026-09-10T15:45:00+00:00,Running,1,2395.0,10.63,4.38,58.22,48.73,Pump A Running
2026-09-10T16:00:00+00:00,Running,1,2483.5,10.63,4.43,59.35,47.88,Pump A Running
2026-09-10T16:15:00+00:00,Running,1,2410.9,10.65,4.47,52.36,47.55,Pump A Running
2026-09-10T16:30:00+00:00,Running,1,2346.6,10.68,4.56,59.1,47.43,Pump A Running
2026-09-10T16:45:00+00:00,Running,1,2320.0,10.61,4.55,52.31,47.12,Pump A Running
2026-09-10T17:00:00+00:00,Running,1,2294.7,10.79,4.41,53.28,48.0,Pump A Running
2026-09-10T17:15:00+00:00,Running,1,2235.2,10.57,4.38,57.78,46.76,Pump A Running
2026-09-10T17:30:00+00:00,Running,1,2219.9,10.43,4.45,62.34,47.44,Pump A Running
2026-09-10T17:45:00+00:00,Running,1,2317.7,10.53,4.34,61.23,48.46,Pump A Running
2026-09-10T18:00:00+00:00,Running,1,2407.5,10.75,4.41,56.09,48.23,Pump A Running
2026-09-10T18:15:00+00:00,Running,1,2244.5,10.64,4.44,55.52,46.9,Pump A Running
2026-09-10T18:30:00+00:00,Running,1,2166.6,10.56,4.44,58.14,47.71,Pump A Running
2026-09-10T18:45:00+00:00,Running,1,2311.3,10.59,4.55,61.57,47.12,Pump A Running
2026-09-10T19:00:00+00:00,Running,1,2559.8,10.67,4.35,61.78,48.86,Pump A Running
2026-09-10T19:15:00+00:00,Running,1,2371.2,10.51,4.47,55.32,47.17,Pump A Running
2026-09-10T19:30:00+00:00,Running,1,2487.8,10.62,4.37,55.52,46.8,Pump A Running
2026-09-10T19:45:00+00:00,Running,1,2400.9,10.56,4.55,52.84,47.32,Pump A Running
2026-09-10T20:00:00+00:00,Running,1,2382.1,10.59,4.4,55.48,47.6,Pump A Running
2026-09-10T20:15:00+00:00,Running,1,2350.0,10.67,4.42,52.57,47.11,Pump A Running
2026-09-10T20:30:00+00:00,Running,1,2267.0,10.69,4.52,55.58,47.45,Pump A Running
2026-09-10T20:45:00+00:00,Running,1,2377.3,10.67,4.42,57.11,47.42,Pump A Running
2026-09-10T21:00:00+00:00,Running,1,2500.3,10.7,4.51,64.85,47.65,Pump A Running
2026-09-10T21:15:00+00:00,Running,1,2643.8,10.57,4.49,54.56,48.1,Pump A Running
2026-09-10T21:30:00+00:00,Running,1,2376.5,10.55,4.48,52.53,47.59,Pump A Running
2026-09-10T21:45:00+00:00,Running,1,2489.0,10.67,4.49,53.75,46.85,Pump A Running
2026-09-10T22:00:00+00:00,Running,1,2526.3,10.52,4.49,57.6,48.12,Pump A Running
2026-09-10T22:15:00+00:00,Running,1,2496.2,10.54,4.43,56.0,47.37,Pump A Running
2026-09-10T22:30:00+00:00,Running,1,2440.3,10.54,4.54,58.67,47.29,Pump A Running
2026-09-10T22:45:00+00:00,Running,1,2405.6,10.52,4.46,52.68,46.92,Pump A Running
2026-09-10T23:00:00+00:00,Running,1,2697.5,10.58,4.38,59.59,48.09,Pump A Running
2026-09-10T23:15:00+00:00,Running,1,2462.0,10.63,4.36,53.46,47.43,Pump A Running
2026-09-10T23:30:00+00:00,Running,1,2614.3,10.66,4.3,56.62,48.19,Pump A Running
2026-09-10T23:45:00+00:00,Running,1,2572.0,10.54,4.45,57.9,47.41,Pump A Running
2026-09-11T00:00:00+00:00,Running,1,2570.3,10.52,4.6,55.96,47.23,Pump A Running
2026-09-11T00:15:00+00:00,Running,1,2607.9,10.59,4.48,55.35,47.91,Pump A Running
2026-09-11T00:30:00+00:00,Running,1,2493.3,10.5,4.36,51.7,47.77,Pump A Running
2026-09-11T00:45:00+00:00,Running,1,2634.2,10.71,4.41,57.93,48.23,Pump A Running
2026-09-11T01:00:00+00:00,Running,1,2343.0,10.62,4.39,53.22,47.15,Pump A Running
2026-09-11T01:15:00+00:00,Running,1,2595.3,10.65,4.41,65.09,47.43,Pump A Running
2026-09-11T01:30:00+00:00,Running,1,2655.7,10.64,4.46,54.81,47.74,Pump A Running
2026-09-11T01:45:00+00:00,Running,1,2480.8,10.71,4.37,56.38,47.16,Pump A Running
2026-09-11T02:00:00+00:00,Stopped,0,0.0,0.0,0.19,0.0,28.58,Pumps Stopped
2026-09-11T02:15:00+00:00,Stopped,0,0.0,0.0,0.17,0.0,28.93,Pumps Stopped
2026-09-11T02:30:00+00:00,Stopped,0,0.0,0.0,0.18,0.0,29.1,Pumps Stopped
2026-09-11T02:45:00+00:00,Stopped,0,0.0,0.0,0.15,0.0,28.99,Pumps Stopped
2026-09-11T03:00:00+00:00,Stopped,0,0.0,0.0,0.19,0.0,29.1,Pumps Stopped
2026-09-11T03:15:00+00:00,Stopped,0,0.0,0.0,0.14,0.0,28.93,Pumps Stopped
2026-09-11T03:30:00+00:00,Running,1,2576.8,10.63,4.34,55.29,47.86,Pump A Running
2026-09-11T03:45:00+00:00,Running,1,2862.3,10.58,4.47,52.94,47.65,Pump A Running
2026-09-11T04:00:00+00:00,Running,1,2659.3,10.65,4.53,55.51,47.3,Pump A Running
2026-09-11T04:15:00+00:00,Running,1,2550.5,10.63,4.38,51.83,47.8,Pump A Running
2026-09-11T04:30:00+00:00,Running,1,2575.2,10.63,4.37,57.36,47.64,Pump A Running
2026-09-11T04:45:00+00:00,Running,1,2628.6,10.67,4.46,54.61,47.25,Pump A Running
2026-09-11T05:00:00+00:00,Running,1,2692.4,10.63,4.63,59.24,47.83,Pump A Running
2026-09-11T05:15:00+00:00,Running,1,2789.9,10.51,4.51,54.41,48.41,Pump A Running
2026-09-11T05:30:00+00:00,Running,1,2575.3,10.57,4.61,57.12,47.3,Pump A Running
2026-09-11T05:45:00+00:00,Running,1,2673.2,10.56,4.55,59.69,47.66,Pump A Running
2026-09-11T06:00:00+00:00,Running,1,2704.5,10.66,4.56,57.22,47.65,Pump A Running
2026-09-11T06:15:00+00:00,Running,1,2578.1,10.47,4.41,59.76,47.86,Pump A Running
2026-09-11T06:30:00+00:00,Running,1,2702.5,10.7,4.51,55.76,48.14,Pump A Running
2026-09-11T06:45:00+00:00,Running,1,2711.6,10.54,4.45,64.01,47.95,Pump A Running
2026-09-11T07:00:00+00:00,Running,1,2847.3,10.58,4.38,58.97,48.19,Pump A Running
2026-09-11T07:15:00+00:00,Running,1,2682.6,10.52,4.51,56.87,47.57,Pump A Running
2026-09-11T07:30:00+00:00,Running,1,2696.4,10.67,4.61,51.45,47.75,Pump A Running
2026-09-11T07:45:00+00:00,Running,1,2684.1,10.56,4.42,56.28,47.86,Pump A Running
2026-09-11T08:00:00+00:00,Running,1,2752.3,10.56,4.47,56.86,48.14,Pump A Running
2026-09-11T08:15:00+00:00,Running,1,2692.0,10.5,4.47,58.5,47.59,Pump A Running
2026-09-11T08:30:00+00:00,Running,1,2611.2,10.58,4.52,60.36,47.71,Pump A Running
2026-09-11T08:45:00+00:00,Running,1,2680.1,10.59,4.5,50.34,47.74,Pump A Running
2026-09-11T09:00:00+00:00,Running,1,2679.9,10.65,4.39,61.29,47.84,Pump A Running
2026-09-11T09:15:00+00:00,Running,1,2795.0,10.54,4.62,58.47,47.36,Pump A Running
2026-09-11T09:30:00+00:00,Running,1,2732.9,10.62,4.49,58.11,48.14,Pump A Running
2026-09-11T09:45:00+00:00,Running,1,2769.2,10.64,4.4,57.3,47.89,Pump A Running
2026-09-11T10:00:00+00:00,Running,1,2758.2,10.55,4.44,56.31,47.69,Pump A Running
2026-09-11T10:15:00+00:00,Running,1,2636.1,10.56,4.38,58.77,47.58,Pump A Running
2026-09-11T10:30:00+00:00,Running,1,2664.1,10.69,4.57,58.34,47.83,Pump A Running
2026-09-11T10:45:00+00:00,Running,1,2711.0,10.65,4.52,53.31,47.94,Pump A Running
2026-09-11T11:00:00+00:00,Running,1,2910.5,10.61,4.42,54.33,47.76,Pump A Running
2026-09-11T11:15:00+00:00,Running,1,2927.4,10.6,4.54,53.47,48.02,Pump A Running
2026-09-11T11:30:00+00:00,Running,1,2851.6,10.62,4.55,55.06,47.99,Pump A Running
2026-09-11T11:45:00+00:00,Running,1,2732.1,10.51,4.37,58.03,47.87,Pump A Running
2026-09-11T12:00:00+00:00,Running,1,2698.6,10.65,4.59,57.18,48.08,Pump A Running
2026-09-11T12:15:00+00:00,Running,1,2759.2,10.62,4.49,57.31,47.64,Pump A Running
2026-09-11T12:30:00+00:00,Running,1,2756.0,10.54,4.51,54.47,47.51,Pump A Running
2026-09-11T12:45:00+00:00,Running,1,2847.3,10.63,4.44,59.1,47.67,Pump A Running
2026-09-11T13:00:00+00:00,Running,1,2566.5,10.71,4.5,58.73,47.88,Pump A Running
2026-09-11T13:15:00+00:00,Running,1,2815.5,10.53,4.38,59.41,47.37,Pump A Running
2026-09-11T13:30:00+00:00,Running,1,2841.4,10.59,4.4,53.0,48.3,Pump A Running
2026-09-11T13:45:00+00:00,Running,1,2701.8,10.6,4.51,56.64,47.54,Pump A Running
2026-09-11T14:00:00+00:00,Running,1,2744.8,10.67,4.46,54.7,48.09,Pump A Running
2026-09-11T14:15:00+00:00,Running,1,2835.6,10.58,4.49,58.92,47.29,Pump A Running
2026-09-11T14:30:00+00:00,Running,1,2959.2,10.6,4.8,55.44,47.5,Pump A Running
2026-09-11T14:45:00+00:00,Running,1,2729.4,10.6,4.56,54.16,47.73,Pump A Running
2026-09-11T15:00:00+00:00,Running,1,2846.8,10.58,4.29,55.45,47.76,Pump A Running
2026-09-11T15:15:00+00:00,Running,1,2762.3,10.51,4.54,54.8,47.96,Pump A Running
2026-09-11T15:30:00+00:00,Running,1,2793.0,10.64,4.51,49.21,47.84,Pump A Running
2026-09-11T15:45:00+00:00,Running,1,2681.5,10.62,4.48,53.13,47.52,Pump A Running
2026-09-11T16:00:00+00:00,Running,1,2861.6,10.64,4.5,58.04,48.23,Pump A Running
2026-09-11T16:15:00+00:00,Running,1,2830.7,10.55,4.46,56.75,48.06,Pump A Running
2026-09-11T16:30:00+00:00,Running,1,2758.4,10.55,4.51,56.69,48.05,Pump A Running
2026-09-11T16:45:00+00:00,Running,1,2645.8,10.59,4.55,53.32,48.11,Pump A Running
2026-09-11T17:00:00+00:00,Running,1,2754.4,10.63,4.47,48.83,47.72,Pump A Running
2026-09-11T17:15:00+00:00,Running,1,2479.3,10.67,4.42,61.34,47.69,Pump A Running
2026-09-11T17:30:00+00:00,Running,1,2835.8,10.51,4.34,52.32,48.26,Pump A Running
2026-09-11T17:45:00+00:00,Running,1,2801.7,10.64,4.55,53.92,47.59,Pump A Running
2026-09-11T18:00:00+00:00,Running,1,2844.9,10.59,4.54,56.48,48.1,Pump A Running
2026-09-11T18:15:00+00:00,Running,1,2858.0,10.69,4.62,56.82,47.93,Pump A Running
2026-09-11T18:30:00+00:00,Running,1,2688.2,10.66,4.36,56.02,47.89,Pump A Running
2026-09-11T18:45:00+00:00,Running,1,2723.9,10.6,4.73,58.62,48.01,Pump A Running
2026-09-11T19:00:00+00:00,Running,1,2780.0,10.58,4.51,55.98,48.55,Pump A Running
2026-09-11T19:15:00+00:00,Running,1,2788.9,10.61,4.42,61.64,47.69,Pump A Running
2026-09-11T19:30:00+00:00,Running,1,2712.4,10.62,4.46,57.34,47.68,Pump A Running
2026-09-11T19:45:00+00:00,Running,1,2679.9,10.46,4.26,54.03,48.04,Pump A Running
2026-09-11T20:00:00+00:00,Running,1,2791.4,10.61,4.57,57.05,47.91,Pump A Running
2026-09-11T20:15:00+00:00,Running,1,2723.7,10.66,4.5,55.16,47.77,Pump A Running
2026-09-11T20:30:00+00:00,Running,1,2554.5,10.48,4.42,58.78,47.97,Pump A Running
2026-09-11T20:45:00+00:00,Running,1,2726.6,10.65,4.44,60.0,47.55,Pump A Running
2026-09-11T21:00:00+00:00,Running,1,2858.0,10.5,4.45,57.87,47.22,Pump A Running
2026-09-11T21:15:00+00:00,Running,1,2742.6,10.64,4.38,54.68,48.36,Pump A Running
2026-09-11T21:30:00+00:00,Running,1,2688.8,10.53,4.43,51.47,47.49,Pump A Running
2026-09-11T21:45:00+00:00,Running,1,2738.4,10.56,4.47,52.69,47.35,Pump A Running
2026-09-11T22:00:00+00:00,Running,1,2692.6,10.59,4.62,60.48,47.58,Pump A Running
2026-09-11T22:15:00+00:00,Running,1,2631.6,10.55,4.58,57.94,47.25,Pump A Running
2026-09-11T22:30:00+00:00,Running,1,2663.1,10.63,4.49,54.83,47.78,Pump A Running
2026-09-11T22:45:00+00:00,Running,1,2717.3,10.57,4.43,56.4,47.38,Pump A Running
2026-09-11T23:00:00+00:00,Running,1,2632.3,10.62,4.52,56.06,48.07,Pump A Running
2026-09-11T23:15:00+00:00,Running,1,2741.6,10.57,4.39,55.94,47.69,Pump A Running
2026-09-11T23:30:00+00:00,Running,1,2787.0,10.52,4.46,56.17,47.46,Pump A Running
2026-09-11T23:45:00+00:00,Running,1,2679.3,10.44,4.53,60.2,48.18,Pump A Running
2026-09-12T00:00:00+00:00,Running,1,2581.7,10.63,4.51,59.31,47.97,Pump A Running
2026-09-12T00:15:00+00:00,Running,1,2777.1,10.66,4.55,59.49,47.54,Pump A Running
2026-09-12T00:30:00+00:00,Running,1,2757.6,10.82,4.61,53.86,47.52,Pump A Running
2026-09-12T00:45:00+00:00,Running,1,2708.9,10.44,4.58,59.85,47.89,Pump A Running
2026-09-12T01:00:00+00:00,Running,1,2597.8,10.71,4.53,51.27,47.59,Pump A Running
2026-09-12T01:15:00+00:00,Running,1,2735.5,10.61,4.34,56.29,47.49,Pump A Running
2026-09-12T01:30:00+00:00,Running,1,2716.5,10.73,4.54,52.2,47.96,Pump A Running
2026-09-12T01:45:00+00:00,Running,1,2682.9,10.49,4.42,56.95,47.89,Pump A Running
2026-09-12T02:00:00+00:00,Stopped,0,0.0,0.0,0.16,0.0,28.89,Pumps Stopped
2026-09-12T02:15:00+00:00,Stopped,0,0.0,0.0,0.17,0.0,28.98,Pumps Stopped
2026-09-12T02:30:00+00:00,Stopped,0,0.0,0.0,0.17,0.0,28.7,Pumps Stopped
2026-09-12T02:45:00+00:00,Stopped,0,0.0,0.0,0.12,0.0,28.83,Pumps Stopped
2026-09-12T03:00:00+00:00,Stopped,0,0.0,0.0,0.11,0.0,29.02,Pumps Stopped
2026-09-12T03:15:00+00:00,Stopped,0,0.0,0.0,0.12,0.0,28.76,Pumps Stopped
2026-09-12T03:30:00+00:00,Running,1,2615.9,10.55,4.59,56.6,47.74,Pump A Running
2026-09-12T03:45:00+00:00,Running,1,2359.5,10.66,4.44,54.63,47.72,Pump A Running
2026-09-12T04:00:00+00:00,Running,1,2612.6,10.71,4.53,54.59,47.96,Pump A Running
2026-09-12T04:15:00+00:00,Running,1,2604.2,10.7,4.55,56.27,47.74,Pump A Running
2026-09-12T04:30:00+00:00,Running,1,2620.3,10.62,4.49,56.47,47.53,Pump A Running
2026-09-12T04:45:00+00:00,Running,1,2703.7,10.64,4.49,56.17,47.58,Pump A Running
2026-09-12T05:00:00+00:00,Running,1,2407.7,10.67,4.48,53.83,47.28,Pump A Running
2026-09-12T05:15:00+00:00,Running,1,2479.3,10.49,4.61,59.51,47.17,Pump A Running
2026-09-12T05:30:00+00:00,Running,1,2589.6,10.56,4.45,60.73,47.72,Pump A Running
2026-09-12T05:45:00+00:00,Running,1,2381.3,10.66,4.41,57.9,47.37,Pump A Running
2026-09-12T06:00:00+00:00,Running,1,2541.6,10.64,4.64,58.74,47.68,Pump A Running
2026-09-12T06:15:00+00:00,Running,1,2526.9,10.68,4.64,61.14,47.44,Pump A Running
2026-09-12T06:30:00+00:00,Running,1,2430.7,10.68,4.46,58.99,47.55,Pump A Running
2026-09-12T06:45:00+00:00,Running,1,2465.2,10.55,4.45,54.16,47.23,Pump A Running
2026-09-12T07:00:00+00:00,Running,1,2601.3,10.57,4.5,53.85,47.53,Pump A Running
2026-09-12T07:15:00+00:00,Running,1,2661.0,10.67,4.53,50.38,47.12,Pump A Running
2026-09-12T07:30:00+00:00,Running,1,2538.9,10.72,4.45,59.5,47.65,Pump A Running
2026-09-12T07:45:00+00:00,Running,1,2418.0,10.58,4.57,55.61,47.39,Pump A Running
2026-09-12T08:00:00+00:00,Running,1,2369.7,10.57,4.62,56.55,47.72,Pump A Running
2026-09-12T08:15:00+00:00,Running,1,2346.2,10.59,4.43,57.02,47.07,Pump A Running
2026-09-12T08:30:00+00:00,Running,1,2603.5,10.61,4.64,61.26,47.41,Pump A Running
2026-09-12T08:45:00+00:00,Running,1,2569.4,10.57,4.51,53.91,47.24,Pump A Running
2026-09-12T09:00:00+00:00,Running,1,2477.6,10.58,4.45,56.19,47.51,Pump A Running
2026-09-12T09:15:00+00:00,Running,1,2410.4,10.6,4.52,59.19,48.3,Pump A Running
2026-09-12T09:30:00+00:00,Running,1,2351.5,10.64,4.63,59.44,47.76,Pump A Running
2026-09-12T09:45:00+00:00,Running,1,2456.2,10.55,4.58,58.89,47.59,Pump A Running
2026-09-12T10:00:00+00:00,Running,1,2286.7,10.59,4.49,53.85,47.76,Pump A Running
2026-09-12T10:15:00+00:00,Running,1,2278.2,10.62,4.43,53.42,47.59,Pump A Running
2026-09-12T10:30:00+00:00,Running,1,2497.7,10.49,4.38,59.45,47.61,Pump A Running
2026-09-12T10:45:00+00:00,Running,1,2223.4,10.58,4.41,53.18,47.17,Pump A Running
2026-09-12T11:00:00+00:00,Running,1,2317.0,10.55,4.54,56.28,47.29,Pump A Running
2026-09-12T11:15:00+00:00,Running,1,2278.6,10.5,4.41,57.13,47.17,Pump A Running
2026-09-12T11:30:00+00:00,Running,1,2197.5,10.66,4.47,61.56,47.55,Pump A Running
2026-09-12T11:45:00+00:00,Running,1,2266.3,10.65,4.57,56.25,47.22,Pump A Running
2026-09-12T12:00:00+00:00,Running,1,2368.6,10.64,4.46,54.61,47.18,Pump A Running
2026-09-12T12:15:00+00:00,Running,1,2300.0,10.66,4.45,51.76,47.49,Pump A Running
2026-09-12T12:30:00+00:00,Running,1,2118.1,10.67,4.36,58.28,47.05,Pump A Running
2026-09-12T12:45:00+00:00,Running,1,2352.6,10.61,4.52,56.15,47.81,Pump A Running
2026-09-12T13:00:00+00:00,Running,1,2368.5,10.62,4.37,57.05,47.67,Pump A Running
2026-09-12T13:15:00+00:00,Running,1,2298.3,10.65,4.47,57.1,47.5,Pump A Running
2026-09-12T13:30:00+00:00,Running,1,2381.0,10.62,4.43,53.23,47.75,Pump A Running
2026-09-12T13:45:00+00:00,Running,1,2168.6,10.56,4.43,51.57,47.49,Pump A Running
2026-09-12T14:00:00+00:00,Running,1,2238.1,10.56,4.44,52.89,47.29,Pump A Running
2026-09-12T14:15:00+00:00,Running,1,2206.3,10.55,4.38,53.07,46.89,Pump A Running
2026-09-12T14:30:00+00:00,Running,1,2168.2,10.62,4.49,57.88,46.97,Pump A Running
2026-09-12T14:45:00+00:00,Running,1,2274.1,10.68,4.41,57.58,47.25,Pump A Running
2026-09-12T15:00:00+00:00,Running,1,2248.9,10.58,4.38,53.59,47.3,Pump A Running
2026-09-12T15:15:00+00:00,Running,1,2313.5,10.6,4.58,57.6,47.63,Pump A Running
2026-09-12T15:30:00+00:00,Running,1,2234.0,10.65,4.41,54.05,47.54,Pump A Running
2026-09-12T15:45:00+00:00,Running,1,2205.3,10.61,4.69,55.75,47.22,Pump A Running
2026-09-12T16:00:00+00:00,Running,1,2311.7,10.54,4.48,55.49,47.19,Pump A Running
2026-09-12T16:15:00+00:00,Running,1,2179.9,10.5,4.32,50.51,46.88,Pump A Running
2026-09-12T16:30:00+00:00,Running,1,2224.4,10.74,4.53,51.43,47.65,Pump A Running
2026-09-12T16:45:00+00:00,Running,1,2326.5,10.67,4.38,49.08,46.68,Pump A Running
2026-09-12T17:00:00+00:00,Running,1,2360.2,10.54,4.48,52.87,47.8,Pump A Running
2026-09-12T17:15:00+00:00,Running,1,2162.7,10.61,4.5,58.01,47.58,Pump A Running
2026-09-12T17:30:00+00:00,Running,1,2236.4,10.54,4.51,58.0,47.79,Pump A Running
2026-09-12T17:45:00+00:00,Running,1,2272.0,10.61,4.47,56.76,47.88,Pump A Running
2026-09-12T18:00:00+00:00,Running,1,2087.0,10.57,4.49,56.52,47.08,Pump A Running
2026-09-12T18:15:00+00:00,Running,1,1983.1,10.59,4.55,51.95,47.21,Pump A Running
2026-09-12T18:30:00+00:00,Running,1,2247.8,10.64,4.48,57.52,47.35,Pump A Running
2026-09-12T18:45:00+00:00,Running,1,2090.3,10.48,4.45,55.14,46.98,Pump A Running
2026-09-12T19:00:00+00:00,Running,1,2164.6,10.62,4.55,58.08,46.95,Pump A Running
2026-09-12T19:15:00+00:00,Running,1,1985.9,10.54,4.51,56.31,47.06,Pump A Running
2026-09-12T19:30:00+00:00,Running,1,2106.4,10.6,4.45,60.09,47.42,Pump A Running
2026-09-12T19:45:00+00:00,Running,1,2140.5,10.71,4.45,61.04,47.19,Pump A Running
2026-09-12T20:00:00+00:00,Running,1,2239.9,10.48,4.37,56.93,47.02,Pump A Running
2026-09-12T20:15:00+00:00,Running,1,2218.6,10.51,4.52,60.61,47.31,Pump A Running
2026-09-12T20:30:00+00:00,Running,1,2227.4,10.74,4.48,60.67,46.42,Pump A Running
2026-09-12T20:45:00+00:00,Running,1,2219.1,10.63,4.35,55.77,47.13,Pump A Running
2026-09-12T21:00:00+00:00,Running,1,2266.5,10.56,4.5,58.86,47.29,Pump A Running
2026-09-12T21:15:00+00:00,Running,1,2114.6,10.63,4.51,53.61,47.56,Pump A Running
2026-09-12T21:30:00+00:00,Running,1,2203.4,10.58,4.36,57.98,47.57,Pump A Running
2026-09-12T21:45:00+00:00,Running,1,2309.0,10.58,4.46,53.29,46.94,Pump A Running
2026-09-12T22:00:00+00:00,Running,1,2087.3,10.53,4.56,53.33,46.55,Pump A Running
2026-09-12T22:15:00+00:00,Running,1,2157.0,10.58,4.48,52.47,47.56,Pump A Running
2026-09-12T22:30:00+00:00,Running,1,2102.1,10.6,4.62,58.8,47.24,Pump A Running
2026-09-12T22:45:00+00:00,Running,1,2022.3,10.51,4.62,58.8,46.97,Pump A Running
2026-09-12T23:00:00+00:00,Running,1,2096.7,10.58,4.6,54.95,47.15,Pump A Running
2026-09-12T23:15:00+00:00,Running,1,2132.4,10.59,4.52,58.7,46.83,Pump A Running
2026-09-12T23:30:00+00:00,Running,1,2036.6,10.63,4.61,59.82,47.15,Pump A Running
2026-09-12T23:45:00+00:00,Running,1,2086.3,10.49,4.51,59.54,47.16,Pump A Running
2026-09-13T00:00:00+00:00,Running,1,2265.5,10.62,4.42,57.85,47.14,Pump A Running
2026-09-13T00:15:00+00:00,Running,1,2069.2,10.51,4.49,56.22,47.43,Pump A Running
2026-09-13T00:30:00+00:00,Running,1,2150.0,10.63,4.45,57.42,46.92,Pump A Running
2026-09-13T00:45:00+00:00,Running,1,2372.3,10.53,4.47,56.84,46.87,Pump A Running
2026-09-13T01:00:00+00:00,Running,1,2011.1,10.6,4.41,55.07,46.85,Pump A Running
2026-09-13T01:15:00+00:00,Running,1,2074.7,10.7,4.56,54.02,46.98,Pump A Running
2026-09-13T01:30:00+00:00,Running,1,2082.3,10.67,4.56,56.52,47.66,Pump A Running
2026-09-13T01:45:00+00:00,Running,1,2264.0,10.68,4.6,58.29,47.44,Pump A Running
2026-09-13T02:00:00+00:00,Stopped,0,0.0,0.0,0.17,0.0,29.41,Pumps Stopped
2026-09-13T02:15:00+00:00,Stopped,0,0.0,0.0,0.19,0.0,29.23,Pumps Stopped
2026-09-13T02:30:00+00:00,Stopped,0,0.0,0.0,0.14,0.0,29.09,Pumps Stopped
2026-09-13T02:45:00+00:00,Stopped,0,0.0,0.0,0.19,0.0,29.15,Pumps Stopped
2026-09-13T03:00:00+00:00,Stopped,0,0.0,0.0,0.11,0.0,29.16,Pumps Stopped
2026-09-13T03:15:00+00:00,Stopped,0,0.0,0.0,0.16,0.0,28.85,Pumps Stopped
2026-09-13T03:30:00+00:00,Running,1,2238.3,10.59,4.49,56.79,46.71,Pump A Running
2026-09-13T03:45:00+00:00,Running,1,2005.0,10.73,4.6,55.07,46.89,Pump A Running
2026-09-13T04:00:00+00:00,Running,1,2124.7,10.65,4.55,54.0,46.97,Pump A Running
2026-09-13T04:15:00+00:00,Running,1,2040.5,10.7,4.54,58.7,47.13,Pump A Running
2026-09-13T04:30:00+00:00,Running,1,2170.7,10.49,4.52,57.56,47.59,Pump A Running
2026-09-13T04:45:00+00:00,Running,1,2265.6,10.62,4.44,59.6,47.07,Pump A Running
2026-09-13T05:00:00+00:00,Running,1,2303.5,10.55,4.38,56.78,47.83,Pump A Running
2026-09-13T05:15:00+00:00,Running,1,2107.6,10.53,4.76,59.44,46.63,Pump A Running
2026-09-13T05:30:00+00:00,Running,1,2354.2,10.63,4.58,58.45,47.23,Pump A Running
2026-09-13T05:45:00+00:00,Running,1,2157.1,10.68,4.41,54.15,46.95,Pump A Running
2026-09-13T06:00:00+00:00,Running,1,2110.6,10.7,4.47,55.91,47.3,Pump A Running
2026-09-13T06:15:00+00:00,Running,1,2264.9,10.59,4.53,55.76,47.25,Pump A Running
2026-09-13T06:30:00+00:00,Running,1,2095.1,10.77,4.58,58.1,47.05,Pump A Running
2026-09-13T06:45:00+00:00,Running,1,2195.5,10.55,4.4,60.23,46.86,Pump A Running
2026-09-13T07:00:00+00:00,Running,1,2299.0,10.76,4.57,61.91,47.26,Pump A Running
2026-09-13T07:15:00+00:00,Running,1,2140.2,10.47,4.59,55.33,47.13,Pump A Running
2026-09-13T07:30:00+00:00,Running,1,2331.1,10.55,4.64,55.76,46.68,Pump A Running
2026-09-13T07:45:00+00:00,Running,1,2248.6,10.55,4.52,61.23,46.74,Pump A Running
2026-09-13T08:00:00+00:00,Running,1,2278.8,10.5,4.49,61.04,47.2,Pump A Running
2026-09-13T08:15:00+00:00,Running,1,2341.8,10.7,4.47,57.27,46.75,Pump A Running
2026-09-13T08:30:00+00:00,Running,1,2370.3,10.61,4.47,61.65,47.54,Pump A Running
2026-09-13T08:45:00+00:00,Running,1,2124.5,10.52,4.41,52.56,47.05,Pump A Running
2026-09-13T09:00:00+00:00,Running,1,2230.3,10.59,4.46,57.34,46.65,Pump A Running
2026-09-13T09:15:00+00:00,Running,1,2310.6,10.51,4.36,56.31,46.97,Pump A Running
2026-09-13T09:30:00+00:00,Running,1,2335.6,10.59,4.43,56.01,47.32,Pump A Running
2026-09-13T09:45:00+00:00,Running,1,2303.6,10.52,4.54,53.38,47.31,Pump A Running
2026-09-13T10:00:00+00:00,Running,1,2244.0,10.49,4.5,54.18,46.91,Pump A Running
2026-09-13T10:15:00+00:00,Running,1,2148.6,10.73,4.47,51.71,46.93,Pump A Running
2026-09-13T10:30:00+00:00,Running,1,2296.9,10.56,4.59,56.16,47.5,Pump A Running
2026-09-13T10:45:00+00:00,Running,1,2133.4,10.55,4.42,59.58,47.72,Pump A Running
2026-09-13T11:00:00+00:00,Running,1,2208.1,10.54,4.52,53.16,47.02,Pump A Running
2026-09-13T11:15:00+00:00,Running,1,2211.2,10.51,4.44,58.43,47.24,Pump A Running
2026-09-13T11:30:00+00:00,Running,1,2458.0,10.53,4.46,59.03,46.92,Pump A Running
2026-09-13T11:45:00+00:00,Running,1,2312.9,10.56,4.52,56.19,46.54,Pump A Running
2026-09-13T12:00:00+00:00,Running,1,2319.9,10.54,4.41,58.1,47.19,Pump A Running
2026-09-13T12:15:00+00:00,Running,1,2255.2,10.48,4.54,59.86,47.6,Pump A Running
2026-09-13T12:30:00+00:00,Running,1,2378.1,10.62,4.58,55.85,47.41,Pump A Running
2026-09-13T12:45:00+00:00,Running,1,2356.9,10.59,4.53,56.01,47.59,Pump A Running
2026-09-13T13:00:00+00:00,Running,1,2480.3,10.65,4.51,57.49,47.55,Pump A Running
2026-09-13T13:15:00+00:00,Running,1,2359.4,10.6,4.62,56.04,47.22,Pump A Running
2026-09-13T13:30:00+00:00,Running,1,2292.2,10.56,4.53,57.77,46.63,Pump A Running
2026-09-13T13:45:00+00:00,Running,1,2328.2,10.66,4.38,57.2,46.95,Pump A Running
2026-09-13T14:00:00+00:00,Running,1,2423.6,10.63,4.41,58.42,47.23,Pump A Running
2026-09-13T14:15:00+00:00,Running,1,2443.0,10.56,4.44,54.54,47.04,Pump A Running
2026-09-13T14:30:00+00:00,Running,1,2322.3,10.57,4.45,60.15,47.47,Pump A Running
2026-09-13T14:45:00+00:00,Running,1,2373.5,10.76,4.54,54.51,47.34,Pump A Running
2026-09-13T15:00:00+00:00,Running,1,2425.0,10.49,4.5,59.0,47.36,Pump A Running
2026-09-13T15:15:00+00:00,Running,1,2383.9,10.62,4.61,55.17,47.08,Pump A Running
2026-09-13T15:30:00+00:00,Running,1,2564.5,10.62,4.57,55.07,47.37,Pump A Running
2026-09-13T15:45:00+00:00,Running,1,2458.3,10.6,4.52,58.76,46.69,Pump A Running
2026-09-13T16:00:00+00:00,Running,1,2483.5,10.62,4.5,56.43,47.39,Pump A Running
2026-09-13T16:15:00+00:00,Running,1,2428.1,10.69,4.52,51.39,47.41,Pump A Running
2026-09-13T16:30:00+00:00,Running,1,2379.7,10.55,4.63,55.18,47.35,Pump A Running
2026-09-13T16:45:00+00:00,Running,1,2478.4,10.7,4.56,55.8,46.84,Pump A Running
2026-09-13T17:00:00+00:00,Running,1,2356.5,10.57,4.47,53.43,47.32,Pump A Running
2026-09-13T17:15:00+00:00,Running,1,2406.3,10.6,4.68,52.46,47.5,Pump A Running
2026-09-13T17:30:00+00:00,Running,1,2499.9,10.59,4.6,62.57,47.51,Pump A Running
2026-09-13T17:45:00+00:00,Running,1,2441.1,10.53,4.59,61.97,47.14,Pump A Running
2026-09-13T18:00:00+00:00,Running,1,2466.6,10.56,4.7,57.57,47.85,Pump A Running
2026-09-13T18:15:00+00:00,Running,1,2557.9,10.64,4.47,54.66,47.69,Pump A Running
2026-09-13T18:30:00+00:00,Running,1,2545.5,10.54,4.55,58.4,47.29,Pump A Running
2026-09-13T18:45:00+00:00,Running,1,2604.4,10.62,4.59,58.41,47.0,Pump A Running
2026-09-13T19:00:00+00:00,Running,1,2566.3,10.59,4.58,56.7,47.82,Pump A Running
2026-09-13T19:15:00+00:00,Running,1,2481.8,10.53,4.5,59.8,47.62,Pump A Running
2026-09-13T19:30:00+00:00,Running,1,2624.7,10.61,4.47,60.59,47.84,Pump A Running
2026-09-13T19:45:00+00:00,Running,1,2517.9,10.6,4.52,50.39,46.97,Pump A Running
2026-09-13T20:00:00+00:00,Running,1,2461.7,10.68,4.48,55.73,47.26,Pump A Running
2026-09-13T20:15:00+00:00,Running,1,2567.7,10.69,4.45,63.5,48.14,Pump A Running
2026-09-13T20:30:00+00:00,Running,1,2593.3,10.72,4.52,56.04,47.84,Pump A Running
2026-09-13T20:45:00+00:00,Running,1,2561.9,10.58,4.64,54.66,46.72,Pump A Running
2026-09-13T21:00:00+00:00,Running,1,2579.5,10.77,4.46,53.11,47.53,Pump A Running
2026-09-13T21:15:00+00:00,Running,1,2590.3,10.61,4.53,55.5,47.77,Pump A Running
2026-09-13T21:30:00+00:00,Running,1,2558.5,10.69,4.62,58.28,47.73,Pump A Running
2026-09-13T21:45:00+00:00,Running,1,2572.3,10.57,4.7,57.56,47.32,Pump A Running
2026-09-13T22:00:00+00:00,Running,1,2715.9,10.7,4.55,54.49,47.78,Pump A Running
2026-09-13T22:15:00+00:00,Running,1,2788.6,10.6,4.42,55.39,47.42,Pump A Running
2026-09-13T22:30:00+00:00,Running,1,2649.9,10.65,4.62,57.48,47.11,Pump A Running
2026-09-13T22:45:00+00:00,Running,1,2503.5,10.5,4.56,54.69,47.64,Pump A Running
2026-09-13T23:00:00+00:00,Running,1,2745.9,10.52,4.61,55.38,47.65,Pump A Running
2026-09-13T23:15:00+00:00,Running,1,2716.8,10.79,4.57,59.57,46.94,Pump A Running
2026-09-13T23:30:00+00:00,Running,1,2607.1,10.66,4.53,56.28,47.4,Pump A Running
2026-09-13T23:45:00+00:00,Running,1,2713.3,10.65,4.56,56.26,47.93,Pump A Running
2026-09-14T00:00:00+00:00,Running,1,2601.2,10.63,4.52,57.27,47.06,Pump A Running
2026-09-14T00:15:00+00:00,Running,1,2649.8,10.53,4.61,56.67,47.15,Pump A Running
2026-09-14T00:30:00+00:00,Running,1,2707.9,10.58,4.57,52.21,48.33,Pump A Running
2026-09-14T00:45:00+00:00,Running,1,2678.1,10.56,4.55,54.2,48.09,Pump A Running
2026-09-14T01:00:00+00:00,Running,1,2546.7,10.74,4.58,57.28,48.21,Pump A Running
2026-09-14T01:15:00+00:00,Running,1,2714.6,10.52,4.49,59.9,47.66,Pump A Running
2026-09-14T01:30:00+00:00,Running,1,2605.9,10.6,4.7,59.13,47.49,Pump A Running
2026-09-14T01:45:00+00:00,Running,1,2642.1,10.62,4.37,57.6,48.28,Pump A Running
2026-09-14T02:00:00+00:00,Stopped,0,0.0,0.0,0.12,0.0,29.11,Pumps Stopped
2026-09-14T02:15:00+00:00,Stopped,0,0.0,0.0,0.09,0.0,29.34,Pumps Stopped
2026-09-14T02:30:00+00:00,Stopped,0,0.0,0.0,0.11,0.0,29.11,Pumps Stopped
2026-09-14T02:45:00+00:00,Stopped,0,0.0,0.0,0.14,0.0,28.4,Pumps Stopped
2026-09-14T03:00:00+00:00,Stopped,0,0.0,0.0,0.16,0.0,28.98,Pumps Stopped
2026-09-14T03:15:00+00:00,Stopped,0,0.0,0.0,0.14,0.0,29.11,Pumps Stopped
2026-09-14T03:30:00+00:00,Running,1,2852.3,10.73,4.59,58.49,47.23,Pump A Running
2026-09-14T03:45:00+00:00,Running,1,2803.0,10.63,4.41,57.49,47.27,Pump A Running
2026-09-14T04:00:00+00:00,Running,1,2819.7,10.58,4.42,55.19,47.92,Pump A Running
2026-09-14T04:15:00+00:00,Running,1,2925.8,10.62,4.55,59.49,47.68,Pump A Running
2026-09-14T04:30:00+00:00,Running,1,2903.4,10.47,4.39,59.36,48.3,Pump A Running
2026-09-14T04:45:00+00:00,Running,1,2618.5,10.65,4.56,61.4,47.55,Pump A Running
2026-09-14T05:00:00+00:00,Running,1,2618.3,10.53,4.49,58.25,47.78,Pump A Running
2026-09-14T05:15:00+00:00,Running,1,2844.4,10.54,4.54,60.44,48.0,Pump A Running
2026-09-14T05:30:00+00:00,Running,1,2744.1,10.53,4.55,60.08,47.52,Pump A Running
2026-09-14T05:45:00+00:00,Running,1,2775.6,10.64,4.45,53.93,48.16,Pump A Running
2026-09-14T06:00:00+00:00,Running,1,2786.6,10.53,4.42,57.32,47.6,Pump A Running
2026-09-14T06:15:00+00:00,Running,1,2831.0,10.48,4.64,64.63,47.18,Pump A Running
2026-09-14T06:30:00+00:00,Running,1,2877.2,10.62,4.64,54.93,47.88,Pump A Running
2026-09-14T06:45:00+00:00,Running,1,2801.3,10.6,4.52,51.0,47.72,Pump A Running
2026-09-14T07:00:00+00:00,Running,1,2725.0,10.67,4.48,55.17,47.74,Pump A Running
2026-09-14T07:15:00+00:00,Running,1,2758.3,10.5,4.61,57.8,47.86,Pump A Running
2026-09-14T07:30:00+00:00,Running,1,2691.2,10.68,4.43,52.9,47.67,Pump A Running
2026-09-14T07:45:00+00:00,Running,1,2896.2,10.64,4.58,55.96,47.63,Pump A Running
2026-09-14T08:00:00+00:00,Running,1,2735.3,10.71,4.53,56.03,47.98,Pump A Running
2026-09-14T08:15:00+00:00,Running,1,2891.9,10.54,4.42,59.37,46.76,Pump A Running
2026-09-14T08:30:00+00:00,Running,1,2910.1,10.57,4.49,59.03,47.44,Pump A Running
2026-09-14T08:45:00+00:00,Running,1,2641.9,10.65,4.48,55.98,48.33,Pump A Running
2026-09-14T09:00:00+00:00,Running,1,2751.9,10.65,4.57,58.06,47.36,Pump A Running
2026-09-14T09:15:00+00:00,Running,1,2878.0,10.55,4.52,61.83,47.2,Pump A Running
2026-09-14T09:30:00+00:00,Running,1,2711.7,10.51,4.59,53.67,47.86,Pump A Running
2026-09-14T09:45:00+00:00,Running,1,2786.6,10.68,4.49,60.73,48.15,Pump A Running
2026-09-14T10:00:00+00:00,Running,1,2669.9,10.38,4.61,56.0,47.82,Pump A Running
2026-09-14T10:15:00+00:00,Running,1,2796.4,10.61,4.59,57.59,46.78,Pump A Running
2026-09-14T10:30:00+00:00,Running,1,2959.1,10.49,4.61,55.03,47.04,Pump A Running
2026-09-14T10:45:00+00:00,Running,1,2726.0,10.42,4.3,61.54,48.25,Pump A Running
2026-09-14T11:00:00+00:00,Running,1,2914.4,10.69,4.5,56.14,47.5,Pump A Running
2026-09-14T11:15:00+00:00,Running,1,2821.5,10.61,4.47,58.05,47.34,Pump A Running
2026-09-14T11:30:00+00:00,Running,1,2761.8,10.54,4.46,59.29,47.83,Pump A Running
2026-09-14T11:45:00+00:00,Running,1,2928.9,10.63,4.41,61.46,47.81,Pump A Running
2026-09-14T12:00:00+00:00,Running,1,2766.1,10.64,4.61,55.02,47.96,Pump A Running
2026-09-14T12:15:00+00:00,Running,1,2919.7,10.57,4.58,57.31,48.3,Pump A Running
2026-09-14T12:30:00+00:00,Running,1,2691.4,10.6,4.62,56.12,47.41,Pump A Running
2026-09-14T12:45:00+00:00,Running,1,2722.8,10.49,4.44,54.12,47.8,Pump A Running
2026-09-14T13:00:00+00:00,Running,1,2904.7,10.51,4.52,57.8,47.84,Pump A Running
2026-09-14T13:15:00+00:00,Running,1,2629.9,10.48,4.59,59.69,47.61,Pump A Running
2026-09-14T13:30:00+00:00,Running,1,2691.0,10.6,4.7,60.0,47.63,Pump A Running
2026-09-14T13:45:00+00:00,Running,1,2727.9,10.6,4.61,59.45,47.46,Pump A Running
2026-09-14T14:00:00+00:00,Running,1,2752.1,10.61,4.61,55.9,47.66,Pump A Running
2026-09-14T14:15:00+00:00,Running,1,2782.8,10.58,4.52,59.36,47.79,Pump A Running
2026-09-14T14:30:00+00:00,Running,1,2697.2,10.52,4.53,54.75,47.76,Pump A Running
2026-09-14T14:45:00+00:00,Running,1,2717.8,10.59,4.54,58.77,47.04,Pump A Running
2026-09-14T15:00:00+00:00,Running,1,2772.3,10.67,4.62,57.81,47.29,Pump A Running
2026-09-14T15:15:00+00:00,Running,1,2770.5,10.59,4.6,57.66,47.65,Pump A Running
2026-09-14T15:30:00+00:00,Running,1,2619.2,10.74,4.7,56.7,47.29,Pump A Running
2026-09-14T15:45:00+00:00,Running,1,2546.3,10.48,4.62,55.83,47.47,Pump A Running
2026-09-14T16:00:00+00:00,Running,1,3043.4,10.5,4.52,58.72,47.93,Pump A Running
2026-09-14T16:15:00+00:00,Running,1,2577.1,10.54,4.5,54.9,47.58,Pump A Running
2026-09-14T16:30:00+00:00,Running,1,2669.0,10.55,4.52,56.9,47.64,Pump A Running
2026-09-14T16:45:00+00:00,Running,1,2785.1,10.78,4.54,53.66,46.73,Pump A Running
2026-09-14T17:00:00+00:00,Running,1,2800.7,10.7,4.65,65.22,47.9,Pump A Running
2026-09-14T17:15:00+00:00,Running,1,2627.4,10.67,4.63,59.17,47.35,Pump A Running
2026-09-14T17:30:00+00:00,Running,1,2752.3,10.68,4.63,57.01,47.95,Pump A Running
2026-09-14T17:45:00+00:00,Running,1,2691.9,10.68,4.55,59.46,47.2,Pump A Running
2026-09-14T18:00:00+00:00,Running,1,2659.0,10.64,4.57,56.31,48.18,Pump A Running
2026-09-14T18:15:00+00:00,Running,1,2659.9,10.58,4.6,59.17,47.27,Pump A Running
2026-09-14T18:30:00+00:00,Running,1,2555.5,10.72,4.53,55.74,47.21,Pump A Running
2026-09-14T18:45:00+00:00,Running,1,2691.4,10.52,4.66,59.52,47.4,Pump A Running
2026-09-14T19:00:00+00:00,Running,1,2753.4,10.45,4.74,51.76,47.67,Pump A Running
2026-09-14T19:15:00+00:00,Running,1,2544.3,10.6,4.51,53.14,47.7,Pump A Running
2026-09-14T19:30:00+00:00,Running,1,2776.3,10.51,4.53,57.39,47.98,Pump A Running
2026-09-14T19:45:00+00:00,Running,1,2675.8,10.67,4.56,59.06,46.73,Pump A Running
2026-09-14T20:00:00+00:00,Running,1,2609.8,10.56,4.55,59.31,47.29,Pump A Running
2026-09-14T20:15:00+00:00,Running,1,2581.9,10.7,4.51,57.02,46.83,Pump A Running
2026-09-14T20:30:00+00:00,Running,1,2667.5,10.71,4.67,57.15,48.18,Pump A Running
2026-09-14T20:45:00+00:00,Running,1,2598.0,10.49,4.62,57.71,47.72,Pump A Running
2026-09-14T21:00:00+00:00,Running,1,2636.6,10.46,4.41,54.58,48.07,Pump A Running
2026-09-14T21:15:00+00:00,Running,1,2612.8,10.63,4.52,53.64,47.24,Pump A Running
2026-09-14T21:30:00+00:00,Running,1,2564.6,10.49,4.6,61.31,47.19,Pump A Running
2026-09-14T21:45:00+00:00,Running,1,2584.4,10.6,4.5,60.85,47.21,Pump A Running
2026-09-14T22:00:00+00:00,Running,1,2496.1,10.6,4.53,53.93,47.24,Pump A Running
2026-09-14T22:15:00+00:00,Running,1,2469.6,10.6,4.44,60.23,47.44,Pump A Running
2026-09-14T22:30:00+00:00,Running,1,2592.3,10.62,4.55,60.98,46.61,Pump A Running
2026-09-14T22:45:00+00:00,Running,1,2682.4,10.6,4.48,68.27,47.38,Pump A Running
2026-09-14T23:00:00+00:00,Running,1,2530.6,10.54,4.57,58.58,46.35,Pump A Running
2026-09-14T23:15:00+00:00,Running,1,2478.1,10.58,4.47,56.92,47.15,Pump A Running
2026-09-14T23:30:00+00:00,Running,1,2391.9,10.67,4.54,54.3,47.08,Pump A Running
2026-09-14T23:45:00+00:00,Running,1,2548.3,10.63,4.49,55.65,46.62,Pump A Running
2026-09-15T00:00:00+00:00,Running,1,2583.5,10.65,4.55,56.41,47.88,Pump A Running
2026-09-15T00:15:00+00:00,Running,1,2386.7,10.47,4.43,54.29,46.97,Pump A Running
2026-09-15T00:30:00+00:00,Running,1,2440.1,10.62,4.61,56.46,46.67,Pump A Running
2026-09-15T00:45:00+00:00,Running,1,2318.4,10.63,4.63,52.97,47.39,Pump A Running
2026-09-15T01:00:00+00:00,Running,1,2478.0,10.58,4.58,59.77,47.27,Pump A Running
2026-09-15T01:15:00+00:00,Running,1,2671.7,10.49,4.58,56.82,47.29,Pump A Running
2026-09-15T01:30:00+00:00,Running,1,2404.5,10.66,4.65,56.65,47.19,Pump A Running
2026-09-15T01:45:00+00:00,Running,1,2427.6,10.59,4.49,58.82,46.83,Pump A Running
2026-09-15T02:00:00+00:00,Stopped,0,0.0,0.0,0.16,0.0,29.55,Pumps Stopped
2026-09-15T02:15:00+00:00,Stopped,0,0.0,0.0,0.17,0.0,29.42,Pumps Stopped
2026-09-15T02:30:00+00:00,Stopped,0,0.0,0.0,0.18,0.0,29.14,Pumps Stopped
2026-09-15T02:45:00+00:00,Stopped,0,0.0,0.0,0.15,0.0,29.07,Pumps Stopped
2026-09-15T03:00:00+00:00,Stopped,0,0.0,0.0,0.14,0.0,29.34,Pumps Stopped
2026-09-15T03:15:00+00:00,Stopped,0,0.0,0.0,0.15,0.0,29.24,Pumps Stopped
2026-09-15T03:30:00+00:00,Running,1,2409.8,10.68,4.45,60.08,47.29,Pump A Running
2026-09-15T03:45:00+00:00,Running,1,2475.1,10.77,4.51,57.56,47.62,Pump A Running
2026-09-15T04:00:00+00:00,Running,1,2386.8,10.56,4.53,61.1,46.67,Pump A Running
2026-09-15T04:15:00+00:00,Running,1,2405.3,10.51,4.65,59.4,46.97,Pump A Running
2026-09-15T04:30:00+00:00,Running,1,2555.0,10.57,4.61,56.7,47.53,Pump A Running
2026-09-15T04:45:00+00:00,Running,1,2367.0,10.61,4.64,57.6,47.22,Pump A Running
2026-09-15T05:00:00+00:00,Running,1,2343.9,10.68,4.59,55.6,46.77,Pump A Running
2026-09-15T05:15:00+00:00,Running,1,2343.2,10.68,4.66,55.47,47.11,Pump A Running
2026-09-15T05:30:00+00:00,Running,1,2465.0,10.57,4.6,59.55,47.04,Pump A Running
2026-09-15T05:45:00+00:00,Running,1,2415.8,10.61,4.49,58.1,47.16,Pump A Running
2026-09-15T06:00:00+00:00,Running,1,2224.4,10.56,4.58,53.5,46.84,Pump A Running
2026-09-15T06:15:00+00:00,Running,1,2421.2,10.63,4.57,56.12,46.45,Pump A Running
2026-09-15T06:30:00+00:00,Running,1,2277.4,10.58,4.39,54.64,47.5,Pump A Running
2026-09-15T06:45:00+00:00,Running,1,2529.8,10.6,4.73,57.81,47.33,Pump A Running
2026-09-15T07:00:00+00:00,Running,1,2246.2,10.64,4.58,64.95,47.07,Pump A Running
2026-09-15T07:15:00+00:00,Running,1,2362.7,10.54,4.47,58.48,47.25,Pump A Running
2026-09-15T07:30:00+00:00,Running,1,2319.6,10.64,4.67,59.42,47.13,Pump A Running
2026-09-15T07:45:00+00:00,Running,1,2341.5,10.63,4.58,60.9,47.1,Pump A Running
2026-09-15T08:00:00+00:00,Running,1,2344.6,10.68,4.61,58.35,47.25,Pump A Running
2026-09-15T08:15:00+00:00,Running,1,2357.7,10.73,4.46,52.38,47.05,Pump A Running
2026-09-15T08:30:00+00:00,Running,1,2318.3,10.65,4.62,54.29,47.01,Pump A Running
2026-09-15T08:45:00+00:00,Running,1,2336.2,10.58,4.65,58.13,46.51,Pump A Running
2026-09-15T09:00:00+00:00,Running,1,2363.3,10.52,4.66,56.39,47.68,Pump A Running
2026-09-15T09:15:00+00:00,Running,1,2173.9,10.61,4.56,60.0,47.54,Pump A Running
2026-09-15T09:30:00+00:00,Running,1,2208.3,10.58,4.58,59.5,46.57,Pump A Running
2026-09-15T09:45:00+00:00,Running,1,2329.0,10.46,4.51,56.97,47.41,Pump A Running
2026-09-15T10:00:00+00:00,Running,1,2473.1,10.52,4.62,56.66,47.05,Pump A Running
2026-09-15T10:15:00+00:00,Running,1,2317.2,10.69,4.49,55.24,47.62,Pump A Running
2026-09-15T10:30:00+00:00,Running,1,2262.8,10.59,4.45,62.08,47.35,Pump A Running
2026-09-15T10:45:00+00:00,Running,1,2195.0,10.61,4.65,57.07,47.02,Pump A Running
2026-09-15T11:00:00+00:00,Running,1,2142.3,10.68,4.53,57.13,46.58,Pump A Running
2026-09-15T11:15:00+00:00,Running,1,2192.3,10.56,4.57,62.43,47.13,Pump A Running
2026-09-15T11:30:00+00:00,Running,1,2252.3,10.64,4.57,58.07,46.41,Pump A Running
2026-09-15T11:45:00+00:00,Running,1,2235.3,10.7,4.55,54.32,47.04,Pump A Running
2026-09-15T12:00:00+00:00,Running,1,2128.8,10.7,4.69,60.22,46.88,Pump A Running
2026-09-15T12:15:00+00:00,Running,1,2309.3,10.66,4.61,57.73,46.59,Pump A Running
2026-09-15T12:30:00+00:00,Running,1,2300.2,10.77,4.59,57.36,46.97,Pump A Running
2026-09-15T12:45:00+00:00,Running,1,2334.2,10.68,4.59,55.02,47.36,Pump A Running
2026-09-15T13:00:00+00:00,Running,1,2141.2,10.51,4.68,59.9,46.86,Pump A Running
2026-09-15T13:15:00+00:00,Running,1,2084.3,10.59,4.57,58.76,47.35,Pump A Running
2026-09-15T13:30:00+00:00,Running,1,2323.5,10.64,4.64,55.27,47.18,Pump A Running
2026-09-15T13:45:00+00:00,Running,1,2270.8,10.61,4.6,58.82,46.93,Pump A Running
2026-09-15T14:00:00+00:00,Running,1,2111.2,10.54,4.5,63.0,47.22,Pump A Running
2026-09-15T14:15:00+00:00,Running,1,2212.6,10.56,4.63,55.29,46.71,Pump A Running
2026-09-15T14:30:00+00:00,Running,1,2345.0,10.49,4.47,57.92,46.99,Pump A Running
2026-09-15T14:45:00+00:00,Running,1,2160.7,10.67,4.5,57.77,47.37,Pump A Running
2026-09-15T15:00:00+00:00,Running,1,2282.7,10.55,4.51,59.58,47.4,Pump A Running
2026-09-15T15:15:00+00:00,Running,1,1986.0,10.56,4.57,60.82,46.59,Pump A Running
2026-09-15T15:30:00+00:00,Running,1,2198.0,10.69,4.49,55.98,46.31,Pump A Running
2026-09-15T15:45:00+00:00,Running,1,2132.6,10.48,4.49,56.69,46.83,Pump A Running
2026-09-15T16:00:00+00:00,Running,1,2070.9,10.62,4.69,55.15,46.79,Pump A Running
2026-09-15T16:15:00+00:00,Running,1,2066.6,10.61,4.51,63.28,46.96,Pump A Running
2026-09-15T16:30:00+00:00,Running,1,2220.8,10.61,4.62,62.04,46.8,Pump A Running
2026-09-15T16:45:00+00:00,Running,1,2141.8,10.72,4.61,59.36,46.53,Pump A Running
2026-09-15T17:00:00+00:00,Running,1,2192.4,10.58,4.53,57.04,46.99,Pump A Running
2026-09-15T17:15:00+00:00,Running,1,2043.2,10.53,4.59,53.51,46.46,Pump A Running
2026-09-15T17:30:00+00:00,Running,1,2272.9,10.57,4.65,54.99,46.79,Pump A Running
2026-09-15T17:45:00+00:00,Running,1,2190.9,10.62,4.56,59.58,47.21,Pump A Running
2026-09-15T18:00:00+00:00,Running,1,2165.4,10.58,4.52,59.77,46.97,Pump A Running
2026-09-15T18:15:00+00:00,Running,1,2273.2,10.67,4.66,53.71,47.1,Pump A Running
2026-09-15T18:30:00+00:00,Running,1,2071.8,10.57,4.61,60.46,47.27,Pump A Running
2026-09-15T18:45:00+00:00,Running,1,2219.2,10.43,4.54,54.28,46.8,Pump A Running
2026-09-15T19:00:00+00:00,Running,1,2146.4,10.5,4.35,59.25,46.76,Pump A Running
2026-09-15T19:15:00+00:00,Running,1,2055.0,10.61,4.46,56.7,47.03,Pump A Running
2026-09-15T19:30:00+00:00,Running,1,2265.9,10.64,4.54,60.19,47.48,Pump A Running
2026-09-15T19:45:00+00:00,Running,1,2120.0,10.66,4.51,58.32,47.0,Pump A Running
2026-09-15T20:00:00+00:00,Running,1,2239.3,10.48,4.63,61.36,47.18,Pump A Running
2026-09-15T20:15:00+00:00,Running,1,2053.5,10.65,4.76,58.54,46.45,Pump A Running
2026-09-15T20:30:00+00:00,Running,1,2124.4,10.66,4.41,52.67,47.44,Pump A Running
2026-09-15T20:45:00+00:00,Running,1,2198.0,10.64,4.67,58.19,46.87,Pump A Running
2026-09-15T21:00:00+00:00,Running,1,2030.2,10.53,4.61,58.47,47.2,Pump A Running
2026-09-15T21:15:00+00:00,Running,1,2161.8,10.65,4.55,56.69,47.06,Pump A Running
2026-09-15T21:30:00+00:00,Running,1,2050.2,10.67,4.65,59.36,46.87,Pump A Running
2026-09-15T21:45:00+00:00,Running,1,2224.3,10.43,4.46,59.24,46.57,Pump A Running
2026-09-15T22:00:00+00:00,Running,1,2118.8,10.67,4.73,56.75,46.38,Pump A Running
2026-09-15T22:15:00+00:00,Running,1,2039.7,10.68,4.5,60.51,46.39,Pump A Running
2026-09-15T22:30:00+00:00,Running,1,2043.5,10.62,4.48,59.75,47.56,Pump A Running
2026-09-15T22:45:00+00:00,Running,1,2157.8,10.56,4.64,58.28,46.95,Pump A Running
2026-09-15T23:00:00+00:00,Running,1,2282.3,10.7,4.6,61.35,47.06,Pump A Running
2026-09-15T23:15:00+00:00,Running,1,2194.9,10.64,4.62,57.68,46.99,Pump A Running
2026-09-15T23:30:00+00:00,Running,1,2241.7,10.55,4.67,58.27,47.41,Pump A Running
2026-09-15T23:45:00+00:00,Running,1,2280.2,10.56,4.45,56.97,46.49,Pump A Running
2026-09-16T00:00:00+00:00,Running,1,2089.3,10.58,4.59,58.59,47.12,Pump A Running
2026-09-16T00:15:00+00:00,Running,1,2209.1,10.67,4.61,59.77,46.64,Pump A Running
2026-09-16T00:30:00+00:00,Running,1,2133.0,10.49,4.57,57.82,46.98,Pump A Running
2026-09-16T00:45:00+00:00,Running,1,2179.2,10.57,4.53,55.11,46.78,Pump A Running
2026-09-16T01:00:00+00:00,Running,1,2147.4,10.64,4.62,59.23,47.59,Pump A Running
2026-09-16T01:15:00+00:00,Running,1,2126.2,10.79,4.54,55.73,47.0,Pump A Running
2026-09-16T01:30:00+00:00,Running,1,2325.2,10.45,4.51,59.47,46.54,Pump A Running
2026-09-16T01:45:00+00:00,Running,1,2155.0,10.62,4.49,58.14,46.61,Pump A Running
2026-09-16T02:00:00+00:00,Stopped,0,0.0,0.0,0.18,0.0,28.73,Pumps Stopped
2026-09-16T02:15:00+00:00,Stopped,0,0.0,0.0,0.14,0.0,28.75,Pumps Stopped
2026-09-16T02:30:00+00:00,Stopped,0,0.0,0.0,0.13,0.0,29.0,Pumps Stopped
2026-09-16T02:45:00+00:00,Stopped,0,0.0,0.0,0.23,0.0,28.87,Pumps Stopped
2026-09-16T03:00:00+00:00,Stopped,0,0.0,0.0,0.14,0.0,28.98,Pumps Stopped
2026-09-16T03:15:00+00:00,Stopped,0,0.0,0.0,0.17,0.0,29.04,Pumps Stopped
2026-09-16T03:30:00+00:00,Running,1,2240.0,10.55,4.66,55.05,46.83,Pump A Running
2026-09-16T03:45:00+00:00,Running,1,2114.8,10.59,4.57,55.53,46.27,Pump A Running
2026-09-16T04:00:00+00:00,Running,1,2214.6,10.57,4.68,61.48,47.93,Pump A Running
2026-09-16T04:15:00+00:00,Running,1,2402.5,10.6,4.46,58.97,47.3,Pump A Running
2026-09-16T04:30:00+00:00,Running,1,2532.7,10.55,4.44,57.43,47.27,Pump A Running
2026-09-16T04:45:00+00:00,Running,1,2219.0,10.49,4.59,59.25,46.86,Pump A Running
2026-09-16T05:00:00+00:00,Running,1,2305.9,10.68,4.67,60.11,46.65,Pump A Running
2026-09-16T05:15:00+00:00,Running,1,2252.6,10.65,4.62,56.35,47.07,Pump A Running
2026-09-16T05:30:00+00:00,Running,1,2136.3,10.7,4.4,55.3,46.39,Pump A Running
2026-09-16T05:45:00+00:00,Running,1,2263.7,10.58,4.65,56.56,47.17,Pump A Running
2026-09-16T06:00:00+00:00,Running,1,1993.2,10.65,4.53,53.97,46.12,Pump A Running
2026-09-16T06:15:00+00:00,Running,1,2144.5,10.64,4.68,59.17,46.99,Pump A Running
2026-09-16T06:30:00+00:00,Running,1,2271.2,10.57,4.6,54.88,47.31,Pump A Running
2026-09-16T06:45:00+00:00,Running,1,2429.2,10.63,4.6,59.3,47.11,Pump A Running
2026-09-16T07:00:00+00:00,Running,1,2229.5,10.81,4.66,60.26,47.29,Pump A Running
2026-09-16T07:15:00+00:00,Running,1,2415.0,10.71,4.54,57.3,47.11,Pump A Running
2026-09-16T07:30:00+00:00,Running,1,2425.8,10.54,4.57,55.46,47.31,Pump A Running
2026-09-16T07:45:00+00:00,Running,1,2352.1,10.44,4.58,56.74,46.65,Pump A Running
2026-09-16T08:00:00+00:00,Running,1,2428.3,10.68,4.59,56.47,47.47,Pump A Running
2026-09-16T08:15:00+00:00,Running,1,2346.8,10.58,4.72,56.9,47.3,Pump A Running
2026-09-16T08:30:00+00:00,Running,1,2252.2,10.65,4.49,60.25,46.55,Pump A Running
2026-09-16T08:45:00+00:00,Running,1,2324.8,10.65,4.54,57.84,47.41,Pump A Running
2026-09-16T09:00:00+00:00,Running,1,2264.5,10.61,4.75,57.79,47.64,Pump A Running
2026-09-16T09:15:00+00:00,Running,1,2397.9,10.7,4.53,56.99,47.03,Pump A Running
2026-09-16T09:30:00+00:00,Running,1,2315.1,10.6,4.56,54.12,47.05,Pump A Running
2026-09-16T09:45:00+00:00,Running,1,2399.4,10.47,4.54,56.72,47.21,Pump A Running
2026-09-16T10:00:00+00:00,Running,1,2397.6,10.59,4.44,56.35,46.96,Pump A Running
2026-09-16T10:15:00+00:00,Running,1,2390.6,10.65,4.53,57.36,47.23,Pump A Running
2026-09-16T10:30:00+00:00,Running,1,2481.8,10.57,4.68,57.74,47.24,Pump A Running
2026-09-16T10:45:00+00:00,Running,1,2346.3,10.56,4.7,58.44,46.5,Pump A Running
2026-09-16T11:00:00+00:00,Running,1,2507.3,10.72,4.51,58.16,47.28,Pump A Running
2026-09-16T11:15:00+00:00,Running,1,2330.3,10.6,4.43,57.91,47.06,Pump A Running
2026-09-16T11:30:00+00:00,Running,1,2312.0,10.69,4.6,61.31,47.13,Pump A Running
2026-09-16T11:45:00+00:00,Running,1,2464.5,10.78,4.6,62.26,46.54,Pump A Running
2026-09-16T12:00:00+00:00,Running,1,2397.2,10.67,4.45,63.45,47.22,Pump A Running
2026-09-16T12:15:00+00:00,Running,1,2384.3,10.66,4.52,61.27,47.38,Pump A Running
2026-09-16T12:30:00+00:00,Running,1,2480.9,10.77,4.65,55.16,47.14,Pump A Running
2026-09-16T12:45:00+00:00,Running,1,2577.9,10.56,4.54,55.58,46.46,Pump A Running
2026-09-16T13:00:00+00:00,Running,1,2513.6,10.62,4.74,57.05,47.81,Pump A Running
2026-09-16T13:15:00+00:00,Running,1,2449.4,10.66,4.7,54.89,47.64,Pump A Running
2026-09-16T13:30:00+00:00,Running,1,2487.1,10.59,4.65,56.52,47.0,Pump A Running
2026-09-16T13:45:00+00:00,Running,1,2449.8,10.6,4.65,57.11,46.97,Pump A Running
2026-09-16T14:00:00+00:00,Running,1,2492.7,10.57,4.56,56.36,46.82,Pump A Running
2026-09-16T14:15:00+00:00,Running,1,2510.2,10.52,4.51,57.42,47.59,Pump A Running
2026-09-16T14:30:00+00:00,Running,1,2413.2,10.61,4.67,60.13,46.82,Pump A Running
2026-09-16T14:45:00+00:00,Running,1,2626.0,10.58,4.52,56.73,47.59,Pump A Running
2026-09-16T15:00:00+00:00,Running,1,2625.9,10.54,4.59,60.52,46.79,Pump A Running
2026-09-16T15:15:00+00:00,Running,1,2628.6,10.65,4.67,59.49,47.26,Pump A Running
2026-09-16T15:30:00+00:00,Running,1,2495.7,10.64,4.64,59.1,47.38,Pump A Running
2026-09-16T15:45:00+00:00,Running,1,2536.9,10.57,4.43,60.26,47.17,Pump A Running
2026-09-16T16:00:00+00:00,Running,1,2610.7,10.69,4.64,58.18,47.78,Pump A Running
2026-09-16T16:15:00+00:00,Running,1,2668.7,10.56,4.62,57.01,47.66,Pump A Running
2026-09-16T16:30:00+00:00,Running,1,2637.3,10.6,4.58,56.95,47.73,Pump A Running
2026-09-16T16:45:00+00:00,Running,1,2586.6,10.65,4.62,61.54,46.82,Pump A Running
2026-09-16T17:00:00+00:00,Running,1,2561.1,10.67,4.65,57.1,47.53,Pump A Running
2026-09-16T17:15:00+00:00,Running,1,2577.8,10.65,4.66,58.11,46.85,Pump A Running
2026-09-16T17:30:00+00:00,Running,1,2632.9,10.57,4.63,59.58,48.15,Pump A Running
2026-09-16T17:45:00+00:00,Running,1,2818.0,10.64,4.63,57.24,47.37,Pump A Running
2026-09-16T18:00:00+00:00,Running,1,2505.8,10.66,4.52,55.37,46.79,Pump A Running
2026-09-16T18:15:00+00:00,Running,1,2817.4,10.57,4.53,55.04,46.84,Pump A Running
2026-09-16T18:30:00+00:00,Running,1,2631.5,10.68,4.66,59.0,46.97,Pump A Running
2026-09-16T18:45:00+00:00,Running,1,2491.7,10.62,4.53,59.7,47.16,Pump A Running
2026-09-16T19:00:00+00:00,Running,1,2721.3,10.55,4.51,60.9,46.94,Pump A Running
2026-09-16T19:15:00+00:00,Running,1,2770.0,10.63,4.66,59.33,47.82,Pump A Running
2026-09-16T19:30:00+00:00,Running,1,2521.8,10.67,4.59,56.09,47.34,Pump A Running
2026-09-16T19:45:00+00:00,Running,1,2713.9,10.66,4.56,58.21,46.82,Pump A Running
2026-09-16T20:00:00+00:00,Running,1,2640.7,10.64,4.57,56.85,47.65,Pump A Running
2026-09-16T20:15:00+00:00,Running,1,2725.7,10.74,4.53,56.12,47.95,Pump A Running
2026-09-16T20:30:00+00:00,Running,1,2687.9,10.67,4.67,57.63,47.25,Pump A Running
2026-09-16T20:45:00+00:00,Running,1,2570.7,10.56,4.6,61.82,47.42,Pump A Running
2026-09-16T21:00:00+00:00,Running,1,2625.9,10.61,4.58,56.91,47.06,Pump A Running
2026-09-16T21:15:00+00:00,Running,1,2652.7,10.68,4.64,60.82,47.35,Pump A Running
2026-09-16T21:30:00+00:00,Running,1,2571.7,10.68,4.7,58.59,47.46,Pump A Running
2026-09-16T21:45:00+00:00,Running,1,2630.2,10.56,4.52,61.95,47.61,Pump A Running
2026-09-16T22:00:00+00:00,Running,1,2814.3,10.64,4.54,57.78,48.03,Pump A Running
2026-09-16T22:15:00+00:00,Running,1,2791.0,10.56,4.58,59.75,47.22,Pump A Running
2026-09-16T22:30:00+00:00,Running,1,2612.7,10.52,4.7,59.54,47.01,Pump A Running
2026-09-16T22:45:00+00:00,Running,1,2859.4,10.74,4.49,60.67,47.58,Pump A Running
2026-09-16T23:00:00+00:00,Running,1,2806.7,10.63,4.61,59.86,47.83,Pump A Running
2026-09-16T23:15:00+00:00,Running,1,2876.1,10.68,4.49,59.38,47.45,Pump A Running
2026-09-16T23:30:00+00:00,Running,1,2748.8,10.63,4.52,60.28,47.16,Pump A Running
2026-09-16T23:45:00+00:00,Running,1,2667.5,10.43,4.42,56.72,47.41,Pump A Running
2026-09-17T00:00:00+00:00,Running,1,2740.3,10.7,4.68,60.2,48.2,Pump A Running
2026-09-17T00:15:00+00:00,Running,1,2785.1,10.69,4.57,54.91,47.39,Pump A Running
2026-09-17T00:30:00+00:00,Running,1,2598.9,10.56,4.52,60.5,47.98,Pump A Running
2026-09-17T00:45:00+00:00,Running,1,2553.2,10.59,4.61,55.85,47.31,Pump A Running
2026-09-17T01:00:00+00:00,Running,1,2736.7,10.47,4.44,58.3,47.76,Pump A Running
2026-09-17T01:15:00+00:00,Running,1,2666.4,10.61,4.6,60.23,47.2,Pump A Running
2026-09-17T01:30:00+00:00,Running,1,2715.2,10.52,4.66,56.25,47.53,Pump A Running
2026-09-17T01:45:00+00:00,Running,1,2728.7,10.79,4.51,60.87,47.23,Pump A Running
2026-09-17T02:00:00+00:00,Stopped,0,0.0,0.0,0.1,0.0,29.15,Pumps Stopped
2026-09-17T02:15:00+00:00,Stopped,0,0.0,0.0,0.17,0.0,29.26,Pumps Stopped
2026-09-17T02:30:00+00:00,Stopped,0,0.0,0.0,0.18,0.0,28.53,Pumps Stopped
2026-09-17T02:45:00+00:00,Stopped,0,0.0,0.0,0.12,0.0,28.97,Pumps Stopped
2026-09-17T03:00:00+00:00,Stopped,0,0.0,0.0,0.13,0.0,28.6,Pumps Stopped
2026-09-17T03:15:00+00:00,Stopped,0,0.0,0.0,0.14,0.0,29.32,Pumps Stopped
2026-09-17T03:30:00+00:00,Running,1,2555.4,10.53,4.66,54.64,47.07,Pump A Running
2026-09-17T03:45:00+00:00,Running,1,2706.3,10.53,4.64,58.21,47.5,Pump A Running
2026-09-17T04:00:00+00:00,Running,1,2655.3,10.68,4.53,57.06,46.71,Pump A Running
2026-09-17T04:15:00+00:00,Running,1,2726.9,10.53,4.61,60.98,46.85,Pump A Running
2026-09-17T04:30:00+00:00,Running,1,2748.4,10.57,4.7,54.37,47.1,Pump A Running
2026-09-17T04:45:00+00:00,Running,1,2800.0,10.51,4.72,57.19,47.09,Pump A Running
2026-09-17T05:00:00+00:00,Running,1,2893.6,10.65,4.55,58.5,47.58,Pump A Running
2026-09-17T05:15:00+00:00,Running,1,2893.0,10.57,4.69,59.6,47.65,Pump A Running
2026-09-17T05:30:00+00:00,Running,1,2808.6,10.6,4.68,60.42,47.47,Pump A Running
2026-09-17T05:45:00+00:00,Running,1,2812.3,10.74,4.59,56.95,46.94,Pump A Running
2026-09-17T06:00:00+00:00,Running,1,2898.8,10.68,4.62,58.13,47.79,Pump A Running
2026-09-17T06:15:00+00:00,Running,1,2754.6,10.6,4.63,59.21,46.79,Pump A Running
2026-09-17T06:30:00+00:00,Running,1,2644.4,10.57,4.73,55.77,47.74,Pump A Running
2026-09-17T06:45:00+00:00,Running,1,2698.0,10.53,4.7,57.24,47.69,Pump A Running
2026-09-17T07:00:00+00:00,Running,1,2817.9,10.66,4.67,58.89,47.3,Pump A Running
2026-09-17T07:15:00+00:00,Running,1,2749.0,10.47,4.6,58.13,47.44,Pump A Running
2026-09-17T07:30:00+00:00,Running,1,2672.8,10.57,4.74,57.55,47.72,Pump A Running
2026-09-17T07:45:00+00:00,Running,1,2681.0,10.69,4.61,61.19,47.18,Pump A Running
2026-09-17T08:00:00+00:00,Running,1,2682.8,10.61,4.7,62.15,46.64,Pump A Running
2026-09-17T08:15:00+00:00,Running,1,2851.8,10.49,4.55,59.26,47.32,Pump A Running
2026-09-17T08:30:00+00:00,Running,1,2740.0,10.56,4.53,59.92,47.08,Pump A Running
2026-09-17T08:45:00+00:00,Running,1,2628.5,10.51,4.56,61.0,47.1,Pump A Running
2026-09-17T09:00:00+00:00,Running,1,2777.6,10.6,4.72,56.88,47.33,Pump A Running
2026-09-17T09:15:00+00:00,Running,1,2500.0,10.7,4.56,59.34,47.84,Pump A Running
2026-09-17T09:30:00+00:00,Running,1,2753.3,10.65,4.49,58.96,47.7,Pump A Running
2026-09-17T09:45:00+00:00,Running,1,2718.3,10.72,4.59,61.54,47.53,Pump A Running
2026-09-17T10:00:00+00:00,Running,1,2656.6,10.61,4.64,56.5,47.27,Pump A Running
2026-09-17T10:15:00+00:00,Running,1,2748.7,10.6,4.63,55.59,46.8,Pump A Running
2026-09-17T10:30:00+00:00,Running,1,2883.6,10.5,4.61,62.53,47.29,Pump A Running
2026-09-17T10:45:00+00:00,Running,1,2711.9,10.49,4.73,60.74,47.41,Pump A Running
2026-09-17T11:00:00+00:00,Running,1,2656.7,10.6,4.66,57.73,47.54,Pump A Running
2026-09-17T11:15:00+00:00,Running,1,2806.2,10.51,4.65,55.02,47.35,Pump A Running
2026-09-17T11:30:00+00:00,Running,1,2790.0,10.59,4.61,57.52,47.72,Pump A Running
2026-09-17T11:45:00+00:00,Running,1,2626.9,10.65,4.55,57.65,47.22,Pump A Running
2026-09-17T12:00:00+00:00,Running,1,2548.4,10.61,4.65,60.16,47.12,Pump A Running
2026-09-17T12:15:00+00:00,Running,1,2639.9,10.68,4.64,61.23,46.54,Pump A Running
2026-09-17T12:30:00+00:00,Running,1,2733.0,10.53,4.67,56.85,47.51,Pump A Running
2026-09-17T12:45:00+00:00,Running,1,2674.8,10.73,4.49,61.72,46.86,Pump A Running
2026-09-17T13:00:00+00:00,Running,1,2608.3,10.65,4.65,58.31,47.39,Pump A Running
2026-09-17T13:15:00+00:00,Running,1,2689.3,10.67,4.67,62.44,47.01,Pump A Running
2026-09-17T13:30:00+00:00,Running,1,2532.9,10.63,4.57,57.45,46.91,Pump A Running
2026-09-17T13:45:00+00:00,Running,1,2686.0,10.54,4.58,58.27,47.5,Pump A Running
2026-09-17T14:00:00+00:00,Running,1,2606.6,10.52,4.58,55.28,47.38,Pump A Running
2026-09-17T14:15:00+00:00,Running,1,2646.6,10.48,4.56,58.08,47.09,Pump A Running
2026-09-17T14:30:00+00:00,Running,1,2790.1,10.7,4.58,57.12,47.63,Pump A Running
2026-09-17T14:45:00+00:00,Running,1,2675.2,10.53,4.66,61.44,47.6,Pump A Running
2026-09-17T15:00:00+00:00,Running,1,2559.1,10.6,4.65,58.79,47.48,Pump A Running
2026-09-17T15:15:00+00:00,Running,1,2527.6,10.59,4.85,54.44,47.26,Pump A Running
2026-09-17T15:30:00+00:00,Running,1,2465.6,10.69,4.51,58.35,47.16,Pump A Running
2026-09-17T15:45:00+00:00,Running,1,2422.5,10.6,4.55,56.8,46.89,Pump A Running
2026-09-17T16:00:00+00:00,Running,1,2683.7,10.47,4.66,57.39,47.34,Pump A Running
2026-09-17T16:15:00+00:00,Running,1,2495.6,10.7,4.6,56.28,47.62,Pump A Running
2026-09-17T16:30:00+00:00,Running,1,2603.4,10.62,4.57,59.25,47.13,Pump A Running
2026-09-17T16:45:00+00:00,Running,1,2528.6,10.59,4.57,60.22,47.01,Pump A Running
2026-09-17T17:00:00+00:00,Running,1,2561.0,10.5,4.55,62.34,46.85,Pump A Running
2026-09-17T17:15:00+00:00,Running,1,2778.7,10.49,4.58,58.71,47.7,Pump A Running
2026-09-17T17:30:00+00:00,Running,1,2671.6,10.56,4.53,57.17,47.21,Pump A Running
2026-09-17T17:45:00+00:00,Running,1,2504.2,10.6,4.59,58.76,47.01,Pump A Running
2026-09-17T18:00:00+00:00,Running,1,2582.9,10.67,4.56,56.57,47.36,Pump A Running
2026-09-17T18:15:00+00:00,Running,1,2557.4,10.62,4.71,57.47,46.9,Pump A Running
2026-09-17T18:30:00+00:00,Running,1,2620.9,10.64,4.57,56.95,47.12,Pump A Running
2026-09-17T18:45:00+00:00,Running,1,2688.1,10.52,4.58,59.68,47.43,Pump A Running
2026-09-17T19:00:00+00:00,Running,1,2551.8,10.66,4.58,59.21,47.49,Pump A Running
2026-09-17T19:15:00+00:00,Running,1,2474.6,10.53,4.58,55.24,47.04,Pump A Running
2026-09-17T19:30:00+00:00,Running,1,2582.0,10.47,4.57,58.49,46.71,Pump A Running
2026-09-17T19:45:00+00:00,Running,1,2615.8,10.5,4.69,57.57,47.62,Pump A Running
2026-09-17T20:00:00+00:00,Running,1,2486.9,10.55,4.66,56.58,47.1,Pump A Running
2026-09-17T20:15:00+00:00,Running,1,2430.0,10.62,4.59,55.23,47.2,Pump A Running
2026-09-17T20:30:00+00:00,Running,1,2652.5,10.52,4.66,59.32,46.99,Pump A Running
2026-09-17T20:45:00+00:00,Running,1,2512.8,10.63,4.61,59.93,47.13,Pump A Running
2026-09-17T21:00:00+00:00,Running,1,2385.6,10.63,4.61,59.07,47.74,Pump A Running
2026-09-17T21:15:00+00:00,Running,1,2506.2,10.57,4.64,58.37,47.66,Pump A Running
2026-09-17T21:30:00+00:00,Running,1,2596.6,10.49,4.69,58.55,47.63,Pump A Running
2026-09-17T21:45:00+00:00,Running,1,2439.9,10.6,4.64,57.33,47.27,Pump A Running
2026-09-17T22:00:00+00:00,Running,1,2399.2,10.45,4.59,58.91,46.87,Pump A Running
2026-09-17T22:15:00+00:00,Running,1,2317.3,10.54,4.56,54.79,46.53,Pump A Running
2026-09-17T22:30:00+00:00,Running,1,2278.4,10.59,4.59,56.06,47.59,Pump A Running
2026-09-17T22:45:00+00:00,Running,1,2328.5,10.49,4.56,58.18,46.77,Pump A Running
2026-09-17T23:00:00+00:00,Running,1,2485.7,10.65,4.62,58.4,46.92,Pump A Running
2026-09-17T23:15:00+00:00,Running,1,2414.3,10.52,4.58,59.1,46.84,Pump A Running
2026-09-17T23:30:00+00:00,Running,1,2422.5,10.56,4.68,56.91,47.23,Pump A Running
2026-09-17T23:45:00+00:00,Running,1,2394.7,10.59,4.55,61.11,46.72,Pump A Running
2026-09-18T00:00:00+00:00,Running,1,2301.2,10.77,4.66,59.73,47.34,Pump A Running
2026-09-18T00:15:00+00:00,Running,1,2408.1,10.56,4.49,58.37,47.13,Pump A Running
2026-09-18T00:30:00+00:00,Running,1,2341.3,10.62,4.71,58.56,46.19,Pump A Running
2026-09-18T00:45:00+00:00,Running,1,2665.0,10.7,4.61,57.56,47.86,Pump A Running
2026-09-18T01:00:00+00:00,Running,1,2324.2,10.58,4.71,55.89,46.99,Pump A Running
2026-09-18T01:15:00+00:00,Running,1,2368.1,10.46,4.48,59.98,46.86,Pump A Running
2026-09-18T01:30:00+00:00,Running,1,2343.4,10.5,4.65,56.11,47.27,Pump A Running
2026-09-18T01:45:00+00:00,Running,1,2347.5,10.65,4.53,61.45,47.01,Pump A Running
2026-09-18T02:00:00+00:00,Stopped,0,0.0,0.0,0.19,0.0,29.0,Pumps Stopped
2026-09-18T02:15:00+00:00,Stopped,0,0.0,0.0,0.16,0.0,29.25,Pumps Stopped
2026-09-18T02:30:00+00:00,Stopped,0,0.0,0.0,0.18,0.0,29.09,Pumps Stopped
2026-09-18T02:45:00+00:00,Stopped,0,0.0,0.0,0.16,0.0,28.49,Pumps Stopped
2026-09-18T03:00:00+00:00,Stopped,0,0.0,0.0,0.1,0.0,29.27,Pumps Stopped
2026-09-18T03:15:00+00:00,Stopped,0,0.0,0.0,0.15,0.0,29.26,Pumps Stopped
2026-09-18T03:30:00+00:00,Running,1,2335.4,10.67,4.56,56.15,46.83,Pump A Running
2026-09-18T03:45:00+00:00,Running,1,2186.3,10.56,4.53,59.07,46.1,Pump A Running
2026-09-18T04:00:00+00:00,Running,1,2220.9,10.61,4.64,61.06,47.02,Pump A Running
2026-09-18T04:15:00+00:00,Running,1,2215.3,10.67,4.57,55.61,47.14,Pump A Running
2026-09-18T04:30:00+00:00,Running,1,2109.8,10.63,4.61,57.0,46.6,Pump A Running
2026-09-18T04:45:00+00:00,Running,1,2223.3,10.7,4.47,59.47,46.5,Pump A Running
2026-09-18T05:00:00+00:00,Running,1,2095.7,10.63,4.61,58.5,46.9,Pump A Running
2026-09-18T05:15:00+00:00,Running,1,2168.7,10.66,4.6,57.89,46.81,Pump A Running
2026-09-18T05:30:00+00:00,Running,1,2381.3,10.82,4.67,57.22,46.6,Pump A Running
2026-09-18T05:45:00+00:00,Running,1,2291.9,10.68,4.61,57.52,46.7,Pump A Running
2026-09-18T06:00:00+00:00,Running,1,2194.6,10.52,4.55,59.64,47.07,Pump A Running
2026-09-18T06:15:00+00:00,Running,1,2290.3,10.64,4.56,56.76,46.85,Pump A Running
2026-09-18T06:30:00+00:00,Running,1,2294.9,10.63,4.61,63.36,46.45,Pump A Running
2026-09-18T06:45:00+00:00,Running,1,2091.8,10.66,4.54,58.41,46.49,Pump A Running
2026-09-18T07:00:00+00:00,Running,1,2188.3,10.69,4.59,60.86,45.74,Pump A Running
2026-09-18T07:15:00+00:00,Running,1,2125.5,10.51,4.6,55.93,46.27,Pump A Running
2026-09-18T07:30:00+00:00,Running,1,2188.0,10.59,4.64,57.3,46.39,Pump A Running
2026-09-18T07:45:00+00:00,Running,1,2268.5,10.59,4.66,57.33,47.06,Pump A Running
2026-09-18T08:00:00+00:00,Running,1,2079.5,10.5,4.66,55.64,47.16,Pump A Running
2026-09-18T08:15:00+00:00,Running,1,2180.2,10.74,4.72,58.39,46.49,Pump A Running
2026-09-18T08:30:00+00:00,Running,1,2276.1,10.6,4.72,55.95,46.7,Pump A Running
2026-09-18T08:45:00+00:00,Running,1,2328.8,10.61,4.62,54.76,47.4,Pump A Running
2026-09-18T09:00:00+00:00,Running,1,2126.6,10.7,4.33,60.14,46.3,Pump A Running
2026-09-18T09:15:00+00:00,Running,1,2103.0,10.56,4.61,60.08,47.16,Pump A Running
2026-09-18T09:30:00+00:00,Running,1,2218.2,10.47,4.69,61.48,46.6,Pump A Running
2026-09-18T09:45:00+00:00,Running,1,2135.2,10.47,4.59,57.87,46.93,Pump A Running
2026-09-18T10:00:00+00:00,Running,1,2101.1,10.53,4.62,55.9,47.01,Pump A Running
2026-09-18T10:15:00+00:00,Running,1,1974.3,10.65,4.62,56.89,46.9,Pump A Running
2026-09-18T10:30:00+00:00,Running,1,2123.4,10.54,4.67,58.48,46.42,Pump A Running
2026-09-18T10:45:00+00:00,Running,1,2183.0,10.69,4.61,63.1,47.08,Pump A Running
2026-09-18T11:00:00+00:00,Running,1,2150.9,10.5,4.67,59.94,46.2,Pump A Running
2026-09-18T11:15:00+00:00,Running,1,2024.8,10.76,4.6,59.5,46.83,Pump A Running
2026-09-18T11:30:00+00:00,Running,1,2088.5,10.62,4.62,55.73,46.97,Pump A Running
2026-09-18T11:45:00+00:00,Running,1,2173.5,10.62,4.7,57.55,46.64,Pump A Running
2026-09-18T12:00:00+00:00,Running,1,2210.2,10.52,4.6,61.86,47.0,Pump A Running
2026-09-18T12:15:00+00:00,Running,1,2172.9,10.57,4.54,60.75,46.08,Pump A Running
2026-09-18T12:30:00+00:00,Running,1,2192.4,10.65,4.61,63.32,47.38,Pump A Running
2026-09-18T12:45:00+00:00,Running,1,2188.4,10.62,4.74,61.55,46.39,Pump A Running
2026-09-18T13:00:00+00:00,Running,1,2074.7,10.71,4.6,60.04,46.63,Pump A Running
2026-09-18T13:15:00+00:00,Running,1,2125.6,10.71,4.51,61.92,46.95,Pump A Running
2026-09-18T13:30:00+00:00,Running,1,2288.6,10.48,4.73,57.61,46.72,Pump A Running
2026-09-18T13:45:00+00:00,Running,1,2082.0,10.68,4.74,59.49,46.54,Pump A Running
2026-09-18T14:00:00+00:00,Running,1,2106.6,10.64,4.64,56.87,45.99,Pump A Running
2026-09-18T14:15:00+00:00,Running,1,2102.1,10.57,4.63,57.63,46.55,Pump A Running
2026-09-18T14:30:00+00:00,Running,1,2301.0,10.54,4.58,58.74,46.69,Pump A Running
2026-09-18T14:45:00+00:00,Running,1,2011.2,10.65,4.72,55.53,46.77,Pump A Running
2026-09-18T15:00:00+00:00,Running,1,2113.5,10.6,4.69,56.45,46.23,Pump A Running
2026-09-18T15:15:00+00:00,Running,1,2201.4,10.66,4.5,59.13,46.82,Pump A Running
2026-09-18T15:30:00+00:00,Running,1,2164.4,10.59,4.53,61.12,46.33,Pump A Running
2026-09-18T15:45:00+00:00,Running,1,2097.4,10.53,4.63,57.88,45.87,Pump A Running
2026-09-18T16:00:00+00:00,Running,1,2147.6,10.62,4.75,57.48,45.66,Pump A Running
2026-09-18T16:15:00+00:00,Running,1,2107.8,10.61,4.69,58.44,46.01,Pump A Running
2026-09-18T16:30:00+00:00,Running,1,2133.0,10.55,4.66,59.72,46.91,Pump A Running
2026-09-18T16:45:00+00:00,Running,1,2156.7,10.62,4.6,60.03,46.31,Pump A Running
2026-09-18T17:00:00+00:00,Running,1,2166.7,10.44,4.73,54.36,46.98,Pump A Running
2026-09-18T17:15:00+00:00,Running,1,2253.7,10.54,4.78,58.72,47.04,Pump A Running
2026-09-18T17:30:00+00:00,Running,1,2085.8,10.58,4.53,55.55,46.6,Pump A Running
2026-09-18T17:45:00+00:00,Running,1,2243.2,10.57,4.62,60.0,46.27,Pump A Running
2026-09-18T18:00:00+00:00,Running,1,2215.8,10.64,4.64,64.97,46.5,Pump A Running
2026-09-18T18:15:00+00:00,Running,1,1979.6,10.73,4.58,59.34,46.44,Pump A Running
2026-09-18T18:30:00+00:00,Running,1,2238.9,10.59,4.67,61.47,46.62,Pump A Running
2026-09-18T18:45:00+00:00,Running,1,1932.3,10.66,4.45,62.81,47.17,Pump A Running
2026-09-18T19:00:00+00:00,Running,1,2380.0,10.52,4.6,61.88,47.07,Pump A Running
2026-09-18T19:15:00+00:00,Running,1,2070.9,10.61,4.6,56.91,46.23,Pump A Running
2026-09-18T19:30:00+00:00,Running,1,2128.0,10.52,4.64,58.21,46.72,Pump A Running
2026-09-18T19:45:00+00:00,Running,1,2204.5,10.64,4.68,56.66,47.05,Pump A Running
2026-09-18T20:00:00+00:00,Running,1,2181.4,10.55,4.54,55.42,46.49,Pump A Running
2026-09-18T20:15:00+00:00,Running,1,2338.0,10.6,4.6,55.43,46.87,Pump A Running
2026-09-18T20:30:00+00:00,Running,1,2222.6,10.58,4.7,56.86,46.8,Pump A Running
2026-09-18T20:45:00+00:00,Running,1,2268.9,10.58,4.66,60.27,46.25,Pump A Running
2026-09-18T21:00:00+00:00,Running,1,2078.6,10.49,4.65,57.59,46.68,Pump A Running
2026-09-18T21:15:00+00:00,Running,1,2061.9,10.63,4.7,60.15,46.46,Pump A Running
2026-09-18T21:30:00+00:00,Running,1,2150.5,10.68,4.71,58.63,47.03,Pump A Running
2026-09-18T21:45:00+00:00,Running,1,2283.0,10.51,4.71,58.16,47.1,Pump A Running
2026-09-18T22:00:00+00:00,Running,1,2024.6,10.61,4.78,58.45,46.35,Pump A Running
2026-09-18T22:15:00+00:00,Running,1,2143.6,10.68,4.63,57.4,46.62,Pump A Running
2026-09-18T22:30:00+00:00,Running,1,2156.1,10.62,4.7,58.6,46.44,Pump A Running
2026-09-18T22:45:00+00:00,Running,1,2250.4,10.66,4.61,56.92,47.19,Pump A Running
2026-09-18T23:00:00+00:00,Running,1,2230.6,10.68,4.76,60.76,46.47,Pump A Running
2026-09-18T23:15:00+00:00,Running,1,2256.5,10.54,4.63,58.71,46.32,Pump A Running
2026-09-18T23:30:00+00:00,Running,1,2303.4,10.54,4.68,62.35,46.43,Pump A Running
2026-09-18T23:45:00+00:00,Running,1,2228.3,10.63,4.64,56.62,46.79,Pump A Running
2026-09-19T00:00:00+00:00,Running,1,2227.4,10.58,4.69,58.79,47.52,Pump A Running
2026-09-19T00:15:00+00:00,Running,1,2289.4,10.66,4.7,58.83,47.03,Pump A Running
2026-09-19T00:30:00+00:00,Running,1,2191.8,10.46,4.55,59.39,46.52,Pump A Running
2026-09-19T00:45:00+00:00,Running,1,2354.0,10.61,4.54,59.34,47.46,Pump A Running
2026-09-19T01:00:00+00:00,Running,1,2141.6,10.57,4.56,53.74,46.96,Pump A Running
2026-09-19T01:15:00+00:00,Running,1,2249.3,10.53,4.65,58.78,47.34,Pump A Running
2026-09-19T01:30:00+00:00,Running,1,2380.0,10.54,4.66,59.29,46.5,Pump A Running
2026-09-19T01:45:00+00:00,Running,1,2387.6,10.65,4.61,59.52,46.55,Pump A Running
2026-09-19T02:00:00+00:00,Stopped,0,0.0,0.0,0.16,0.0,28.48,Pumps Stopped
2026-09-19T02:15:00+00:00,Stopped,0,0.0,0.0,0.18,0.0,29.1,Pumps Stopped
2026-09-19T02:30:00+00:00,Stopped,0,0.0,0.0,0.16,0.0,28.78,Pumps Stopped
2026-09-19T02:45:00+00:00,Stopped,0,0.0,0.0,0.17,0.0,28.6,Pumps Stopped
2026-09-19T03:00:00+00:00,Stopped,0,0.0,0.0,0.12,0.0,28.69,Pumps Stopped
2026-09-19T03:15:00+00:00,Stopped,0,0.0,0.0,0.1,0.0,28.99,Pumps Stopped
2026-09-19T03:30:00+00:00,Running,1,2209.3,10.6,4.62,58.98,46.74,Pump A Running
2026-09-19T03:45:00+00:00,Running,1,2236.0,10.64,4.49,60.0,46.36,Pump A Running
2026-09-19T04:00:00+00:00,Running,1,2330.7,10.58,4.66,56.5,47.42,Pump A Running
2026-09-19T04:15:00+00:00,Running,1,2419.4,10.63,4.61,57.31,46.93,Pump A Running
2026-09-19T04:30:00+00:00,Running,1,2151.3,10.66,4.69,58.95,46.3,Pump A Running
2026-09-19T04:45:00+00:00,Running,1,2365.7,10.61,4.75,61.74,46.57,Pump A Running
2026-09-19T05:00:00+00:00,Running,1,2354.5,10.67,4.66,63.37,47.17,Pump A Running
2026-09-19T05:15:00+00:00,Running,1,2331.6,10.63,4.42,58.74,47.03,Pump A Running
2026-09-19T05:30:00+00:00,Running,1,2530.5,10.55,4.62,61.62,47.32,Pump A Running
2026-09-19T05:45:00+00:00,Running,1,2444.4,10.6,4.67,62.4,47.14,Pump A Running
2026-09-19T06:00:00+00:00,Running,1,2446.3,10.71,4.77,58.54,47.05,Pump A Running
2026-09-19T06:15:00+00:00,Running,1,2586.1,10.64,4.5,63.39,46.87,Pump A Running
2026-09-19T06:30:00+00:00,Running,1,2404.5,10.67,4.77,56.61,46.66,Pump A Running
2026-09-19T06:45:00+00:00,Running,1,2640.9,10.57,4.72,59.09,46.86,Pump A Running
2026-09-19T07:00:00+00:00,Running,1,2411.8,10.65,4.59,62.02,47.13,Pump A Running
2026-09-19T07:15:00+00:00,Running,1,2376.0,10.53,4.54,57.81,47.01,Pump A Running
2026-09-19T07:30:00+00:00,Running,1,2400.0,10.6,4.78,59.62,47.13,Pump A Running
2026-09-19T07:45:00+00:00,Running,1,2381.3,10.54,4.74,58.97,46.71,Pump A Running
2026-09-19T08:00:00+00:00,Running,1,2491.2,10.49,4.86,60.1,47.27,Pump A Running
2026-09-19T08:15:00+00:00,Running,1,2485.3,10.59,4.57,60.99,46.61,Pump A Running
2026-09-19T08:30:00+00:00,Running,1,2411.9,10.63,4.54,62.97,46.83,Pump A Running
2026-09-19T08:45:00+00:00,Running,1,2598.9,10.7,4.7,57.2,46.86,Pump A Running
2026-09-19T09:00:00+00:00,Running,1,2319.4,10.56,4.73,58.26,46.93,Pump A Running
2026-09-19T09:15:00+00:00,Running,1,2561.0,10.58,4.79,56.0,47.01,Pump A Running
2026-09-19T09:30:00+00:00,Running,1,2526.0,10.64,4.63,57.25,47.3,Pump A Running
2026-09-19T09:45:00+00:00,Running,1,2478.8,10.53,4.66,59.96,46.64,Pump A Running
2026-09-19T10:00:00+00:00,Running,1,2525.7,10.69,4.59,57.99,47.32,Pump A Running
2026-09-19T10:15:00+00:00,Running,1,2529.0,10.53,4.58,59.69,47.04,Pump A Running
2026-09-19T10:30:00+00:00,Running,1,2491.8,10.6,4.79,57.32,47.13,Pump A Running
2026-09-19T10:45:00+00:00,Running,1,2527.2,10.54,4.6,62.45,46.82,Pump A Running
2026-09-19T11:00:00+00:00,Running,1,2600.5,10.75,4.73,59.65,47.44,Pump A Running
2026-09-19T11:15:00+00:00,Running,1,2840.5,10.53,4.71,60.99,47.77,Pump A Running
2026-09-19T11:30:00+00:00,Running,1,2636.0,10.6,4.67,58.33,46.83,Pump A Running
2026-09-19T11:45:00+00:00,Running,1,2540.1,10.57,4.72,58.55,47.18,Pump A Running
2026-09-19T12:00:00+00:00,Running,1,2741.9,10.44,4.73,60.46,47.07,Pump A Running
2026-09-19T12:15:00+00:00,Running,1,2478.3,10.71,4.58,57.45,46.69,Pump A Running
2026-09-19T12:30:00+00:00,Running,1,2617.5,10.66,4.58,61.04,46.76,Pump A Running
2026-09-19T12:45:00+00:00,Running,1,2679.3,10.47,4.8,58.53,47.32,Pump A Running
2026-09-19T13:00:00+00:00,Running,1,2655.9,10.53,4.72,57.22,47.05,Pump A Running
2026-09-19T13:15:00+00:00,Running,1,2754.6,10.56,4.63,57.14,47.52,Pump A Running
2026-09-19T13:30:00+00:00,Running,1,2511.3,10.65,4.73,61.88,46.84,Pump A Running
2026-09-19T13:45:00+00:00,Running,1,2614.2,10.59,4.73,56.94,46.83,Pump A Running
2026-09-19T14:00:00+00:00,Running,1,2702.7,10.56,4.74,60.65,47.39,Pump A Running
2026-09-19T14:15:00+00:00,Running,1,2739.4,10.64,4.64,56.94,46.88,Pump A Running
2026-09-19T14:30:00+00:00,Running,1,2540.7,10.64,4.7,54.25,47.19,Pump A Running
2026-09-19T14:45:00+00:00,Running,1,2672.6,10.55,4.57,59.38,47.31,Pump A Running
2026-09-19T15:00:00+00:00,Running,1,2627.5,10.53,4.5,59.4,47.75,Pump A Running
2026-09-19T15:15:00+00:00,Running,1,2611.0,10.47,4.57,59.79,47.14,Pump A Running
2026-09-19T15:30:00+00:00,Running,1,2767.5,10.57,4.59,57.2,47.3,Pump A Running
2026-09-19T15:45:00+00:00,Running,1,2733.5,10.45,4.74,60.97,46.91,Pump A Running
2026-09-19T16:00:00+00:00,Running,1,2572.7,10.53,4.61,58.47,47.44,Pump A Running
2026-09-19T16:15:00+00:00,Running,1,2862.9,10.62,4.54,60.2,47.78,Pump A Running
2026-09-19T16:30:00+00:00,Running,1,2790.2,10.69,4.58,60.03,47.61,Pump A Running
2026-09-19T16:45:00+00:00,Running,1,2574.8,10.53,4.63,59.41,46.69,Pump A Running
2026-09-19T17:00:00+00:00,Running,1,2699.4,10.56,4.73,58.74,47.85,Pump A Running
2026-09-19T17:15:00+00:00,Running,1,2672.1,10.51,4.74,60.68,47.13,Pump A Running
2026-09-19T17:30:00+00:00,Running,1,2831.0,10.58,4.65,60.91,47.23,Pump A Running
2026-09-19T17:45:00+00:00,Running,1,2717.4,10.65,4.64,62.72,47.58,Pump A Running
2026-09-19T18:00:00+00:00,Running,1,2594.6,10.78,4.61,59.16,47.25,Pump A Running
2026-09-19T18:15:00+00:00,Running,1,2793.4,10.68,4.69,61.64,47.32,Pump A Running
2026-09-19T18:30:00+00:00,Running,1,2741.5,10.63,4.74,57.15,46.97,Pump A Running
2026-09-19T18:45:00+00:00,Running,1,2765.3,10.51,4.7,59.71,46.4,Pump A Running
2026-09-19T19:00:00+00:00,Running,1,2760.3,10.81,4.62,60.38,47.09,Pump A Running
2026-09-19T19:15:00+00:00,Running,1,2651.4,10.51,4.64,57.98,47.08,Pump A Running
2026-09-19T19:30:00+00:00,Running,1,2716.7,10.64,4.56,61.38,46.84,Pump A Running
2026-09-19T19:45:00+00:00,Running,1,2848.0,10.69,4.73,60.52,47.64,Pump A Running
2026-09-19T20:00:00+00:00,Running,1,2664.8,10.63,4.75,58.56,46.57,Pump A Running
2026-09-19T20:15:00+00:00,Running,1,2618.2,10.62,4.62,60.63,47.67,Pump A Running
2026-09-19T20:30:00+00:00,Running,1,2800.8,10.52,4.69,61.28,48.17,Pump A Running
2026-09-19T20:45:00+00:00,Running,1,2646.1,10.48,4.56,57.66,47.08,Pump A Running
2026-09-19T21:00:00+00:00,Running,1,2762.7,10.57,4.69,58.89,47.38,Pump A Running
2026-09-19T21:15:00+00:00,Running,1,2687.0,10.74,4.54,61.67,47.18,Pump A Running
2026-09-19T21:30:00+00:00,Running,1,2821.9,10.54,4.72,59.57,47.37,Pump A Running
2026-09-19T21:45:00+00:00,Running,1,2877.1,10.68,4.59,59.81,47.94,Pump A Running
2026-09-19T22:00:00+00:00,Running,1,2830.5,10.65,4.61,60.58,47.15,Pump A Running
2026-09-19T22:15:00+00:00,Running,1,2664.2,10.56,4.63,58.97,47.07,Pump A Running
2026-09-19T22:30:00+00:00,Running,1,2677.2,10.5,4.69,57.94,46.87,Pump A Running
2026-09-19T22:45:00+00:00,Running,1,2677.1,10.53,4.71,58.3,47.43,Pump A Running
2026-09-19T23:00:00+00:00,Running,1,2757.1,10.56,4.61,57.04,47.36,Pump A Running
2026-09-19T23:15:00+00:00,Running,1,2740.2,10.67,4.68,58.59,47.41,Pump A Running
2026-09-19T23:30:00+00:00,Running,1,2820.0,10.57,4.55,61.84,47.16,Pump A Running
2026-09-19T23:45:00+00:00,Running,1,2649.9,10.6,4.66,58.63,47.12,Pump A Running
2026-09-20T00:00:00+00:00,Running,1,2707.7,10.55,4.61,57.52,47.07,Pump A Running
2026-09-20T00:15:00+00:00,Running,1,2843.2,10.56,4.55,59.31,47.38,Pump A Running
2026-09-20T00:30:00+00:00,Running,1,2511.6,10.54,4.72,60.22,46.81,Pump A Running
2026-09-20T00:45:00+00:00,Running,1,2642.2,10.56,4.69,58.4,47.28,Pump A Running
2026-09-20T01:00:00+00:00,Running,1,2854.3,10.56,4.54,64.24,47.1,Pump A Running
2026-09-20T01:15:00+00:00,Running,1,2874.6,10.64,4.57,56.66,47.26,Pump A Running
2026-09-20T01:30:00+00:00,Running,1,2779.9,10.47,4.72,58.85,46.76,Pump A Running
2026-09-20T01:45:00+00:00,Running,1,2726.1,10.51,4.86,59.96,47.3,Pump A Running
2026-09-20T02:00:00+00:00,Stopped,0,0.0,0.0,0.19,0.0,29.41,Pumps Stopped
2026-09-20T02:15:00+00:00,Stopped,0,0.0,0.0,0.2,0.0,29.24,Pumps Stopped
2026-09-20T02:30:00+00:00,Stopped,0,0.0,0.0,0.17,0.0,29.3,Pumps Stopped
2026-09-20T02:45:00+00:00,Stopped,0,0.0,0.0,0.14,0.0,29.05,Pumps Stopped
2026-09-20T03:00:00+00:00,Stopped,0,0.0,0.0,0.16,0.0,29.65,Pumps Stopped
2026-09-20T03:15:00+00:00,Stopped,0,0.0,0.0,0.17,0.0,28.37,Pumps Stopped
2026-09-20T03:30:00+00:00,Running,1,2810.0,10.6,4.68,62.05,46.69,Pump A Running
2026-09-20T03:45:00+00:00,Running,1,2730.1,10.46,4.74,59.9,47.25,Pump A Running
2026-09-20T04:00:00+00:00,Running,1,2674.9,10.61,4.66,62.29,46.98,Pump A Running
2026-09-20T04:15:00+00:00,Running,1,2722.1,10.7,4.76,60.33,47.31,Pump A Running
2026-09-20T04:30:00+00:00,Running,1,2697.5,10.49,4.68,61.11,47.05,Pump A Running
2026-09-20T04:45:00+00:00,Running,1,2711.4,10.69,4.59,56.17,47.5,Pump A Running
2026-09-20T05:00:00+00:00,Running,1,2562.7,10.69,4.68,59.6,47.41,Pump A Running
2026-09-20T05:15:00+00:00,Running,1,2854.4,10.66,4.75,60.85,46.34,Pump A Running
2026-09-20T05:30:00+00:00,Running,1,2762.8,10.51,4.72,57.31,47.22,Pump A Running
2026-09-20T05:45:00+00:00,Running,1,2677.5,10.58,4.71,59.82,47.96,Pump A Running
2026-09-20T06:00:00+00:00,Running,1,2911.6,10.62,4.54,59.1,47.17,Pump A Running
2026-09-20T06:15:00+00:00,Running,1,2661.9,10.64,4.55,60.42,47.57,Pump A Running
2026-09-20T06:30:00+00:00,Running,1,2727.6,10.59,4.72,58.47,47.32,Pump A Running
2026-09-20T06:45:00+00:00,Running,1,2797.4,10.63,4.77,64.23,46.69,Pump A Running
2026-09-20T07:00:00+00:00,Running,1,2721.6,10.66,4.61,58.27,46.9,Pump A Running
2026-09-20T07:15:00+00:00,Running,1,2621.3,10.65,4.66,62.3,46.42,Pump A Running
2026-09-20T07:30:00+00:00,Running,1,2675.8,10.58,4.75,58.7,46.85,Pump A Running
2026-09-20T07:45:00+00:00,Running,1,2777.5,10.58,4.58,60.71,46.76,Pump A Running
2026-09-20T08:00:00+00:00,Running,1,2552.0,10.61,4.64,61.11,46.77,Pump A Running
2026-09-20T08:15:00+00:00,Running,1,2807.6,10.62,4.67,60.14,47.34,Pump A Running
2026-09-20T08:30:00+00:00,Running,1,2715.3,10.52,4.57,59.07,47.4,Pump A Running
2026-09-20T08:45:00+00:00,Running,1,2680.6,10.56,4.63,59.58,46.61,Pump A Running
2026-09-20T09:00:00+00:00,Running,1,2611.1,10.66,4.84,60.32,47.01,Pump A Running
2026-09-20T09:15:00+00:00,Running,1,2555.8,10.56,4.5,59.0,47.53,Pump A Running
2026-09-20T09:30:00+00:00,Running,1,2711.0,10.73,4.66,59.96,47.43,Pump A Running
2026-09-20T09:45:00+00:00,Running,1,2615.2,10.56,4.73,57.14,47.24,Pump A Running
2026-09-20T10:00:00+00:00,Running,1,2669.1,10.59,4.6,58.71,46.4,Pump A Running
2026-09-20T10:15:00+00:00,Running,1,2598.7,10.65,4.67,58.95,47.54,Pump A Running
2026-09-20T10:30:00+00:00,Running,1,2680.6,10.65,4.71,59.89,47.18,Pump A Running
2026-09-20T10:45:00+00:00,Running,1,2754.2,10.57,4.72,59.33,46.88,Pump A Running
2026-09-20T11:00:00+00:00,Running,1,2609.4,10.57,4.69,60.7,46.43,Pump A Running
2026-09-20T11:15:00+00:00,Running,1,2727.8,10.59,4.6,60.27,46.91,Pump A Running
2026-09-20T11:30:00+00:00,Running,1,2600.2,10.61,4.72,56.96,47.01,Pump A Running
2026-09-20T11:45:00+00:00,Running,1,2530.3,10.66,4.62,58.8,46.74,Pump A Running
2026-09-20T12:00:00+00:00,Running,1,2633.8,10.48,4.6,59.03,47.2,Pump A Running
2026-09-20T12:15:00+00:00,Running,1,2629.9,10.62,4.6,58.5,46.55,Pump A Running
2026-09-20T12:30:00+00:00,Running,1,2523.1,10.53,4.57,61.47,46.85,Pump A Running
2026-09-20T12:45:00+00:00,Running,1,2711.0,10.55,4.83,60.88,47.17,Pump A Running
2026-09-20T13:00:00+00:00,Running,1,2660.0,10.64,4.67,56.76,47.42,Pump A Running
2026-09-20T13:15:00+00:00,Running,1,2453.5,10.5,4.63,58.1,46.86,Pump A Running
2026-09-20T13:30:00+00:00,Running,1,2592.5,10.74,4.72,60.24,47.41,Pump A Running
2026-09-20T13:45:00+00:00,Running,1,2570.2,10.58,4.67,59.84,47.18,Pump A Running
2026-09-20T14:00:00+00:00,Running,1,2329.8,10.6,4.69,60.76,46.97,Pump A Running
2026-09-20T14:15:00+00:00,Running,1,2639.4,10.6,4.63,61.7,47.05,Pump A Running
2026-09-20T14:30:00+00:00,Running,1,2612.8,10.57,4.69,59.76,46.85,Pump A Running
2026-09-20T14:45:00+00:00,Running,1,2548.6,10.52,4.65,60.71,46.28,Pump A Running
2026-09-20T15:00:00+00:00,Running,1,2503.8,10.71,4.64,61.32,46.89,Pump A Running
2026-09-20T15:15:00+00:00,Running,1,2581.3,10.72,4.49,61.26,47.14,Pump A Running
2026-09-20T15:30:00+00:00,Running,1,2436.8,10.7,4.58,58.36,46.5,Pump A Running
2026-09-20T15:45:00+00:00,Running,1,2386.5,10.57,4.68,56.18,46.67,Pump A Running
2026-09-20T16:00:00+00:00,Running,1,2556.5,10.55,4.61,59.5,47.03,Pump A Running
2026-09-20T16:15:00+00:00,Running,1,2528.5,10.7,4.55,58.09,47.19,Pump A Running
2026-09-20T16:30:00+00:00,Running,1,2580.5,10.54,4.65,58.51,46.67,Pump A Running
2026-09-20T16:45:00+00:00,Running,1,2353.7,10.63,4.71,63.65,46.67,Pump A Running
2026-09-20T17:00:00+00:00,Running,1,2338.1,10.6,4.76,61.0,46.83,Pump A Running
2026-09-20T17:15:00+00:00,Running,1,2505.8,10.64,4.65,61.77,46.78,Pump A Running
2026-09-20T17:30:00+00:00,Running,1,2384.5,10.66,4.68,64.07,46.43,Pump A Running
2026-09-20T17:45:00+00:00,Running,1,2444.5,10.61,4.73,59.19,47.54,Pump A Running
2026-09-20T18:00:00+00:00,Running,1,2407.0,10.53,4.57,58.13,46.7,Pump A Running
2026-09-20T18:15:00+00:00,Running,1,2399.5,10.53,4.52,60.97,47.12,Pump A Running
2026-09-20T18:30:00+00:00,Running,1,2429.1,10.59,4.63,61.32,47.15,Pump A Running
2026-09-20T18:45:00+00:00,Running,1,2316.3,10.64,4.74,61.19,47.09,Pump A Running
2026-09-20T19:00:00+00:00,Running,1,2377.1,10.55,4.57,57.18,47.31,Pump A Running
2026-09-20T19:15:00+00:00,Running,1,2352.2,10.63,4.56,59.37,45.48,Pump A Running
2026-09-20T19:30:00+00:00,Running,1,2465.6,10.61,4.72,61.02,47.2,Pump A Running
2026-09-20T19:45:00+00:00,Running,1,2382.2,10.73,4.73,56.38,46.95,Pump A Running
2026-09-20T20:00:00+00:00,Running,1,2332.4,10.71,4.57,61.18,46.94,Pump A Running
2026-09-20T20:15:00+00:00,Running,1,2351.6,10.45,4.77,56.65,47.25,Pump A Running
2026-09-20T20:30:00+00:00,Running,1,2314.6,10.61,4.67,60.63,46.44,Pump A Running
2026-09-20T20:45:00+00:00,Running,1,2350.9,10.55,4.77,58.61,46.7,Pump A Running
2026-09-20T21:00:00+00:00,Running,1,2335.7,10.8,4.69,59.78,46.36,Pump A Running
2026-09-20T21:15:00+00:00,Running,1,2247.5,10.55,4.72,59.19,47.11,Pump A Running
2026-09-20T21:30:00+00:00,Running,1,2247.0,10.68,4.63,63.01,46.42,Pump A Running
2026-09-20T21:45:00+00:00,Running,1,2408.4,10.63,4.53,61.83,47.15,Pump A Running
2026-09-20T22:00:00+00:00,Running,1,2202.1,10.49,4.62,60.58,45.82,Pump A Running
2026-09-20T22:15:00+00:00,Running,1,2365.5,10.58,4.67,59.93,46.59,Pump A Running
2026-09-20T22:30:00+00:00,Running,1,2338.3,10.46,4.64,60.96,46.51,Pump A Running
2026-09-20T22:45:00+00:00,Running,1,2223.5,10.53,4.67,57.81,46.84,Pump A Running
2026-09-20T23:00:00+00:00,Running,1,2257.9,10.44,4.75,59.63,46.56,Pump A Running
2026-09-20T23:15:00+00:00,Running,1,2422.6,10.68,4.59,57.69,46.85,Pump A Running
2026-09-20T23:30:00+00:00,Running,1,2217.2,10.6,4.76,61.01,46.86,Pump A Running
2026-09-20T23:45:00+00:00,Running,1,2397.7,10.62,4.58,58.84,46.52,Pump A Running
2026-09-21T00:00:00+00:00,Running,1,2243.3,10.54,4.75,59.57,47.04,Pump A Running
2026-09-21T00:15:00+00:00,Running,1,2192.0,10.6,4.71,60.84,46.19,Pump A Running
2026-09-21T00:30:00+00:00,Running,1,2169.6,10.51,4.69,60.37,46.7,Pump A Running
2026-09-21T00:45:00+00:00,Running,1,2267.8,10.59,4.54,56.68,47.22,Pump A Running
2026-09-21T01:00:00+00:00,Running,1,2130.5,10.86,4.64,57.56,46.74,Pump A Running
2026-09-21T01:15:00+00:00,Running,1,2323.9,10.46,4.65,57.09,47.38,Pump A Running
2026-09-21T01:30:00+00:00,Running,1,2373.6,10.57,4.72,59.52,46.22,Pump A Running
2026-09-21T01:45:00+00:00,Running,1,2120.2,10.64,4.72,58.72,46.58,Pump A Running
2026-09-21T02:00:00+00:00,Stopped,0,0.0,0.0,0.18,0.0,28.53,Pumps Stopped
2026-09-21T02:15:00+00:00,Stopped,0,0.0,0.0,0.16,0.0,29.25,Pumps Stopped
2026-09-21T02:30:00+00:00,Stopped,0,0.0,0.0,0.16,0.0,28.94,Pumps Stopped
2026-09-21T02:45:00+00:00,Stopped,0,0.0,0.0,0.18,0.0,29.18,Pumps Stopped
2026-09-21T03:00:00+00:00,Stopped,0,0.0,0.0,0.15,0.0,28.96,Pumps Stopped
2026-09-21T03:15:00+00:00,Stopped,0,0.0,0.0,0.17,0.0,29.44,Pumps Stopped
2026-09-21T03:30:00+00:00,Running,1,2312.8,10.6,4.7,62.58,46.77,Pump A Running
2026-09-21T03:45:00+00:00,Running,1,2079.8,10.6,4.56,64.01,46.14,Pump A Running
2026-09-21T04:00:00+00:00,Running,1,2236.4,10.65,4.53,58.16,46.59,Pump A Running
2026-09-21T04:15:00+00:00,Running,1,2177.4,10.61,4.77,58.8,46.9,Pump A Running
2026-09-21T04:30:00+00:00,Running,1,2166.9,10.71,4.83,60.35,46.15,Pump A Running
2026-09-21T04:45:00+00:00,Running,1,2113.7,10.63,4.61,61.34,46.42,Pump A Running
2026-09-21T05:00:00+00:00,Running,1,2399.0,10.67,4.72,56.73,46.92,Pump A Running
2026-09-21T05:15:00+00:00,Running,1,2120.5,10.56,4.73,58.96,46.5,Pump A Running
2026-09-21T05:30:00+00:00,Running,1,2163.6,10.6,4.83,56.38,46.63,Pump A Running
2026-09-21T05:45:00+00:00,Running,1,2145.0,10.58,4.72,56.18,46.18,Pump A Running
2026-09-21T06:00:00+00:00,Running,1,2180.6,10.62,4.56,60.22,46.36,Pump A Running
2026-09-21T06:15:00+00:00,Running,1,2004.4,10.59,4.75,63.26,46.49,Pump A Running
2026-09-21T06:30:00+00:00,Running,1,2158.6,10.63,4.54,58.05,46.74,Pump A Running
2026-09-21T06:45:00+00:00,Running,1,2125.1,10.6,4.77,56.46,46.7,Pump A Running
2026-09-21T07:00:00+00:00,Running,1,2099.0,10.53,4.67,61.4,46.28,Pump A Running
2026-09-21T07:15:00+00:00,Running,1,2270.0,10.67,4.77,61.86,46.94,Pump A Running
2026-09-21T07:30:00+00:00,Running,1,1980.7,10.58,4.47,63.73,46.33,Pump A Running
2026-09-21T07:45:00+00:00,Running,1,1944.3,10.62,4.65,58.55,45.77,Pump A Running
2026-09-21T08:00:00+00:00,Running,1,2187.3,10.53,4.64,60.35,46.64,Pump A Running
2026-09-21T08:15:00+00:00,Running,1,2068.3,10.46,4.76,57.3,47.07,Pump A Running
2026-09-21T08:30:00+00:00,Running,1,2141.7,10.5,4.79,60.62,46.75,Pump A Running
2026-09-21T08:45:00+00:00,Running,1,2143.9,10.55,4.69,59.32,46.17,Pump A Running
2026-09-21T09:00:00+00:00,Running,1,2363.7,10.56,4.59,57.93,46.36,Pump A Running
2026-09-21T09:15:00+00:00,Running,1,2198.7,10.51,4.67,60.5,46.56,Pump A Running
2026-09-21T09:30:00+00:00,Running,1,2117.8,10.8,4.69,62.29,46.47,Pump A Running
2026-09-21T09:45:00+00:00,Running,1,2077.0,10.51,4.69,60.37,46.09,Pump A Running
2026-09-21T10:00:00+00:00,Running,1,2122.0,10.6,4.75,59.68,46.35,Pump A Running
2026-09-21T10:15:00+00:00,Running,1,2150.6,10.59,4.63,60.28,46.21,Pump A Running
2026-09-21T10:30:00+00:00,Running,1,2023.1,10.61,4.61,62.56,46.9,Pump A Running
2026-09-21T10:45:00+00:00,Running,1,2167.1,10.66,4.82,62.16,47.27,Pump A Running
2026-09-21T11:00:00+00:00,Running,1,2110.9,10.6,4.79,63.01,46.89,Pump A Running
2026-09-21T11:15:00+00:00,Running,1,2318.0,10.67,4.65,61.37,45.85,Pump A Running
2026-09-21T11:30:00+00:00,Running,1,2212.9,10.54,4.62,58.7,46.57,Pump A Running
2026-09-21T11:45:00+00:00,Running,1,2176.1,10.58,4.66,61.56,46.64,Pump A Running
2026-09-21T12:00:00+00:00,Running,1,2033.0,10.67,4.69,57.82,46.45,Pump A Running
2026-09-21T12:15:00+00:00,Running,1,2056.9,10.64,4.68,59.35,46.32,Pump A Running
2026-09-21T12:30:00+00:00,Running,1,2160.8,10.69,4.55,58.29,47.13,Pump A Running
2026-09-21T12:45:00+00:00,Running,1,2224.8,10.63,4.7,60.2,46.21,Pump A Running
2026-09-21T13:00:00+00:00,Running,1,2118.2,10.74,4.82,59.44,46.85,Pump A Running
2026-09-21T13:15:00+00:00,Running,1,2266.1,10.65,4.71,59.11,46.87,Pump A Running
2026-09-21T13:30:00+00:00,Running,1,2141.3,10.51,4.62,57.47,46.42,Pump A Running
2026-09-21T13:45:00+00:00,Running,1,2108.7,10.6,4.63,60.96,46.05,Pump A Running
2026-09-21T14:00:00+00:00,Running,1,2220.5,10.62,4.66,61.12,46.84,Pump A Running
2026-09-21T14:15:00+00:00,Running,1,2250.6,10.63,4.74,56.91,46.75,Pump A Running
2026-09-21T14:30:00+00:00,Running,1,2128.7,10.7,4.77,58.77,46.77,Pump A Running
2026-09-21T14:45:00+00:00,Running,1,2264.9,10.63,4.8,59.76,46.58,Pump A Running
2026-09-21T15:00:00+00:00,Running,1,2315.5,10.58,4.84,61.56,46.94,Pump A Running
2026-09-21T15:15:00+00:00,Running,1,2170.2,10.65,4.53,57.86,47.18,Pump A Running
2026-09-21T15:30:00+00:00,Running,1,2157.6,10.54,4.76,60.75,46.62,Pump A Running
2026-09-21T15:45:00+00:00,Running,1,2221.8,10.5,4.61,59.6,46.45,Pump A Running
2026-09-21T16:00:00+00:00,Running,1,2237.1,10.54,4.75,57.82,46.96,Pump A Running
2026-09-21T16:15:00+00:00,Running,1,2335.6,10.62,4.67,58.62,46.27,Pump A Running
2026-09-21T16:30:00+00:00,Running,1,2334.4,10.61,4.56,59.72,47.41,Pump A Running
2026-09-21T16:45:00+00:00,Running,1,2141.3,10.59,4.73,60.3,46.65,Pump A Running
2026-09-21T17:00:00+00:00,Running,1,2270.1,10.58,4.77,60.76,46.4,Pump A Running
2026-09-21T17:15:00+00:00,Running,1,2222.9,10.53,4.69,59.27,46.13,Pump A Running
2026-09-21T17:30:00+00:00,Running,1,2282.9,10.59,4.69,59.25,46.42,Pump A Running
2026-09-21T17:45:00+00:00,Running,1,2247.6,10.47,4.76,61.43,46.93,Pump A Running
2026-09-21T18:00:00+00:00,Running,1,2207.1,10.51,4.79,63.27,46.81,Pump A Running
2026-09-21T18:15:00+00:00,Running,1,2128.0,10.62,4.71,59.91,46.28,Pump A Running
2026-09-21T18:30:00+00:00,Running,1,2445.5,10.54,4.71,62.74,46.57,Pump A Running
2026-09-21T18:45:00+00:00,Running,1,2126.8,10.6,4.7,58.16,46.76,Pump A Running
2026-09-21T19:00:00+00:00,Running,1,2315.1,10.62,4.72,61.87,46.23,Pump A Running
2026-09-21T19:15:00+00:00,Running,1,2063.2,10.67,4.63,61.22,46.06,Pump A Running
2026-09-21T19:30:00+00:00,Running,1,2159.3,10.83,4.78,58.45,46.2,Pump A Running
2026-09-21T19:45:00+00:00,Running,1,2125.1,10.6,4.77,58.98,46.55,Pump A Running
2026-09-21T20:00:00+00:00,Running,1,2187.2,10.63,4.62,61.43,46.8,Pump A Running
2026-09-21T20:15:00+00:00,Running,1,2244.8,10.57,4.83,58.99,46.85,Pump A Running
2026-09-21T20:30:00+00:00,Running,1,2248.6,10.59,4.79,58.92,46.13,Pump A Running
2026-09-21T20:45:00+00:00,Running,1,2360.4,10.61,4.7,58.6,47.18,Pump A Running
2026-09-21T21:00:00+00:00,Running,1,2481.3,10.68,4.63,58.32,46.49,Pump A Running
2026-09-21T21:15:00+00:00,Running,1,2178.8,10.64,4.57,60.67,46.35,Pump A Running
2026-09-21T21:30:00+00:00,Running,1,2245.4,10.52,4.81,60.11,46.46,Pump A Running
2026-09-21T21:45:00+00:00,Running,1,2342.9,10.58,4.82,58.28,46.64,Pump A Running
2026-09-21T22:00:00+00:00,Running,1,2332.2,10.54,4.85,60.06,45.76,Pump A Running
2026-09-21T22:15:00+00:00,Running,1,2261.1,10.65,4.67,55.53,47.63,Pump A Running
2026-09-21T22:30:00+00:00,Running,1,2296.0,10.56,4.63,60.41,45.84,Pump A Running
2026-09-21T22:45:00+00:00,Running,1,2377.7,10.6,4.61,58.56,46.6,Pump A Running
2026-09-21T23:00:00+00:00,Running,1,2332.7,10.62,4.77,59.24,47.08,Pump A Running
2026-09-21T23:15:00+00:00,Running,1,2402.3,10.63,4.67,62.65,46.81,Pump A Running
2026-09-21T23:30:00+00:00,Running,1,2324.0,10.59,4.68,64.17,46.48,Pump A Running
2026-09-21T23:45:00+00:00,Running,1,2328.2,10.58,4.63,60.79,46.54,Pump A Running
2026-09-22T00:00:00+00:00,Running,1,2414.7,10.5,4.71,60.69,46.33,Pump A Running
2026-09-22T00:15:00+00:00,Running,1,2293.2,10.69,4.66,59.89,46.45,Pump A Running
2026-09-22T00:30:00+00:00,Running,1,2478.3,10.57,4.65,59.91,46.65,Pump A Running
2026-09-22T00:45:00+00:00,Running,1,2540.0,10.66,4.7,62.08,46.39,Pump A Running
2026-09-22T01:00:00+00:00,Running,1,2188.7,10.68,4.77,59.03,46.53,Pump A Running
2026-09-22T01:15:00+00:00,Running,1,2514.0,10.58,4.68,59.57,47.0,Pump A Running
2026-09-22T01:30:00+00:00,Running,1,2468.5,10.59,4.78,58.98,46.75,Pump A Running
2026-09-22T01:45:00+00:00,Running,1,2477.0,10.63,4.67,60.62,46.42,Pump A Running
2026-09-22T02:00:00+00:00,Stopped,0,0.0,0.0,0.17,0.0,29.21,Pumps Stopped
2026-09-22T02:15:00+00:00,Stopped,0,0.0,0.0,0.17,0.0,29.0,Pumps Stopped
2026-09-22T02:30:00+00:00,Stopped,0,0.0,0.0,0.17,0.0,28.69,Pumps Stopped
2026-09-22T02:45:00+00:00,Stopped,0,0.0,0.0,0.13,0.0,29.14,Pumps Stopped
2026-09-22T03:00:00+00:00,Stopped,0,0.0,0.0,0.2,0.0,28.71,Pumps Stopped
2026-09-22T03:15:00+00:00,Stopped,0,0.0,0.0,0.1,0.0,28.94,Pumps Stopped
2026-09-22T03:30:00+00:00,Running,1,2452.7,10.61,4.71,59.05,47.27,Pump A Running
2026-09-22T03:45:00+00:00,Running,1,2495.4,10.61,4.61,59.97,46.77,Pump A Running
2026-09-22T04:00:00+00:00,Running,1,2404.7,10.62,4.61,59.69,46.65,Pump A Running
2026-09-22T04:15:00+00:00,Running,1,2437.2,10.63,4.64,61.43,46.98,Pump A Running
2026-09-22T04:30:00+00:00,Running,1,2572.6,10.56,4.66,62.01,46.77,Pump A Running
2026-09-22T04:45:00+00:00,Running,1,2572.1,10.59,4.61,60.43,46.72,Pump A Running
2026-09-22T05:00:00+00:00,Running,1,2495.5,10.58,4.59,60.51,46.99,Pump A Running
2026-09-22T05:15:00+00:00,Running,1,2727.4,10.5,4.8,59.79,47.32,Pump A Running
2026-09-22T05:30:00+00:00,Running,1,2427.8,10.64,4.58,60.35,47.43,Pump A Running
2026-09-22T05:45:00+00:00,Running,1,2526.6,10.52,4.74,62.47,46.98,Pump A Running
2026-09-22T06:00:00+00:00,Running,1,2673.0,10.59,4.71,60.62,46.89,Pump A Running
2026-09-22T06:15:00+00:00,Running,1,2705.2,10.54,4.7,57.14,46.59,Pump A Running
2026-09-22T06:30:00+00:00,Running,1,2476.6,10.59,4.75,62.61,47.28,Pump A Running
2026-09-22T06:45:00+00:00,Running,1,2606.9,10.56,4.69,60.78,47.04,Pump A Running
2026-09-22T07:00:00+00:00,Running,1,2704.5,10.67,4.66,58.81,47.14,Pump A Running
2026-09-22T07:15:00+00:00,Running,1,2569.9,10.64,4.89,59.24,47.09,Pump A Running
2026-09-22T07:30:00+00:00,Running,1,2636.8,10.5,4.73,58.67,47.17,Pump A Running
2026-09-22T07:45:00+00:00,Running,1,2602.9,10.64,4.56,59.18,45.98,Pump A Running
2026-09-22T08:00:00+00:00,Running,1,2454.2,10.63,4.57,61.5,46.66,Pump A Running
2026-09-22T08:15:00+00:00,Running,1,2466.5,10.71,4.78,59.62,46.54,Pump A Running
2026-09-22T08:30:00+00:00,Running,1,2552.1,10.53,4.72,59.34,47.62,Pump A Running
2026-09-22T08:45:00+00:00,Running,1,2650.6,10.71,4.67,59.86,47.26,Pump A Running
2026-09-22T09:00:00+00:00,Running,1,2663.0,10.53,4.71,59.24,46.75,Pump A Running
2026-09-22T09:15:00+00:00,Running,1,2770.4,10.63,4.66,60.14,47.03,Pump A Running
2026-09-22T09:30:00+00:00,Running,1,2767.8,10.6,4.68,61.82,46.69,Pump A Running
2026-09-22T09:45:00+00:00,Running,1,2692.5,10.57,4.8,60.7,47.08,Pump A Running
2026-09-22T10:00:00+00:00,Running,1,2658.7,10.6,4.76,61.31,46.62,Pump A Running
2026-09-22T10:15:00+00:00,Running,1,2626.2,10.67,4.68,60.51,47.0,Pump A Running
2026-09-22T10:30:00+00:00,Running,1,2784.7,10.65,4.61,60.32,46.99,Pump A Running
2026-09-22T10:45:00+00:00,Running,1,2424.0,10.53,4.77,59.83,46.6,Pump A Running
2026-09-22T11:00:00+00:00,Running,1,2747.7,10.69,4.76,62.43,47.28,Pump A Running
2026-09-22T11:15:00+00:00,Running,1,2825.6,10.59,4.7,59.63,47.06,Pump A Running
2026-09-22T11:30:00+00:00,Running,1,2585.1,10.58,4.64,58.34,46.7,Pump A Running
2026-09-22T11:45:00+00:00,Running,1,2772.1,10.64,4.82,59.05,46.78,Pump A Running
2026-09-22T12:00:00+00:00,Running,1,2732.5,10.6,4.75,62.19,46.96,Pump A Running
